ISO-10303-21;
HEADER;
/* Generated by software containing ST-Developer
 * from STEP Tools, Inc. (www.steptools.com) 
 */
/* OPTION: using custom renumber hook */

FILE_DESCRIPTION(
/* description */ ('STEP AP242',
'CAx-IF Rec.Pracs.---Representation and Presentation of Product Manufa
cturing Information (PMI)---4.0---2014-10-13',
'CAx-IF Rec.Pracs.---3D Tessellated Geometry---0.4---2014-09-14','2;1'),

/* implementation_level */ '2;1');

FILE_NAME(
/* name */ '250-202',
/* time_stamp */ '2026-07-07T16:47:28+02:00',
/* author */ ('License CC BY-ND 4.0'),
/* organization */ ('CADENAS'),
/* preprocessor_version */ 'ST-DEVELOPER v20',
/* originating_system */ 'PARTsolutions',
/* authorisation */ '  ');

FILE_SCHEMA (('AP242_MANAGED_MODEL_BASED_3D_ENGINEERING_MIM_LF { 1 0 10303 442 1 1 4 }'));
ENDSEC;

DATA;
#10=SHAPE_REPRESENTATION_RELATIONSHIP('','',#2661,#11);
#11=ADVANCED_BREP_SHAPE_REPRESENTATION('',(#2659),#3921);
#12=B_SPLINE_CURVE_WITH_KNOTS('',3,(#3431,#3432,#3433,#3434),
 .UNSPECIFIED.,.F.,.F.,(4,4),(0.00211138258023944,0.00238497390623539),
 .UNSPECIFIED.);
#13=B_SPLINE_CURVE_WITH_KNOTS('',3,(#3437,#3438,#3439,#3440),
 .UNSPECIFIED.,.F.,.F.,(4,4),(2.58392399057288E-7,0.000280341572308718),
 .UNSPECIFIED.);
#14=B_SPLINE_CURVE_WITH_KNOTS('',3,(#3441,#3442,#3443,#3444),
 .UNSPECIFIED.,.F.,.F.,(4,4),(0.000192678523229914,0.000472761703139574),
 .UNSPECIFIED.);
#15=B_SPLINE_CURVE_WITH_KNOTS('',3,(#3446,#3447,#3448,#3449),
 .UNSPECIFIED.,.F.,.F.,(4,4),(0.00138556531899141,0.00165824231505461),
 .UNSPECIFIED.);
#16=B_SPLINE_CURVE_WITH_KNOTS('',3,(#3480,#3481,#3482,#3483),
 .UNSPECIFIED.,.F.,.F.,(4,4),(0.00211138258023944,0.00238497390623539),
 .UNSPECIFIED.);
#17=B_SPLINE_CURVE_WITH_KNOTS('',3,(#3486,#3487,#3488,#3489),
 .UNSPECIFIED.,.F.,.F.,(4,4),(2.58392399057261E-7,0.000280341572308718),
 .UNSPECIFIED.);
#18=B_SPLINE_CURVE_WITH_KNOTS('',3,(#3490,#3491,#3492,#3493),
 .UNSPECIFIED.,.F.,.F.,(4,4),(0.000192678523229914,0.000472761703139574),
 .UNSPECIFIED.);
#19=B_SPLINE_CURVE_WITH_KNOTS('',3,(#3495,#3496,#3497,#3498),
 .UNSPECIFIED.,.F.,.F.,(4,4),(0.00138556531899141,0.00165824231505461),
 .UNSPECIFIED.);
#20=CONICAL_SURFACE('',#2674,1.15,0.463647609000806);
#21=CONICAL_SURFACE('',#2681,1.7,0.380506377112365);
#22=CONICAL_SURFACE('',#2686,1.15,0.463647609000806);
#23=CONICAL_SURFACE('',#2693,1.7,0.380506377112365);
#24=ELLIPSE('',#2669,0.559016994374952,0.500000000000004);
#25=ELLIPSE('',#2670,0.559016994374952,0.500000000000004);
#26=ELLIPSE('',#2679,0.559016994374952,0.500000000000004);
#27=ELLIPSE('',#2691,0.559016994374952,0.500000000000004);
#28=ELLIPSE('',#2788,0.679869268479046,0.400000000000005);
#29=ELLIPSE('',#2802,0.679869268479046,0.400000000000005);
#30=CYLINDRICAL_SURFACE('',#2668,0.500000000000004);
#31=CYLINDRICAL_SURFACE('',#2676,0.8);
#32=CYLINDRICAL_SURFACE('',#2678,0.500000000000004);
#33=CYLINDRICAL_SURFACE('',#2683,1.5);
#34=CYLINDRICAL_SURFACE('',#2688,0.8);
#35=CYLINDRICAL_SURFACE('',#2690,0.500000000000004);
#36=CYLINDRICAL_SURFACE('',#2695,1.5);
#37=CYLINDRICAL_SURFACE('',#2702,0.150000000000003);
#38=CYLINDRICAL_SURFACE('',#2706,0.150000000000003);
#39=CYLINDRICAL_SURFACE('',#2711,0.499999999999979);
#40=CYLINDRICAL_SURFACE('',#2714,0.500000000000004);
#41=CYLINDRICAL_SURFACE('',#2722,0.2);
#42=CYLINDRICAL_SURFACE('',#2729,0.2);
#43=CYLINDRICAL_SURFACE('',#2732,0.2);
#44=CYLINDRICAL_SURFACE('',#2743,0.2);
#45=CYLINDRICAL_SURFACE('',#2749,0.200000000000001);
#46=CYLINDRICAL_SURFACE('',#2755,0.2);
#47=CYLINDRICAL_SURFACE('',#2785,0.200000000000001);
#48=CYLINDRICAL_SURFACE('',#2787,0.400000000000005);
#49=CYLINDRICAL_SURFACE('',#2799,0.200000000000001);
#50=CYLINDRICAL_SURFACE('',#2801,0.400000000000005);
#51=CIRCLE('',#2666,1.15);
#52=CIRCLE('',#2667,1.15);
#53=CIRCLE('',#2672,1.7);
#54=CIRCLE('',#2673,1.7);
#55=CIRCLE('',#2675,0.8);
#56=CIRCLE('',#2677,0.8);
#57=CIRCLE('',#2680,0.500000000000004);
#58=CIRCLE('',#2682,1.5);
#59=CIRCLE('',#2684,1.5);
#60=CIRCLE('',#2687,0.8);
#61=CIRCLE('',#2689,0.8);
#62=CIRCLE('',#2692,0.500000000000004);
#63=CIRCLE('',#2694,1.5);
#64=CIRCLE('',#2696,1.5);
#65=CIRCLE('',#2703,0.150000000000003);
#66=CIRCLE('',#2704,0.150000000000003);
#67=CIRCLE('',#2707,0.150000000000003);
#68=CIRCLE('',#2708,0.150000000000003);
#69=CIRCLE('',#2712,0.499999999999979);
#70=CIRCLE('',#2713,0.500000000000003);
#71=CIRCLE('',#2715,0.500000000000004);
#72=CIRCLE('',#2716,0.500000000000004);
#73=CIRCLE('',#2719,0.2);
#74=CIRCLE('',#2720,0.2);
#75=CIRCLE('',#2723,0.2);
#76=CIRCLE('',#2727,0.2);
#77=CIRCLE('',#2733,0.2);
#78=CIRCLE('',#2734,0.2);
#79=CIRCLE('',#2740,0.2);
#80=CIRCLE('',#2742,0.2);
#81=CIRCLE('',#2746,0.200000000000001);
#82=CIRCLE('',#2748,0.2);
#83=CIRCLE('',#2750,0.200000000000001);
#84=CIRCLE('',#2756,0.2);
#85=CIRCLE('',#2779,0.400000000000005);
#86=CIRCLE('',#2780,0.200000000000001);
#87=CIRCLE('',#2782,0.200000000000001);
#88=CIRCLE('',#2793,0.400000000000005);
#89=CIRCLE('',#2794,0.200000000000001);
#90=CIRCLE('',#2796,0.200000000000001);
#91=ORIENTED_EDGE('',*,*,#649,.F.);
#92=ORIENTED_EDGE('',*,*,#650,.F.);
#93=ORIENTED_EDGE('',*,*,#651,.T.);
#94=ORIENTED_EDGE('',*,*,#652,.F.);
#95=ORIENTED_EDGE('',*,*,#653,.F.);
#96=ORIENTED_EDGE('',*,*,#654,.T.);
#97=ORIENTED_EDGE('',*,*,#655,.F.);
#98=ORIENTED_EDGE('',*,*,#656,.T.);
#99=ORIENTED_EDGE('',*,*,#657,.T.);
#100=ORIENTED_EDGE('',*,*,#658,.T.);
#101=ORIENTED_EDGE('',*,*,#659,.T.);
#102=ORIENTED_EDGE('',*,*,#660,.F.);
#103=ORIENTED_EDGE('',*,*,#661,.F.);
#104=ORIENTED_EDGE('',*,*,#662,.T.);
#105=ORIENTED_EDGE('',*,*,#663,.T.);
#106=ORIENTED_EDGE('',*,*,#664,.F.);
#107=ORIENTED_EDGE('',*,*,#665,.F.);
#108=ORIENTED_EDGE('',*,*,#666,.T.);
#109=ORIENTED_EDGE('',*,*,#667,.T.);
#110=ORIENTED_EDGE('',*,*,#668,.F.);
#111=ORIENTED_EDGE('',*,*,#669,.F.);
#112=ORIENTED_EDGE('',*,*,#670,.T.);
#113=ORIENTED_EDGE('',*,*,#671,.F.);
#114=ORIENTED_EDGE('',*,*,#672,.T.);
#115=ORIENTED_EDGE('',*,*,#673,.T.);
#116=ORIENTED_EDGE('',*,*,#674,.T.);
#117=ORIENTED_EDGE('',*,*,#675,.F.);
#118=ORIENTED_EDGE('',*,*,#676,.T.);
#119=ORIENTED_EDGE('',*,*,#677,.F.);
#120=ORIENTED_EDGE('',*,*,#662,.F.);
#121=ORIENTED_EDGE('',*,*,#678,.F.);
#122=ORIENTED_EDGE('',*,*,#679,.F.);
#123=ORIENTED_EDGE('',*,*,#680,.F.);
#124=ORIENTED_EDGE('',*,*,#681,.T.);
#125=ORIENTED_EDGE('',*,*,#682,.T.);
#126=ORIENTED_EDGE('',*,*,#683,.F.);
#127=ORIENTED_EDGE('',*,*,#684,.F.);
#128=ORIENTED_EDGE('',*,*,#685,.T.);
#129=ORIENTED_EDGE('',*,*,#686,.F.);
#130=ORIENTED_EDGE('',*,*,#676,.F.);
#131=ORIENTED_EDGE('',*,*,#687,.F.);
#132=ORIENTED_EDGE('',*,*,#688,.T.);
#133=ORIENTED_EDGE('',*,*,#689,.T.);
#134=ORIENTED_EDGE('',*,*,#690,.T.);
#135=ORIENTED_EDGE('',*,*,#660,.T.);
#136=ORIENTED_EDGE('',*,*,#691,.T.);
#137=ORIENTED_EDGE('',*,*,#689,.F.);
#138=ORIENTED_EDGE('',*,*,#692,.T.);
#139=ORIENTED_EDGE('',*,*,#693,.T.);
#140=ORIENTED_EDGE('',*,*,#694,.T.);
#141=ORIENTED_EDGE('',*,*,#695,.F.);
#142=ORIENTED_EDGE('',*,*,#670,.F.);
#143=ORIENTED_EDGE('',*,*,#696,.F.);
#144=ORIENTED_EDGE('',*,*,#679,.T.);
#145=ORIENTED_EDGE('',*,*,#697,.T.);
#146=ORIENTED_EDGE('',*,*,#698,.T.);
#147=ORIENTED_EDGE('',*,*,#688,.F.);
#148=ORIENTED_EDGE('',*,*,#699,.T.);
#149=ORIENTED_EDGE('',*,*,#700,.T.);
#150=ORIENTED_EDGE('',*,*,#701,.T.);
#151=ORIENTED_EDGE('',*,*,#702,.T.);
#152=ORIENTED_EDGE('',*,*,#703,.T.);
#153=ORIENTED_EDGE('',*,*,#701,.F.);
#154=ORIENTED_EDGE('',*,*,#704,.T.);
#155=ORIENTED_EDGE('',*,*,#705,.F.);
#156=ORIENTED_EDGE('',*,*,#706,.T.);
#157=ORIENTED_EDGE('',*,*,#702,.F.);
#158=ORIENTED_EDGE('',*,*,#707,.T.);
#159=ORIENTED_EDGE('',*,*,#708,.T.);
#160=ORIENTED_EDGE('',*,*,#709,.T.);
#161=ORIENTED_EDGE('',*,*,#664,.T.);
#162=ORIENTED_EDGE('',*,*,#710,.T.);
#163=ORIENTED_EDGE('',*,*,#708,.F.);
#164=ORIENTED_EDGE('',*,*,#711,.T.);
#165=ORIENTED_EDGE('',*,*,#712,.T.);
#166=ORIENTED_EDGE('',*,*,#713,.T.);
#167=ORIENTED_EDGE('',*,*,#714,.F.);
#168=ORIENTED_EDGE('',*,*,#683,.T.);
#169=ORIENTED_EDGE('',*,*,#715,.T.);
#170=ORIENTED_EDGE('',*,*,#666,.F.);
#171=ORIENTED_EDGE('',*,*,#716,.T.);
#172=ORIENTED_EDGE('',*,*,#717,.T.);
#173=ORIENTED_EDGE('',*,*,#685,.F.);
#174=ORIENTED_EDGE('',*,*,#718,.T.);
#175=ORIENTED_EDGE('',*,*,#719,.T.);
#176=ORIENTED_EDGE('',*,*,#720,.T.);
#177=ORIENTED_EDGE('',*,*,#721,.T.);
#178=ORIENTED_EDGE('',*,*,#722,.T.);
#179=ORIENTED_EDGE('',*,*,#720,.F.);
#180=ORIENTED_EDGE('',*,*,#723,.T.);
#181=ORIENTED_EDGE('',*,*,#724,.F.);
#182=ORIENTED_EDGE('',*,*,#725,.T.);
#183=ORIENTED_EDGE('',*,*,#721,.F.);
#184=ORIENTED_EDGE('',*,*,#726,.T.);
#185=ORIENTED_EDGE('',*,*,#705,.T.);
#186=ORIENTED_EDGE('',*,*,#727,.T.);
#187=ORIENTED_EDGE('',*,*,#693,.F.);
#188=ORIENTED_EDGE('',*,*,#728,.F.);
#189=ORIENTED_EDGE('',*,*,#724,.T.);
#190=ORIENTED_EDGE('',*,*,#729,.T.);
#191=ORIENTED_EDGE('',*,*,#712,.F.);
#192=ORIENTED_EDGE('',*,*,#730,.F.);
#193=ORIENTED_EDGE('',*,*,#731,.F.);
#194=ORIENTED_EDGE('',*,*,#732,.T.);
#195=ORIENTED_EDGE('',*,*,#733,.F.);
#196=ORIENTED_EDGE('',*,*,#734,.F.);
#197=ORIENTED_EDGE('',*,*,#735,.F.);
#198=ORIENTED_EDGE('',*,*,#736,.T.);
#199=ORIENTED_EDGE('',*,*,#737,.F.);
#200=ORIENTED_EDGE('',*,*,#738,.F.);
#201=ORIENTED_EDGE('',*,*,#739,.T.);
#202=ORIENTED_EDGE('',*,*,#740,.T.);
#203=ORIENTED_EDGE('',*,*,#741,.F.);
#204=ORIENTED_EDGE('',*,*,#742,.F.);
#205=ORIENTED_EDGE('',*,*,#743,.T.);
#206=ORIENTED_EDGE('',*,*,#744,.T.);
#207=ORIENTED_EDGE('',*,*,#745,.F.);
#208=ORIENTED_EDGE('',*,*,#746,.T.);
#209=ORIENTED_EDGE('',*,*,#747,.F.);
#210=ORIENTED_EDGE('',*,*,#748,.T.);
#211=ORIENTED_EDGE('',*,*,#749,.F.);
#212=ORIENTED_EDGE('',*,*,#750,.F.);
#213=ORIENTED_EDGE('',*,*,#751,.F.);
#214=ORIENTED_EDGE('',*,*,#752,.T.);
#215=ORIENTED_EDGE('',*,*,#753,.F.);
#216=ORIENTED_EDGE('',*,*,#754,.F.);
#217=ORIENTED_EDGE('',*,*,#755,.F.);
#218=ORIENTED_EDGE('',*,*,#756,.F.);
#219=ORIENTED_EDGE('',*,*,#757,.T.);
#220=ORIENTED_EDGE('',*,*,#758,.F.);
#221=ORIENTED_EDGE('',*,*,#759,.T.);
#222=ORIENTED_EDGE('',*,*,#760,.F.);
#223=ORIENTED_EDGE('',*,*,#761,.F.);
#224=ORIENTED_EDGE('',*,*,#762,.T.);
#225=ORIENTED_EDGE('',*,*,#763,.F.);
#226=ORIENTED_EDGE('',*,*,#764,.F.);
#227=ORIENTED_EDGE('',*,*,#765,.T.);
#228=ORIENTED_EDGE('',*,*,#760,.T.);
#229=ORIENTED_EDGE('',*,*,#766,.T.);
#230=ORIENTED_EDGE('',*,*,#767,.F.);
#231=ORIENTED_EDGE('',*,*,#768,.F.);
#232=ORIENTED_EDGE('',*,*,#764,.T.);
#233=ORIENTED_EDGE('',*,*,#769,.F.);
#234=ORIENTED_EDGE('',*,*,#770,.F.);
#235=ORIENTED_EDGE('',*,*,#771,.T.);
#236=ORIENTED_EDGE('',*,*,#767,.T.);
#237=ORIENTED_EDGE('',*,*,#743,.F.);
#238=ORIENTED_EDGE('',*,*,#772,.T.);
#239=ORIENTED_EDGE('',*,*,#773,.F.);
#240=ORIENTED_EDGE('',*,*,#774,.F.);
#241=ORIENTED_EDGE('',*,*,#739,.F.);
#242=ORIENTED_EDGE('',*,*,#775,.T.);
#243=ORIENTED_EDGE('',*,*,#776,.F.);
#244=ORIENTED_EDGE('',*,*,#777,.F.);
#245=ORIENTED_EDGE('',*,*,#770,.T.);
#246=ORIENTED_EDGE('',*,*,#778,.T.);
#247=ORIENTED_EDGE('',*,*,#779,.F.);
#248=ORIENTED_EDGE('',*,*,#780,.F.);
#249=ORIENTED_EDGE('',*,*,#753,.T.);
#250=ORIENTED_EDGE('',*,*,#781,.F.);
#251=ORIENTED_EDGE('',*,*,#782,.T.);
#252=ORIENTED_EDGE('',*,*,#783,.T.);
#253=ORIENTED_EDGE('',*,*,#749,.T.);
#254=ORIENTED_EDGE('',*,*,#784,.F.);
#255=ORIENTED_EDGE('',*,*,#785,.T.);
#256=ORIENTED_EDGE('',*,*,#786,.T.);
#257=ORIENTED_EDGE('',*,*,#787,.F.);
#258=ORIENTED_EDGE('',*,*,#788,.F.);
#259=ORIENTED_EDGE('',*,*,#789,.T.);
#260=ORIENTED_EDGE('',*,*,#790,.T.);
#261=ORIENTED_EDGE('',*,*,#791,.T.);
#262=ORIENTED_EDGE('',*,*,#681,.F.);
#263=ORIENTED_EDGE('',*,*,#792,.F.);
#264=ORIENTED_EDGE('',*,*,#787,.T.);
#265=ORIENTED_EDGE('',*,*,#793,.T.);
#266=ORIENTED_EDGE('',*,*,#794,.F.);
#267=ORIENTED_EDGE('',*,*,#795,.F.);
#268=ORIENTED_EDGE('',*,*,#668,.T.);
#269=ORIENTED_EDGE('',*,*,#796,.T.);
#270=ORIENTED_EDGE('',*,*,#762,.F.);
#271=ORIENTED_EDGE('',*,*,#797,.F.);
#272=ORIENTED_EDGE('',*,*,#794,.T.);
#273=ORIENTED_EDGE('',*,*,#746,.F.);
#274=ORIENTED_EDGE('',*,*,#798,.F.);
#275=ORIENTED_EDGE('',*,*,#799,.F.);
#276=ORIENTED_EDGE('',*,*,#800,.F.);
#277=ORIENTED_EDGE('',*,*,#778,.F.);
#278=ORIENTED_EDGE('',*,*,#769,.T.);
#279=ORIENTED_EDGE('',*,*,#766,.F.);
#280=ORIENTED_EDGE('',*,*,#763,.T.);
#281=ORIENTED_EDGE('',*,*,#759,.F.);
#282=ORIENTED_EDGE('',*,*,#796,.F.);
#283=ORIENTED_EDGE('',*,*,#793,.F.);
#284=ORIENTED_EDGE('',*,*,#667,.F.);
#285=ORIENTED_EDGE('',*,*,#715,.F.);
#286=ORIENTED_EDGE('',*,*,#682,.F.);
#287=ORIENTED_EDGE('',*,*,#791,.F.);
#288=ORIENTED_EDGE('',*,*,#786,.F.);
#289=ORIENTED_EDGE('',*,*,#801,.F.);
#290=ORIENTED_EDGE('',*,*,#802,.F.);
#291=ORIENTED_EDGE('',*,*,#803,.F.);
#292=ORIENTED_EDGE('',*,*,#802,.T.);
#293=ORIENTED_EDGE('',*,*,#804,.F.);
#294=ORIENTED_EDGE('',*,*,#805,.F.);
#295=ORIENTED_EDGE('',*,*,#806,.T.);
#296=ORIENTED_EDGE('',*,*,#801,.T.);
#297=ORIENTED_EDGE('',*,*,#785,.F.);
#298=ORIENTED_EDGE('',*,*,#807,.F.);
#299=ORIENTED_EDGE('',*,*,#804,.T.);
#300=ORIENTED_EDGE('',*,*,#748,.F.);
#301=ORIENTED_EDGE('',*,*,#808,.T.);
#302=ORIENTED_EDGE('',*,*,#805,.T.);
#303=ORIENTED_EDGE('',*,*,#807,.T.);
#304=ORIENTED_EDGE('',*,*,#784,.T.);
#305=ORIENTED_EDGE('',*,*,#808,.F.);
#306=ORIENTED_EDGE('',*,*,#747,.T.);
#307=ORIENTED_EDGE('',*,*,#803,.T.);
#308=ORIENTED_EDGE('',*,*,#806,.F.);
#309=ORIENTED_EDGE('',*,*,#744,.F.);
#310=ORIENTED_EDGE('',*,*,#780,.T.);
#311=ORIENTED_EDGE('',*,*,#809,.T.);
#312=ORIENTED_EDGE('',*,*,#810,.T.);
#313=ORIENTED_EDGE('',*,*,#811,.T.);
#314=ORIENTED_EDGE('',*,*,#798,.T.);
#315=ORIENTED_EDGE('',*,*,#745,.T.);
#316=ORIENTED_EDGE('',*,*,#811,.F.);
#317=ORIENTED_EDGE('',*,*,#812,.T.);
#318=ORIENTED_EDGE('',*,*,#800,.T.);
#319=ORIENTED_EDGE('',*,*,#813,.F.);
#320=ORIENTED_EDGE('',*,*,#809,.F.);
#321=ORIENTED_EDGE('',*,*,#779,.T.);
#322=ORIENTED_EDGE('',*,*,#799,.T.);
#323=ORIENTED_EDGE('',*,*,#812,.F.);
#324=ORIENTED_EDGE('',*,*,#810,.F.);
#325=ORIENTED_EDGE('',*,*,#813,.T.);
#326=ORIENTED_EDGE('',*,*,#814,.T.);
#327=ORIENTED_EDGE('',*,*,#815,.F.);
#328=ORIENTED_EDGE('',*,*,#816,.F.);
#329=ORIENTED_EDGE('',*,*,#817,.T.);
#330=ORIENTED_EDGE('',*,*,#818,.T.);
#331=ORIENTED_EDGE('',*,*,#782,.F.);
#332=ORIENTED_EDGE('',*,*,#819,.F.);
#333=ORIENTED_EDGE('',*,*,#815,.T.);
#334=ORIENTED_EDGE('',*,*,#752,.F.);
#335=ORIENTED_EDGE('',*,*,#820,.T.);
#336=ORIENTED_EDGE('',*,*,#816,.T.);
#337=ORIENTED_EDGE('',*,*,#819,.T.);
#338=ORIENTED_EDGE('',*,*,#781,.T.);
#339=ORIENTED_EDGE('',*,*,#821,.F.);
#340=ORIENTED_EDGE('',*,*,#750,.T.);
#341=ORIENTED_EDGE('',*,*,#783,.F.);
#342=ORIENTED_EDGE('',*,*,#818,.F.);
#343=ORIENTED_EDGE('',*,*,#814,.F.);
#344=ORIENTED_EDGE('',*,*,#820,.F.);
#345=ORIENTED_EDGE('',*,*,#751,.T.);
#346=ORIENTED_EDGE('',*,*,#821,.T.);
#347=ORIENTED_EDGE('',*,*,#817,.F.);
#348=ORIENTED_EDGE('',*,*,#822,.T.);
#349=ORIENTED_EDGE('',*,*,#741,.T.);
#350=ORIENTED_EDGE('',*,*,#823,.F.);
#351=ORIENTED_EDGE('',*,*,#824,.T.);
#352=ORIENTED_EDGE('',*,*,#740,.F.);
#353=ORIENTED_EDGE('',*,*,#774,.T.);
#354=ORIENTED_EDGE('',*,*,#825,.T.);
#355=ORIENTED_EDGE('',*,*,#826,.T.);
#356=ORIENTED_EDGE('',*,*,#823,.T.);
#357=ORIENTED_EDGE('',*,*,#772,.F.);
#358=ORIENTED_EDGE('',*,*,#742,.T.);
#359=ORIENTED_EDGE('',*,*,#822,.F.);
#360=ORIENTED_EDGE('',*,*,#827,.F.);
#361=ORIENTED_EDGE('',*,*,#828,.F.);
#362=ORIENTED_EDGE('',*,*,#828,.T.);
#363=ORIENTED_EDGE('',*,*,#829,.F.);
#364=ORIENTED_EDGE('',*,*,#825,.F.);
#365=ORIENTED_EDGE('',*,*,#773,.T.);
#366=ORIENTED_EDGE('',*,*,#827,.T.);
#367=ORIENTED_EDGE('',*,*,#824,.F.);
#368=ORIENTED_EDGE('',*,*,#826,.F.);
#369=ORIENTED_EDGE('',*,*,#829,.T.);
#370=ORIENTED_EDGE('',*,*,#775,.F.);
#371=ORIENTED_EDGE('',*,*,#758,.T.);
#372=ORIENTED_EDGE('',*,*,#830,.F.);
#373=ORIENTED_EDGE('',*,*,#831,.F.);
#374=ORIENTED_EDGE('',*,*,#832,.F.);
#375=ORIENTED_EDGE('',*,*,#833,.F.);
#376=ORIENTED_EDGE('',*,*,#754,.T.);
#377=ORIENTED_EDGE('',*,*,#790,.F.);
#378=ORIENTED_EDGE('',*,*,#834,.F.);
#379=ORIENTED_EDGE('',*,*,#835,.F.);
#380=ORIENTED_EDGE('',*,*,#832,.T.);
#381=ORIENTED_EDGE('',*,*,#836,.F.);
#382=ORIENTED_EDGE('',*,*,#837,.F.);
#383=ORIENTED_EDGE('',*,*,#776,.T.);
#384=ORIENTED_EDGE('',*,*,#831,.T.);
#385=ORIENTED_EDGE('',*,*,#838,.F.);
#386=ORIENTED_EDGE('',*,*,#839,.F.);
#387=ORIENTED_EDGE('',*,*,#836,.T.);
#388=ORIENTED_EDGE('',*,*,#830,.T.);
#389=ORIENTED_EDGE('',*,*,#757,.F.);
#390=ORIENTED_EDGE('',*,*,#840,.F.);
#391=ORIENTED_EDGE('',*,*,#838,.T.);
#392=ORIENTED_EDGE('',*,*,#833,.T.);
#393=ORIENTED_EDGE('',*,*,#841,.F.);
#394=ORIENTED_EDGE('',*,*,#842,.F.);
#395=ORIENTED_EDGE('',*,*,#755,.T.);
#396=ORIENTED_EDGE('',*,*,#835,.T.);
#397=ORIENTED_EDGE('',*,*,#843,.F.);
#398=ORIENTED_EDGE('',*,*,#844,.F.);
#399=ORIENTED_EDGE('',*,*,#841,.T.);
#400=ORIENTED_EDGE('',*,*,#834,.T.);
#401=ORIENTED_EDGE('',*,*,#789,.F.);
#402=ORIENTED_EDGE('',*,*,#845,.F.);
#403=ORIENTED_EDGE('',*,*,#843,.T.);
#404=ORIENTED_EDGE('',*,*,#761,.T.);
#405=ORIENTED_EDGE('',*,*,#765,.F.);
#406=ORIENTED_EDGE('',*,*,#768,.T.);
#407=ORIENTED_EDGE('',*,*,#771,.F.);
#408=ORIENTED_EDGE('',*,*,#777,.T.);
#409=ORIENTED_EDGE('',*,*,#837,.T.);
#410=ORIENTED_EDGE('',*,*,#839,.T.);
#411=ORIENTED_EDGE('',*,*,#840,.T.);
#412=ORIENTED_EDGE('',*,*,#756,.T.);
#413=ORIENTED_EDGE('',*,*,#842,.T.);
#414=ORIENTED_EDGE('',*,*,#844,.T.);
#415=ORIENTED_EDGE('',*,*,#845,.T.);
#416=ORIENTED_EDGE('',*,*,#788,.T.);
#417=ORIENTED_EDGE('',*,*,#792,.T.);
#418=ORIENTED_EDGE('',*,*,#680,.T.);
#419=ORIENTED_EDGE('',*,*,#696,.T.);
#420=ORIENTED_EDGE('',*,*,#669,.T.);
#421=ORIENTED_EDGE('',*,*,#795,.T.);
#422=ORIENTED_EDGE('',*,*,#797,.T.);
#423=ORIENTED_EDGE('',*,*,#846,.T.);
#424=ORIENTED_EDGE('',*,*,#713,.F.);
#425=ORIENTED_EDGE('',*,*,#729,.F.);
#426=ORIENTED_EDGE('',*,*,#726,.F.);
#427=ORIENTED_EDGE('',*,*,#723,.F.);
#428=ORIENTED_EDGE('',*,*,#719,.F.);
#429=ORIENTED_EDGE('',*,*,#714,.T.);
#430=ORIENTED_EDGE('',*,*,#665,.T.);
#431=ORIENTED_EDGE('',*,*,#709,.F.);
#432=ORIENTED_EDGE('',*,*,#846,.F.);
#433=ORIENTED_EDGE('',*,*,#718,.F.);
#434=ORIENTED_EDGE('',*,*,#684,.T.);
#435=ORIENTED_EDGE('',*,*,#677,.T.);
#436=ORIENTED_EDGE('',*,*,#686,.T.);
#437=ORIENTED_EDGE('',*,*,#717,.F.);
#438=ORIENTED_EDGE('',*,*,#847,.T.);
#439=ORIENTED_EDGE('',*,*,#710,.F.);
#440=ORIENTED_EDGE('',*,*,#663,.F.);
#441=ORIENTED_EDGE('',*,*,#722,.F.);
#442=ORIENTED_EDGE('',*,*,#725,.F.);
#443=ORIENTED_EDGE('',*,*,#730,.T.);
#444=ORIENTED_EDGE('',*,*,#711,.F.);
#445=ORIENTED_EDGE('',*,*,#847,.F.);
#446=ORIENTED_EDGE('',*,*,#716,.F.);
#447=ORIENTED_EDGE('',*,*,#848,.T.);
#448=ORIENTED_EDGE('',*,*,#694,.F.);
#449=ORIENTED_EDGE('',*,*,#727,.F.);
#450=ORIENTED_EDGE('',*,*,#707,.F.);
#451=ORIENTED_EDGE('',*,*,#704,.F.);
#452=ORIENTED_EDGE('',*,*,#700,.F.);
#453=ORIENTED_EDGE('',*,*,#675,.T.);
#454=ORIENTED_EDGE('',*,*,#661,.T.);
#455=ORIENTED_EDGE('',*,*,#690,.F.);
#456=ORIENTED_EDGE('',*,*,#848,.F.);
#457=ORIENTED_EDGE('',*,*,#699,.F.);
#458=ORIENTED_EDGE('',*,*,#687,.T.);
#459=ORIENTED_EDGE('',*,*,#695,.T.);
#460=ORIENTED_EDGE('',*,*,#678,.T.);
#461=ORIENTED_EDGE('',*,*,#698,.F.);
#462=ORIENTED_EDGE('',*,*,#849,.T.);
#463=ORIENTED_EDGE('',*,*,#691,.F.);
#464=ORIENTED_EDGE('',*,*,#659,.F.);
#465=ORIENTED_EDGE('',*,*,#703,.F.);
#466=ORIENTED_EDGE('',*,*,#706,.F.);
#467=ORIENTED_EDGE('',*,*,#728,.T.);
#468=ORIENTED_EDGE('',*,*,#692,.F.);
#469=ORIENTED_EDGE('',*,*,#849,.F.);
#470=ORIENTED_EDGE('',*,*,#697,.F.);
#471=ORIENTED_EDGE('',*,*,#850,.F.);
#472=ORIENTED_EDGE('',*,*,#735,.T.);
#473=ORIENTED_EDGE('',*,*,#851,.T.);
#474=ORIENTED_EDGE('',*,*,#852,.F.);
#475=ORIENTED_EDGE('',*,*,#853,.T.);
#476=ORIENTED_EDGE('',*,*,#737,.T.);
#477=ORIENTED_EDGE('',*,*,#854,.F.);
#478=ORIENTED_EDGE('',*,*,#855,.T.);
#479=ORIENTED_EDGE('',*,*,#736,.F.);
#480=ORIENTED_EDGE('',*,*,#850,.T.);
#481=ORIENTED_EDGE('',*,*,#856,.T.);
#482=ORIENTED_EDGE('',*,*,#854,.T.);
#483=ORIENTED_EDGE('',*,*,#851,.F.);
#484=ORIENTED_EDGE('',*,*,#738,.T.);
#485=ORIENTED_EDGE('',*,*,#853,.F.);
#486=ORIENTED_EDGE('',*,*,#857,.F.);
#487=ORIENTED_EDGE('',*,*,#857,.T.);
#488=ORIENTED_EDGE('',*,*,#855,.F.);
#489=ORIENTED_EDGE('',*,*,#856,.F.);
#490=ORIENTED_EDGE('',*,*,#852,.T.);
#491=ORIENTED_EDGE('',*,*,#858,.F.);
#492=ORIENTED_EDGE('',*,*,#731,.T.);
#493=ORIENTED_EDGE('',*,*,#859,.T.);
#494=ORIENTED_EDGE('',*,*,#860,.F.);
#495=ORIENTED_EDGE('',*,*,#861,.T.);
#496=ORIENTED_EDGE('',*,*,#733,.T.);
#497=ORIENTED_EDGE('',*,*,#862,.F.);
#498=ORIENTED_EDGE('',*,*,#863,.T.);
#499=ORIENTED_EDGE('',*,*,#732,.F.);
#500=ORIENTED_EDGE('',*,*,#858,.T.);
#501=ORIENTED_EDGE('',*,*,#864,.T.);
#502=ORIENTED_EDGE('',*,*,#862,.T.);
#503=ORIENTED_EDGE('',*,*,#859,.F.);
#504=ORIENTED_EDGE('',*,*,#734,.T.);
#505=ORIENTED_EDGE('',*,*,#861,.F.);
#506=ORIENTED_EDGE('',*,*,#865,.F.);
#507=ORIENTED_EDGE('',*,*,#865,.T.);
#508=ORIENTED_EDGE('',*,*,#863,.F.);
#509=ORIENTED_EDGE('',*,*,#864,.F.);
#510=ORIENTED_EDGE('',*,*,#860,.T.);
#511=ORIENTED_EDGE('',*,*,#658,.F.);
#512=ORIENTED_EDGE('',*,*,#866,.F.);
#513=ORIENTED_EDGE('',*,*,#867,.F.);
#514=ORIENTED_EDGE('',*,*,#868,.T.);
#515=ORIENTED_EDGE('',*,*,#869,.F.);
#516=ORIENTED_EDGE('',*,*,#870,.F.);
#517=ORIENTED_EDGE('',*,*,#871,.F.);
#518=ORIENTED_EDGE('',*,*,#656,.F.);
#519=ORIENTED_EDGE('',*,*,#872,.T.);
#520=ORIENTED_EDGE('',*,*,#873,.T.);
#521=ORIENTED_EDGE('',*,*,#874,.T.);
#522=ORIENTED_EDGE('',*,*,#875,.T.);
#523=ORIENTED_EDGE('',*,*,#654,.F.);
#524=ORIENTED_EDGE('',*,*,#876,.F.);
#525=ORIENTED_EDGE('',*,*,#872,.F.);
#526=ORIENTED_EDGE('',*,*,#655,.T.);
#527=ORIENTED_EDGE('',*,*,#868,.F.);
#528=ORIENTED_EDGE('',*,*,#877,.F.);
#529=ORIENTED_EDGE('',*,*,#878,.F.);
#530=ORIENTED_EDGE('',*,*,#879,.F.);
#531=ORIENTED_EDGE('',*,*,#880,.F.);
#532=ORIENTED_EDGE('',*,*,#881,.F.);
#533=ORIENTED_EDGE('',*,*,#882,.T.);
#534=ORIENTED_EDGE('',*,*,#883,.T.);
#535=ORIENTED_EDGE('',*,*,#884,.T.);
#536=ORIENTED_EDGE('',*,*,#885,.T.);
#537=ORIENTED_EDGE('',*,*,#886,.T.);
#538=ORIENTED_EDGE('',*,*,#866,.T.);
#539=ORIENTED_EDGE('',*,*,#657,.F.);
#540=ORIENTED_EDGE('',*,*,#871,.T.);
#541=ORIENTED_EDGE('',*,*,#887,.F.);
#542=ORIENTED_EDGE('',*,*,#888,.T.);
#543=ORIENTED_EDGE('',*,*,#883,.F.);
#544=ORIENTED_EDGE('',*,*,#889,.F.);
#545=ORIENTED_EDGE('',*,*,#884,.F.);
#546=ORIENTED_EDGE('',*,*,#888,.F.);
#547=ORIENTED_EDGE('',*,*,#890,.F.);
#548=ORIENTED_EDGE('',*,*,#879,.T.);
#549=ORIENTED_EDGE('',*,*,#891,.T.);
#550=ORIENTED_EDGE('',*,*,#885,.F.);
#551=ORIENTED_EDGE('',*,*,#891,.F.);
#552=ORIENTED_EDGE('',*,*,#878,.T.);
#553=ORIENTED_EDGE('',*,*,#892,.T.);
#554=ORIENTED_EDGE('',*,*,#886,.F.);
#555=ORIENTED_EDGE('',*,*,#892,.F.);
#556=ORIENTED_EDGE('',*,*,#877,.T.);
#557=ORIENTED_EDGE('',*,*,#867,.T.);
#558=ORIENTED_EDGE('',*,*,#893,.F.);
#559=ORIENTED_EDGE('',*,*,#873,.F.);
#560=ORIENTED_EDGE('',*,*,#876,.T.);
#561=ORIENTED_EDGE('',*,*,#653,.T.);
#562=ORIENTED_EDGE('',*,*,#894,.F.);
#563=ORIENTED_EDGE('',*,*,#889,.T.);
#564=ORIENTED_EDGE('',*,*,#882,.F.);
#565=ORIENTED_EDGE('',*,*,#674,.F.);
#566=ORIENTED_EDGE('',*,*,#895,.F.);
#567=ORIENTED_EDGE('',*,*,#896,.F.);
#568=ORIENTED_EDGE('',*,*,#897,.T.);
#569=ORIENTED_EDGE('',*,*,#898,.F.);
#570=ORIENTED_EDGE('',*,*,#899,.F.);
#571=ORIENTED_EDGE('',*,*,#900,.F.);
#572=ORIENTED_EDGE('',*,*,#672,.F.);
#573=ORIENTED_EDGE('',*,*,#901,.T.);
#574=ORIENTED_EDGE('',*,*,#902,.T.);
#575=ORIENTED_EDGE('',*,*,#903,.T.);
#576=ORIENTED_EDGE('',*,*,#904,.T.);
#577=ORIENTED_EDGE('',*,*,#651,.F.);
#578=ORIENTED_EDGE('',*,*,#905,.F.);
#579=ORIENTED_EDGE('',*,*,#901,.F.);
#580=ORIENTED_EDGE('',*,*,#671,.T.);
#581=ORIENTED_EDGE('',*,*,#897,.F.);
#582=ORIENTED_EDGE('',*,*,#906,.F.);
#583=ORIENTED_EDGE('',*,*,#907,.F.);
#584=ORIENTED_EDGE('',*,*,#908,.F.);
#585=ORIENTED_EDGE('',*,*,#909,.F.);
#586=ORIENTED_EDGE('',*,*,#910,.F.);
#587=ORIENTED_EDGE('',*,*,#911,.T.);
#588=ORIENTED_EDGE('',*,*,#912,.T.);
#589=ORIENTED_EDGE('',*,*,#913,.T.);
#590=ORIENTED_EDGE('',*,*,#914,.T.);
#591=ORIENTED_EDGE('',*,*,#915,.T.);
#592=ORIENTED_EDGE('',*,*,#895,.T.);
#593=ORIENTED_EDGE('',*,*,#673,.F.);
#594=ORIENTED_EDGE('',*,*,#900,.T.);
#595=ORIENTED_EDGE('',*,*,#916,.F.);
#596=ORIENTED_EDGE('',*,*,#917,.T.);
#597=ORIENTED_EDGE('',*,*,#912,.F.);
#598=ORIENTED_EDGE('',*,*,#918,.F.);
#599=ORIENTED_EDGE('',*,*,#913,.F.);
#600=ORIENTED_EDGE('',*,*,#917,.F.);
#601=ORIENTED_EDGE('',*,*,#919,.F.);
#602=ORIENTED_EDGE('',*,*,#908,.T.);
#603=ORIENTED_EDGE('',*,*,#920,.T.);
#604=ORIENTED_EDGE('',*,*,#914,.F.);
#605=ORIENTED_EDGE('',*,*,#920,.F.);
#606=ORIENTED_EDGE('',*,*,#907,.T.);
#607=ORIENTED_EDGE('',*,*,#921,.T.);
#608=ORIENTED_EDGE('',*,*,#915,.F.);
#609=ORIENTED_EDGE('',*,*,#921,.F.);
#610=ORIENTED_EDGE('',*,*,#906,.T.);
#611=ORIENTED_EDGE('',*,*,#896,.T.);
#612=ORIENTED_EDGE('',*,*,#922,.F.);
#613=ORIENTED_EDGE('',*,*,#902,.F.);
#614=ORIENTED_EDGE('',*,*,#905,.T.);
#615=ORIENTED_EDGE('',*,*,#650,.T.);
#616=ORIENTED_EDGE('',*,*,#923,.F.);
#617=ORIENTED_EDGE('',*,*,#918,.T.);
#618=ORIENTED_EDGE('',*,*,#911,.F.);
#619=ORIENTED_EDGE('',*,*,#870,.T.);
#620=ORIENTED_EDGE('',*,*,#924,.T.);
#621=ORIENTED_EDGE('',*,*,#874,.F.);
#622=ORIENTED_EDGE('',*,*,#890,.T.);
#623=ORIENTED_EDGE('',*,*,#925,.F.);
#624=ORIENTED_EDGE('',*,*,#880,.T.);
#625=ORIENTED_EDGE('',*,*,#924,.F.);
#626=ORIENTED_EDGE('',*,*,#869,.T.);
#627=ORIENTED_EDGE('',*,*,#893,.T.);
#628=ORIENTED_EDGE('',*,*,#652,.T.);
#629=ORIENTED_EDGE('',*,*,#875,.F.);
#630=ORIENTED_EDGE('',*,*,#881,.T.);
#631=ORIENTED_EDGE('',*,*,#925,.T.);
#632=ORIENTED_EDGE('',*,*,#887,.T.);
#633=ORIENTED_EDGE('',*,*,#894,.T.);
#634=ORIENTED_EDGE('',*,*,#899,.T.);
#635=ORIENTED_EDGE('',*,*,#926,.T.);
#636=ORIENTED_EDGE('',*,*,#903,.F.);
#637=ORIENTED_EDGE('',*,*,#919,.T.);
#638=ORIENTED_EDGE('',*,*,#927,.F.);
#639=ORIENTED_EDGE('',*,*,#909,.T.);
#640=ORIENTED_EDGE('',*,*,#926,.F.);
#641=ORIENTED_EDGE('',*,*,#898,.T.);
#642=ORIENTED_EDGE('',*,*,#922,.T.);
#643=ORIENTED_EDGE('',*,*,#649,.T.);
#644=ORIENTED_EDGE('',*,*,#904,.F.);
#645=ORIENTED_EDGE('',*,*,#910,.T.);
#646=ORIENTED_EDGE('',*,*,#927,.T.);
#647=ORIENTED_EDGE('',*,*,#916,.T.);
#648=ORIENTED_EDGE('',*,*,#923,.T.);
#649=EDGE_CURVE('',#928,#929,#1112,.T.);
#650=EDGE_CURVE('',#930,#928,#1113,.T.);
#651=EDGE_CURVE('',#930,#929,#1114,.T.);
#652=EDGE_CURVE('',#931,#932,#1115,.T.);
#653=EDGE_CURVE('',#933,#931,#1116,.T.);
#654=EDGE_CURVE('',#933,#932,#1117,.T.);
#655=EDGE_CURVE('',#934,#935,#1118,.T.);
#656=EDGE_CURVE('',#934,#936,#1119,.T.);
#657=EDGE_CURVE('',#936,#937,#1120,.T.);
#658=EDGE_CURVE('',#937,#935,#1121,.T.);
#659=EDGE_CURVE('',#938,#939,#1122,.T.);
#660=EDGE_CURVE('',#940,#939,#51,.F.);
#661=EDGE_CURVE('',#941,#940,#1123,.T.);
#662=EDGE_CURVE('',#941,#942,#1124,.T.);
#663=EDGE_CURVE('',#942,#943,#1125,.T.);
#664=EDGE_CURVE('',#944,#943,#52,.F.);
#665=EDGE_CURVE('',#945,#944,#1126,.T.);
#666=EDGE_CURVE('',#945,#946,#1127,.T.);
#667=EDGE_CURVE('',#946,#947,#1128,.T.);
#668=EDGE_CURVE('',#948,#947,#1129,.T.);
#669=EDGE_CURVE('',#949,#948,#1130,.T.);
#670=EDGE_CURVE('',#949,#938,#1131,.T.);
#671=EDGE_CURVE('',#950,#951,#1132,.T.);
#672=EDGE_CURVE('',#950,#952,#1133,.T.);
#673=EDGE_CURVE('',#952,#953,#1134,.T.);
#674=EDGE_CURVE('',#953,#951,#1135,.T.);
#675=EDGE_CURVE('',#954,#941,#24,.T.);
#676=EDGE_CURVE('',#954,#955,#1136,.T.);
#677=EDGE_CURVE('',#942,#955,#25,.T.);
#678=EDGE_CURVE('',#956,#957,#1137,.T.);
#679=EDGE_CURVE('',#958,#956,#1138,.T.);
#680=EDGE_CURVE('',#959,#958,#1139,.T.);
#681=EDGE_CURVE('',#959,#960,#1140,.T.);
#682=EDGE_CURVE('',#960,#961,#1141,.T.);
#683=EDGE_CURVE('',#962,#961,#1142,.T.);
#684=EDGE_CURVE('',#963,#962,#1143,.T.);
#685=EDGE_CURVE('',#963,#964,#53,.T.);
#686=EDGE_CURVE('',#955,#964,#1144,.T.);
#687=EDGE_CURVE('',#965,#954,#1145,.T.);
#688=EDGE_CURVE('',#965,#957,#54,.T.);
#689=EDGE_CURVE('',#966,#967,#55,.T.);
#690=EDGE_CURVE('',#967,#940,#1146,.T.);
#691=EDGE_CURVE('',#939,#966,#1147,.T.);
#692=EDGE_CURVE('',#966,#968,#1148,.T.);
#693=EDGE_CURVE('',#968,#969,#56,.T.);
#694=EDGE_CURVE('',#969,#967,#1149,.T.);
#695=EDGE_CURVE('',#938,#956,#26,.T.);
#696=EDGE_CURVE('',#958,#949,#57,.T.);
#697=EDGE_CURVE('',#970,#971,#12,.T.);
#698=EDGE_CURVE('',#971,#957,#13,.T.);
#699=EDGE_CURVE('',#965,#972,#14,.T.);
#700=EDGE_CURVE('',#972,#973,#15,.T.);
#701=EDGE_CURVE('',#973,#970,#58,.T.);
#702=EDGE_CURVE('',#974,#975,#59,.T.);
#703=EDGE_CURVE('',#975,#970,#1150,.F.);
#704=EDGE_CURVE('',#973,#974,#1151,.T.);
#705=EDGE_CURVE('',#976,#977,#1152,.T.);
#706=EDGE_CURVE('',#976,#975,#1153,.T.);
#707=EDGE_CURVE('',#974,#977,#1154,.T.);
#708=EDGE_CURVE('',#978,#979,#60,.T.);
#709=EDGE_CURVE('',#979,#944,#1155,.T.);
#710=EDGE_CURVE('',#943,#978,#1156,.T.);
#711=EDGE_CURVE('',#978,#980,#1157,.T.);
#712=EDGE_CURVE('',#980,#981,#61,.T.);
#713=EDGE_CURVE('',#981,#979,#1158,.T.);
#714=EDGE_CURVE('',#962,#945,#27,.T.);
#715=EDGE_CURVE('',#961,#946,#62,.T.);
#716=EDGE_CURVE('',#982,#983,#16,.T.);
#717=EDGE_CURVE('',#983,#964,#17,.T.);
#718=EDGE_CURVE('',#963,#984,#18,.T.);
#719=EDGE_CURVE('',#984,#985,#19,.T.);
#720=EDGE_CURVE('',#985,#982,#63,.T.);
#721=EDGE_CURVE('',#986,#987,#64,.T.);
#722=EDGE_CURVE('',#987,#982,#1159,.F.);
#723=EDGE_CURVE('',#985,#986,#1160,.T.);
#724=EDGE_CURVE('',#988,#989,#1161,.T.);
#725=EDGE_CURVE('',#988,#987,#1162,.T.);
#726=EDGE_CURVE('',#986,#989,#1163,.T.);
#727=EDGE_CURVE('',#977,#969,#1164,.T.);
#728=EDGE_CURVE('',#976,#968,#1165,.T.);
#729=EDGE_CURVE('',#989,#981,#1166,.T.);
#730=EDGE_CURVE('',#988,#980,#1167,.T.);
#731=EDGE_CURVE('',#990,#991,#1168,.T.);
#732=EDGE_CURVE('',#990,#992,#1169,.T.);
#733=EDGE_CURVE('',#993,#992,#1170,.T.);
#734=EDGE_CURVE('',#991,#993,#1171,.T.);
#735=EDGE_CURVE('',#994,#995,#1172,.T.);
#736=EDGE_CURVE('',#994,#996,#1173,.T.);
#737=EDGE_CURVE('',#997,#996,#1174,.T.);
#738=EDGE_CURVE('',#995,#997,#1175,.T.);
#739=EDGE_CURVE('',#998,#999,#1176,.T.);
#740=EDGE_CURVE('',#999,#1000,#1177,.T.);
#741=EDGE_CURVE('',#1001,#1000,#1178,.T.);
#742=EDGE_CURVE('',#1002,#1001,#1179,.T.);
#743=EDGE_CURVE('',#1002,#1003,#1180,.T.);
#744=EDGE_CURVE('',#1003,#1004,#1181,.T.);
#745=EDGE_CURVE('',#1005,#1004,#1182,.T.);
#746=EDGE_CURVE('',#1005,#1006,#1183,.T.);
#747=EDGE_CURVE('',#1007,#1006,#1184,.T.);
#748=EDGE_CURVE('',#1007,#1008,#1185,.T.);
#749=EDGE_CURVE('',#1009,#1008,#1186,.T.);
#750=EDGE_CURVE('',#1010,#1009,#1187,.T.);
#751=EDGE_CURVE('',#1011,#1010,#1188,.T.);
#752=EDGE_CURVE('',#1011,#1012,#1189,.T.);
#753=EDGE_CURVE('',#1013,#1012,#1190,.T.);
#754=EDGE_CURVE('',#1014,#1013,#1191,.T.);
#755=EDGE_CURVE('',#1015,#1014,#1192,.T.);
#756=EDGE_CURVE('',#1016,#1015,#1193,.T.);
#757=EDGE_CURVE('',#1016,#1017,#1194,.T.);
#758=EDGE_CURVE('',#998,#1017,#1195,.T.);
#759=EDGE_CURVE('',#1018,#1019,#1196,.T.);
#760=EDGE_CURVE('',#1020,#1019,#1197,.T.);
#761=EDGE_CURVE('',#1021,#1020,#1198,.T.);
#762=EDGE_CURVE('',#1021,#1018,#1199,.T.);
#763=EDGE_CURVE('',#1022,#1019,#65,.T.);
#764=EDGE_CURVE('',#1023,#1022,#1200,.T.);
#765=EDGE_CURVE('',#1023,#1020,#66,.T.);
#766=EDGE_CURVE('',#1022,#1024,#1201,.T.);
#767=EDGE_CURVE('',#1025,#1024,#1202,.T.);
#768=EDGE_CURVE('',#1023,#1025,#1203,.T.);
#769=EDGE_CURVE('',#1026,#1024,#67,.T.);
#770=EDGE_CURVE('',#1027,#1026,#1204,.T.);
#771=EDGE_CURVE('',#1027,#1025,#68,.T.);
#772=EDGE_CURVE('',#1002,#1028,#1205,.T.);
#773=EDGE_CURVE('',#1029,#1028,#1206,.T.);
#774=EDGE_CURVE('',#999,#1029,#1207,.T.);
#775=EDGE_CURVE('',#998,#1030,#1208,.T.);
#776=EDGE_CURVE('',#1031,#1030,#1209,.T.);
#777=EDGE_CURVE('',#1027,#1031,#1210,.T.);
#778=EDGE_CURVE('',#1026,#1032,#1211,.T.);
#779=EDGE_CURVE('',#1033,#1032,#1212,.T.);
#780=EDGE_CURVE('',#1003,#1033,#1213,.T.);
#781=EDGE_CURVE('',#1034,#1012,#1214,.T.);
#782=EDGE_CURVE('',#1034,#1035,#1215,.T.);
#783=EDGE_CURVE('',#1035,#1009,#1216,.T.);
#784=EDGE_CURVE('',#1036,#1008,#1217,.T.);
#785=EDGE_CURVE('',#1036,#1037,#1218,.T.);
#786=EDGE_CURVE('',#1037,#1038,#1219,.T.);
#787=EDGE_CURVE('',#1039,#1038,#1220,.T.);
#788=EDGE_CURVE('',#1040,#1039,#1221,.T.);
#789=EDGE_CURVE('',#1040,#1041,#1222,.T.);
#790=EDGE_CURVE('',#1041,#1013,#1223,.T.);
#791=EDGE_CURVE('',#1038,#960,#69,.T.);
#792=EDGE_CURVE('',#1039,#959,#70,.T.);
#793=EDGE_CURVE('',#947,#1042,#71,.T.);
#794=EDGE_CURVE('',#1043,#1042,#1224,.T.);
#795=EDGE_CURVE('',#948,#1043,#72,.T.);
#796=EDGE_CURVE('',#1042,#1018,#1225,.T.);
#797=EDGE_CURVE('',#1043,#1021,#1226,.T.);
#798=EDGE_CURVE('',#1044,#1005,#1227,.T.);
#799=EDGE_CURVE('',#1045,#1044,#1228,.T.);
#800=EDGE_CURVE('',#1032,#1045,#73,.T.);
#801=EDGE_CURVE('',#1046,#1037,#74,.T.);
#802=EDGE_CURVE('',#1047,#1046,#1229,.T.);
#803=EDGE_CURVE('',#1006,#1047,#1230,.T.);
#804=EDGE_CURVE('',#1048,#1046,#1231,.T.);
#805=EDGE_CURVE('',#1049,#1048,#1232,.T.);
#806=EDGE_CURVE('',#1049,#1047,#1233,.T.);
#807=EDGE_CURVE('',#1048,#1036,#75,.T.);
#808=EDGE_CURVE('',#1007,#1049,#1234,.T.);
#809=EDGE_CURVE('',#1033,#1050,#76,.T.);
#810=EDGE_CURVE('',#1050,#1051,#1235,.T.);
#811=EDGE_CURVE('',#1051,#1004,#1236,.T.);
#812=EDGE_CURVE('',#1051,#1044,#1237,.T.);
#813=EDGE_CURVE('',#1050,#1045,#1238,.T.);
#814=EDGE_CURVE('',#1052,#1053,#1239,.T.);
#815=EDGE_CURVE('',#1054,#1053,#1240,.T.);
#816=EDGE_CURVE('',#1055,#1054,#1241,.T.);
#817=EDGE_CURVE('',#1055,#1052,#1242,.T.);
#818=EDGE_CURVE('',#1053,#1035,#77,.T.);
#819=EDGE_CURVE('',#1054,#1034,#78,.T.);
#820=EDGE_CURVE('',#1011,#1055,#1243,.T.);
#821=EDGE_CURVE('',#1010,#1052,#1244,.T.);
#822=EDGE_CURVE('',#1056,#1001,#1245,.T.);
#823=EDGE_CURVE('',#1057,#1000,#1246,.T.);
#824=EDGE_CURVE('',#1057,#1056,#1247,.T.);
#825=EDGE_CURVE('',#1029,#1058,#79,.T.);
#826=EDGE_CURVE('',#1058,#1057,#1248,.T.);
#827=EDGE_CURVE('',#1059,#1056,#1249,.T.);
#828=EDGE_CURVE('',#1028,#1059,#80,.T.);
#829=EDGE_CURVE('',#1058,#1059,#1250,.T.);
#830=EDGE_CURVE('',#1060,#1017,#1251,.T.);
#831=EDGE_CURVE('',#1061,#1060,#1252,.T.);
#832=EDGE_CURVE('',#1030,#1061,#81,.T.);
#833=EDGE_CURVE('',#1014,#1062,#1253,.T.);
#834=EDGE_CURVE('',#1063,#1041,#82,.T.);
#835=EDGE_CURVE('',#1062,#1063,#1254,.T.);
#836=EDGE_CURVE('',#1064,#1061,#1255,.T.);
#837=EDGE_CURVE('',#1031,#1064,#83,.T.);
#838=EDGE_CURVE('',#1065,#1060,#1256,.T.);
#839=EDGE_CURVE('',#1064,#1065,#1257,.T.);
#840=EDGE_CURVE('',#1065,#1016,#1258,.T.);
#841=EDGE_CURVE('',#1066,#1062,#1259,.T.);
#842=EDGE_CURVE('',#1015,#1066,#1260,.T.);
#843=EDGE_CURVE('',#1067,#1063,#1261,.T.);
#844=EDGE_CURVE('',#1066,#1067,#1262,.T.);
#845=EDGE_CURVE('',#1067,#1040,#84,.T.);
#846=EDGE_CURVE('',#984,#979,#1263,.T.);
#847=EDGE_CURVE('',#983,#978,#1264,.T.);
#848=EDGE_CURVE('',#972,#967,#1265,.T.);
#849=EDGE_CURVE('',#971,#966,#1266,.T.);
#850=EDGE_CURVE('',#994,#1068,#1267,.T.);
#851=EDGE_CURVE('',#995,#1069,#1268,.T.);
#852=EDGE_CURVE('',#1068,#1069,#1269,.T.);
#853=EDGE_CURVE('',#1070,#997,#1270,.T.);
#854=EDGE_CURVE('',#1071,#996,#1271,.T.);
#855=EDGE_CURVE('',#1071,#1070,#1272,.T.);
#856=EDGE_CURVE('',#1068,#1071,#1273,.T.);
#857=EDGE_CURVE('',#1069,#1070,#1274,.T.);
#858=EDGE_CURVE('',#990,#1072,#1275,.T.);
#859=EDGE_CURVE('',#991,#1073,#1276,.T.);
#860=EDGE_CURVE('',#1072,#1073,#1277,.T.);
#861=EDGE_CURVE('',#1074,#993,#1278,.T.);
#862=EDGE_CURVE('',#1075,#992,#1279,.T.);
#863=EDGE_CURVE('',#1075,#1074,#1280,.T.);
#864=EDGE_CURVE('',#1072,#1075,#1281,.T.);
#865=EDGE_CURVE('',#1073,#1074,#1282,.T.);
#866=EDGE_CURVE('',#1076,#937,#1283,.T.);
#867=EDGE_CURVE('',#1077,#1076,#1284,.T.);
#868=EDGE_CURVE('',#1077,#935,#1285,.T.);
#869=EDGE_CURVE('',#1078,#1079,#1286,.T.);
#870=EDGE_CURVE('',#1080,#1078,#1287,.T.);
#871=EDGE_CURVE('',#936,#1080,#1288,.T.);
#872=EDGE_CURVE('',#934,#1081,#1289,.T.);
#873=EDGE_CURVE('',#1081,#1079,#1290,.T.);
#874=EDGE_CURVE('',#1082,#1083,#1291,.T.);
#875=EDGE_CURVE('',#1083,#932,#1292,.T.);
#876=EDGE_CURVE('',#1081,#933,#85,.T.);
#877=EDGE_CURVE('',#1084,#1077,#1293,.T.);
#878=EDGE_CURVE('',#1085,#1084,#86,.T.);
#879=EDGE_CURVE('',#1082,#1085,#1294,.T.);
#880=EDGE_CURVE('',#1086,#1080,#1295,.T.);
#881=EDGE_CURVE('',#1087,#1086,#1296,.T.);
#882=EDGE_CURVE('',#1087,#1088,#1297,.T.);
#883=EDGE_CURVE('',#1088,#1089,#1298,.T.);
#884=EDGE_CURVE('',#1089,#1090,#1299,.T.);
#885=EDGE_CURVE('',#1090,#1091,#87,.T.);
#886=EDGE_CURVE('',#1091,#1076,#1300,.T.);
#887=EDGE_CURVE('',#1092,#1093,#1301,.T.);
#888=EDGE_CURVE('',#1092,#1089,#1302,.T.);
#889=EDGE_CURVE('',#1093,#1088,#1303,.T.);
#890=EDGE_CURVE('',#1082,#1092,#1304,.T.);
#891=EDGE_CURVE('',#1085,#1090,#1305,.T.);
#892=EDGE_CURVE('',#1084,#1091,#1306,.T.);
#893=EDGE_CURVE('',#1079,#931,#28,.F.);
#894=EDGE_CURVE('',#1093,#1087,#1307,.T.);
#895=EDGE_CURVE('',#1094,#953,#1308,.T.);
#896=EDGE_CURVE('',#1095,#1094,#1309,.T.);
#897=EDGE_CURVE('',#1095,#951,#1310,.T.);
#898=EDGE_CURVE('',#1096,#1097,#1311,.T.);
#899=EDGE_CURVE('',#1098,#1096,#1312,.T.);
#900=EDGE_CURVE('',#952,#1098,#1313,.T.);
#901=EDGE_CURVE('',#950,#1099,#1314,.T.);
#902=EDGE_CURVE('',#1099,#1097,#1315,.T.);
#903=EDGE_CURVE('',#1100,#1101,#1316,.T.);
#904=EDGE_CURVE('',#1101,#929,#1317,.T.);
#905=EDGE_CURVE('',#1099,#930,#88,.T.);
#906=EDGE_CURVE('',#1102,#1095,#1318,.T.);
#907=EDGE_CURVE('',#1103,#1102,#89,.T.);
#908=EDGE_CURVE('',#1100,#1103,#1319,.T.);
#909=EDGE_CURVE('',#1104,#1098,#1320,.T.);
#910=EDGE_CURVE('',#1105,#1104,#1321,.T.);
#911=EDGE_CURVE('',#1105,#1106,#1322,.T.);
#912=EDGE_CURVE('',#1106,#1107,#1323,.T.);
#913=EDGE_CURVE('',#1107,#1108,#1324,.T.);
#914=EDGE_CURVE('',#1108,#1109,#90,.T.);
#915=EDGE_CURVE('',#1109,#1094,#1325,.T.);
#916=EDGE_CURVE('',#1110,#1111,#1326,.T.);
#917=EDGE_CURVE('',#1110,#1107,#1327,.T.);
#918=EDGE_CURVE('',#1111,#1106,#1328,.T.);
#919=EDGE_CURVE('',#1100,#1110,#1329,.T.);
#920=EDGE_CURVE('',#1103,#1108,#1330,.T.);
#921=EDGE_CURVE('',#1102,#1109,#1331,.T.);
#922=EDGE_CURVE('',#1097,#928,#29,.F.);
#923=EDGE_CURVE('',#1111,#1105,#1332,.T.);
#924=EDGE_CURVE('',#1078,#1083,#1333,.T.);
#925=EDGE_CURVE('',#1086,#1092,#1334,.T.);
#926=EDGE_CURVE('',#1096,#1101,#1335,.T.);
#927=EDGE_CURVE('',#1104,#1110,#1336,.T.);
#928=VERTEX_POINT('',#3334);
#929=VERTEX_POINT('',#3335);
#930=VERTEX_POINT('',#3337);
#931=VERTEX_POINT('',#3341);
#932=VERTEX_POINT('',#3342);
#933=VERTEX_POINT('',#3344);
#934=VERTEX_POINT('',#3348);
#935=VERTEX_POINT('',#3349);
#936=VERTEX_POINT('',#3351);
#937=VERTEX_POINT('',#3353);
#938=VERTEX_POINT('',#3356);
#939=VERTEX_POINT('',#3357);
#940=VERTEX_POINT('',#3359);
#941=VERTEX_POINT('',#3361);
#942=VERTEX_POINT('',#3363);
#943=VERTEX_POINT('',#3365);
#944=VERTEX_POINT('',#3367);
#945=VERTEX_POINT('',#3369);
#946=VERTEX_POINT('',#3371);
#947=VERTEX_POINT('',#3373);
#948=VERTEX_POINT('',#3375);
#949=VERTEX_POINT('',#3377);
#950=VERTEX_POINT('',#3380);
#951=VERTEX_POINT('',#3381);
#952=VERTEX_POINT('',#3383);
#953=VERTEX_POINT('',#3385);
#954=VERTEX_POINT('',#3389);
#955=VERTEX_POINT('',#3391);
#956=VERTEX_POINT('',#3395);
#957=VERTEX_POINT('',#3396);
#958=VERTEX_POINT('',#3398);
#959=VERTEX_POINT('',#3400);
#960=VERTEX_POINT('',#3402);
#961=VERTEX_POINT('',#3404);
#962=VERTEX_POINT('',#3406);
#963=VERTEX_POINT('',#3408);
#964=VERTEX_POINT('',#3410);
#965=VERTEX_POINT('',#3413);
#966=VERTEX_POINT('',#3417);
#967=VERTEX_POINT('',#3418);
#968=VERTEX_POINT('',#3423);
#969=VERTEX_POINT('',#3425);
#970=VERTEX_POINT('',#3435);
#971=VERTEX_POINT('',#3436);
#972=VERTEX_POINT('',#3445);
#973=VERTEX_POINT('',#3450);
#974=VERTEX_POINT('',#3454);
#975=VERTEX_POINT('',#3455);
#976=VERTEX_POINT('',#3460);
#977=VERTEX_POINT('',#3461);
#978=VERTEX_POINT('',#3466);
#979=VERTEX_POINT('',#3467);
#980=VERTEX_POINT('',#3472);
#981=VERTEX_POINT('',#3474);
#982=VERTEX_POINT('',#3484);
#983=VERTEX_POINT('',#3485);
#984=VERTEX_POINT('',#3494);
#985=VERTEX_POINT('',#3499);
#986=VERTEX_POINT('',#3503);
#987=VERTEX_POINT('',#3504);
#988=VERTEX_POINT('',#3509);
#989=VERTEX_POINT('',#3510);
#990=VERTEX_POINT('',#3521);
#991=VERTEX_POINT('',#3522);
#992=VERTEX_POINT('',#3524);
#993=VERTEX_POINT('',#3526);
#994=VERTEX_POINT('',#3529);
#995=VERTEX_POINT('',#3530);
#996=VERTEX_POINT('',#3532);
#997=VERTEX_POINT('',#3534);
#998=VERTEX_POINT('',#3537);
#999=VERTEX_POINT('',#3538);
#1000=VERTEX_POINT('',#3540);
#1001=VERTEX_POINT('',#3542);
#1002=VERTEX_POINT('',#3544);
#1003=VERTEX_POINT('',#3546);
#1004=VERTEX_POINT('',#3548);
#1005=VERTEX_POINT('',#3550);
#1006=VERTEX_POINT('',#3552);
#1007=VERTEX_POINT('',#3554);
#1008=VERTEX_POINT('',#3556);
#1009=VERTEX_POINT('',#3558);
#1010=VERTEX_POINT('',#3560);
#1011=VERTEX_POINT('',#3562);
#1012=VERTEX_POINT('',#3564);
#1013=VERTEX_POINT('',#3566);
#1014=VERTEX_POINT('',#3568);
#1015=VERTEX_POINT('',#3570);
#1016=VERTEX_POINT('',#3572);
#1017=VERTEX_POINT('',#3574);
#1018=VERTEX_POINT('',#3578);
#1019=VERTEX_POINT('',#3579);
#1020=VERTEX_POINT('',#3581);
#1021=VERTEX_POINT('',#3583);
#1022=VERTEX_POINT('',#3587);
#1023=VERTEX_POINT('',#3589);
#1024=VERTEX_POINT('',#3593);
#1025=VERTEX_POINT('',#3595);
#1026=VERTEX_POINT('',#3599);
#1027=VERTEX_POINT('',#3601);
#1028=VERTEX_POINT('',#3605);
#1029=VERTEX_POINT('',#3607);
#1030=VERTEX_POINT('',#3610);
#1031=VERTEX_POINT('',#3612);
#1032=VERTEX_POINT('',#3615);
#1033=VERTEX_POINT('',#3617);
#1034=VERTEX_POINT('',#3621);
#1035=VERTEX_POINT('',#3623);
#1036=VERTEX_POINT('',#3626);
#1037=VERTEX_POINT('',#3628);
#1038=VERTEX_POINT('',#3630);
#1039=VERTEX_POINT('',#3632);
#1040=VERTEX_POINT('',#3634);
#1041=VERTEX_POINT('',#3636);
#1042=VERTEX_POINT('',#3643);
#1043=VERTEX_POINT('',#3645);
#1044=VERTEX_POINT('',#3652);
#1045=VERTEX_POINT('',#3654);
#1046=VERTEX_POINT('',#3657);
#1047=VERTEX_POINT('',#3659);
#1048=VERTEX_POINT('',#3663);
#1049=VERTEX_POINT('',#3665);
#1050=VERTEX_POINT('',#3674);
#1051=VERTEX_POINT('',#3676);
#1052=VERTEX_POINT('',#3685);
#1053=VERTEX_POINT('',#3686);
#1054=VERTEX_POINT('',#3688);
#1055=VERTEX_POINT('',#3690);
#1056=VERTEX_POINT('',#3702);
#1057=VERTEX_POINT('',#3704);
#1058=VERTEX_POINT('',#3708);
#1059=VERTEX_POINT('',#3712);
#1060=VERTEX_POINT('',#3719);
#1061=VERTEX_POINT('',#3721);
#1062=VERTEX_POINT('',#3725);
#1063=VERTEX_POINT('',#3727);
#1064=VERTEX_POINT('',#3731);
#1065=VERTEX_POINT('',#3735);
#1066=VERTEX_POINT('',#3741);
#1067=VERTEX_POINT('',#3745);
#1068=VERTEX_POINT('',#3764);
#1069=VERTEX_POINT('',#3766);
#1070=VERTEX_POINT('',#3770);
#1071=VERTEX_POINT('',#3772);
#1072=VERTEX_POINT('',#3781);
#1073=VERTEX_POINT('',#3783);
#1074=VERTEX_POINT('',#3787);
#1075=VERTEX_POINT('',#3789);
#1076=VERTEX_POINT('',#3798);
#1077=VERTEX_POINT('',#3800);
#1078=VERTEX_POINT('',#3804);
#1079=VERTEX_POINT('',#3805);
#1080=VERTEX_POINT('',#3807);
#1081=VERTEX_POINT('',#3810);
#1082=VERTEX_POINT('',#3814);
#1083=VERTEX_POINT('',#3815);
#1084=VERTEX_POINT('',#3819);
#1085=VERTEX_POINT('',#3821);
#1086=VERTEX_POINT('',#3825);
#1087=VERTEX_POINT('',#3827);
#1088=VERTEX_POINT('',#3829);
#1089=VERTEX_POINT('',#3831);
#1090=VERTEX_POINT('',#3833);
#1091=VERTEX_POINT('',#3835);
#1092=VERTEX_POINT('',#3839);
#1093=VERTEX_POINT('',#3840);
#1094=VERTEX_POINT('',#3855);
#1095=VERTEX_POINT('',#3857);
#1096=VERTEX_POINT('',#3861);
#1097=VERTEX_POINT('',#3862);
#1098=VERTEX_POINT('',#3864);
#1099=VERTEX_POINT('',#3867);
#1100=VERTEX_POINT('',#3871);
#1101=VERTEX_POINT('',#3872);
#1102=VERTEX_POINT('',#3876);
#1103=VERTEX_POINT('',#3878);
#1104=VERTEX_POINT('',#3882);
#1105=VERTEX_POINT('',#3884);
#1106=VERTEX_POINT('',#3886);
#1107=VERTEX_POINT('',#3888);
#1108=VERTEX_POINT('',#3890);
#1109=VERTEX_POINT('',#3892);
#1110=VERTEX_POINT('',#3896);
#1111=VERTEX_POINT('',#3897);
#1112=LINE('',#3333,#1337);
#1113=LINE('',#3336,#1338);
#1114=LINE('',#3338,#1339);
#1115=LINE('',#3340,#1340);
#1116=LINE('',#3343,#1341);
#1117=LINE('',#3345,#1342);
#1118=LINE('',#3347,#1343);
#1119=LINE('',#3350,#1344);
#1120=LINE('',#3352,#1345);
#1121=LINE('',#3354,#1346);
#1122=LINE('',#3355,#1347);
#1123=LINE('',#3360,#1348);
#1124=LINE('',#3362,#1349);
#1125=LINE('',#3364,#1350);
#1126=LINE('',#3368,#1351);
#1127=LINE('',#3370,#1352);
#1128=LINE('',#3372,#1353);
#1129=LINE('',#3374,#1354);
#1130=LINE('',#3376,#1355);
#1131=LINE('',#3378,#1356);
#1132=LINE('',#3379,#1357);
#1133=LINE('',#3382,#1358);
#1134=LINE('',#3384,#1359);
#1135=LINE('',#3386,#1360);
#1136=LINE('',#3390,#1361);
#1137=LINE('',#3394,#1362);
#1138=LINE('',#3397,#1363);
#1139=LINE('',#3399,#1364);
#1140=LINE('',#3401,#1365);
#1141=LINE('',#3403,#1366);
#1142=LINE('',#3405,#1367);
#1143=LINE('',#3407,#1368);
#1144=LINE('',#3411,#1369);
#1145=LINE('',#3412,#1370);
#1146=LINE('',#3419,#1371);
#1147=LINE('',#3420,#1372);
#1148=LINE('',#3422,#1373);
#1149=LINE('',#3426,#1374);
#1150=LINE('',#3456,#1375);
#1151=LINE('',#3457,#1376);
#1152=LINE('',#3459,#1377);
#1153=LINE('',#3462,#1378);
#1154=LINE('',#3463,#1379);
#1155=LINE('',#3468,#1380);
#1156=LINE('',#3469,#1381);
#1157=LINE('',#3471,#1382);
#1158=LINE('',#3475,#1383);
#1159=LINE('',#3505,#1384);
#1160=LINE('',#3506,#1385);
#1161=LINE('',#3508,#1386);
#1162=LINE('',#3511,#1387);
#1163=LINE('',#3512,#1388);
#1164=LINE('',#3514,#1389);
#1165=LINE('',#3515,#1390);
#1166=LINE('',#3517,#1391);
#1167=LINE('',#3518,#1392);
#1168=LINE('',#3520,#1393);
#1169=LINE('',#3523,#1394);
#1170=LINE('',#3525,#1395);
#1171=LINE('',#3527,#1396);
#1172=LINE('',#3528,#1397);
#1173=LINE('',#3531,#1398);
#1174=LINE('',#3533,#1399);
#1175=LINE('',#3535,#1400);
#1176=LINE('',#3536,#1401);
#1177=LINE('',#3539,#1402);
#1178=LINE('',#3541,#1403);
#1179=LINE('',#3543,#1404);
#1180=LINE('',#3545,#1405);
#1181=LINE('',#3547,#1406);
#1182=LINE('',#3549,#1407);
#1183=LINE('',#3551,#1408);
#1184=LINE('',#3553,#1409);
#1185=LINE('',#3555,#1410);
#1186=LINE('',#3557,#1411);
#1187=LINE('',#3559,#1412);
#1188=LINE('',#3561,#1413);
#1189=LINE('',#3563,#1414);
#1190=LINE('',#3565,#1415);
#1191=LINE('',#3567,#1416);
#1192=LINE('',#3569,#1417);
#1193=LINE('',#3571,#1418);
#1194=LINE('',#3573,#1419);
#1195=LINE('',#3575,#1420);
#1196=LINE('',#3577,#1421);
#1197=LINE('',#3580,#1422);
#1198=LINE('',#3582,#1423);
#1199=LINE('',#3584,#1424);
#1200=LINE('',#3588,#1425);
#1201=LINE('',#3592,#1426);
#1202=LINE('',#3594,#1427);
#1203=LINE('',#3596,#1428);
#1204=LINE('',#3600,#1429);
#1205=LINE('',#3604,#1430);
#1206=LINE('',#3606,#1431);
#1207=LINE('',#3608,#1432);
#1208=LINE('',#3609,#1433);
#1209=LINE('',#3611,#1434);
#1210=LINE('',#3613,#1435);
#1211=LINE('',#3614,#1436);
#1212=LINE('',#3616,#1437);
#1213=LINE('',#3618,#1438);
#1214=LINE('',#3620,#1439);
#1215=LINE('',#3622,#1440);
#1216=LINE('',#3624,#1441);
#1217=LINE('',#3625,#1442);
#1218=LINE('',#3627,#1443);
#1219=LINE('',#3629,#1444);
#1220=LINE('',#3631,#1445);
#1221=LINE('',#3633,#1446);
#1222=LINE('',#3635,#1447);
#1223=LINE('',#3637,#1448);
#1224=LINE('',#3644,#1449);
#1225=LINE('',#3648,#1450);
#1226=LINE('',#3649,#1451);
#1227=LINE('',#3651,#1452);
#1228=LINE('',#3653,#1453);
#1229=LINE('',#3658,#1454);
#1230=LINE('',#3660,#1455);
#1231=LINE('',#3662,#1456);
#1232=LINE('',#3664,#1457);
#1233=LINE('',#3666,#1458);
#1234=LINE('',#3670,#1459);
#1235=LINE('',#3675,#1460);
#1236=LINE('',#3677,#1461);
#1237=LINE('',#3679,#1462);
#1238=LINE('',#3681,#1463);
#1239=LINE('',#3684,#1464);
#1240=LINE('',#3687,#1465);
#1241=LINE('',#3689,#1466);
#1242=LINE('',#3691,#1467);
#1243=LINE('',#3696,#1468);
#1244=LINE('',#3698,#1469);
#1245=LINE('',#3701,#1470);
#1246=LINE('',#3703,#1471);
#1247=LINE('',#3705,#1472);
#1248=LINE('',#3709,#1473);
#1249=LINE('',#3711,#1474);
#1250=LINE('',#3715,#1475);
#1251=LINE('',#3718,#1476);
#1252=LINE('',#3720,#1477);
#1253=LINE('',#3724,#1478);
#1254=LINE('',#3728,#1479);
#1255=LINE('',#3730,#1480);
#1256=LINE('',#3734,#1481);
#1257=LINE('',#3736,#1482);
#1258=LINE('',#3738,#1483);
#1259=LINE('',#3740,#1484);
#1260=LINE('',#3742,#1485);
#1261=LINE('',#3744,#1486);
#1262=LINE('',#3746,#1487);
#1263=LINE('',#3751,#1488);
#1264=LINE('',#3754,#1489);
#1265=LINE('',#3757,#1490);
#1266=LINE('',#3760,#1491);
#1267=LINE('',#3763,#1492);
#1268=LINE('',#3765,#1493);
#1269=LINE('',#3767,#1494);
#1270=LINE('',#3769,#1495);
#1271=LINE('',#3771,#1496);
#1272=LINE('',#3773,#1497);
#1273=LINE('',#3775,#1498);
#1274=LINE('',#3777,#1499);
#1275=LINE('',#3780,#1500);
#1276=LINE('',#3782,#1501);
#1277=LINE('',#3784,#1502);
#1278=LINE('',#3786,#1503);
#1279=LINE('',#3788,#1504);
#1280=LINE('',#3790,#1505);
#1281=LINE('',#3792,#1506);
#1282=LINE('',#3794,#1507);
#1283=LINE('',#3797,#1508);
#1284=LINE('',#3799,#1509);
#1285=LINE('',#3801,#1510);
#1286=LINE('',#3803,#1511);
#1287=LINE('',#3806,#1512);
#1288=LINE('',#3808,#1513);
#1289=LINE('',#3809,#1514);
#1290=LINE('',#3811,#1515);
#1291=LINE('',#3813,#1516);
#1292=LINE('',#3816,#1517);
#1293=LINE('',#3818,#1518);
#1294=LINE('',#3822,#1519);
#1295=LINE('',#3824,#1520);
#1296=LINE('',#3826,#1521);
#1297=LINE('',#3828,#1522);
#1298=LINE('',#3830,#1523);
#1299=LINE('',#3832,#1524);
#1300=LINE('',#3836,#1525);
#1301=LINE('',#3838,#1526);
#1302=LINE('',#3841,#1527);
#1303=LINE('',#3842,#1528);
#1304=LINE('',#3844,#1529);
#1305=LINE('',#3845,#1530);
#1306=LINE('',#3847,#1531);
#1307=LINE('',#3852,#1532);
#1308=LINE('',#3854,#1533);
#1309=LINE('',#3856,#1534);
#1310=LINE('',#3858,#1535);
#1311=LINE('',#3860,#1536);
#1312=LINE('',#3863,#1537);
#1313=LINE('',#3865,#1538);
#1314=LINE('',#3866,#1539);
#1315=LINE('',#3868,#1540);
#1316=LINE('',#3870,#1541);
#1317=LINE('',#3873,#1542);
#1318=LINE('',#3875,#1543);
#1319=LINE('',#3879,#1544);
#1320=LINE('',#3881,#1545);
#1321=LINE('',#3883,#1546);
#1322=LINE('',#3885,#1547);
#1323=LINE('',#3887,#1548);
#1324=LINE('',#3889,#1549);
#1325=LINE('',#3893,#1550);
#1326=LINE('',#3895,#1551);
#1327=LINE('',#3898,#1552);
#1328=LINE('',#3899,#1553);
#1329=LINE('',#3901,#1554);
#1330=LINE('',#3902,#1555);
#1331=LINE('',#3904,#1556);
#1332=LINE('',#3909,#1557);
#1333=LINE('',#3911,#1558);
#1334=LINE('',#3912,#1559);
#1335=LINE('',#3916,#1560);
#1336=LINE('',#3917,#1561);
#1337=VECTOR('',#2814,1000.);
#1338=VECTOR('',#2815,1000.);
#1339=VECTOR('',#2816,1000.);
#1340=VECTOR('',#2819,1000.);
#1341=VECTOR('',#2820,1000.);
#1342=VECTOR('',#2821,1000.);
#1343=VECTOR('',#2824,1000.);
#1344=VECTOR('',#2825,1000.);
#1345=VECTOR('',#2826,1000.);
#1346=VECTOR('',#2827,1000.);
#1347=VECTOR('',#2828,1000.);
#1348=VECTOR('',#2831,1000.);
#1349=VECTOR('',#2832,1000.);
#1350=VECTOR('',#2833,1000.);
#1351=VECTOR('',#2836,1000.);
#1352=VECTOR('',#2837,1000.);
#1353=VECTOR('',#2838,1000.);
#1354=VECTOR('',#2839,1000.);
#1355=VECTOR('',#2840,1000.);
#1356=VECTOR('',#2841,1000.);
#1357=VECTOR('',#2842,1000.);
#1358=VECTOR('',#2843,1000.);
#1359=VECTOR('',#2844,1000.);
#1360=VECTOR('',#2845,1000.);
#1361=VECTOR('',#2850,1000.);
#1362=VECTOR('',#2855,1000.);
#1363=VECTOR('',#2856,1000.);
#1364=VECTOR('',#2857,1000.);
#1365=VECTOR('',#2858,1000.);
#1366=VECTOR('',#2859,1000.);
#1367=VECTOR('',#2860,1000.);
#1368=VECTOR('',#2861,1000.);
#1369=VECTOR('',#2864,1000.);
#1370=VECTOR('',#2865,1000.);
#1371=VECTOR('',#2872,1000.);
#1372=VECTOR('',#2873,1000.);
#1373=VECTOR('',#2876,1000.);
#1374=VECTOR('',#2879,1000.);
#1375=VECTOR('',#2894,1000.);
#1376=VECTOR('',#2895,1000.);
#1377=VECTOR('',#2898,1000.);
#1378=VECTOR('',#2899,1000.);
#1379=VECTOR('',#2900,1000.);
#1380=VECTOR('',#2905,1000.);
#1381=VECTOR('',#2906,1000.);
#1382=VECTOR('',#2909,1000.);
#1383=VECTOR('',#2912,1000.);
#1384=VECTOR('',#2927,1000.);
#1385=VECTOR('',#2928,1000.);
#1386=VECTOR('',#2931,1000.);
#1387=VECTOR('',#2932,1000.);
#1388=VECTOR('',#2933,1000.);
#1389=VECTOR('',#2936,1000.);
#1390=VECTOR('',#2937,1000.);
#1391=VECTOR('',#2940,1000.);
#1392=VECTOR('',#2941,1000.);
#1393=VECTOR('',#2944,1000.);
#1394=VECTOR('',#2945,1000.);
#1395=VECTOR('',#2946,1000.);
#1396=VECTOR('',#2947,1000.);
#1397=VECTOR('',#2948,1000.);
#1398=VECTOR('',#2949,1000.);
#1399=VECTOR('',#2950,1000.);
#1400=VECTOR('',#2951,1000.);
#1401=VECTOR('',#2952,1000.);
#1402=VECTOR('',#2953,1000.);
#1403=VECTOR('',#2954,1000.);
#1404=VECTOR('',#2955,1000.);
#1405=VECTOR('',#2956,1000.);
#1406=VECTOR('',#2957,1000.);
#1407=VECTOR('',#2958,1000.);
#1408=VECTOR('',#2959,1000.);
#1409=VECTOR('',#2960,1000.);
#1410=VECTOR('',#2961,1000.);
#1411=VECTOR('',#2962,1000.);
#1412=VECTOR('',#2963,1000.);
#1413=VECTOR('',#2964,1000.);
#1414=VECTOR('',#2965,1000.);
#1415=VECTOR('',#2966,1000.);
#1416=VECTOR('',#2967,1000.);
#1417=VECTOR('',#2968,1000.);
#1418=VECTOR('',#2969,1000.);
#1419=VECTOR('',#2970,1000.);
#1420=VECTOR('',#2971,1000.);
#1421=VECTOR('',#2974,1000.);
#1422=VECTOR('',#2975,1000.);
#1423=VECTOR('',#2976,1000.);
#1424=VECTOR('',#2977,1000.);
#1425=VECTOR('',#2982,1000.);
#1426=VECTOR('',#2987,1000.);
#1427=VECTOR('',#2988,1000.);
#1428=VECTOR('',#2989,1000.);
#1429=VECTOR('',#2994,1000.);
#1430=VECTOR('',#2999,1000.);
#1431=VECTOR('',#3000,1000.);
#1432=VECTOR('',#3001,1000.);
#1433=VECTOR('',#3002,1000.);
#1434=VECTOR('',#3003,1000.);
#1435=VECTOR('',#3004,1000.);
#1436=VECTOR('',#3005,1000.);
#1437=VECTOR('',#3006,1000.);
#1438=VECTOR('',#3007,1000.);
#1439=VECTOR('',#3010,1000.);
#1440=VECTOR('',#3011,1000.);
#1441=VECTOR('',#3012,1000.);
#1442=VECTOR('',#3013,1000.);
#1443=VECTOR('',#3014,1000.);
#1444=VECTOR('',#3015,1000.);
#1445=VECTOR('',#3016,1000.);
#1446=VECTOR('',#3017,1000.);
#1447=VECTOR('',#3018,1000.);
#1448=VECTOR('',#3019,1000.);
#1449=VECTOR('',#3030,1000.);
#1450=VECTOR('',#3035,1000.);
#1451=VECTOR('',#3036,1000.);
#1452=VECTOR('',#3039,1000.);
#1453=VECTOR('',#3040,1000.);
#1454=VECTOR('',#3045,1000.);
#1455=VECTOR('',#3046,1000.);
#1456=VECTOR('',#3049,1000.);
#1457=VECTOR('',#3050,1000.);
#1458=VECTOR('',#3051,1000.);
#1459=VECTOR('',#3058,1000.);
#1460=VECTOR('',#3065,1000.);
#1461=VECTOR('',#3066,1000.);
#1462=VECTOR('',#3069,1000.);
#1463=VECTOR('',#3072,1000.);
#1464=VECTOR('',#3077,1000.);
#1465=VECTOR('',#3078,1000.);
#1466=VECTOR('',#3079,1000.);
#1467=VECTOR('',#3080,1000.);
#1468=VECTOR('',#3089,1000.);
#1469=VECTOR('',#3092,1000.);
#1470=VECTOR('',#3097,1000.);
#1471=VECTOR('',#3098,1000.);
#1472=VECTOR('',#3099,1000.);
#1473=VECTOR('',#3104,1000.);
#1474=VECTOR('',#3107,1000.);
#1475=VECTOR('',#3112,1000.);
#1476=VECTOR('',#3117,1000.);
#1477=VECTOR('',#3118,1000.);
#1478=VECTOR('',#3123,1000.);
#1479=VECTOR('',#3126,1000.);
#1480=VECTOR('',#3129,1000.);
#1481=VECTOR('',#3134,1000.);
#1482=VECTOR('',#3135,1000.);
#1483=VECTOR('',#3138,1000.);
#1484=VECTOR('',#3141,1000.);
#1485=VECTOR('',#3142,1000.);
#1486=VECTOR('',#3145,1000.);
#1487=VECTOR('',#3146,1000.);
#1488=VECTOR('',#3155,1000.);
#1489=VECTOR('',#3160,1000.);
#1490=VECTOR('',#3165,1000.);
#1491=VECTOR('',#3170,1000.);
#1492=VECTOR('',#3175,1000.);
#1493=VECTOR('',#3176,1000.);
#1494=VECTOR('',#3177,1000.);
#1495=VECTOR('',#3180,1000.);
#1496=VECTOR('',#3181,1000.);
#1497=VECTOR('',#3182,1000.);
#1498=VECTOR('',#3185,1000.);
#1499=VECTOR('',#3188,1000.);
#1500=VECTOR('',#3193,1000.);
#1501=VECTOR('',#3194,1000.);
#1502=VECTOR('',#3195,1000.);
#1503=VECTOR('',#3198,1000.);
#1504=VECTOR('',#3199,1000.);
#1505=VECTOR('',#3200,1000.);
#1506=VECTOR('',#3203,1000.);
#1507=VECTOR('',#3206,1000.);
#1508=VECTOR('',#3211,1000.);
#1509=VECTOR('',#3212,1000.);
#1510=VECTOR('',#3213,1000.);
#1511=VECTOR('',#3216,1000.);
#1512=VECTOR('',#3217,1000.);
#1513=VECTOR('',#3218,1000.);
#1514=VECTOR('',#3219,1000.);
#1515=VECTOR('',#3220,1000.);
#1516=VECTOR('',#3223,1000.);
#1517=VECTOR('',#3224,1000.);
#1518=VECTOR('',#3227,1000.);
#1519=VECTOR('',#3230,1000.);
#1520=VECTOR('',#3233,1000.);
#1521=VECTOR('',#3234,1000.);
#1522=VECTOR('',#3235,1000.);
#1523=VECTOR('',#3236,1000.);
#1524=VECTOR('',#3237,1000.);
#1525=VECTOR('',#3240,1000.);
#1526=VECTOR('',#3243,1000.);
#1527=VECTOR('',#3244,1000.);
#1528=VECTOR('',#3245,1000.);
#1529=VECTOR('',#3248,1000.);
#1530=VECTOR('',#3249,1000.);
#1531=VECTOR('',#3252,1000.);
#1532=VECTOR('',#3261,1000.);
#1533=VECTOR('',#3264,1000.);
#1534=VECTOR('',#3265,1000.);
#1535=VECTOR('',#3266,1000.);
#1536=VECTOR('',#3269,1000.);
#1537=VECTOR('',#3270,1000.);
#1538=VECTOR('',#3271,1000.);
#1539=VECTOR('',#3272,1000.);
#1540=VECTOR('',#3273,1000.);
#1541=VECTOR('',#3276,1000.);
#1542=VECTOR('',#3277,1000.);
#1543=VECTOR('',#3280,1000.);
#1544=VECTOR('',#3283,1000.);
#1545=VECTOR('',#3286,1000.);
#1546=VECTOR('',#3287,1000.);
#1547=VECTOR('',#3288,1000.);
#1548=VECTOR('',#3289,1000.);
#1549=VECTOR('',#3290,1000.);
#1550=VECTOR('',#3293,1000.);
#1551=VECTOR('',#3296,1000.);
#1552=VECTOR('',#3297,1000.);
#1553=VECTOR('',#3298,1000.);
#1554=VECTOR('',#3301,1000.);
#1555=VECTOR('',#3302,1000.);
#1556=VECTOR('',#3305,1000.);
#1557=VECTOR('',#3314,1000.);
#1558=VECTOR('',#3317,1000.);
#1559=VECTOR('',#3318,1000.);
#1560=VECTOR('',#3325,1000.);
#1561=VECTOR('',#3326,1000.);
#1562=EDGE_LOOP('',(#91,#92,#93));
#1563=EDGE_LOOP('',(#94,#95,#96));
#1564=EDGE_LOOP('',(#97,#98,#99,#100));
#1565=EDGE_LOOP('',(#101,#102,#103,#104,#105,#106,#107,#108,#109,#110,#111,
#112));
#1566=EDGE_LOOP('',(#113,#114,#115,#116));
#1567=EDGE_LOOP('',(#117,#118,#119,#120));
#1568=EDGE_LOOP('',(#121,#122,#123,#124,#125,#126,#127,#128,#129,#130,#131,
#132));
#1569=EDGE_LOOP('',(#133,#134,#135,#136));
#1570=EDGE_LOOP('',(#137,#138,#139,#140));
#1571=EDGE_LOOP('',(#141,#142,#143,#144));
#1572=EDGE_LOOP('',(#145,#146,#147,#148,#149,#150));
#1573=EDGE_LOOP('',(#151,#152,#153,#154));
#1574=EDGE_LOOP('',(#155,#156,#157,#158));
#1575=EDGE_LOOP('',(#159,#160,#161,#162));
#1576=EDGE_LOOP('',(#163,#164,#165,#166));
#1577=EDGE_LOOP('',(#167,#168,#169,#170));
#1578=EDGE_LOOP('',(#171,#172,#173,#174,#175,#176));
#1579=EDGE_LOOP('',(#177,#178,#179,#180));
#1580=EDGE_LOOP('',(#181,#182,#183,#184));
#1581=EDGE_LOOP('',(#185,#186,#187,#188));
#1582=EDGE_LOOP('',(#189,#190,#191,#192));
#1583=EDGE_LOOP('',(#193,#194,#195,#196));
#1584=EDGE_LOOP('',(#197,#198,#199,#200));
#1585=EDGE_LOOP('',(#201,#202,#203,#204,#205,#206,#207,#208,#209,#210,#211,
#212,#213,#214,#215,#216,#217,#218,#219,#220));
#1586=EDGE_LOOP('',(#221,#222,#223,#224));
#1587=EDGE_LOOP('',(#225,#226,#227,#228));
#1588=EDGE_LOOP('',(#229,#230,#231,#232));
#1589=EDGE_LOOP('',(#233,#234,#235,#236));
#1590=EDGE_LOOP('',(#237,#238,#239,#240,#241,#242,#243,#244,#245,#246,#247,
#248));
#1591=EDGE_LOOP('',(#249,#250,#251,#252,#253,#254,#255,#256,#257,#258,#259,
#260));
#1592=EDGE_LOOP('',(#261,#262,#263,#264));
#1593=EDGE_LOOP('',(#265,#266,#267,#268));
#1594=EDGE_LOOP('',(#269,#270,#271,#272));
#1595=EDGE_LOOP('',(#273,#274,#275,#276,#277,#278,#279,#280,#281,#282,#283,
#284,#285,#286,#287,#288,#289,#290,#291));
#1596=EDGE_LOOP('',(#292,#293,#294,#295));
#1597=EDGE_LOOP('',(#296,#297,#298,#299));
#1598=EDGE_LOOP('',(#300,#301,#302,#303,#304));
#1599=EDGE_LOOP('',(#305,#306,#307,#308));
#1600=EDGE_LOOP('',(#309,#310,#311,#312,#313));
#1601=EDGE_LOOP('',(#314,#315,#316,#317));
#1602=EDGE_LOOP('',(#318,#319,#320,#321));
#1603=EDGE_LOOP('',(#322,#323,#324,#325));
#1604=EDGE_LOOP('',(#326,#327,#328,#329));
#1605=EDGE_LOOP('',(#330,#331,#332,#333));
#1606=EDGE_LOOP('',(#334,#335,#336,#337,#338));
#1607=EDGE_LOOP('',(#339,#340,#341,#342,#343));
#1608=EDGE_LOOP('',(#344,#345,#346,#347));
#1609=EDGE_LOOP('',(#348,#349,#350,#351));
#1610=EDGE_LOOP('',(#352,#353,#354,#355,#356));
#1611=EDGE_LOOP('',(#357,#358,#359,#360,#361));
#1612=EDGE_LOOP('',(#362,#363,#364,#365));
#1613=EDGE_LOOP('',(#366,#367,#368,#369));
#1614=EDGE_LOOP('',(#370,#371,#372,#373,#374));
#1615=EDGE_LOOP('',(#375,#376,#377,#378,#379));
#1616=EDGE_LOOP('',(#380,#381,#382,#383));
#1617=EDGE_LOOP('',(#384,#385,#386,#387));
#1618=EDGE_LOOP('',(#388,#389,#390,#391));
#1619=EDGE_LOOP('',(#392,#393,#394,#395));
#1620=EDGE_LOOP('',(#396,#397,#398,#399));
#1621=EDGE_LOOP('',(#400,#401,#402,#403));
#1622=EDGE_LOOP('',(#404,#405,#406,#407,#408,#409,#410,#411,#412,#413,#414,
#415,#416,#417,#418,#419,#420,#421,#422));
#1623=EDGE_LOOP('',(#423,#424,#425,#426,#427,#428));
#1624=EDGE_LOOP('',(#429,#430,#431,#432,#433,#434));
#1625=EDGE_LOOP('',(#435,#436,#437,#438,#439,#440));
#1626=EDGE_LOOP('',(#441,#442,#443,#444,#445,#446));
#1627=EDGE_LOOP('',(#447,#448,#449,#450,#451,#452));
#1628=EDGE_LOOP('',(#453,#454,#455,#456,#457,#458));
#1629=EDGE_LOOP('',(#459,#460,#461,#462,#463,#464));
#1630=EDGE_LOOP('',(#465,#466,#467,#468,#469,#470));
#1631=EDGE_LOOP('',(#471,#472,#473,#474));
#1632=EDGE_LOOP('',(#475,#476,#477,#478));
#1633=EDGE_LOOP('',(#479,#480,#481,#482));
#1634=EDGE_LOOP('',(#483,#484,#485,#486));
#1635=EDGE_LOOP('',(#487,#488,#489,#490));
#1636=EDGE_LOOP('',(#491,#492,#493,#494));
#1637=EDGE_LOOP('',(#495,#496,#497,#498));
#1638=EDGE_LOOP('',(#499,#500,#501,#502));
#1639=EDGE_LOOP('',(#503,#504,#505,#506));
#1640=EDGE_LOOP('',(#507,#508,#509,#510));
#1641=EDGE_LOOP('',(#511,#512,#513,#514));
#1642=EDGE_LOOP('',(#515,#516,#517,#518,#519,#520));
#1643=EDGE_LOOP('',(#521,#522,#523,#524,#525,#526,#527,#528,#529,#530));
#1644=EDGE_LOOP('',(#531,#532,#533,#534,#535,#536,#537,#538,#539,#540));
#1645=EDGE_LOOP('',(#541,#542,#543,#544));
#1646=EDGE_LOOP('',(#545,#546,#547,#548,#549));
#1647=EDGE_LOOP('',(#550,#551,#552,#553));
#1648=EDGE_LOOP('',(#554,#555,#556,#557));
#1649=EDGE_LOOP('',(#558,#559,#560,#561));
#1650=EDGE_LOOP('',(#562,#563,#564));
#1651=EDGE_LOOP('',(#565,#566,#567,#568));
#1652=EDGE_LOOP('',(#569,#570,#571,#572,#573,#574));
#1653=EDGE_LOOP('',(#575,#576,#577,#578,#579,#580,#581,#582,#583,#584));
#1654=EDGE_LOOP('',(#585,#586,#587,#588,#589,#590,#591,#592,#593,#594));
#1655=EDGE_LOOP('',(#595,#596,#597,#598));
#1656=EDGE_LOOP('',(#599,#600,#601,#602,#603));
#1657=EDGE_LOOP('',(#604,#605,#606,#607));
#1658=EDGE_LOOP('',(#608,#609,#610,#611));
#1659=EDGE_LOOP('',(#612,#613,#614,#615));
#1660=EDGE_LOOP('',(#616,#617,#618));
#1661=EDGE_LOOP('',(#619,#620,#621,#622,#623,#624));
#1662=EDGE_LOOP('',(#625,#626,#627,#628,#629));
#1663=EDGE_LOOP('',(#630,#631,#632,#633));
#1664=EDGE_LOOP('',(#634,#635,#636,#637,#638,#639));
#1665=EDGE_LOOP('',(#640,#641,#642,#643,#644));
#1666=EDGE_LOOP('',(#645,#646,#647,#648));
#1667=FACE_BOUND('',#1562,.T.);
#1668=FACE_BOUND('',#1563,.T.);
#1669=FACE_BOUND('',#1564,.T.);
#1670=FACE_BOUND('',#1565,.T.);
#1671=FACE_BOUND('',#1566,.T.);
#1672=FACE_BOUND('',#1567,.T.);
#1673=FACE_BOUND('',#1568,.T.);
#1674=FACE_BOUND('',#1569,.T.);
#1675=FACE_BOUND('',#1570,.T.);
#1676=FACE_BOUND('',#1571,.T.);
#1677=FACE_BOUND('',#1572,.T.);
#1678=FACE_BOUND('',#1573,.T.);
#1679=FACE_BOUND('',#1574,.T.);
#1680=FACE_BOUND('',#1575,.T.);
#1681=FACE_BOUND('',#1576,.T.);
#1682=FACE_BOUND('',#1577,.T.);
#1683=FACE_BOUND('',#1578,.T.);
#1684=FACE_BOUND('',#1579,.T.);
#1685=FACE_BOUND('',#1580,.T.);
#1686=FACE_BOUND('',#1581,.T.);
#1687=FACE_BOUND('',#1582,.T.);
#1688=FACE_BOUND('',#1583,.T.);
#1689=FACE_BOUND('',#1584,.T.);
#1690=FACE_BOUND('',#1585,.T.);
#1691=FACE_BOUND('',#1586,.T.);
#1692=FACE_BOUND('',#1587,.T.);
#1693=FACE_BOUND('',#1588,.T.);
#1694=FACE_BOUND('',#1589,.T.);
#1695=FACE_BOUND('',#1590,.T.);
#1696=FACE_BOUND('',#1591,.T.);
#1697=FACE_BOUND('',#1592,.T.);
#1698=FACE_BOUND('',#1593,.T.);
#1699=FACE_BOUND('',#1594,.T.);
#1700=FACE_BOUND('',#1595,.T.);
#1701=FACE_BOUND('',#1596,.T.);
#1702=FACE_BOUND('',#1597,.T.);
#1703=FACE_BOUND('',#1598,.T.);
#1704=FACE_BOUND('',#1599,.T.);
#1705=FACE_BOUND('',#1600,.T.);
#1706=FACE_BOUND('',#1601,.T.);
#1707=FACE_BOUND('',#1602,.T.);
#1708=FACE_BOUND('',#1603,.T.);
#1709=FACE_BOUND('',#1604,.T.);
#1710=FACE_BOUND('',#1605,.T.);
#1711=FACE_BOUND('',#1606,.T.);
#1712=FACE_BOUND('',#1607,.T.);
#1713=FACE_BOUND('',#1608,.T.);
#1714=FACE_BOUND('',#1609,.T.);
#1715=FACE_BOUND('',#1610,.T.);
#1716=FACE_BOUND('',#1611,.T.);
#1717=FACE_BOUND('',#1612,.T.);
#1718=FACE_BOUND('',#1613,.T.);
#1719=FACE_BOUND('',#1614,.T.);
#1720=FACE_BOUND('',#1615,.T.);
#1721=FACE_BOUND('',#1616,.T.);
#1722=FACE_BOUND('',#1617,.T.);
#1723=FACE_BOUND('',#1618,.T.);
#1724=FACE_BOUND('',#1619,.T.);
#1725=FACE_BOUND('',#1620,.T.);
#1726=FACE_BOUND('',#1621,.T.);
#1727=FACE_BOUND('',#1622,.T.);
#1728=FACE_BOUND('',#1623,.T.);
#1729=FACE_BOUND('',#1624,.T.);
#1730=FACE_BOUND('',#1625,.T.);
#1731=FACE_BOUND('',#1626,.T.);
#1732=FACE_BOUND('',#1627,.T.);
#1733=FACE_BOUND('',#1628,.T.);
#1734=FACE_BOUND('',#1629,.T.);
#1735=FACE_BOUND('',#1630,.T.);
#1736=FACE_BOUND('',#1631,.T.);
#1737=FACE_BOUND('',#1632,.T.);
#1738=FACE_BOUND('',#1633,.T.);
#1739=FACE_BOUND('',#1634,.T.);
#1740=FACE_BOUND('',#1635,.T.);
#1741=FACE_BOUND('',#1636,.T.);
#1742=FACE_BOUND('',#1637,.T.);
#1743=FACE_BOUND('',#1638,.T.);
#1744=FACE_BOUND('',#1639,.T.);
#1745=FACE_BOUND('',#1640,.T.);
#1746=FACE_BOUND('',#1641,.T.);
#1747=FACE_BOUND('',#1642,.T.);
#1748=FACE_BOUND('',#1643,.T.);
#1749=FACE_BOUND('',#1644,.T.);
#1750=FACE_BOUND('',#1645,.T.);
#1751=FACE_BOUND('',#1646,.T.);
#1752=FACE_BOUND('',#1647,.T.);
#1753=FACE_BOUND('',#1648,.T.);
#1754=FACE_BOUND('',#1649,.T.);
#1755=FACE_BOUND('',#1650,.T.);
#1756=FACE_BOUND('',#1651,.T.);
#1757=FACE_BOUND('',#1652,.T.);
#1758=FACE_BOUND('',#1653,.T.);
#1759=FACE_BOUND('',#1654,.T.);
#1760=FACE_BOUND('',#1655,.T.);
#1761=FACE_BOUND('',#1656,.T.);
#1762=FACE_BOUND('',#1657,.T.);
#1763=FACE_BOUND('',#1658,.T.);
#1764=FACE_BOUND('',#1659,.T.);
#1765=FACE_BOUND('',#1660,.T.);
#1766=FACE_BOUND('',#1661,.T.);
#1767=FACE_BOUND('',#1662,.T.);
#1768=FACE_BOUND('',#1663,.T.);
#1769=FACE_BOUND('',#1664,.T.);
#1770=FACE_BOUND('',#1665,.T.);
#1771=FACE_BOUND('',#1666,.T.);
#1772=PLANE('',#2663);
#1773=PLANE('',#2664);
#1774=PLANE('',#2665);
#1775=PLANE('',#2671);
#1776=PLANE('',#2685);
#1777=PLANE('',#2697);
#1778=PLANE('',#2698);
#1779=PLANE('',#2699);
#1780=PLANE('',#2700);
#1781=PLANE('',#2701);
#1782=PLANE('',#2705);
#1783=PLANE('',#2709);
#1784=PLANE('',#2710);
#1785=PLANE('',#2717);
#1786=PLANE('',#2718);
#1787=PLANE('',#2721);
#1788=PLANE('',#2724);
#1789=PLANE('',#2725);
#1790=PLANE('',#2726);
#1791=PLANE('',#2728);
#1792=PLANE('',#2730);
#1793=PLANE('',#2731);
#1794=PLANE('',#2735);
#1795=PLANE('',#2736);
#1796=PLANE('',#2737);
#1797=PLANE('',#2738);
#1798=PLANE('',#2739);
#1799=PLANE('',#2741);
#1800=PLANE('',#2744);
#1801=PLANE('',#2745);
#1802=PLANE('',#2747);
#1803=PLANE('',#2751);
#1804=PLANE('',#2752);
#1805=PLANE('',#2753);
#1806=PLANE('',#2754);
#1807=PLANE('',#2757);
#1808=PLANE('',#2758);
#1809=PLANE('',#2759);
#1810=PLANE('',#2760);
#1811=PLANE('',#2761);
#1812=PLANE('',#2762);
#1813=PLANE('',#2763);
#1814=PLANE('',#2764);
#1815=PLANE('',#2765);
#1816=PLANE('',#2766);
#1817=PLANE('',#2767);
#1818=PLANE('',#2768);
#1819=PLANE('',#2769);
#1820=PLANE('',#2770);
#1821=PLANE('',#2771);
#1822=PLANE('',#2772);
#1823=PLANE('',#2773);
#1824=PLANE('',#2774);
#1825=PLANE('',#2775);
#1826=PLANE('',#2776);
#1827=PLANE('',#2777);
#1828=PLANE('',#2778);
#1829=PLANE('',#2781);
#1830=PLANE('',#2783);
#1831=PLANE('',#2784);
#1832=PLANE('',#2786);
#1833=PLANE('',#2789);
#1834=PLANE('',#2790);
#1835=PLANE('',#2791);
#1836=PLANE('',#2792);
#1837=PLANE('',#2795);
#1838=PLANE('',#2797);
#1839=PLANE('',#2798);
#1840=PLANE('',#2800);
#1841=PLANE('',#2803);
#1842=PLANE('',#2804);
#1843=PLANE('',#2805);
#1844=PLANE('',#2806);
#1845=PLANE('',#2807);
#1846=PLANE('',#2808);
#1847=PLANE('',#2809);
#1848=STYLED_ITEM('',(#1949),#2557);
#1849=STYLED_ITEM('',(#1950),#2558);
#1850=STYLED_ITEM('',(#1951),#2559);
#1851=STYLED_ITEM('',(#1952),#2560);
#1852=STYLED_ITEM('',(#1953),#2561);
#1853=STYLED_ITEM('',(#1954),#2562);
#1854=STYLED_ITEM('',(#1955),#2563);
#1855=STYLED_ITEM('',(#1956),#2564);
#1856=STYLED_ITEM('',(#1957),#2565);
#1857=STYLED_ITEM('',(#1958),#2566);
#1858=STYLED_ITEM('',(#1959),#2567);
#1859=STYLED_ITEM('',(#1960),#2568);
#1860=STYLED_ITEM('',(#1961),#2569);
#1861=STYLED_ITEM('',(#1962),#2570);
#1862=STYLED_ITEM('',(#1963),#2571);
#1863=STYLED_ITEM('',(#1964),#2572);
#1864=STYLED_ITEM('',(#1965),#2573);
#1865=STYLED_ITEM('',(#1966),#2574);
#1866=STYLED_ITEM('',(#1967),#2575);
#1867=STYLED_ITEM('',(#1968),#2576);
#1868=STYLED_ITEM('',(#1969),#2577);
#1869=STYLED_ITEM('',(#1970),#2578);
#1870=STYLED_ITEM('',(#1971),#2579);
#1871=STYLED_ITEM('',(#1972),#2580);
#1872=STYLED_ITEM('',(#1973),#2581);
#1873=STYLED_ITEM('',(#1974),#2582);
#1874=STYLED_ITEM('',(#1975),#2583);
#1875=STYLED_ITEM('',(#1976),#2584);
#1876=STYLED_ITEM('',(#1977),#2585);
#1877=STYLED_ITEM('',(#1978),#2586);
#1878=STYLED_ITEM('',(#1979),#2587);
#1879=STYLED_ITEM('',(#1980),#2588);
#1880=STYLED_ITEM('',(#1981),#2589);
#1881=STYLED_ITEM('',(#1982),#2590);
#1882=STYLED_ITEM('',(#1983),#2591);
#1883=STYLED_ITEM('',(#1984),#2592);
#1884=STYLED_ITEM('',(#1985),#2593);
#1885=STYLED_ITEM('',(#1986),#2594);
#1886=STYLED_ITEM('',(#1987),#2595);
#1887=STYLED_ITEM('',(#1988),#2596);
#1888=STYLED_ITEM('',(#1989),#2597);
#1889=STYLED_ITEM('',(#1990),#2598);
#1890=STYLED_ITEM('',(#1991),#2599);
#1891=STYLED_ITEM('',(#1992),#2600);
#1892=STYLED_ITEM('',(#1993),#2601);
#1893=STYLED_ITEM('',(#1994),#2602);
#1894=STYLED_ITEM('',(#1995),#2603);
#1895=STYLED_ITEM('',(#1996),#2604);
#1896=STYLED_ITEM('',(#1997),#2605);
#1897=STYLED_ITEM('',(#1998),#2606);
#1898=STYLED_ITEM('',(#1999),#2607);
#1899=STYLED_ITEM('',(#2000),#2608);
#1900=STYLED_ITEM('',(#2001),#2609);
#1901=STYLED_ITEM('',(#2002),#2610);
#1902=STYLED_ITEM('',(#2003),#2611);
#1903=STYLED_ITEM('',(#2004),#2612);
#1904=STYLED_ITEM('',(#2005),#2613);
#1905=STYLED_ITEM('',(#2006),#2614);
#1906=STYLED_ITEM('',(#2007),#2615);
#1907=STYLED_ITEM('',(#2008),#2616);
#1908=STYLED_ITEM('',(#2009),#2617);
#1909=STYLED_ITEM('',(#2010),#2618);
#1910=STYLED_ITEM('',(#2011),#2619);
#1911=STYLED_ITEM('',(#2012),#2620);
#1912=STYLED_ITEM('',(#2013),#2621);
#1913=STYLED_ITEM('',(#2014),#2622);
#1914=STYLED_ITEM('',(#2015),#2623);
#1915=STYLED_ITEM('',(#2016),#2624);
#1916=STYLED_ITEM('',(#2017),#2625);
#1917=STYLED_ITEM('',(#2018),#2626);
#1918=STYLED_ITEM('',(#2019),#2627);
#1919=STYLED_ITEM('',(#2020),#2628);
#1920=STYLED_ITEM('',(#2021),#2629);
#1921=STYLED_ITEM('',(#2022),#2630);
#1922=STYLED_ITEM('',(#2023),#2631);
#1923=STYLED_ITEM('',(#2024),#2632);
#1924=STYLED_ITEM('',(#2025),#2633);
#1925=STYLED_ITEM('',(#2026),#2634);
#1926=STYLED_ITEM('',(#2027),#2635);
#1927=STYLED_ITEM('',(#2028),#2636);
#1928=STYLED_ITEM('',(#2029),#2637);
#1929=STYLED_ITEM('',(#2030),#2638);
#1930=STYLED_ITEM('',(#2031),#2639);
#1931=STYLED_ITEM('',(#2032),#2640);
#1932=STYLED_ITEM('',(#2033),#2641);
#1933=STYLED_ITEM('',(#2034),#2642);
#1934=STYLED_ITEM('',(#2035),#2643);
#1935=STYLED_ITEM('',(#2036),#2644);
#1936=STYLED_ITEM('',(#2037),#2645);
#1937=STYLED_ITEM('',(#2038),#2646);
#1938=STYLED_ITEM('',(#2039),#2647);
#1939=STYLED_ITEM('',(#2040),#2648);
#1940=STYLED_ITEM('',(#2041),#2649);
#1941=STYLED_ITEM('',(#2042),#2650);
#1942=STYLED_ITEM('',(#2043),#2651);
#1943=STYLED_ITEM('',(#2044),#2652);
#1944=STYLED_ITEM('',(#2045),#2653);
#1945=STYLED_ITEM('',(#2046),#2654);
#1946=STYLED_ITEM('',(#2047),#2655);
#1947=STYLED_ITEM('',(#2048),#2656);
#1948=STYLED_ITEM('',(#2049),#2657);
#1949=PRESENTATION_STYLE_ASSIGNMENT((#2050));
#1950=PRESENTATION_STYLE_ASSIGNMENT((#2051));
#1951=PRESENTATION_STYLE_ASSIGNMENT((#2052));
#1952=PRESENTATION_STYLE_ASSIGNMENT((#2053));
#1953=PRESENTATION_STYLE_ASSIGNMENT((#2054));
#1954=PRESENTATION_STYLE_ASSIGNMENT((#2055));
#1955=PRESENTATION_STYLE_ASSIGNMENT((#2056));
#1956=PRESENTATION_STYLE_ASSIGNMENT((#2057));
#1957=PRESENTATION_STYLE_ASSIGNMENT((#2058));
#1958=PRESENTATION_STYLE_ASSIGNMENT((#2059));
#1959=PRESENTATION_STYLE_ASSIGNMENT((#2060));
#1960=PRESENTATION_STYLE_ASSIGNMENT((#2061));
#1961=PRESENTATION_STYLE_ASSIGNMENT((#2062));
#1962=PRESENTATION_STYLE_ASSIGNMENT((#2063));
#1963=PRESENTATION_STYLE_ASSIGNMENT((#2064));
#1964=PRESENTATION_STYLE_ASSIGNMENT((#2065));
#1965=PRESENTATION_STYLE_ASSIGNMENT((#2066));
#1966=PRESENTATION_STYLE_ASSIGNMENT((#2067));
#1967=PRESENTATION_STYLE_ASSIGNMENT((#2068));
#1968=PRESENTATION_STYLE_ASSIGNMENT((#2069));
#1969=PRESENTATION_STYLE_ASSIGNMENT((#2070));
#1970=PRESENTATION_STYLE_ASSIGNMENT((#2071));
#1971=PRESENTATION_STYLE_ASSIGNMENT((#2072));
#1972=PRESENTATION_STYLE_ASSIGNMENT((#2073));
#1973=PRESENTATION_STYLE_ASSIGNMENT((#2074));
#1974=PRESENTATION_STYLE_ASSIGNMENT((#2075));
#1975=PRESENTATION_STYLE_ASSIGNMENT((#2076));
#1976=PRESENTATION_STYLE_ASSIGNMENT((#2077));
#1977=PRESENTATION_STYLE_ASSIGNMENT((#2078));
#1978=PRESENTATION_STYLE_ASSIGNMENT((#2079));
#1979=PRESENTATION_STYLE_ASSIGNMENT((#2080));
#1980=PRESENTATION_STYLE_ASSIGNMENT((#2081));
#1981=PRESENTATION_STYLE_ASSIGNMENT((#2082));
#1982=PRESENTATION_STYLE_ASSIGNMENT((#2083));
#1983=PRESENTATION_STYLE_ASSIGNMENT((#2084));
#1984=PRESENTATION_STYLE_ASSIGNMENT((#2085));
#1985=PRESENTATION_STYLE_ASSIGNMENT((#2086));
#1986=PRESENTATION_STYLE_ASSIGNMENT((#2087));
#1987=PRESENTATION_STYLE_ASSIGNMENT((#2088));
#1988=PRESENTATION_STYLE_ASSIGNMENT((#2089));
#1989=PRESENTATION_STYLE_ASSIGNMENT((#2090));
#1990=PRESENTATION_STYLE_ASSIGNMENT((#2091));
#1991=PRESENTATION_STYLE_ASSIGNMENT((#2092));
#1992=PRESENTATION_STYLE_ASSIGNMENT((#2093));
#1993=PRESENTATION_STYLE_ASSIGNMENT((#2094));
#1994=PRESENTATION_STYLE_ASSIGNMENT((#2095));
#1995=PRESENTATION_STYLE_ASSIGNMENT((#2096));
#1996=PRESENTATION_STYLE_ASSIGNMENT((#2097));
#1997=PRESENTATION_STYLE_ASSIGNMENT((#2098));
#1998=PRESENTATION_STYLE_ASSIGNMENT((#2099));
#1999=PRESENTATION_STYLE_ASSIGNMENT((#2100));
#2000=PRESENTATION_STYLE_ASSIGNMENT((#2101));
#2001=PRESENTATION_STYLE_ASSIGNMENT((#2102));
#2002=PRESENTATION_STYLE_ASSIGNMENT((#2103));
#2003=PRESENTATION_STYLE_ASSIGNMENT((#2104));
#2004=PRESENTATION_STYLE_ASSIGNMENT((#2105));
#2005=PRESENTATION_STYLE_ASSIGNMENT((#2106));
#2006=PRESENTATION_STYLE_ASSIGNMENT((#2107));
#2007=PRESENTATION_STYLE_ASSIGNMENT((#2108));
#2008=PRESENTATION_STYLE_ASSIGNMENT((#2109));
#2009=PRESENTATION_STYLE_ASSIGNMENT((#2110));
#2010=PRESENTATION_STYLE_ASSIGNMENT((#2111));
#2011=PRESENTATION_STYLE_ASSIGNMENT((#2112));
#2012=PRESENTATION_STYLE_ASSIGNMENT((#2113));
#2013=PRESENTATION_STYLE_ASSIGNMENT((#2114));
#2014=PRESENTATION_STYLE_ASSIGNMENT((#2115));
#2015=PRESENTATION_STYLE_ASSIGNMENT((#2116));
#2016=PRESENTATION_STYLE_ASSIGNMENT((#2117));
#2017=PRESENTATION_STYLE_ASSIGNMENT((#2118));
#2018=PRESENTATION_STYLE_ASSIGNMENT((#2119));
#2019=PRESENTATION_STYLE_ASSIGNMENT((#2120));
#2020=PRESENTATION_STYLE_ASSIGNMENT((#2121));
#2021=PRESENTATION_STYLE_ASSIGNMENT((#2122));
#2022=PRESENTATION_STYLE_ASSIGNMENT((#2123));
#2023=PRESENTATION_STYLE_ASSIGNMENT((#2124));
#2024=PRESENTATION_STYLE_ASSIGNMENT((#2125));
#2025=PRESENTATION_STYLE_ASSIGNMENT((#2126));
#2026=PRESENTATION_STYLE_ASSIGNMENT((#2127));
#2027=PRESENTATION_STYLE_ASSIGNMENT((#2128));
#2028=PRESENTATION_STYLE_ASSIGNMENT((#2129));
#2029=PRESENTATION_STYLE_ASSIGNMENT((#2130));
#2030=PRESENTATION_STYLE_ASSIGNMENT((#2131));
#2031=PRESENTATION_STYLE_ASSIGNMENT((#2132));
#2032=PRESENTATION_STYLE_ASSIGNMENT((#2133));
#2033=PRESENTATION_STYLE_ASSIGNMENT((#2134));
#2034=PRESENTATION_STYLE_ASSIGNMENT((#2135));
#2035=PRESENTATION_STYLE_ASSIGNMENT((#2136));
#2036=PRESENTATION_STYLE_ASSIGNMENT((#2137));
#2037=PRESENTATION_STYLE_ASSIGNMENT((#2138));
#2038=PRESENTATION_STYLE_ASSIGNMENT((#2139));
#2039=PRESENTATION_STYLE_ASSIGNMENT((#2140));
#2040=PRESENTATION_STYLE_ASSIGNMENT((#2141));
#2041=PRESENTATION_STYLE_ASSIGNMENT((#2142));
#2042=PRESENTATION_STYLE_ASSIGNMENT((#2143));
#2043=PRESENTATION_STYLE_ASSIGNMENT((#2144));
#2044=PRESENTATION_STYLE_ASSIGNMENT((#2145));
#2045=PRESENTATION_STYLE_ASSIGNMENT((#2146));
#2046=PRESENTATION_STYLE_ASSIGNMENT((#2147));
#2047=PRESENTATION_STYLE_ASSIGNMENT((#2148));
#2048=PRESENTATION_STYLE_ASSIGNMENT((#2149));
#2049=PRESENTATION_STYLE_ASSIGNMENT((#2150));
#2050=SURFACE_STYLE_USAGE(.BOTH.,#2151);
#2051=SURFACE_STYLE_USAGE(.BOTH.,#2152);
#2052=SURFACE_STYLE_USAGE(.BOTH.,#2153);
#2053=SURFACE_STYLE_USAGE(.BOTH.,#2154);
#2054=SURFACE_STYLE_USAGE(.BOTH.,#2155);
#2055=SURFACE_STYLE_USAGE(.BOTH.,#2156);
#2056=SURFACE_STYLE_USAGE(.BOTH.,#2157);
#2057=SURFACE_STYLE_USAGE(.BOTH.,#2158);
#2058=SURFACE_STYLE_USAGE(.BOTH.,#2159);
#2059=SURFACE_STYLE_USAGE(.BOTH.,#2160);
#2060=SURFACE_STYLE_USAGE(.BOTH.,#2161);
#2061=SURFACE_STYLE_USAGE(.BOTH.,#2162);
#2062=SURFACE_STYLE_USAGE(.BOTH.,#2163);
#2063=SURFACE_STYLE_USAGE(.BOTH.,#2164);
#2064=SURFACE_STYLE_USAGE(.BOTH.,#2165);
#2065=SURFACE_STYLE_USAGE(.BOTH.,#2166);
#2066=SURFACE_STYLE_USAGE(.BOTH.,#2167);
#2067=SURFACE_STYLE_USAGE(.BOTH.,#2168);
#2068=SURFACE_STYLE_USAGE(.BOTH.,#2169);
#2069=SURFACE_STYLE_USAGE(.BOTH.,#2170);
#2070=SURFACE_STYLE_USAGE(.BOTH.,#2171);
#2071=SURFACE_STYLE_USAGE(.BOTH.,#2172);
#2072=SURFACE_STYLE_USAGE(.BOTH.,#2173);
#2073=SURFACE_STYLE_USAGE(.BOTH.,#2174);
#2074=SURFACE_STYLE_USAGE(.BOTH.,#2175);
#2075=SURFACE_STYLE_USAGE(.BOTH.,#2176);
#2076=SURFACE_STYLE_USAGE(.BOTH.,#2177);
#2077=SURFACE_STYLE_USAGE(.BOTH.,#2178);
#2078=SURFACE_STYLE_USAGE(.BOTH.,#2179);
#2079=SURFACE_STYLE_USAGE(.BOTH.,#2180);
#2080=SURFACE_STYLE_USAGE(.BOTH.,#2181);
#2081=SURFACE_STYLE_USAGE(.BOTH.,#2182);
#2082=SURFACE_STYLE_USAGE(.BOTH.,#2183);
#2083=SURFACE_STYLE_USAGE(.BOTH.,#2184);
#2084=SURFACE_STYLE_USAGE(.BOTH.,#2185);
#2085=SURFACE_STYLE_USAGE(.BOTH.,#2186);
#2086=SURFACE_STYLE_USAGE(.BOTH.,#2187);
#2087=SURFACE_STYLE_USAGE(.BOTH.,#2188);
#2088=SURFACE_STYLE_USAGE(.BOTH.,#2189);
#2089=SURFACE_STYLE_USAGE(.BOTH.,#2190);
#2090=SURFACE_STYLE_USAGE(.BOTH.,#2191);
#2091=SURFACE_STYLE_USAGE(.BOTH.,#2192);
#2092=SURFACE_STYLE_USAGE(.BOTH.,#2193);
#2093=SURFACE_STYLE_USAGE(.BOTH.,#2194);
#2094=SURFACE_STYLE_USAGE(.BOTH.,#2195);
#2095=SURFACE_STYLE_USAGE(.BOTH.,#2196);
#2096=SURFACE_STYLE_USAGE(.BOTH.,#2197);
#2097=SURFACE_STYLE_USAGE(.BOTH.,#2198);
#2098=SURFACE_STYLE_USAGE(.BOTH.,#2199);
#2099=SURFACE_STYLE_USAGE(.BOTH.,#2200);
#2100=SURFACE_STYLE_USAGE(.BOTH.,#2201);
#2101=SURFACE_STYLE_USAGE(.BOTH.,#2202);
#2102=SURFACE_STYLE_USAGE(.BOTH.,#2203);
#2103=SURFACE_STYLE_USAGE(.BOTH.,#2204);
#2104=SURFACE_STYLE_USAGE(.BOTH.,#2205);
#2105=SURFACE_STYLE_USAGE(.BOTH.,#2206);
#2106=SURFACE_STYLE_USAGE(.BOTH.,#2207);
#2107=SURFACE_STYLE_USAGE(.BOTH.,#2208);
#2108=SURFACE_STYLE_USAGE(.BOTH.,#2209);
#2109=SURFACE_STYLE_USAGE(.BOTH.,#2210);
#2110=SURFACE_STYLE_USAGE(.BOTH.,#2211);
#2111=SURFACE_STYLE_USAGE(.BOTH.,#2212);
#2112=SURFACE_STYLE_USAGE(.BOTH.,#2213);
#2113=SURFACE_STYLE_USAGE(.BOTH.,#2214);
#2114=SURFACE_STYLE_USAGE(.BOTH.,#2215);
#2115=SURFACE_STYLE_USAGE(.BOTH.,#2216);
#2116=SURFACE_STYLE_USAGE(.BOTH.,#2217);
#2117=SURFACE_STYLE_USAGE(.BOTH.,#2218);
#2118=SURFACE_STYLE_USAGE(.BOTH.,#2219);
#2119=SURFACE_STYLE_USAGE(.BOTH.,#2220);
#2120=SURFACE_STYLE_USAGE(.BOTH.,#2221);
#2121=SURFACE_STYLE_USAGE(.BOTH.,#2222);
#2122=SURFACE_STYLE_USAGE(.BOTH.,#2223);
#2123=SURFACE_STYLE_USAGE(.BOTH.,#2224);
#2124=SURFACE_STYLE_USAGE(.BOTH.,#2225);
#2125=SURFACE_STYLE_USAGE(.BOTH.,#2226);
#2126=SURFACE_STYLE_USAGE(.BOTH.,#2227);
#2127=SURFACE_STYLE_USAGE(.BOTH.,#2228);
#2128=SURFACE_STYLE_USAGE(.BOTH.,#2229);
#2129=SURFACE_STYLE_USAGE(.BOTH.,#2230);
#2130=SURFACE_STYLE_USAGE(.BOTH.,#2231);
#2131=SURFACE_STYLE_USAGE(.BOTH.,#2232);
#2132=SURFACE_STYLE_USAGE(.BOTH.,#2233);
#2133=SURFACE_STYLE_USAGE(.BOTH.,#2234);
#2134=SURFACE_STYLE_USAGE(.BOTH.,#2235);
#2135=SURFACE_STYLE_USAGE(.BOTH.,#2236);
#2136=SURFACE_STYLE_USAGE(.BOTH.,#2237);
#2137=SURFACE_STYLE_USAGE(.BOTH.,#2238);
#2138=SURFACE_STYLE_USAGE(.BOTH.,#2239);
#2139=SURFACE_STYLE_USAGE(.BOTH.,#2240);
#2140=SURFACE_STYLE_USAGE(.BOTH.,#2241);
#2141=SURFACE_STYLE_USAGE(.BOTH.,#2242);
#2142=SURFACE_STYLE_USAGE(.BOTH.,#2243);
#2143=SURFACE_STYLE_USAGE(.BOTH.,#2244);
#2144=SURFACE_STYLE_USAGE(.BOTH.,#2245);
#2145=SURFACE_STYLE_USAGE(.BOTH.,#2246);
#2146=SURFACE_STYLE_USAGE(.BOTH.,#2247);
#2147=SURFACE_STYLE_USAGE(.BOTH.,#2248);
#2148=SURFACE_STYLE_USAGE(.BOTH.,#2249);
#2149=SURFACE_STYLE_USAGE(.BOTH.,#2250);
#2150=SURFACE_STYLE_USAGE(.BOTH.,#2251);
#2151=SURFACE_SIDE_STYLE('',(#2252));
#2152=SURFACE_SIDE_STYLE('',(#2253));
#2153=SURFACE_SIDE_STYLE('',(#2254));
#2154=SURFACE_SIDE_STYLE('',(#2255));
#2155=SURFACE_SIDE_STYLE('',(#2256));
#2156=SURFACE_SIDE_STYLE('',(#2257));
#2157=SURFACE_SIDE_STYLE('',(#2258));
#2158=SURFACE_SIDE_STYLE('',(#2259));
#2159=SURFACE_SIDE_STYLE('',(#2260));
#2160=SURFACE_SIDE_STYLE('',(#2261));
#2161=SURFACE_SIDE_STYLE('',(#2262));
#2162=SURFACE_SIDE_STYLE('',(#2263));
#2163=SURFACE_SIDE_STYLE('',(#2264));
#2164=SURFACE_SIDE_STYLE('',(#2265));
#2165=SURFACE_SIDE_STYLE('',(#2266));
#2166=SURFACE_SIDE_STYLE('',(#2267));
#2167=SURFACE_SIDE_STYLE('',(#2268));
#2168=SURFACE_SIDE_STYLE('',(#2269));
#2169=SURFACE_SIDE_STYLE('',(#2270));
#2170=SURFACE_SIDE_STYLE('',(#2271));
#2171=SURFACE_SIDE_STYLE('',(#2272));
#2172=SURFACE_SIDE_STYLE('',(#2273));
#2173=SURFACE_SIDE_STYLE('',(#2274));
#2174=SURFACE_SIDE_STYLE('',(#2275));
#2175=SURFACE_SIDE_STYLE('',(#2276));
#2176=SURFACE_SIDE_STYLE('',(#2277));
#2177=SURFACE_SIDE_STYLE('',(#2278));
#2178=SURFACE_SIDE_STYLE('',(#2279));
#2179=SURFACE_SIDE_STYLE('',(#2280));
#2180=SURFACE_SIDE_STYLE('',(#2281));
#2181=SURFACE_SIDE_STYLE('',(#2282));
#2182=SURFACE_SIDE_STYLE('',(#2283));
#2183=SURFACE_SIDE_STYLE('',(#2284));
#2184=SURFACE_SIDE_STYLE('',(#2285));
#2185=SURFACE_SIDE_STYLE('',(#2286));
#2186=SURFACE_SIDE_STYLE('',(#2287));
#2187=SURFACE_SIDE_STYLE('',(#2288));
#2188=SURFACE_SIDE_STYLE('',(#2289));
#2189=SURFACE_SIDE_STYLE('',(#2290));
#2190=SURFACE_SIDE_STYLE('',(#2291));
#2191=SURFACE_SIDE_STYLE('',(#2292));
#2192=SURFACE_SIDE_STYLE('',(#2293));
#2193=SURFACE_SIDE_STYLE('',(#2294));
#2194=SURFACE_SIDE_STYLE('',(#2295));
#2195=SURFACE_SIDE_STYLE('',(#2296));
#2196=SURFACE_SIDE_STYLE('',(#2297));
#2197=SURFACE_SIDE_STYLE('',(#2298));
#2198=SURFACE_SIDE_STYLE('',(#2299));
#2199=SURFACE_SIDE_STYLE('',(#2300));
#2200=SURFACE_SIDE_STYLE('',(#2301));
#2201=SURFACE_SIDE_STYLE('',(#2302));
#2202=SURFACE_SIDE_STYLE('',(#2303));
#2203=SURFACE_SIDE_STYLE('',(#2304));
#2204=SURFACE_SIDE_STYLE('',(#2305));
#2205=SURFACE_SIDE_STYLE('',(#2306));
#2206=SURFACE_SIDE_STYLE('',(#2307));
#2207=SURFACE_SIDE_STYLE('',(#2308));
#2208=SURFACE_SIDE_STYLE('',(#2309));
#2209=SURFACE_SIDE_STYLE('',(#2310));
#2210=SURFACE_SIDE_STYLE('',(#2311));
#2211=SURFACE_SIDE_STYLE('',(#2312));
#2212=SURFACE_SIDE_STYLE('',(#2313));
#2213=SURFACE_SIDE_STYLE('',(#2314));
#2214=SURFACE_SIDE_STYLE('',(#2315));
#2215=SURFACE_SIDE_STYLE('',(#2316));
#2216=SURFACE_SIDE_STYLE('',(#2317));
#2217=SURFACE_SIDE_STYLE('',(#2318));
#2218=SURFACE_SIDE_STYLE('',(#2319));
#2219=SURFACE_SIDE_STYLE('',(#2320));
#2220=SURFACE_SIDE_STYLE('',(#2321));
#2221=SURFACE_SIDE_STYLE('',(#2322));
#2222=SURFACE_SIDE_STYLE('',(#2323));
#2223=SURFACE_SIDE_STYLE('',(#2324));
#2224=SURFACE_SIDE_STYLE('',(#2325));
#2225=SURFACE_SIDE_STYLE('',(#2326));
#2226=SURFACE_SIDE_STYLE('',(#2327));
#2227=SURFACE_SIDE_STYLE('',(#2328));
#2228=SURFACE_SIDE_STYLE('',(#2329));
#2229=SURFACE_SIDE_STYLE('',(#2330));
#2230=SURFACE_SIDE_STYLE('',(#2331));
#2231=SURFACE_SIDE_STYLE('',(#2332));
#2232=SURFACE_SIDE_STYLE('',(#2333));
#2233=SURFACE_SIDE_STYLE('',(#2334));
#2234=SURFACE_SIDE_STYLE('',(#2335));
#2235=SURFACE_SIDE_STYLE('',(#2336));
#2236=SURFACE_SIDE_STYLE('',(#2337));
#2237=SURFACE_SIDE_STYLE('',(#2338));
#2238=SURFACE_SIDE_STYLE('',(#2339));
#2239=SURFACE_SIDE_STYLE('',(#2340));
#2240=SURFACE_SIDE_STYLE('',(#2341));
#2241=SURFACE_SIDE_STYLE('',(#2342));
#2242=SURFACE_SIDE_STYLE('',(#2343));
#2243=SURFACE_SIDE_STYLE('',(#2344));
#2244=SURFACE_SIDE_STYLE('',(#2345));
#2245=SURFACE_SIDE_STYLE('',(#2346));
#2246=SURFACE_SIDE_STYLE('',(#2347));
#2247=SURFACE_SIDE_STYLE('',(#2348));
#2248=SURFACE_SIDE_STYLE('',(#2349));
#2249=SURFACE_SIDE_STYLE('',(#2350));
#2250=SURFACE_SIDE_STYLE('',(#2351));
#2251=SURFACE_SIDE_STYLE('',(#2352));
#2252=SURFACE_STYLE_FILL_AREA(#2353);
#2253=SURFACE_STYLE_FILL_AREA(#2354);
#2254=SURFACE_STYLE_FILL_AREA(#2355);
#2255=SURFACE_STYLE_FILL_AREA(#2356);
#2256=SURFACE_STYLE_FILL_AREA(#2357);
#2257=SURFACE_STYLE_FILL_AREA(#2358);
#2258=SURFACE_STYLE_FILL_AREA(#2359);
#2259=SURFACE_STYLE_FILL_AREA(#2360);
#2260=SURFACE_STYLE_FILL_AREA(#2361);
#2261=SURFACE_STYLE_FILL_AREA(#2362);
#2262=SURFACE_STYLE_FILL_AREA(#2363);
#2263=SURFACE_STYLE_FILL_AREA(#2364);
#2264=SURFACE_STYLE_FILL_AREA(#2365);
#2265=SURFACE_STYLE_FILL_AREA(#2366);
#2266=SURFACE_STYLE_FILL_AREA(#2367);
#2267=SURFACE_STYLE_FILL_AREA(#2368);
#2268=SURFACE_STYLE_FILL_AREA(#2369);
#2269=SURFACE_STYLE_FILL_AREA(#2370);
#2270=SURFACE_STYLE_FILL_AREA(#2371);
#2271=SURFACE_STYLE_FILL_AREA(#2372);
#2272=SURFACE_STYLE_FILL_AREA(#2373);
#2273=SURFACE_STYLE_FILL_AREA(#2374);
#2274=SURFACE_STYLE_FILL_AREA(#2375);
#2275=SURFACE_STYLE_FILL_AREA(#2376);
#2276=SURFACE_STYLE_FILL_AREA(#2377);
#2277=SURFACE_STYLE_FILL_AREA(#2378);
#2278=SURFACE_STYLE_FILL_AREA(#2379);
#2279=SURFACE_STYLE_FILL_AREA(#2380);
#2280=SURFACE_STYLE_FILL_AREA(#2381);
#2281=SURFACE_STYLE_FILL_AREA(#2382);
#2282=SURFACE_STYLE_FILL_AREA(#2383);
#2283=SURFACE_STYLE_FILL_AREA(#2384);
#2284=SURFACE_STYLE_FILL_AREA(#2385);
#2285=SURFACE_STYLE_FILL_AREA(#2386);
#2286=SURFACE_STYLE_FILL_AREA(#2387);
#2287=SURFACE_STYLE_FILL_AREA(#2388);
#2288=SURFACE_STYLE_FILL_AREA(#2389);
#2289=SURFACE_STYLE_FILL_AREA(#2390);
#2290=SURFACE_STYLE_FILL_AREA(#2391);
#2291=SURFACE_STYLE_FILL_AREA(#2392);
#2292=SURFACE_STYLE_FILL_AREA(#2393);
#2293=SURFACE_STYLE_FILL_AREA(#2394);
#2294=SURFACE_STYLE_FILL_AREA(#2395);
#2295=SURFACE_STYLE_FILL_AREA(#2396);
#2296=SURFACE_STYLE_FILL_AREA(#2397);
#2297=SURFACE_STYLE_FILL_AREA(#2398);
#2298=SURFACE_STYLE_FILL_AREA(#2399);
#2299=SURFACE_STYLE_FILL_AREA(#2400);
#2300=SURFACE_STYLE_FILL_AREA(#2401);
#2301=SURFACE_STYLE_FILL_AREA(#2402);
#2302=SURFACE_STYLE_FILL_AREA(#2403);
#2303=SURFACE_STYLE_FILL_AREA(#2404);
#2304=SURFACE_STYLE_FILL_AREA(#2405);
#2305=SURFACE_STYLE_FILL_AREA(#2406);
#2306=SURFACE_STYLE_FILL_AREA(#2407);
#2307=SURFACE_STYLE_FILL_AREA(#2408);
#2308=SURFACE_STYLE_FILL_AREA(#2409);
#2309=SURFACE_STYLE_FILL_AREA(#2410);
#2310=SURFACE_STYLE_FILL_AREA(#2411);
#2311=SURFACE_STYLE_FILL_AREA(#2412);
#2312=SURFACE_STYLE_FILL_AREA(#2413);
#2313=SURFACE_STYLE_FILL_AREA(#2414);
#2314=SURFACE_STYLE_FILL_AREA(#2415);
#2315=SURFACE_STYLE_FILL_AREA(#2416);
#2316=SURFACE_STYLE_FILL_AREA(#2417);
#2317=SURFACE_STYLE_FILL_AREA(#2418);
#2318=SURFACE_STYLE_FILL_AREA(#2419);
#2319=SURFACE_STYLE_FILL_AREA(#2420);
#2320=SURFACE_STYLE_FILL_AREA(#2421);
#2321=SURFACE_STYLE_FILL_AREA(#2422);
#2322=SURFACE_STYLE_FILL_AREA(#2423);
#2323=SURFACE_STYLE_FILL_AREA(#2424);
#2324=SURFACE_STYLE_FILL_AREA(#2425);
#2325=SURFACE_STYLE_FILL_AREA(#2426);
#2326=SURFACE_STYLE_FILL_AREA(#2427);
#2327=SURFACE_STYLE_FILL_AREA(#2428);
#2328=SURFACE_STYLE_FILL_AREA(#2429);
#2329=SURFACE_STYLE_FILL_AREA(#2430);
#2330=SURFACE_STYLE_FILL_AREA(#2431);
#2331=SURFACE_STYLE_FILL_AREA(#2432);
#2332=SURFACE_STYLE_FILL_AREA(#2433);
#2333=SURFACE_STYLE_FILL_AREA(#2434);
#2334=SURFACE_STYLE_FILL_AREA(#2435);
#2335=SURFACE_STYLE_FILL_AREA(#2436);
#2336=SURFACE_STYLE_FILL_AREA(#2437);
#2337=SURFACE_STYLE_FILL_AREA(#2438);
#2338=SURFACE_STYLE_FILL_AREA(#2439);
#2339=SURFACE_STYLE_FILL_AREA(#2440);
#2340=SURFACE_STYLE_FILL_AREA(#2441);
#2341=SURFACE_STYLE_FILL_AREA(#2442);
#2342=SURFACE_STYLE_FILL_AREA(#2443);
#2343=SURFACE_STYLE_FILL_AREA(#2444);
#2344=SURFACE_STYLE_FILL_AREA(#2445);
#2345=SURFACE_STYLE_FILL_AREA(#2446);
#2346=SURFACE_STYLE_FILL_AREA(#2447);
#2347=SURFACE_STYLE_FILL_AREA(#2448);
#2348=SURFACE_STYLE_FILL_AREA(#2449);
#2349=SURFACE_STYLE_FILL_AREA(#2450);
#2350=SURFACE_STYLE_FILL_AREA(#2451);
#2351=SURFACE_STYLE_FILL_AREA(#2452);
#2352=SURFACE_STYLE_FILL_AREA(#2453);
#2353=FILL_AREA_STYLE('',(#2454));
#2354=FILL_AREA_STYLE('',(#2455));
#2355=FILL_AREA_STYLE('',(#2456));
#2356=FILL_AREA_STYLE('',(#2457));
#2357=FILL_AREA_STYLE('',(#2458));
#2358=FILL_AREA_STYLE('',(#2459));
#2359=FILL_AREA_STYLE('',(#2460));
#2360=FILL_AREA_STYLE('',(#2461));
#2361=FILL_AREA_STYLE('',(#2462));
#2362=FILL_AREA_STYLE('',(#2463));
#2363=FILL_AREA_STYLE('',(#2464));
#2364=FILL_AREA_STYLE('',(#2465));
#2365=FILL_AREA_STYLE('',(#2466));
#2366=FILL_AREA_STYLE('',(#2467));
#2367=FILL_AREA_STYLE('',(#2468));
#2368=FILL_AREA_STYLE('',(#2469));
#2369=FILL_AREA_STYLE('',(#2470));
#2370=FILL_AREA_STYLE('',(#2471));
#2371=FILL_AREA_STYLE('',(#2472));
#2372=FILL_AREA_STYLE('',(#2473));
#2373=FILL_AREA_STYLE('',(#2474));
#2374=FILL_AREA_STYLE('',(#2475));
#2375=FILL_AREA_STYLE('',(#2476));
#2376=FILL_AREA_STYLE('',(#2477));
#2377=FILL_AREA_STYLE('',(#2478));
#2378=FILL_AREA_STYLE('',(#2479));
#2379=FILL_AREA_STYLE('',(#2480));
#2380=FILL_AREA_STYLE('',(#2481));
#2381=FILL_AREA_STYLE('',(#2482));
#2382=FILL_AREA_STYLE('',(#2483));
#2383=FILL_AREA_STYLE('',(#2484));
#2384=FILL_AREA_STYLE('',(#2485));
#2385=FILL_AREA_STYLE('',(#2486));
#2386=FILL_AREA_STYLE('',(#2487));
#2387=FILL_AREA_STYLE('',(#2488));
#2388=FILL_AREA_STYLE('',(#2489));
#2389=FILL_AREA_STYLE('',(#2490));
#2390=FILL_AREA_STYLE('',(#2491));
#2391=FILL_AREA_STYLE('',(#2492));
#2392=FILL_AREA_STYLE('',(#2493));
#2393=FILL_AREA_STYLE('',(#2494));
#2394=FILL_AREA_STYLE('',(#2495));
#2395=FILL_AREA_STYLE('',(#2496));
#2396=FILL_AREA_STYLE('',(#2497));
#2397=FILL_AREA_STYLE('',(#2498));
#2398=FILL_AREA_STYLE('',(#2499));
#2399=FILL_AREA_STYLE('',(#2500));
#2400=FILL_AREA_STYLE('',(#2501));
#2401=FILL_AREA_STYLE('',(#2502));
#2402=FILL_AREA_STYLE('',(#2503));
#2403=FILL_AREA_STYLE('',(#2504));
#2404=FILL_AREA_STYLE('',(#2505));
#2405=FILL_AREA_STYLE('',(#2506));
#2406=FILL_AREA_STYLE('',(#2507));
#2407=FILL_AREA_STYLE('',(#2508));
#2408=FILL_AREA_STYLE('',(#2509));
#2409=FILL_AREA_STYLE('',(#2510));
#2410=FILL_AREA_STYLE('',(#2511));
#2411=FILL_AREA_STYLE('',(#2512));
#2412=FILL_AREA_STYLE('',(#2513));
#2413=FILL_AREA_STYLE('',(#2514));
#2414=FILL_AREA_STYLE('',(#2515));
#2415=FILL_AREA_STYLE('',(#2516));
#2416=FILL_AREA_STYLE('',(#2517));
#2417=FILL_AREA_STYLE('',(#2518));
#2418=FILL_AREA_STYLE('',(#2519));
#2419=FILL_AREA_STYLE('',(#2520));
#2420=FILL_AREA_STYLE('',(#2521));
#2421=FILL_AREA_STYLE('',(#2522));
#2422=FILL_AREA_STYLE('',(#2523));
#2423=FILL_AREA_STYLE('',(#2524));
#2424=FILL_AREA_STYLE('',(#2525));
#2425=FILL_AREA_STYLE('',(#2526));
#2426=FILL_AREA_STYLE('',(#2527));
#2427=FILL_AREA_STYLE('',(#2528));
#2428=FILL_AREA_STYLE('',(#2529));
#2429=FILL_AREA_STYLE('',(#2530));
#2430=FILL_AREA_STYLE('',(#2531));
#2431=FILL_AREA_STYLE('',(#2532));
#2432=FILL_AREA_STYLE('',(#2533));
#2433=FILL_AREA_STYLE('',(#2534));
#2434=FILL_AREA_STYLE('',(#2535));
#2435=FILL_AREA_STYLE('',(#2536));
#2436=FILL_AREA_STYLE('',(#2537));
#2437=FILL_AREA_STYLE('',(#2538));
#2438=FILL_AREA_STYLE('',(#2539));
#2439=FILL_AREA_STYLE('',(#2540));
#2440=FILL_AREA_STYLE('',(#2541));
#2441=FILL_AREA_STYLE('',(#2542));
#2442=FILL_AREA_STYLE('',(#2543));
#2443=FILL_AREA_STYLE('',(#2544));
#2444=FILL_AREA_STYLE('',(#2545));
#2445=FILL_AREA_STYLE('',(#2546));
#2446=FILL_AREA_STYLE('',(#2547));
#2447=FILL_AREA_STYLE('',(#2548));
#2448=FILL_AREA_STYLE('',(#2549));
#2449=FILL_AREA_STYLE('',(#2550));
#2450=FILL_AREA_STYLE('',(#2551));
#2451=FILL_AREA_STYLE('',(#2552));
#2452=FILL_AREA_STYLE('',(#2553));
#2453=FILL_AREA_STYLE('',(#2554));
#2454=FILL_AREA_STYLE_COLOUR('',#2555);
#2455=FILL_AREA_STYLE_COLOUR('',#2555);
#2456=FILL_AREA_STYLE_COLOUR('',#2555);
#2457=FILL_AREA_STYLE_COLOUR('',#2555);
#2458=FILL_AREA_STYLE_COLOUR('',#2555);
#2459=FILL_AREA_STYLE_COLOUR('',#2555);
#2460=FILL_AREA_STYLE_COLOUR('',#2555);
#2461=FILL_AREA_STYLE_COLOUR('',#2555);
#2462=FILL_AREA_STYLE_COLOUR('',#2555);
#2463=FILL_AREA_STYLE_COLOUR('',#2555);
#2464=FILL_AREA_STYLE_COLOUR('',#2555);
#2465=FILL_AREA_STYLE_COLOUR('',#2555);
#2466=FILL_AREA_STYLE_COLOUR('',#2555);
#2467=FILL_AREA_STYLE_COLOUR('',#2555);
#2468=FILL_AREA_STYLE_COLOUR('',#2555);
#2469=FILL_AREA_STYLE_COLOUR('',#2555);
#2470=FILL_AREA_STYLE_COLOUR('',#2555);
#2471=FILL_AREA_STYLE_COLOUR('',#2555);
#2472=FILL_AREA_STYLE_COLOUR('',#2555);
#2473=FILL_AREA_STYLE_COLOUR('',#2555);
#2474=FILL_AREA_STYLE_COLOUR('',#2555);
#2475=FILL_AREA_STYLE_COLOUR('',#2555);
#2476=FILL_AREA_STYLE_COLOUR('',#2555);
#2477=FILL_AREA_STYLE_COLOUR('',#2555);
#2478=FILL_AREA_STYLE_COLOUR('',#2555);
#2479=FILL_AREA_STYLE_COLOUR('',#2555);
#2480=FILL_AREA_STYLE_COLOUR('',#2555);
#2481=FILL_AREA_STYLE_COLOUR('',#2555);
#2482=FILL_AREA_STYLE_COLOUR('',#2555);
#2483=FILL_AREA_STYLE_COLOUR('',#2555);
#2484=FILL_AREA_STYLE_COLOUR('',#2555);
#2485=FILL_AREA_STYLE_COLOUR('',#2555);
#2486=FILL_AREA_STYLE_COLOUR('',#2555);
#2487=FILL_AREA_STYLE_COLOUR('',#2555);
#2488=FILL_AREA_STYLE_COLOUR('',#2555);
#2489=FILL_AREA_STYLE_COLOUR('',#2555);
#2490=FILL_AREA_STYLE_COLOUR('',#2555);
#2491=FILL_AREA_STYLE_COLOUR('',#2555);
#2492=FILL_AREA_STYLE_COLOUR('',#2555);
#2493=FILL_AREA_STYLE_COLOUR('',#2555);
#2494=FILL_AREA_STYLE_COLOUR('',#2555);
#2495=FILL_AREA_STYLE_COLOUR('',#2555);
#2496=FILL_AREA_STYLE_COLOUR('',#2555);
#2497=FILL_AREA_STYLE_COLOUR('',#2555);
#2498=FILL_AREA_STYLE_COLOUR('',#2555);
#2499=FILL_AREA_STYLE_COLOUR('',#2555);
#2500=FILL_AREA_STYLE_COLOUR('',#2555);
#2501=FILL_AREA_STYLE_COLOUR('',#2555);
#2502=FILL_AREA_STYLE_COLOUR('',#2555);
#2503=FILL_AREA_STYLE_COLOUR('',#2555);
#2504=FILL_AREA_STYLE_COLOUR('',#2555);
#2505=FILL_AREA_STYLE_COLOUR('',#2555);
#2506=FILL_AREA_STYLE_COLOUR('',#2555);
#2507=FILL_AREA_STYLE_COLOUR('',#2555);
#2508=FILL_AREA_STYLE_COLOUR('',#2555);
#2509=FILL_AREA_STYLE_COLOUR('',#2555);
#2510=FILL_AREA_STYLE_COLOUR('',#2555);
#2511=FILL_AREA_STYLE_COLOUR('',#2555);
#2512=FILL_AREA_STYLE_COLOUR('',#2555);
#2513=FILL_AREA_STYLE_COLOUR('',#2555);
#2514=FILL_AREA_STYLE_COLOUR('',#2555);
#2515=FILL_AREA_STYLE_COLOUR('',#2555);
#2516=FILL_AREA_STYLE_COLOUR('',#2555);
#2517=FILL_AREA_STYLE_COLOUR('',#2555);
#2518=FILL_AREA_STYLE_COLOUR('',#2555);
#2519=FILL_AREA_STYLE_COLOUR('',#2556);
#2520=FILL_AREA_STYLE_COLOUR('',#2556);
#2521=FILL_AREA_STYLE_COLOUR('',#2556);
#2522=FILL_AREA_STYLE_COLOUR('',#2556);
#2523=FILL_AREA_STYLE_COLOUR('',#2556);
#2524=FILL_AREA_STYLE_COLOUR('',#2556);
#2525=FILL_AREA_STYLE_COLOUR('',#2556);
#2526=FILL_AREA_STYLE_COLOUR('',#2556);
#2527=FILL_AREA_STYLE_COLOUR('',#2556);
#2528=FILL_AREA_STYLE_COLOUR('',#2556);
#2529=FILL_AREA_STYLE_COLOUR('',#2555);
#2530=FILL_AREA_STYLE_COLOUR('',#2555);
#2531=FILL_AREA_STYLE_COLOUR('',#2555);
#2532=FILL_AREA_STYLE_COLOUR('',#2555);
#2533=FILL_AREA_STYLE_COLOUR('',#2555);
#2534=FILL_AREA_STYLE_COLOUR('',#2555);
#2535=FILL_AREA_STYLE_COLOUR('',#2555);
#2536=FILL_AREA_STYLE_COLOUR('',#2555);
#2537=FILL_AREA_STYLE_COLOUR('',#2555);
#2538=FILL_AREA_STYLE_COLOUR('',#2555);
#2539=FILL_AREA_STYLE_COLOUR('',#2555);
#2540=FILL_AREA_STYLE_COLOUR('',#2555);
#2541=FILL_AREA_STYLE_COLOUR('',#2555);
#2542=FILL_AREA_STYLE_COLOUR('',#2555);
#2543=FILL_AREA_STYLE_COLOUR('',#2555);
#2544=FILL_AREA_STYLE_COLOUR('',#2555);
#2545=FILL_AREA_STYLE_COLOUR('',#2555);
#2546=FILL_AREA_STYLE_COLOUR('',#2555);
#2547=FILL_AREA_STYLE_COLOUR('',#2555);
#2548=FILL_AREA_STYLE_COLOUR('',#2555);
#2549=FILL_AREA_STYLE_COLOUR('',#2555);
#2550=FILL_AREA_STYLE_COLOUR('',#2555);
#2551=FILL_AREA_STYLE_COLOUR('',#2555);
#2552=FILL_AREA_STYLE_COLOUR('',#2555);
#2553=FILL_AREA_STYLE_COLOUR('',#2555);
#2554=FILL_AREA_STYLE_COLOUR('',#2555);
#2555=COLOUR_RGB('',0.560000002384186,0.569999992847443,0.569999992847443);
#2556=COLOUR_RGB('',0.77999997138977,0.77999997138977,0.77999997138977);
#2557=ADVANCED_FACE('',(#1667),#1772,.T.);
#2558=ADVANCED_FACE('',(#1668),#1773,.T.);
#2559=ADVANCED_FACE('',(#1669,#1670,#1671),#1774,.F.);
#2560=ADVANCED_FACE('',(#1672),#30,.T.);
#2561=ADVANCED_FACE('',(#1673),#1775,.F.);
#2562=ADVANCED_FACE('',(#1674),#20,.F.);
#2563=ADVANCED_FACE('',(#1675),#31,.F.);
#2564=ADVANCED_FACE('',(#1676),#32,.T.);
#2565=ADVANCED_FACE('',(#1677),#21,.F.);
#2566=ADVANCED_FACE('',(#1678),#33,.F.);
#2567=ADVANCED_FACE('',(#1679),#1776,.T.);
#2568=ADVANCED_FACE('',(#1680),#22,.F.);
#2569=ADVANCED_FACE('',(#1681),#34,.F.);
#2570=ADVANCED_FACE('',(#1682),#35,.T.);
#2571=ADVANCED_FACE('',(#1683),#23,.F.);
#2572=ADVANCED_FACE('',(#1684),#36,.F.);
#2573=ADVANCED_FACE('',(#1685),#1777,.T.);
#2574=ADVANCED_FACE('',(#1686),#1778,.T.);
#2575=ADVANCED_FACE('',(#1687),#1779,.T.);
#2576=ADVANCED_FACE('',(#1688,#1689,#1690),#1780,.F.);
#2577=ADVANCED_FACE('',(#1691),#1781,.F.);
#2578=ADVANCED_FACE('',(#1692),#37,.F.);
#2579=ADVANCED_FACE('',(#1693),#1782,.F.);
#2580=ADVANCED_FACE('',(#1694),#38,.F.);
#2581=ADVANCED_FACE('',(#1695),#1783,.F.);
#2582=ADVANCED_FACE('',(#1696),#1784,.F.);
#2583=ADVANCED_FACE('',(#1697),#39,.T.);
#2584=ADVANCED_FACE('',(#1698),#40,.T.);
#2585=ADVANCED_FACE('',(#1699),#1785,.F.);
#2586=ADVANCED_FACE('',(#1700),#1786,.F.);
#2587=ADVANCED_FACE('',(#1701),#1787,.F.);
#2588=ADVANCED_FACE('',(#1702),#41,.T.);
#2589=ADVANCED_FACE('',(#1703),#1788,.T.);
#2590=ADVANCED_FACE('',(#1704),#1789,.F.);
#2591=ADVANCED_FACE('',(#1705),#1790,.T.);
#2592=ADVANCED_FACE('',(#1706),#1791,.F.);
#2593=ADVANCED_FACE('',(#1707),#42,.T.);
#2594=ADVANCED_FACE('',(#1708),#1792,.F.);
#2595=ADVANCED_FACE('',(#1709),#1793,.F.);
#2596=ADVANCED_FACE('',(#1710),#43,.T.);
#2597=ADVANCED_FACE('',(#1711),#1794,.T.);
#2598=ADVANCED_FACE('',(#1712),#1795,.F.);
#2599=ADVANCED_FACE('',(#1713),#1796,.F.);
#2600=ADVANCED_FACE('',(#1714),#1797,.F.);
#2601=ADVANCED_FACE('',(#1715),#1798,.T.);
#2602=ADVANCED_FACE('',(#1716),#1799,.F.);
#2603=ADVANCED_FACE('',(#1717),#44,.T.);
#2604=ADVANCED_FACE('',(#1718),#1800,.F.);
#2605=ADVANCED_FACE('',(#1719),#1801,.F.);
#2606=ADVANCED_FACE('',(#1720),#1802,.F.);
#2607=ADVANCED_FACE('',(#1721),#45,.T.);
#2608=ADVANCED_FACE('',(#1722),#1803,.F.);
#2609=ADVANCED_FACE('',(#1723),#1804,.F.);
#2610=ADVANCED_FACE('',(#1724),#1805,.F.);
#2611=ADVANCED_FACE('',(#1725),#1806,.F.);
#2612=ADVANCED_FACE('',(#1726),#46,.T.);
#2613=ADVANCED_FACE('',(#1727),#1807,.T.);
#2614=ADVANCED_FACE('',(#1728),#1808,.T.);
#2615=ADVANCED_FACE('',(#1729),#1809,.T.);
#2616=ADVANCED_FACE('',(#1730),#1810,.T.);
#2617=ADVANCED_FACE('',(#1731),#1811,.T.);
#2618=ADVANCED_FACE('',(#1732),#1812,.T.);
#2619=ADVANCED_FACE('',(#1733),#1813,.T.);
#2620=ADVANCED_FACE('',(#1734),#1814,.T.);
#2621=ADVANCED_FACE('',(#1735),#1815,.T.);
#2622=ADVANCED_FACE('',(#1736),#1816,.F.);
#2623=ADVANCED_FACE('',(#1737),#1817,.F.);
#2624=ADVANCED_FACE('',(#1738),#1818,.T.);
#2625=ADVANCED_FACE('',(#1739),#1819,.F.);
#2626=ADVANCED_FACE('',(#1740),#1820,.F.);
#2627=ADVANCED_FACE('',(#1741),#1821,.F.);
#2628=ADVANCED_FACE('',(#1742),#1822,.F.);
#2629=ADVANCED_FACE('',(#1743),#1823,.T.);
#2630=ADVANCED_FACE('',(#1744),#1824,.F.);
#2631=ADVANCED_FACE('',(#1745),#1825,.F.);
#2632=ADVANCED_FACE('',(#1746),#1826,.T.);
#2633=ADVANCED_FACE('',(#1747),#1827,.T.);
#2634=ADVANCED_FACE('',(#1748),#1828,.F.);
#2635=ADVANCED_FACE('',(#1749),#1829,.T.);
#2636=ADVANCED_FACE('',(#1750),#1830,.T.);
#2637=ADVANCED_FACE('',(#1751),#1831,.T.);
#2638=ADVANCED_FACE('',(#1752),#47,.T.);
#2639=ADVANCED_FACE('',(#1753),#1832,.T.);
#2640=ADVANCED_FACE('',(#1754),#48,.T.);
#2641=ADVANCED_FACE('',(#1755),#1833,.T.);
#2642=ADVANCED_FACE('',(#1756),#1834,.T.);
#2643=ADVANCED_FACE('',(#1757),#1835,.T.);
#2644=ADVANCED_FACE('',(#1758),#1836,.F.);
#2645=ADVANCED_FACE('',(#1759),#1837,.T.);
#2646=ADVANCED_FACE('',(#1760),#1838,.T.);
#2647=ADVANCED_FACE('',(#1761),#1839,.T.);
#2648=ADVANCED_FACE('',(#1762),#49,.T.);
#2649=ADVANCED_FACE('',(#1763),#1840,.T.);
#2650=ADVANCED_FACE('',(#1764),#50,.T.);
#2651=ADVANCED_FACE('',(#1765),#1841,.T.);
#2652=ADVANCED_FACE('',(#1766),#1842,.F.);
#2653=ADVANCED_FACE('',(#1767),#1843,.F.);
#2654=ADVANCED_FACE('',(#1768),#1844,.F.);
#2655=ADVANCED_FACE('',(#1769),#1845,.F.);
#2656=ADVANCED_FACE('',(#1770),#1846,.F.);
#2657=ADVANCED_FACE('',(#1771),#1847,.F.);
#2658=CLOSED_SHELL('',(#2557,#2558,#2559,#2560,#2561,#2562,#2563,#2564,
#2565,#2566,#2567,#2568,#2569,#2570,#2571,#2572,#2573,#2574,#2575,#2576,
#2577,#2578,#2579,#2580,#2581,#2582,#2583,#2584,#2585,#2586,#2587,#2588,
#2589,#2590,#2591,#2592,#2593,#2594,#2595,#2596,#2597,#2598,#2599,#2600,
#2601,#2602,#2603,#2604,#2605,#2606,#2607,#2608,#2609,#2610,#2611,#2612,
#2613,#2614,#2615,#2616,#2617,#2618,#2619,#2620,#2621,#2622,#2623,#2624,
#2625,#2626,#2627,#2628,#2629,#2630,#2631,#2632,#2633,#2634,#2635,#2636,
#2637,#2638,#2639,#2640,#2641,#2642,#2643,#2644,#2645,#2646,#2647,#2648,
#2649,#2650,#2651,#2652,#2653,#2654,#2655,#2656,#2657));
#2659=MANIFOLD_SOLID_BREP('250-202',#2658);
#2660=SHAPE_DEFINITION_REPRESENTATION(#3926,#2661);
#2661=SHAPE_REPRESENTATION('250-202',(#2662),#3921);
#2662=AXIS2_PLACEMENT_3D('',#3331,#2810,#2811);
#2663=AXIS2_PLACEMENT_3D('',#3332,#2812,#2813);
#2664=AXIS2_PLACEMENT_3D('',#3339,#2817,#2818);
#2665=AXIS2_PLACEMENT_3D('',#3346,#2822,#2823);
#2666=AXIS2_PLACEMENT_3D('',#3358,#2829,#2830);
#2667=AXIS2_PLACEMENT_3D('',#3366,#2834,#2835);
#2668=AXIS2_PLACEMENT_3D('',#3387,#2846,#2847);
#2669=AXIS2_PLACEMENT_3D('',#3388,#2848,#2849);
#2670=AXIS2_PLACEMENT_3D('',#3392,#2851,#2852);
#2671=AXIS2_PLACEMENT_3D('',#3393,#2853,#2854);
#2672=AXIS2_PLACEMENT_3D('',#3409,#2862,#2863);
#2673=AXIS2_PLACEMENT_3D('',#3414,#2866,#2867);
#2674=AXIS2_PLACEMENT_3D('',#3415,#2868,#2869);
#2675=AXIS2_PLACEMENT_3D('',#3416,#2870,#2871);
#2676=AXIS2_PLACEMENT_3D('',#3421,#2874,#2875);
#2677=AXIS2_PLACEMENT_3D('',#3424,#2877,#2878);
#2678=AXIS2_PLACEMENT_3D('',#3427,#2880,#2881);
#2679=AXIS2_PLACEMENT_3D('',#3428,#2882,#2883);
#2680=AXIS2_PLACEMENT_3D('',#3429,#2884,#2885);
#2681=AXIS2_PLACEMENT_3D('',#3430,#2886,#2887);
#2682=AXIS2_PLACEMENT_3D('',#3451,#2888,#2889);
#2683=AXIS2_PLACEMENT_3D('',#3452,#2890,#2891);
#2684=AXIS2_PLACEMENT_3D('',#3453,#2892,#2893);
#2685=AXIS2_PLACEMENT_3D('',#3458,#2896,#2897);
#2686=AXIS2_PLACEMENT_3D('',#3464,#2901,#2902);
#2687=AXIS2_PLACEMENT_3D('',#3465,#2903,#2904);
#2688=AXIS2_PLACEMENT_3D('',#3470,#2907,#2908);
#2689=AXIS2_PLACEMENT_3D('',#3473,#2910,#2911);
#2690=AXIS2_PLACEMENT_3D('',#3476,#2913,#2914);
#2691=AXIS2_PLACEMENT_3D('',#3477,#2915,#2916);
#2692=AXIS2_PLACEMENT_3D('',#3478,#2917,#2918);
#2693=AXIS2_PLACEMENT_3D('',#3479,#2919,#2920);
#2694=AXIS2_PLACEMENT_3D('',#3500,#2921,#2922);
#2695=AXIS2_PLACEMENT_3D('',#3501,#2923,#2924);
#2696=AXIS2_PLACEMENT_3D('',#3502,#2925,#2926);
#2697=AXIS2_PLACEMENT_3D('',#3507,#2929,#2930);
#2698=AXIS2_PLACEMENT_3D('',#3513,#2934,#2935);
#2699=AXIS2_PLACEMENT_3D('',#3516,#2938,#2939);
#2700=AXIS2_PLACEMENT_3D('',#3519,#2942,#2943);
#2701=AXIS2_PLACEMENT_3D('',#3576,#2972,#2973);
#2702=AXIS2_PLACEMENT_3D('',#3585,#2978,#2979);
#2703=AXIS2_PLACEMENT_3D('',#3586,#2980,#2981);
#2704=AXIS2_PLACEMENT_3D('',#3590,#2983,#2984);
#2705=AXIS2_PLACEMENT_3D('',#3591,#2985,#2986);
#2706=AXIS2_PLACEMENT_3D('',#3597,#2990,#2991);
#2707=AXIS2_PLACEMENT_3D('',#3598,#2992,#2993);
#2708=AXIS2_PLACEMENT_3D('',#3602,#2995,#2996);
#2709=AXIS2_PLACEMENT_3D('',#3603,#2997,#2998);
#2710=AXIS2_PLACEMENT_3D('',#3619,#3008,#3009);
#2711=AXIS2_PLACEMENT_3D('',#3638,#3020,#3021);
#2712=AXIS2_PLACEMENT_3D('',#3639,#3022,#3023);
#2713=AXIS2_PLACEMENT_3D('',#3640,#3024,#3025);
#2714=AXIS2_PLACEMENT_3D('',#3641,#3026,#3027);
#2715=AXIS2_PLACEMENT_3D('',#3642,#3028,#3029);
#2716=AXIS2_PLACEMENT_3D('',#3646,#3031,#3032);
#2717=AXIS2_PLACEMENT_3D('',#3647,#3033,#3034);
#2718=AXIS2_PLACEMENT_3D('',#3650,#3037,#3038);
#2719=AXIS2_PLACEMENT_3D('',#3655,#3041,#3042);
#2720=AXIS2_PLACEMENT_3D('',#3656,#3043,#3044);
#2721=AXIS2_PLACEMENT_3D('',#3661,#3047,#3048);
#2722=AXIS2_PLACEMENT_3D('',#3667,#3052,#3053);
#2723=AXIS2_PLACEMENT_3D('',#3668,#3054,#3055);
#2724=AXIS2_PLACEMENT_3D('',#3669,#3056,#3057);
#2725=AXIS2_PLACEMENT_3D('',#3671,#3059,#3060);
#2726=AXIS2_PLACEMENT_3D('',#3672,#3061,#3062);
#2727=AXIS2_PLACEMENT_3D('',#3673,#3063,#3064);
#2728=AXIS2_PLACEMENT_3D('',#3678,#3067,#3068);
#2729=AXIS2_PLACEMENT_3D('',#3680,#3070,#3071);
#2730=AXIS2_PLACEMENT_3D('',#3682,#3073,#3074);
#2731=AXIS2_PLACEMENT_3D('',#3683,#3075,#3076);
#2732=AXIS2_PLACEMENT_3D('',#3692,#3081,#3082);
#2733=AXIS2_PLACEMENT_3D('',#3693,#3083,#3084);
#2734=AXIS2_PLACEMENT_3D('',#3694,#3085,#3086);
#2735=AXIS2_PLACEMENT_3D('',#3695,#3087,#3088);
#2736=AXIS2_PLACEMENT_3D('',#3697,#3090,#3091);
#2737=AXIS2_PLACEMENT_3D('',#3699,#3093,#3094);
#2738=AXIS2_PLACEMENT_3D('',#3700,#3095,#3096);
#2739=AXIS2_PLACEMENT_3D('',#3706,#3100,#3101);
#2740=AXIS2_PLACEMENT_3D('',#3707,#3102,#3103);
#2741=AXIS2_PLACEMENT_3D('',#3710,#3105,#3106);
#2742=AXIS2_PLACEMENT_3D('',#3713,#3108,#3109);
#2743=AXIS2_PLACEMENT_3D('',#3714,#3110,#3111);
#2744=AXIS2_PLACEMENT_3D('',#3716,#3113,#3114);
#2745=AXIS2_PLACEMENT_3D('',#3717,#3115,#3116);
#2746=AXIS2_PLACEMENT_3D('',#3722,#3119,#3120);
#2747=AXIS2_PLACEMENT_3D('',#3723,#3121,#3122);
#2748=AXIS2_PLACEMENT_3D('',#3726,#3124,#3125);
#2749=AXIS2_PLACEMENT_3D('',#3729,#3127,#3128);
#2750=AXIS2_PLACEMENT_3D('',#3732,#3130,#3131);
#2751=AXIS2_PLACEMENT_3D('',#3733,#3132,#3133);
#2752=AXIS2_PLACEMENT_3D('',#3737,#3136,#3137);
#2753=AXIS2_PLACEMENT_3D('',#3739,#3139,#3140);
#2754=AXIS2_PLACEMENT_3D('',#3743,#3143,#3144);
#2755=AXIS2_PLACEMENT_3D('',#3747,#3147,#3148);
#2756=AXIS2_PLACEMENT_3D('',#3748,#3149,#3150);
#2757=AXIS2_PLACEMENT_3D('',#3749,#3151,#3152);
#2758=AXIS2_PLACEMENT_3D('',#3750,#3153,#3154);
#2759=AXIS2_PLACEMENT_3D('',#3752,#3156,#3157);
#2760=AXIS2_PLACEMENT_3D('',#3753,#3158,#3159);
#2761=AXIS2_PLACEMENT_3D('',#3755,#3161,#3162);
#2762=AXIS2_PLACEMENT_3D('',#3756,#3163,#3164);
#2763=AXIS2_PLACEMENT_3D('',#3758,#3166,#3167);
#2764=AXIS2_PLACEMENT_3D('',#3759,#3168,#3169);
#2765=AXIS2_PLACEMENT_3D('',#3761,#3171,#3172);
#2766=AXIS2_PLACEMENT_3D('',#3762,#3173,#3174);
#2767=AXIS2_PLACEMENT_3D('',#3768,#3178,#3179);
#2768=AXIS2_PLACEMENT_3D('',#3774,#3183,#3184);
#2769=AXIS2_PLACEMENT_3D('',#3776,#3186,#3187);
#2770=AXIS2_PLACEMENT_3D('',#3778,#3189,#3190);
#2771=AXIS2_PLACEMENT_3D('',#3779,#3191,#3192);
#2772=AXIS2_PLACEMENT_3D('',#3785,#3196,#3197);
#2773=AXIS2_PLACEMENT_3D('',#3791,#3201,#3202);
#2774=AXIS2_PLACEMENT_3D('',#3793,#3204,#3205);
#2775=AXIS2_PLACEMENT_3D('',#3795,#3207,#3208);
#2776=AXIS2_PLACEMENT_3D('',#3796,#3209,#3210);
#2777=AXIS2_PLACEMENT_3D('',#3802,#3214,#3215);
#2778=AXIS2_PLACEMENT_3D('',#3812,#3221,#3222);
#2779=AXIS2_PLACEMENT_3D('',#3817,#3225,#3226);
#2780=AXIS2_PLACEMENT_3D('',#3820,#3228,#3229);
#2781=AXIS2_PLACEMENT_3D('',#3823,#3231,#3232);
#2782=AXIS2_PLACEMENT_3D('',#3834,#3238,#3239);
#2783=AXIS2_PLACEMENT_3D('',#3837,#3241,#3242);
#2784=AXIS2_PLACEMENT_3D('',#3843,#3246,#3247);
#2785=AXIS2_PLACEMENT_3D('',#3846,#3250,#3251);
#2786=AXIS2_PLACEMENT_3D('',#3848,#3253,#3254);
#2787=AXIS2_PLACEMENT_3D('',#3849,#3255,#3256);
#2788=AXIS2_PLACEMENT_3D('',#3850,#3257,#3258);
#2789=AXIS2_PLACEMENT_3D('',#3851,#3259,#3260);
#2790=AXIS2_PLACEMENT_3D('',#3853,#3262,#3263);
#2791=AXIS2_PLACEMENT_3D('',#3859,#3267,#3268);
#2792=AXIS2_PLACEMENT_3D('',#3869,#3274,#3275);
#2793=AXIS2_PLACEMENT_3D('',#3874,#3278,#3279);
#2794=AXIS2_PLACEMENT_3D('',#3877,#3281,#3282);
#2795=AXIS2_PLACEMENT_3D('',#3880,#3284,#3285);
#2796=AXIS2_PLACEMENT_3D('',#3891,#3291,#3292);
#2797=AXIS2_PLACEMENT_3D('',#3894,#3294,#3295);
#2798=AXIS2_PLACEMENT_3D('',#3900,#3299,#3300);
#2799=AXIS2_PLACEMENT_3D('',#3903,#3303,#3304);
#2800=AXIS2_PLACEMENT_3D('',#3905,#3306,#3307);
#2801=AXIS2_PLACEMENT_3D('',#3906,#3308,#3309);
#2802=AXIS2_PLACEMENT_3D('',#3907,#3310,#3311);
#2803=AXIS2_PLACEMENT_3D('',#3908,#3312,#3313);
#2804=AXIS2_PLACEMENT_3D('',#3910,#3315,#3316);
#2805=AXIS2_PLACEMENT_3D('',#3913,#3319,#3320);
#2806=AXIS2_PLACEMENT_3D('',#3914,#3321,#3322);
#2807=AXIS2_PLACEMENT_3D('',#3915,#3323,#3324);
#2808=AXIS2_PLACEMENT_3D('',#3918,#3327,#3328);
#2809=AXIS2_PLACEMENT_3D('',#3919,#3329,#3330);
#2810=DIRECTION('',(0.,0.,1.));
#2811=DIRECTION('',(1.,0.,0.));
#2812=DIRECTION('',(0.,1.,0.));
#2813=DIRECTION('',(0.,0.,1.));
#2814=DIRECTION('',(-0.707106781186548,0.,-0.707106781186548));
#2815=DIRECTION('',(0.,0.,1.));
#2816=DIRECTION('',(-1.,0.,0.));
#2817=DIRECTION('',(0.,1.,0.));
#2818=DIRECTION('',(0.,0.,1.));
#2819=DIRECTION('',(-0.707106781186548,0.,-0.707106781186548));
#2820=DIRECTION('',(0.,0.,1.));
#2821=DIRECTION('',(-1.,0.,0.));
#2822=DIRECTION('',(0.,-1.,0.));
#2823=DIRECTION('',(0.,0.,-1.));
#2824=DIRECTION('',(-1.,0.,0.));
#2825=DIRECTION('',(0.,0.,1.));
#2826=DIRECTION('',(-1.,0.,0.));
#2827=DIRECTION('',(0.,0.,-1.));
#2828=DIRECTION('',(-1.,0.,0.));
#2829=DIRECTION('',(0.,-1.,0.));
#2830=DIRECTION('',(0.,0.,-1.));
#2831=DIRECTION('',(-1.,0.,0.));
#2832=DIRECTION('',(0.,0.,-1.));
#2833=DIRECTION('',(-1.,0.,0.));
#2834=DIRECTION('',(0.,-1.,0.));
#2835=DIRECTION('',(0.,0.,-1.));
#2836=DIRECTION('',(-1.,0.,0.));
#2837=DIRECTION('',(0.,0.,-1.));
#2838=DIRECTION('',(-1.,0.,0.));
#2839=DIRECTION('',(0.,0.,-1.));
#2840=DIRECTION('',(-1.,0.,0.));
#2841=DIRECTION('',(0.,0.,-1.));
#2842=DIRECTION('',(-1.,0.,0.));
#2843=DIRECTION('',(0.,0.,1.));
#2844=DIRECTION('',(-1.,0.,0.));
#2845=DIRECTION('',(0.,0.,-1.));
#2846=DIRECTION('',(0.,0.,-1.));
#2847=DIRECTION('',(-1.,0.,0.));
#2848=DIRECTION('',(0.,0.447213595499958,0.894427190999916));
#2849=DIRECTION('',(0.,0.894427190999916,-0.447213595499958));
#2850=DIRECTION('',(0.,0.,-1.));
#2851=DIRECTION('',(0.,0.447213595499958,-0.894427190999916));
#2852=DIRECTION('',(0.,-0.894427190999916,-0.447213595499958));
#2853=DIRECTION('',(-0.707106781186548,-0.707106781186547,0.));
#2854=DIRECTION('',(0.707106781186547,-0.707106781186548,0.));
#2855=DIRECTION('',(0.666666666666666,-0.666666666666667,-0.333333333333334));
#2856=DIRECTION('',(0.,0.,-1.));
#2857=DIRECTION('',(-0.707106781186547,0.707106781186548,0.));
#2858=DIRECTION('',(0.,0.,-1.));
#2859=DIRECTION('',(-0.707106781186547,0.707106781186548,0.));
#2860=DIRECTION('',(0.,0.,-1.));
#2861=DIRECTION('',(-0.666666666666666,0.666666666666667,-0.333333333333334));
#2862=DIRECTION('',(-0.707106781186548,-0.707106781186548,0.));
#2863=DIRECTION('',(0.707106781186548,-0.707106781186548,0.));
#2864=DIRECTION('',(0.666666666666666,-0.666666666666667,-0.333333333333334));
#2865=DIRECTION('',(-0.666666666666666,0.666666666666667,-0.333333333333334));
#2866=DIRECTION('',(-0.707106781186548,-0.707106781186548,0.));
#2867=DIRECTION('',(0.707106781186548,-0.707106781186548,0.));
#2868=DIRECTION('',(0.,1.,0.));
#2869=DIRECTION('',(0.,0.,1.));
#2870=DIRECTION('',(0.,-1.,0.));
#2871=DIRECTION('',(0.,0.,-1.));
#2872=DIRECTION('',(0.,0.894427190999916,-0.447213595499958));
#2873=DIRECTION('',(0.,-0.894427190999916,-0.447213595499958));
#2874=DIRECTION('',(0.,-1.,0.));
#2875=DIRECTION('',(0.,0.,-1.));
#2876=DIRECTION('',(0.,-1.,0.));
#2877=DIRECTION('',(0.,-1.,0.));
#2878=DIRECTION('',(0.,0.,-1.));
#2879=DIRECTION('',(0.,1.,0.));
#2880=DIRECTION('',(0.,0.,-1.));
#2881=DIRECTION('',(-1.,0.,0.));
#2882=DIRECTION('',(0.,0.447213595499958,-0.894427190999916));
#2883=DIRECTION('',(0.,-0.894427190999916,-0.447213595499958));
#2884=DIRECTION('',(0.,0.,1.));
#2885=DIRECTION('',(1.,0.,0.));
#2886=DIRECTION('',(0.707106781186548,0.707106781186548,0.));
#2887=DIRECTION('',(-0.707106781186548,0.707106781186548,0.));
#2888=DIRECTION('',(-0.707106781186548,-0.707106781186548,0.));
#2889=DIRECTION('',(0.707106781186548,-0.707106781186548,0.));
#2890=DIRECTION('',(-0.707106781186548,-0.707106781186548,0.));
#2891=DIRECTION('',(0.707106781186548,-0.707106781186548,0.));
#2892=DIRECTION('',(-0.707106781186548,-0.707106781186548,0.));
#2893=DIRECTION('',(0.707106781186548,-0.707106781186548,0.));
#2894=DIRECTION('',(-0.707106781186548,-0.707106781186548,0.));
#2895=DIRECTION('',(-0.707106781186548,-0.707106781186548,0.));
#2896=DIRECTION('',(0.707106781186548,0.707106781186548,0.));
#2897=DIRECTION('',(-0.707106781186548,0.707106781186548,0.));
#2898=DIRECTION('',(0.,0.,-1.));
#2899=DIRECTION('',(-0.707106781186548,0.707106781186548,0.));
#2900=DIRECTION('',(0.707106781186548,-0.707106781186548,0.));
#2901=DIRECTION('',(0.,1.,0.));
#2902=DIRECTION('',(0.,0.,1.));
#2903=DIRECTION('',(0.,-1.,0.));
#2904=DIRECTION('',(0.,0.,-1.));
#2905=DIRECTION('',(0.,0.894427190999916,-0.447213595499958));
#2906=DIRECTION('',(0.,-0.894427190999916,-0.447213595499958));
#2907=DIRECTION('',(0.,-1.,0.));
#2908=DIRECTION('',(0.,0.,-1.));
#2909=DIRECTION('',(0.,-1.,0.));
#2910=DIRECTION('',(0.,-1.,0.));
#2911=DIRECTION('',(0.,0.,-1.));
#2912=DIRECTION('',(0.,1.,0.));
#2913=DIRECTION('',(0.,0.,-1.));
#2914=DIRECTION('',(-1.,0.,0.));
#2915=DIRECTION('',(0.,0.447213595499958,0.894427190999916));
#2916=DIRECTION('',(0.,0.894427190999916,-0.447213595499958));
#2917=DIRECTION('',(0.,0.,1.));
#2918=DIRECTION('',(1.,0.,0.));
#2919=DIRECTION('',(0.707106781186548,0.707106781186548,0.));
#2920=DIRECTION('',(-0.707106781186548,0.707106781186548,0.));
#2921=DIRECTION('',(-0.707106781186548,-0.707106781186548,0.));
#2922=DIRECTION('',(0.707106781186548,-0.707106781186548,0.));
#2923=DIRECTION('',(-0.707106781186548,-0.707106781186548,0.));
#2924=DIRECTION('',(0.707106781186548,-0.707106781186548,0.));
#2925=DIRECTION('',(-0.707106781186548,-0.707106781186548,0.));
#2926=DIRECTION('',(0.707106781186548,-0.707106781186548,0.));
#2927=DIRECTION('',(-0.707106781186548,-0.707106781186548,0.));
#2928=DIRECTION('',(-0.707106781186548,-0.707106781186548,0.));
#2929=DIRECTION('',(0.707106781186548,0.707106781186548,0.));
#2930=DIRECTION('',(-0.707106781186548,0.707106781186548,0.));
#2931=DIRECTION('',(0.,0.,-1.));
#2932=DIRECTION('',(-0.707106781186548,0.707106781186548,0.));
#2933=DIRECTION('',(0.707106781186548,-0.707106781186548,0.));
#2934=DIRECTION('',(0.,1.,0.));
#2935=DIRECTION('',(0.,0.,1.));
#2936=DIRECTION('',(-1.,0.,0.));
#2937=DIRECTION('',(-1.,0.,0.));
#2938=DIRECTION('',(0.,1.,0.));
#2939=DIRECTION('',(0.,0.,1.));
#2940=DIRECTION('',(-1.,0.,0.));
#2941=DIRECTION('',(-1.,0.,0.));
#2942=DIRECTION('',(-1.35525271560688E-17,1.,0.));
#2943=DIRECTION('',(-1.,-1.35525271560688E-17,0.));
#2944=DIRECTION('',(-1.,-1.35525271560688E-17,0.));
#2945=DIRECTION('',(0.,0.,-1.));
#2946=DIRECTION('',(1.,1.35525271560688E-17,0.));
#2947=DIRECTION('',(0.,0.,-1.));
#2948=DIRECTION('',(-1.,-1.35525271560688E-17,0.));
#2949=DIRECTION('',(0.,0.,-1.));
#2950=DIRECTION('',(1.,1.35525271560688E-17,0.));
#2951=DIRECTION('',(0.,0.,-1.));
#2952=DIRECTION('',(0.,0.,-1.));
#2953=DIRECTION('',(1.,1.35525271560688E-17,0.));
#2954=DIRECTION('',(0.,0.,1.));
#2955=DIRECTION('',(1.,1.35525271560688E-17,0.));
#2956=DIRECTION('',(0.,0.,-1.));
#2957=DIRECTION('',(1.,1.35525271560688E-17,0.));
#2958=DIRECTION('',(0.,0.,1.));
#2959=DIRECTION('',(1.,1.35525271560688E-17,0.));
#2960=DIRECTION('',(0.,0.,-1.));
#2961=DIRECTION('',(1.,1.35525271560688E-17,0.));
#2962=DIRECTION('',(0.,0.,-1.));
#2963=DIRECTION('',(1.,1.35525271560688E-17,0.));
#2964=DIRECTION('',(0.,0.,-1.));
#2965=DIRECTION('',(1.,1.35525271560688E-17,0.));
#2966=DIRECTION('',(0.,0.,-1.));
#2967=DIRECTION('',(1.,1.35525271560688E-17,0.));
#2968=DIRECTION('',(0.,0.,-1.));
#2969=DIRECTION('',(1.,0.,0.));
#2970=DIRECTION('',(0.,0.,-1.));
#2971=DIRECTION('',(1.,1.35525271560688E-17,0.));
#2972=DIRECTION('',(1.,0.,0.));
#2973=DIRECTION('',(0.,0.,-1.));
#2974=DIRECTION('',(0.,-1.,0.));
#2975=DIRECTION('',(0.,0.,-1.));
#2976=DIRECTION('',(0.,-1.,0.));
#2977=DIRECTION('',(0.,0.,-1.));
#2978=DIRECTION('',(0.,0.,-1.));
#2979=DIRECTION('',(-1.,0.,0.));
#2980=DIRECTION('',(0.,0.,1.));
#2981=DIRECTION('',(1.,0.,0.));
#2982=DIRECTION('',(0.,0.,-1.));
#2983=DIRECTION('',(0.,0.,1.));
#2984=DIRECTION('',(1.,0.,0.));
#2985=DIRECTION('',(1.,0.,0.));
#2986=DIRECTION('',(0.,0.,-1.));
#2987=DIRECTION('',(0.,-1.,0.));
#2988=DIRECTION('',(0.,0.,-1.));
#2989=DIRECTION('',(0.,-1.,0.));
#2990=DIRECTION('',(0.,0.,-1.));
#2991=DIRECTION('',(-1.,0.,0.));
#2992=DIRECTION('',(0.,0.,1.));
#2993=DIRECTION('',(1.,0.,0.));
#2994=DIRECTION('',(0.,0.,-1.));
#2995=DIRECTION('',(0.,0.,1.));
#2996=DIRECTION('',(1.,0.,0.));
#2997=DIRECTION('',(1.,0.,0.));
#2998=DIRECTION('',(0.,0.,-1.));
#2999=DIRECTION('',(0.,-1.,0.));
#3000=DIRECTION('',(0.,0.,-1.));
#3001=DIRECTION('',(0.,-1.,0.));
#3002=DIRECTION('',(0.,-1.,0.));
#3003=DIRECTION('',(0.,0.,-1.));
#3004=DIRECTION('',(0.,-1.,0.));
#3005=DIRECTION('',(0.,-1.,0.));
#3006=DIRECTION('',(0.,0.,-1.));
#3007=DIRECTION('',(0.,-1.,0.));
#3008=DIRECTION('',(-1.,0.,0.));
#3009=DIRECTION('',(0.,0.,1.));
#3010=DIRECTION('',(0.,1.,0.));
#3011=DIRECTION('',(0.,0.,-1.));
#3012=DIRECTION('',(0.,1.,0.));
#3013=DIRECTION('',(0.,1.,0.));
#3014=DIRECTION('',(0.,0.,-1.));
#3015=DIRECTION('',(0.,1.,0.));
#3016=DIRECTION('',(0.,0.,-1.));
#3017=DIRECTION('',(0.,1.,0.));
#3018=DIRECTION('',(0.,0.,-1.));
#3019=DIRECTION('',(0.,1.,0.));
#3020=DIRECTION('',(0.,0.,-1.));
#3021=DIRECTION('',(-1.,0.,0.));
#3022=DIRECTION('',(0.,0.,1.));
#3023=DIRECTION('',(1.,0.,0.));
#3024=DIRECTION('',(0.,0.,1.));
#3025=DIRECTION('',(1.,0.,0.));
#3026=DIRECTION('',(0.,0.,-1.));
#3027=DIRECTION('',(-1.,0.,0.));
#3028=DIRECTION('',(0.,0.,1.));
#3029=DIRECTION('',(1.,0.,0.));
#3030=DIRECTION('',(0.,0.,-1.));
#3031=DIRECTION('',(0.,0.,1.));
#3032=DIRECTION('',(1.,0.,0.));
#3033=DIRECTION('',(0.939692620785908,-0.342020143325669,0.));
#3034=DIRECTION('',(0.342020143325669,0.939692620785908,0.));
#3035=DIRECTION('',(-0.342020143325669,-0.939692620785909,0.));
#3036=DIRECTION('',(-0.342020143325669,-0.939692620785909,0.));
#3037=DIRECTION('',(0.,0.,1.));
#3038=DIRECTION('',(1.,0.,0.));
#3039=DIRECTION('',(3.46944695195361E-15,1.,0.));
#3040=DIRECTION('',(1.,0.,0.));
#3041=DIRECTION('',(0.,0.,1.));
#3042=DIRECTION('',(1.,0.,0.));
#3043=DIRECTION('',(0.,0.,1.));
#3044=DIRECTION('',(1.,0.,0.));
#3045=DIRECTION('',(1.,0.,0.));
#3046=DIRECTION('',(1.73472347597681E-15,-1.,0.));
#3047=DIRECTION('',(0.,1.,0.));
#3048=DIRECTION('',(0.,0.,1.));
#3049=DIRECTION('',(0.,0.,-1.));
#3050=DIRECTION('',(1.,0.,0.));
#3051=DIRECTION('',(0.,0.,-1.));
#3052=DIRECTION('',(0.,0.,-1.));
#3053=DIRECTION('',(-1.,0.,0.));
#3054=DIRECTION('',(0.,0.,1.));
#3055=DIRECTION('',(1.,0.,0.));
#3056=DIRECTION('',(0.,0.,1.));
#3057=DIRECTION('',(1.,0.,0.));
#3058=DIRECTION('',(1.73472347597681E-15,-1.,0.));
#3059=DIRECTION('',(1.,1.73472347597681E-15,0.));
#3060=DIRECTION('',(-1.73472347597681E-15,1.,0.));
#3061=DIRECTION('',(0.,0.,1.));
#3062=DIRECTION('',(1.,0.,0.));
#3063=DIRECTION('',(0.,0.,1.));
#3064=DIRECTION('',(1.,0.,0.));
#3065=DIRECTION('',(1.,0.,0.));
#3066=DIRECTION('',(3.46944695195361E-15,1.,0.));
#3067=DIRECTION('',(-1.,3.46944695195361E-15,0.));
#3068=DIRECTION('',(-3.46944695195361E-15,-1.,0.));
#3069=DIRECTION('',(0.,0.,-1.));
#3070=DIRECTION('',(0.,0.,-1.));
#3071=DIRECTION('',(-1.,0.,0.));
#3072=DIRECTION('',(0.,0.,-1.));
#3073=DIRECTION('',(0.,1.,0.));
#3074=DIRECTION('',(0.,0.,1.));
#3075=DIRECTION('',(0.,1.,0.));
#3076=DIRECTION('',(0.,0.,1.));
#3077=DIRECTION('',(1.,0.,0.));
#3078=DIRECTION('',(0.,0.,-1.));
#3079=DIRECTION('',(1.,0.,0.));
#3080=DIRECTION('',(0.,0.,-1.));
#3081=DIRECTION('',(0.,0.,-1.));
#3082=DIRECTION('',(-1.,0.,0.));
#3083=DIRECTION('',(0.,0.,1.));
#3084=DIRECTION('',(1.,0.,0.));
#3085=DIRECTION('',(0.,0.,1.));
#3086=DIRECTION('',(1.,0.,0.));
#3087=DIRECTION('',(0.,0.,1.));
#3088=DIRECTION('',(1.,0.,0.));
#3089=DIRECTION('',(1.73472347597681E-15,-1.,0.));
#3090=DIRECTION('',(0.,0.,1.));
#3091=DIRECTION('',(1.,0.,0.));
#3092=DIRECTION('',(1.73472347597681E-15,-1.,0.));
#3093=DIRECTION('',(1.,1.73472347597681E-15,0.));
#3094=DIRECTION('',(-1.73472347597681E-15,1.,0.));
#3095=DIRECTION('',(-1.,3.46944695195361E-15,0.));
#3096=DIRECTION('',(-3.46944695195361E-15,-1.,0.));
#3097=DIRECTION('',(3.46944695195361E-15,1.,0.));
#3098=DIRECTION('',(3.46944695195361E-15,1.,0.));
#3099=DIRECTION('',(0.,0.,-1.));
#3100=DIRECTION('',(0.,0.,1.));
#3101=DIRECTION('',(1.,0.,0.));
#3102=DIRECTION('',(0.,0.,1.));
#3103=DIRECTION('',(1.,0.,0.));
#3104=DIRECTION('',(1.,0.,0.));
#3105=DIRECTION('',(0.,0.,1.));
#3106=DIRECTION('',(1.,0.,0.));
#3107=DIRECTION('',(1.,0.,0.));
#3108=DIRECTION('',(0.,0.,1.));
#3109=DIRECTION('',(1.,0.,0.));
#3110=DIRECTION('',(0.,0.,-1.));
#3111=DIRECTION('',(-1.,0.,0.));
#3112=DIRECTION('',(0.,0.,-1.));
#3113=DIRECTION('',(0.,1.,0.));
#3114=DIRECTION('',(0.,0.,1.));
#3115=DIRECTION('',(0.,0.,1.));
#3116=DIRECTION('',(1.,0.,0.));
#3117=DIRECTION('',(5.78241158658936E-15,1.,0.));
#3118=DIRECTION('',(1.,0.,0.));
#3119=DIRECTION('',(0.,0.,1.));
#3120=DIRECTION('',(1.,0.,0.));
#3121=DIRECTION('',(0.,0.,1.));
#3122=DIRECTION('',(1.,0.,0.));
#3123=DIRECTION('',(2.89120579329468E-15,-1.,0.));
#3124=DIRECTION('',(0.,0.,1.));
#3125=DIRECTION('',(1.,0.,0.));
#3126=DIRECTION('',(1.,0.,0.));
#3127=DIRECTION('',(0.,0.,-1.));
#3128=DIRECTION('',(-1.,0.,0.));
#3129=DIRECTION('',(0.,0.,-1.));
#3130=DIRECTION('',(0.,0.,1.));
#3131=DIRECTION('',(1.,0.,0.));
#3132=DIRECTION('',(0.,1.,0.));
#3133=DIRECTION('',(0.,0.,1.));
#3134=DIRECTION('',(0.,0.,-1.));
#3135=DIRECTION('',(1.,0.,0.));
#3136=DIRECTION('',(-1.,5.78241158658936E-15,0.));
#3137=DIRECTION('',(-5.78241158658936E-15,-1.,0.));
#3138=DIRECTION('',(5.78241158658936E-15,1.,0.));
#3139=DIRECTION('',(1.,2.89120579329468E-15,0.));
#3140=DIRECTION('',(-2.89120579329468E-15,1.,0.));
#3141=DIRECTION('',(0.,0.,-1.));
#3142=DIRECTION('',(2.89120579329468E-15,-1.,0.));
#3143=DIRECTION('',(0.,1.,0.));
#3144=DIRECTION('',(0.,0.,1.));
#3145=DIRECTION('',(0.,0.,-1.));
#3146=DIRECTION('',(1.,0.,0.));
#3147=DIRECTION('',(0.,0.,-1.));
#3148=DIRECTION('',(-1.,0.,0.));
#3149=DIRECTION('',(0.,0.,1.));
#3150=DIRECTION('',(1.,0.,0.));
#3151=DIRECTION('',(0.,0.,1.));
#3152=DIRECTION('',(1.,0.,0.));
#3153=DIRECTION('',(0.,0.,1.));
#3154=DIRECTION('',(1.,0.,0.));
#3155=DIRECTION('',(-1.,0.,0.));
#3156=DIRECTION('',(0.,0.447213595499958,0.894427190999916));
#3157=DIRECTION('',(0.,-0.894427190999916,0.447213595499958));
#3158=DIRECTION('',(0.,0.447213595499958,-0.894427190999916));
#3159=DIRECTION('',(0.,0.894427190999916,0.447213595499958));
#3160=DIRECTION('',(-1.,0.,0.));
#3161=DIRECTION('',(0.,0.,-1.));
#3162=DIRECTION('',(-1.,0.,0.));
#3163=DIRECTION('',(0.,0.,1.));
#3164=DIRECTION('',(1.,0.,0.));
#3165=DIRECTION('',(-1.,0.,0.));
#3166=DIRECTION('',(0.,0.447213595499958,0.894427190999916));
#3167=DIRECTION('',(0.,-0.894427190999916,0.447213595499958));
#3168=DIRECTION('',(0.,0.447213595499958,-0.894427190999916));
#3169=DIRECTION('',(0.,0.894427190999916,0.447213595499958));
#3170=DIRECTION('',(-1.,0.,0.));
#3171=DIRECTION('',(0.,0.,-1.));
#3172=DIRECTION('',(-1.,0.,0.));
#3173=DIRECTION('',(0.,0.,-1.));
#3174=DIRECTION('',(-1.,0.,0.));
#3175=DIRECTION('',(0.,-1.,0.));
#3176=DIRECTION('',(0.,-1.,0.));
#3177=DIRECTION('',(-1.,0.,0.));
#3178=DIRECTION('',(0.,0.,1.));
#3179=DIRECTION('',(1.,0.,0.));
#3180=DIRECTION('',(0.,1.,0.));
#3181=DIRECTION('',(0.,1.,0.));
#3182=DIRECTION('',(-1.,0.,0.));
#3183=DIRECTION('',(1.,0.,0.));
#3184=DIRECTION('',(0.,0.,-1.));
#3185=DIRECTION('',(0.,0.,-1.));
#3186=DIRECTION('',(1.,0.,0.));
#3187=DIRECTION('',(0.,0.,-1.));
#3188=DIRECTION('',(0.,0.,-1.));
#3189=DIRECTION('',(0.,1.,0.));
#3190=DIRECTION('',(0.,0.,1.));
#3191=DIRECTION('',(0.,0.,-1.));
#3192=DIRECTION('',(-1.,0.,0.));
#3193=DIRECTION('',(0.,-1.,0.));
#3194=DIRECTION('',(0.,-1.,0.));
#3195=DIRECTION('',(-1.,0.,0.));
#3196=DIRECTION('',(0.,0.,1.));
#3197=DIRECTION('',(1.,0.,0.));
#3198=DIRECTION('',(0.,1.,0.));
#3199=DIRECTION('',(0.,1.,0.));
#3200=DIRECTION('',(-1.,0.,0.));
#3201=DIRECTION('',(1.,0.,0.));
#3202=DIRECTION('',(0.,0.,-1.));
#3203=DIRECTION('',(0.,0.,-1.));
#3204=DIRECTION('',(1.,0.,0.));
#3205=DIRECTION('',(0.,0.,-1.));
#3206=DIRECTION('',(0.,0.,-1.));
#3207=DIRECTION('',(0.,1.,0.));
#3208=DIRECTION('',(0.,0.,1.));
#3209=DIRECTION('',(-1.,0.,0.));
#3210=DIRECTION('',(0.,0.,1.));
#3211=DIRECTION('',(0.,-1.,0.));
#3212=DIRECTION('',(0.,0.,1.));
#3213=DIRECTION('',(0.,-1.,0.));
#3214=DIRECTION('',(1.,0.,0.));
#3215=DIRECTION('',(0.,0.,-1.));
#3216=DIRECTION('',(0.,0.727606875108999,-0.685994340570035));
#3217=DIRECTION('',(0.,0.,-1.));
#3218=DIRECTION('',(0.,1.,0.));
#3219=DIRECTION('',(0.,1.,0.));
#3220=DIRECTION('',(0.,0.,1.));
#3221=DIRECTION('',(0.,0.,1.));
#3222=DIRECTION('',(1.,0.,0.));
#3223=DIRECTION('',(1.,0.,0.));
#3224=DIRECTION('',(0.685994340570035,0.727606875108999,0.));
#3225=DIRECTION('',(0.,0.,1.));
#3226=DIRECTION('',(1.,0.,0.));
#3227=DIRECTION('',(1.,0.,0.));
#3228=DIRECTION('',(0.,0.,1.));
#3229=DIRECTION('',(1.,0.,0.));
#3230=DIRECTION('',(0.,-1.,0.));
#3231=DIRECTION('',(0.,0.,1.));
#3232=DIRECTION('',(1.,0.,0.));
#3233=DIRECTION('',(1.,0.,0.));
#3234=DIRECTION('',(0.685994340570035,-0.727606875108999,0.));
#3235=DIRECTION('',(-1.,0.,0.));
#3236=DIRECTION('',(-0.707106781186547,-0.707106781186547,0.));
#3237=DIRECTION('',(0.,-1.,0.));
#3238=DIRECTION('',(0.,0.,1.));
#3239=DIRECTION('',(1.,0.,0.));
#3240=DIRECTION('',(1.,0.,0.));
#3241=DIRECTION('',(-0.707106781186547,0.707106781186547,0.));
#3242=DIRECTION('',(-0.707106781186548,-0.707106781186548,0.));
#3243=DIRECTION('',(0.416142953312923,0.416142953312923,0.80848629228701));
#3244=DIRECTION('',(0.,0.,1.));
#3245=DIRECTION('',(0.,0.,1.));
#3246=DIRECTION('',(-1.,0.,0.));
#3247=DIRECTION('',(0.,0.,1.));
#3248=DIRECTION('',(0.,0.,1.));
#3249=DIRECTION('',(0.,0.,1.));
#3250=DIRECTION('',(0.,0.,1.));
#3251=DIRECTION('',(1.,0.,0.));
#3252=DIRECTION('',(0.,0.,1.));
#3253=DIRECTION('',(0.,-1.,0.));
#3254=DIRECTION('',(0.,0.,-1.));
#3255=DIRECTION('',(0.,0.,1.));
#3256=DIRECTION('',(1.,0.,0.));
#3257=DIRECTION('',(0.588348405414552,-0.554700196225229,-0.588348405414552));
#3258=DIRECTION('',(0.428086344739045,-0.403603676397787,0.80860754006264));
#3259=DIRECTION('',(0.,1.,0.));
#3260=DIRECTION('',(0.,0.,1.));
#3261=DIRECTION('',(0.707106781186548,0.,0.707106781186548));
#3262=DIRECTION('',(-1.,0.,0.));
#3263=DIRECTION('',(0.,0.,1.));
#3264=DIRECTION('',(0.,-1.,0.));
#3265=DIRECTION('',(0.,0.,1.));
#3266=DIRECTION('',(0.,-1.,0.));
#3267=DIRECTION('',(1.,0.,0.));
#3268=DIRECTION('',(0.,0.,-1.));
#3269=DIRECTION('',(0.,0.727606875108999,-0.685994340570035));
#3270=DIRECTION('',(0.,0.,-1.));
#3271=DIRECTION('',(0.,1.,0.));
#3272=DIRECTION('',(0.,1.,0.));
#3273=DIRECTION('',(0.,0.,1.));
#3274=DIRECTION('',(0.,0.,1.));
#3275=DIRECTION('',(1.,0.,0.));
#3276=DIRECTION('',(1.,0.,0.));
#3277=DIRECTION('',(0.685994340570035,0.727606875108999,0.));
#3278=DIRECTION('',(0.,0.,1.));
#3279=DIRECTION('',(1.,0.,0.));
#3280=DIRECTION('',(1.,0.,0.));
#3281=DIRECTION('',(0.,0.,1.));
#3282=DIRECTION('',(1.,0.,0.));
#3283=DIRECTION('',(0.,-1.,0.));
#3284=DIRECTION('',(0.,0.,1.));
#3285=DIRECTION('',(1.,0.,0.));
#3286=DIRECTION('',(1.,0.,0.));
#3287=DIRECTION('',(0.685994340570035,-0.727606875108999,0.));
#3288=DIRECTION('',(-1.,0.,0.));
#3289=DIRECTION('',(-0.707106781186547,-0.707106781186547,0.));
#3290=DIRECTION('',(0.,-1.,0.));
#3291=DIRECTION('',(0.,0.,1.));
#3292=DIRECTION('',(1.,0.,0.));
#3293=DIRECTION('',(1.,0.,0.));
#3294=DIRECTION('',(-0.707106781186547,0.707106781186547,0.));
#3295=DIRECTION('',(-0.707106781186548,-0.707106781186548,0.));
#3296=DIRECTION('',(0.416142953312923,0.416142953312923,0.80848629228701));
#3297=DIRECTION('',(0.,0.,1.));
#3298=DIRECTION('',(0.,0.,1.));
#3299=DIRECTION('',(-1.,0.,0.));
#3300=DIRECTION('',(0.,0.,1.));
#3301=DIRECTION('',(0.,0.,1.));
#3302=DIRECTION('',(0.,0.,1.));
#3303=DIRECTION('',(0.,0.,1.));
#3304=DIRECTION('',(1.,0.,0.));
#3305=DIRECTION('',(0.,0.,1.));
#3306=DIRECTION('',(0.,-1.,0.));
#3307=DIRECTION('',(0.,0.,-1.));
#3308=DIRECTION('',(0.,0.,1.));
#3309=DIRECTION('',(1.,0.,0.));
#3310=DIRECTION('',(0.588348405414552,-0.554700196225229,-0.588348405414552));
#3311=DIRECTION('',(0.428086344739045,-0.403603676397787,0.80860754006264));
#3312=DIRECTION('',(0.,1.,0.));
#3313=DIRECTION('',(0.,0.,1.));
#3314=DIRECTION('',(0.707106781186548,0.,0.707106781186548));
#3315=DIRECTION('',(0.,-1.,0.));
#3316=DIRECTION('',(0.,0.,-1.));
#3317=DIRECTION('',(-0.707106781186547,0.,-0.707106781186547));
#3318=DIRECTION('',(-0.707106781186547,0.,-0.707106781186547));
#3319=DIRECTION('',(0.588348405414552,-0.554700196225229,-0.588348405414552));
#3320=DIRECTION('',(-0.707106781186548,0.,-0.707106781186548));
#3321=DIRECTION('',(-0.588348405414552,-0.554700196225229,0.588348405414552));
#3322=DIRECTION('',(0.707106781186548,0.,0.707106781186548));
#3323=DIRECTION('',(0.,-1.,0.));
#3324=DIRECTION('',(0.,0.,-1.));
#3325=DIRECTION('',(-0.707106781186547,0.,-0.707106781186547));
#3326=DIRECTION('',(-0.707106781186547,0.,-0.707106781186547));
#3327=DIRECTION('',(0.588348405414552,-0.554700196225229,-0.588348405414552));
#3328=DIRECTION('',(-0.707106781186548,0.,-0.707106781186548));
#3329=DIRECTION('',(-0.588348405414552,-0.554700196225229,0.588348405414552));
#3330=DIRECTION('',(0.707106781186548,0.,0.707106781186548));
#3331=CARTESIAN_POINT('',(0.,0.,0.));
#3332=CARTESIAN_POINT('',(-2.9,13.1,4.3));
#3333=CARTESIAN_POINT('',(-3.74644660940673,13.1,5.14644660940673));
#3334=CARTESIAN_POINT('',(-2.9,13.1,5.99289321881345));
#3335=CARTESIAN_POINT('',(-4.59289321881345,13.1,4.3));
#3336=CARTESIAN_POINT('',(-2.9,13.1,4.3));
#3337=CARTESIAN_POINT('',(-2.9,13.1,4.3));
#3338=CARTESIAN_POINT('',(-2.9,13.1,4.3));
#3339=CARTESIAN_POINT('',(-2.9,13.1,0.8));
#3340=CARTESIAN_POINT('',(-3.74644660940673,13.1,1.64644660940673));
#3341=CARTESIAN_POINT('',(-2.9,13.1,2.49289321881345));
#3342=CARTESIAN_POINT('',(-4.59289321881345,13.1,0.800000000000001));
#3343=CARTESIAN_POINT('',(-2.9,13.1,0.8));
#3344=CARTESIAN_POINT('',(-2.9,13.1,0.8));
#3345=CARTESIAN_POINT('',(-2.9,13.1,0.8));
#3346=CARTESIAN_POINT('',(-0.207106781186544,11.5,7.));
#3347=CARTESIAN_POINT('',(-0.207106781186544,11.5,0.799999999999999));
#3348=CARTESIAN_POINT('',(-2.5,11.5,0.8));
#3349=CARTESIAN_POINT('',(-4.8,11.5,0.8));
#3350=CARTESIAN_POINT('',(-2.5,11.5,7.));
#3351=CARTESIAN_POINT('',(-2.5,11.5,3.5));
#3352=CARTESIAN_POINT('',(-0.207106781186544,11.5,3.5));
#3353=CARTESIAN_POINT('',(-4.8,11.5,3.5));
#3354=CARTESIAN_POINT('',(-4.8,11.5,7.));
#3355=CARTESIAN_POINT('',(0.95,11.5,6.4));
#3356=CARTESIAN_POINT('',(-0.207106781186547,11.5,6.4));
#3357=CARTESIAN_POINT('',(-0.55,11.5,6.4));
#3358=CARTESIAN_POINT('',(-0.55,11.5,5.25));
#3359=CARTESIAN_POINT('',(-0.55,11.5,4.1));
#3360=CARTESIAN_POINT('',(0.95,11.5,4.1));
#3361=CARTESIAN_POINT('',(-0.207106781186544,11.5,4.1));
#3362=CARTESIAN_POINT('',(-0.207106781186544,11.5,7.));
#3363=CARTESIAN_POINT('',(-0.207106781186544,11.5,2.9));
#3364=CARTESIAN_POINT('',(0.95,11.5,2.9));
#3365=CARTESIAN_POINT('',(-0.55,11.5,2.9));
#3366=CARTESIAN_POINT('',(-0.55,11.5,1.75));
#3367=CARTESIAN_POINT('',(-0.55,11.5,0.6));
#3368=CARTESIAN_POINT('',(0.95,11.5,0.6));
#3369=CARTESIAN_POINT('',(-0.207106781186544,11.5,0.6));
#3370=CARTESIAN_POINT('',(-0.207106781186544,11.5,7.));
#3371=CARTESIAN_POINT('',(-0.207106781186544,11.5,0.));
#3372=CARTESIAN_POINT('',(-0.207106781186544,11.5,0.));
#3373=CARTESIAN_POINT('',(-6.11276469208288,11.5,0.));
#3374=CARTESIAN_POINT('',(-6.11276469208288,11.5,7.));
#3375=CARTESIAN_POINT('',(-6.11276469208288,11.5,8.5));
#3376=CARTESIAN_POINT('',(-0.207106781186544,11.5,8.5));
#3377=CARTESIAN_POINT('',(-0.207106781186544,11.5,8.5));
#3378=CARTESIAN_POINT('',(-0.207106781186544,11.5,7.));
#3379=CARTESIAN_POINT('',(-0.207106781186544,11.5,4.3));
#3380=CARTESIAN_POINT('',(-2.5,11.5,4.3));
#3381=CARTESIAN_POINT('',(-4.8,11.5,4.3));
#3382=CARTESIAN_POINT('',(-2.5,11.5,7.));
#3383=CARTESIAN_POINT('',(-2.5,11.5,7.));
#3384=CARTESIAN_POINT('',(-0.207106781186544,11.5,7.));
#3385=CARTESIAN_POINT('',(-4.8,11.5,7.));
#3386=CARTESIAN_POINT('',(-4.8,11.5,7.));
#3387=CARTESIAN_POINT('',(-0.207106781186547,11.,7.));
#3388=CARTESIAN_POINT('',(-0.207106781186547,11.,4.35));
#3389=CARTESIAN_POINT('',(0.146446609406731,11.3535533905933,4.17322330470336));
#3390=CARTESIAN_POINT('',(0.14644660940673,11.3535533905933,7.));
#3391=CARTESIAN_POINT('',(0.14644660940673,11.3535533905933,2.82677669529664));
#3392=CARTESIAN_POINT('',(-0.207106781186547,11.,2.65));
#3393=CARTESIAN_POINT('',(4.55355339059327,6.94644660940673,7.));
#3394=CARTESIAN_POINT('',(3.91426968052735,7.58573031947265,4.44286515973632));
#3395=CARTESIAN_POINT('',(0.14644660940673,11.3535533905933,6.32677669529664));
#3396=CARTESIAN_POINT('',(0.483794065852769,11.0162059341472,6.15810296707362));
#3397=CARTESIAN_POINT('',(0.14644660940673,11.3535533905933,7.));
#3398=CARTESIAN_POINT('',(0.14644660940673,11.3535533905933,8.5));
#3399=CARTESIAN_POINT('',(4.55355339059327,6.94644660940673,8.5));
#3400=CARTESIAN_POINT('',(4.55355339059327,6.94644660940673,8.5));
#3401=CARTESIAN_POINT('',(4.55355339059327,6.94644660940673,7.));
#3402=CARTESIAN_POINT('',(4.55355339059327,6.94644660940673,0.));
#3403=CARTESIAN_POINT('',(4.55355339059327,6.94644660940673,0.));
#3404=CARTESIAN_POINT('',(0.14644660940673,11.3535533905933,0.));
#3405=CARTESIAN_POINT('',(0.14644660940673,11.3535533905933,7.));
#3406=CARTESIAN_POINT('',(0.14644660940673,11.3535533905933,0.673223304703364));
#3407=CARTESIAN_POINT('',(5.46982523608291,6.03017476391709,3.33491261804146));
#3408=CARTESIAN_POINT('',(0.483794065852769,11.0162059341472,0.841897032926385));
#3409=CARTESIAN_POINT('',(1.5,10.,1.75));
#3410=CARTESIAN_POINT('',(0.483794065852769,11.0162059341472,2.65810296707361));
#3411=CARTESIAN_POINT('',(3.13649190274958,8.36350809725043,1.33175404862521));
#3412=CARTESIAN_POINT('',(4.69204745830513,6.80795254169487,6.44602372915257));
#3413=CARTESIAN_POINT('',(0.48379406585277,11.0162059341472,4.34189703292638));
#3414=CARTESIAN_POINT('',(1.5,10.,5.25));
#3415=CARTESIAN_POINT('',(-0.55,11.5,5.25));
#3416=CARTESIAN_POINT('',(-0.55,10.8,5.25));
#3417=CARTESIAN_POINT('',(-0.55,10.8,6.05));
#3418=CARTESIAN_POINT('',(-0.55,10.8,4.45));
#3419=CARTESIAN_POINT('',(-0.55,10.8,4.45));
#3420=CARTESIAN_POINT('',(-0.55,11.5,6.4));
#3421=CARTESIAN_POINT('',(-0.55,9.8,5.25));
#3422=CARTESIAN_POINT('',(-0.55,10.8,6.05));
#3423=CARTESIAN_POINT('',(-0.55,9.8,6.05));
#3424=CARTESIAN_POINT('',(-0.55,9.8,5.25));
#3425=CARTESIAN_POINT('',(-0.55,9.8,4.45));
#3426=CARTESIAN_POINT('',(-0.55,9.8,4.45));
#3427=CARTESIAN_POINT('',(-0.207106781186547,11.,7.));
#3428=CARTESIAN_POINT('',(-0.207106781186547,11.,6.15));
#3429=CARTESIAN_POINT('',(-0.207106781186547,11.,8.5));
#3430=CARTESIAN_POINT('',(1.5,10.,5.25));
#3431=CARTESIAN_POINT('',(0.249228687160409,10.543664531653,6.05));
#3432=CARTESIAN_POINT('',(0.279859244700062,10.6292494779626,6.05));
#3433=CARTESIAN_POINT('',(0.310920090743568,10.7146835252588,6.05));
#3434=CARTESIAN_POINT('',(0.342316194902173,10.8,6.05));
#3435=CARTESIAN_POINT('',(0.249228687160409,10.543664531653,6.05));
#3436=CARTESIAN_POINT('',(0.342316194902172,10.8,6.05));
#3437=CARTESIAN_POINT('',(0.342316194902172,10.8,6.05));
#3438=CARTESIAN_POINT('',(0.389107015335222,10.8722628195204,6.0861314097602));
#3439=CARTESIAN_POINT('',(0.436284391639867,10.9443219333537,6.12216096667686));
#3440=CARTESIAN_POINT('',(0.483794065852769,11.0162059341472,6.15810296707362));
#3441=CARTESIAN_POINT('',(0.48379406585277,11.0162059341472,4.34189703292638));
#3442=CARTESIAN_POINT('',(0.436284391639867,10.9443219333537,4.37783903332314));
#3443=CARTESIAN_POINT('',(0.389107015335222,10.8722628195204,4.4138685902398));
#3444=CARTESIAN_POINT('',(0.342316194902172,10.8,4.45));
#3445=CARTESIAN_POINT('',(0.342316194902173,10.8,4.45));
#3446=CARTESIAN_POINT('',(0.342316194902173,10.8,4.45));
#3447=CARTESIAN_POINT('',(0.310919349264157,10.7146815103461,4.45));
#3448=CARTESIAN_POINT('',(0.279858458889512,10.6292472823267,4.45));
#3449=CARTESIAN_POINT('',(0.24922868716041,10.543664531653,4.45));
#3450=CARTESIAN_POINT('',(0.249228687160409,10.543664531653,4.45));
#3451=CARTESIAN_POINT('',(1.14644660940673,9.64644660940673,5.25));
#3452=CARTESIAN_POINT('',(0.43933982822018,8.93933982822018,5.25));
#3453=CARTESIAN_POINT('',(0.43933982822018,8.93933982822018,5.25));
#3454=CARTESIAN_POINT('',(-0.457878094026138,9.8365577504665,4.45));
#3455=CARTESIAN_POINT('',(-0.457878094026138,9.8365577504665,6.05));
#3456=CARTESIAN_POINT('',(-0.457878094026138,9.8365577504665,6.05));
#3457=CARTESIAN_POINT('',(-0.457878094026137,9.8365577504665,4.45));
#3458=CARTESIAN_POINT('',(1.5,7.87867965644036,5.25));
#3459=CARTESIAN_POINT('',(-0.421320343559642,9.8,4.45));
#3460=CARTESIAN_POINT('',(-0.421320343559642,9.8,6.05));
#3461=CARTESIAN_POINT('',(-0.421320343559643,9.8,4.45));
#3462=CARTESIAN_POINT('',(1.5,7.87867965644036,6.05));
#3463=CARTESIAN_POINT('',(1.5,7.87867965644036,4.45));
#3464=CARTESIAN_POINT('',(-0.55,11.5,1.75));
#3465=CARTESIAN_POINT('',(-0.55,10.8,1.75));
#3466=CARTESIAN_POINT('',(-0.55,10.8,2.55));
#3467=CARTESIAN_POINT('',(-0.55,10.8,0.95));
#3468=CARTESIAN_POINT('',(-0.55,10.8,0.95));
#3469=CARTESIAN_POINT('',(-0.55,11.5,2.9));
#3470=CARTESIAN_POINT('',(-0.55,9.8,1.75));
#3471=CARTESIAN_POINT('',(-0.55,10.8,2.55));
#3472=CARTESIAN_POINT('',(-0.55,9.8,2.55));
#3473=CARTESIAN_POINT('',(-0.55,9.8,1.75));
#3474=CARTESIAN_POINT('',(-0.55,9.8,0.95));
#3475=CARTESIAN_POINT('',(-0.55,9.8,0.95));
#3476=CARTESIAN_POINT('',(-0.207106781186547,11.,7.));
#3477=CARTESIAN_POINT('',(-0.207106781186547,11.,0.850000000000003));
#3478=CARTESIAN_POINT('',(-0.207106781186547,11.,0.));
#3479=CARTESIAN_POINT('',(1.5,10.,1.75));
#3480=CARTESIAN_POINT('',(0.249228687160409,10.543664531653,2.55));
#3481=CARTESIAN_POINT('',(0.279859244700062,10.6292494779626,2.55));
#3482=CARTESIAN_POINT('',(0.310920090743568,10.7146835252588,2.55));
#3483=CARTESIAN_POINT('',(0.342316194902172,10.8,2.55));
#3484=CARTESIAN_POINT('',(0.249228687160409,10.543664531653,2.55));
#3485=CARTESIAN_POINT('',(0.342316194902173,10.8,2.55));
#3486=CARTESIAN_POINT('',(0.342316194902172,10.8,2.55));
#3487=CARTESIAN_POINT('',(0.389107015335222,10.8722628195204,2.5861314097602));
#3488=CARTESIAN_POINT('',(0.436284391639867,10.9443219333537,2.62216096667686));
#3489=CARTESIAN_POINT('',(0.48379406585277,11.0162059341472,2.65810296707362));
#3490=CARTESIAN_POINT('',(0.483794065852769,11.0162059341472,0.841897032926385));
#3491=CARTESIAN_POINT('',(0.436284391639867,10.9443219333537,0.877839033323142));
#3492=CARTESIAN_POINT('',(0.389107015335222,10.8722628195204,0.913868590239796));
#3493=CARTESIAN_POINT('',(0.342316194902172,10.8,0.95));
#3494=CARTESIAN_POINT('',(0.342316194902173,10.8,0.95));
#3495=CARTESIAN_POINT('',(0.342316194902172,10.8,0.95));
#3496=CARTESIAN_POINT('',(0.310919349264156,10.7146815103461,0.95));
#3497=CARTESIAN_POINT('',(0.279858458889512,10.6292472823267,0.95));
#3498=CARTESIAN_POINT('',(0.249228687160409,10.543664531653,0.95));
#3499=CARTESIAN_POINT('',(0.249228687160409,10.543664531653,0.95));
#3500=CARTESIAN_POINT('',(1.14644660940673,9.64644660940673,1.75));
#3501=CARTESIAN_POINT('',(0.43933982822018,8.93933982822018,1.75));
#3502=CARTESIAN_POINT('',(0.43933982822018,8.93933982822018,1.75));
#3503=CARTESIAN_POINT('',(-0.457878094026138,9.8365577504665,0.95));
#3504=CARTESIAN_POINT('',(-0.457878094026138,9.8365577504665,2.55));
#3505=CARTESIAN_POINT('',(-0.457878094026138,9.8365577504665,2.55));
#3506=CARTESIAN_POINT('',(-0.457878094026137,9.8365577504665,0.95));
#3507=CARTESIAN_POINT('',(1.5,7.87867965644036,1.75));
#3508=CARTESIAN_POINT('',(-0.421320343559642,9.8,0.95));
#3509=CARTESIAN_POINT('',(-0.421320343559642,9.8,2.55));
#3510=CARTESIAN_POINT('',(-0.421320343559643,9.8,0.95));
#3511=CARTESIAN_POINT('',(1.5,7.87867965644036,2.55));
#3512=CARTESIAN_POINT('',(1.5,7.87867965644036,0.95));
#3513=CARTESIAN_POINT('',(-0.55,9.8,4.45));
#3514=CARTESIAN_POINT('',(0.95,9.8,4.45));
#3515=CARTESIAN_POINT('',(0.95,9.8,6.05));
#3516=CARTESIAN_POINT('',(-0.55,9.8,0.95));
#3517=CARTESIAN_POINT('',(0.95,9.8,0.95));
#3518=CARTESIAN_POINT('',(0.95,9.8,2.55));
#3519=CARTESIAN_POINT('',(-7.3,0.3,7.));
#3520=CARTESIAN_POINT('',(-7.3,0.3,5.625));
#3521=CARTESIAN_POINT('',(-4.8,0.3,5.625));
#3522=CARTESIAN_POINT('',(-5.2,0.3,5.625));
#3523=CARTESIAN_POINT('',(-4.8,0.3,7.));
#3524=CARTESIAN_POINT('',(-4.8,0.3,4.875));
#3525=CARTESIAN_POINT('',(-7.3,0.3,4.875));
#3526=CARTESIAN_POINT('',(-5.2,0.3,4.875));
#3527=CARTESIAN_POINT('',(-5.2,0.3,7.));
#3528=CARTESIAN_POINT('',(-7.3,0.3,2.125));
#3529=CARTESIAN_POINT('',(0.200000000000001,0.3,2.125));
#3530=CARTESIAN_POINT('',(-0.2,0.3,2.125));
#3531=CARTESIAN_POINT('',(0.2,0.3,7.));
#3532=CARTESIAN_POINT('',(0.200000000000001,0.3,1.375));
#3533=CARTESIAN_POINT('',(-7.3,0.3,1.375));
#3534=CARTESIAN_POINT('',(-0.2,0.3,1.375));
#3535=CARTESIAN_POINT('',(-0.2,0.3,7.));
#3536=CARTESIAN_POINT('',(-7.3,0.3,7.));
#3537=CARTESIAN_POINT('',(-7.3,0.3,7.));
#3538=CARTESIAN_POINT('',(-7.3,0.3,6.));
#3539=CARTESIAN_POINT('',(-7.3,0.3,6.));
#3540=CARTESIAN_POINT('',(-6.5,0.3,6.));
#3541=CARTESIAN_POINT('',(-6.5,0.3,7.));
#3542=CARTESIAN_POINT('',(-6.5,0.3,3.5));
#3543=CARTESIAN_POINT('',(-7.3,0.3,3.5));
#3544=CARTESIAN_POINT('',(-7.3,0.3,3.5));
#3545=CARTESIAN_POINT('',(-7.3,0.3,7.));
#3546=CARTESIAN_POINT('',(-7.3,0.3,2.5));
#3547=CARTESIAN_POINT('',(-7.3,0.3,2.5));
#3548=CARTESIAN_POINT('',(-6.5,0.3,2.5));
#3549=CARTESIAN_POINT('',(-6.5,0.3,7.));
#3550=CARTESIAN_POINT('',(-6.5,0.3,0.));
#3551=CARTESIAN_POINT('',(-7.3,0.3,0.));
#3552=CARTESIAN_POINT('',(3.9,0.3,0.));
#3553=CARTESIAN_POINT('',(3.9,0.3,7.));
#3554=CARTESIAN_POINT('',(3.9,0.3,2.5));
#3555=CARTESIAN_POINT('',(-7.3,0.3,2.5));
#3556=CARTESIAN_POINT('',(4.7,0.3,2.5));
#3557=CARTESIAN_POINT('',(4.7,0.3,7.));
#3558=CARTESIAN_POINT('',(4.7,0.3,3.5));
#3559=CARTESIAN_POINT('',(-7.3,0.3,3.5));
#3560=CARTESIAN_POINT('',(3.9,0.3,3.5));
#3561=CARTESIAN_POINT('',(3.9,0.3,7.));
#3562=CARTESIAN_POINT('',(3.9,0.3,6.));
#3563=CARTESIAN_POINT('',(-7.3,0.3,6.));
#3564=CARTESIAN_POINT('',(4.7,0.3,6.));
#3565=CARTESIAN_POINT('',(4.7,0.3,7.));
#3566=CARTESIAN_POINT('',(4.7,0.3,7.));
#3567=CARTESIAN_POINT('',(-7.3,0.3,7.));
#3568=CARTESIAN_POINT('',(3.9,0.3,7.));
#3569=CARTESIAN_POINT('',(3.9,0.3,8.5));
#3570=CARTESIAN_POINT('',(3.9,0.3,8.5));
#3571=CARTESIAN_POINT('',(-6.5,0.3,8.5));
#3572=CARTESIAN_POINT('',(-6.5,0.3,8.5));
#3573=CARTESIAN_POINT('',(-6.5,0.3,8.5));
#3574=CARTESIAN_POINT('',(-6.5,0.3,7.));
#3575=CARTESIAN_POINT('',(-7.3,0.3,7.));
#3576=CARTESIAN_POINT('',(-7.3,9.2,7.));
#3577=CARTESIAN_POINT('',(-7.3,9.2,0.));
#3578=CARTESIAN_POINT('',(-7.3,9.2,0.));
#3579=CARTESIAN_POINT('',(-7.3,5.7,0.));
#3580=CARTESIAN_POINT('',(-7.3,5.7,7.));
#3581=CARTESIAN_POINT('',(-7.3,5.7,8.5));
#3582=CARTESIAN_POINT('',(-7.3,9.2,8.5));
#3583=CARTESIAN_POINT('',(-7.3,9.2,8.5));
#3584=CARTESIAN_POINT('',(-7.3,9.2,7.));
#3585=CARTESIAN_POINT('',(-7.3,5.55,7.));
#3586=CARTESIAN_POINT('',(-7.3,5.55,0.));
#3587=CARTESIAN_POINT('',(-7.15,5.55,0.));
#3588=CARTESIAN_POINT('',(-7.15,5.55,7.));
#3589=CARTESIAN_POINT('',(-7.15,5.55,8.5));
#3590=CARTESIAN_POINT('',(-7.3,5.55,8.5));
#3591=CARTESIAN_POINT('',(-7.15,5.55,7.));
#3592=CARTESIAN_POINT('',(-7.15,5.55,0.));
#3593=CARTESIAN_POINT('',(-7.15,4.25,0.));
#3594=CARTESIAN_POINT('',(-7.15,4.25,7.));
#3595=CARTESIAN_POINT('',(-7.15,4.25,8.5));
#3596=CARTESIAN_POINT('',(-7.15,5.55,8.5));
#3597=CARTESIAN_POINT('',(-7.3,4.25,7.));
#3598=CARTESIAN_POINT('',(-7.3,4.25,0.));
#3599=CARTESIAN_POINT('',(-7.3,4.1,0.));
#3600=CARTESIAN_POINT('',(-7.3,4.1,7.));
#3601=CARTESIAN_POINT('',(-7.3,4.1,8.5));
#3602=CARTESIAN_POINT('',(-7.3,4.25,8.5));
#3603=CARTESIAN_POINT('',(-7.3,4.1,7.));
#3604=CARTESIAN_POINT('',(-7.3,1.,3.5));
#3605=CARTESIAN_POINT('',(-7.3,0.2,3.5));
#3606=CARTESIAN_POINT('',(-7.3,0.2,6.));
#3607=CARTESIAN_POINT('',(-7.3,0.2,6.));
#3608=CARTESIAN_POINT('',(-7.3,1.,6.));
#3609=CARTESIAN_POINT('',(-7.3,4.1,7.));
#3610=CARTESIAN_POINT('',(-7.3,0.2,7.));
#3611=CARTESIAN_POINT('',(-7.3,0.2,8.5));
#3612=CARTESIAN_POINT('',(-7.3,0.2,8.5));
#3613=CARTESIAN_POINT('',(-7.3,4.1,8.5));
#3614=CARTESIAN_POINT('',(-7.3,4.1,0.));
#3615=CARTESIAN_POINT('',(-7.3,0.2,0.));
#3616=CARTESIAN_POINT('',(-7.3,0.2,2.5));
#3617=CARTESIAN_POINT('',(-7.3,0.2,2.5));
#3618=CARTESIAN_POINT('',(-7.3,1.,2.5));
#3619=CARTESIAN_POINT('',(4.7,0.3,7.));
#3620=CARTESIAN_POINT('',(4.7,0.2,6.));
#3621=CARTESIAN_POINT('',(4.7,0.2,6.));
#3622=CARTESIAN_POINT('',(4.7,0.2,6.));
#3623=CARTESIAN_POINT('',(4.7,0.2,3.5));
#3624=CARTESIAN_POINT('',(4.7,0.2,3.5));
#3625=CARTESIAN_POINT('',(4.7,0.2,2.5));
#3626=CARTESIAN_POINT('',(4.7,0.2,2.5));
#3627=CARTESIAN_POINT('',(4.7,0.2,2.5));
#3628=CARTESIAN_POINT('',(4.7,0.2,0.));
#3629=CARTESIAN_POINT('',(4.7,0.3,0.));
#3630=CARTESIAN_POINT('',(4.7,6.59289321881345,0.));
#3631=CARTESIAN_POINT('',(4.7,6.59289321881345,7.));
#3632=CARTESIAN_POINT('',(4.7,6.59289321881345,8.5));
#3633=CARTESIAN_POINT('',(4.7,0.2,8.5));
#3634=CARTESIAN_POINT('',(4.7,0.2,8.5));
#3635=CARTESIAN_POINT('',(4.7,0.2,8.5));
#3636=CARTESIAN_POINT('',(4.7,0.2,7.));
#3637=CARTESIAN_POINT('',(4.7,0.2,7.));
#3638=CARTESIAN_POINT('',(4.20000000000002,6.59289321881346,7.));
#3639=CARTESIAN_POINT('',(4.20000000000002,6.59289321881346,0.));
#3640=CARTESIAN_POINT('',(4.2,6.59289321881345,8.5));
#3641=CARTESIAN_POINT('',(-6.11276469208288,11.,7.));
#3642=CARTESIAN_POINT('',(-6.11276469208288,11.,0.));
#3643=CARTESIAN_POINT('',(-6.58261100247583,11.1710100716628,0.));
#3644=CARTESIAN_POINT('',(-6.58261100247583,11.1710100716628,7.));
#3645=CARTESIAN_POINT('',(-6.58261100247583,11.1710100716628,8.5));
#3646=CARTESIAN_POINT('',(-6.11276469208288,11.,8.5));
#3647=CARTESIAN_POINT('',(-6.58261100247583,11.1710100716628,7.));
#3648=CARTESIAN_POINT('',(-6.58261100247583,11.1710100716628,0.));
#3649=CARTESIAN_POINT('',(-6.58261100247583,11.1710100716628,8.5));
#3650=CARTESIAN_POINT('',(-7.3,5.55,0.));
#3651=CARTESIAN_POINT('',(-6.5,0.,0.));
#3652=CARTESIAN_POINT('',(-6.5,0.,0.));
#3653=CARTESIAN_POINT('',(-7.1,0.,0.));
#3654=CARTESIAN_POINT('',(-7.1,1.62630325872826E-16,0.));
#3655=CARTESIAN_POINT('',(-7.1,0.2,0.));
#3656=CARTESIAN_POINT('',(4.5,0.2,0.));
#3657=CARTESIAN_POINT('',(4.5,0.,0.));
#3658=CARTESIAN_POINT('',(3.9,0.,0.));
#3659=CARTESIAN_POINT('',(3.9,0.,0.));
#3660=CARTESIAN_POINT('',(3.9,0.5,0.));
#3661=CARTESIAN_POINT('',(3.9,0.,2.5));
#3662=CARTESIAN_POINT('',(4.5,0.,2.5));
#3663=CARTESIAN_POINT('',(4.5,0.,2.5));
#3664=CARTESIAN_POINT('',(3.9,0.,2.5));
#3665=CARTESIAN_POINT('',(3.9,0.,2.5));
#3666=CARTESIAN_POINT('',(3.9,0.,2.5));
#3667=CARTESIAN_POINT('',(4.5,0.2,2.5));
#3668=CARTESIAN_POINT('',(4.5,0.2,2.5));
#3669=CARTESIAN_POINT('',(-7.1,0.2,2.5));
#3670=CARTESIAN_POINT('',(3.9,0.5,2.5));
#3671=CARTESIAN_POINT('',(3.9,0.5,2.5));
#3672=CARTESIAN_POINT('',(-7.1,0.2,2.5));
#3673=CARTESIAN_POINT('',(-7.1,0.2,2.5));
#3674=CARTESIAN_POINT('',(-7.1,1.62630325872826E-16,2.5));
#3675=CARTESIAN_POINT('',(-7.1,0.,2.5));
#3676=CARTESIAN_POINT('',(-6.5,0.,2.5));
#3677=CARTESIAN_POINT('',(-6.5,0.,2.5));
#3678=CARTESIAN_POINT('',(-6.5,0.,2.5));
#3679=CARTESIAN_POINT('',(-6.5,0.,2.5));
#3680=CARTESIAN_POINT('',(-7.1,0.2,2.5));
#3681=CARTESIAN_POINT('',(-7.1,1.62630325872826E-16,2.5));
#3682=CARTESIAN_POINT('',(-7.1,0.,2.5));
#3683=CARTESIAN_POINT('',(3.9,0.,6.));
#3684=CARTESIAN_POINT('',(3.9,0.,3.5));
#3685=CARTESIAN_POINT('',(3.9,0.,3.5));
#3686=CARTESIAN_POINT('',(4.5,0.,3.5));
#3687=CARTESIAN_POINT('',(4.5,0.,6.));
#3688=CARTESIAN_POINT('',(4.5,0.,6.));
#3689=CARTESIAN_POINT('',(3.9,0.,6.));
#3690=CARTESIAN_POINT('',(3.9,0.,6.));
#3691=CARTESIAN_POINT('',(3.9,0.,6.));
#3692=CARTESIAN_POINT('',(4.5,0.2,6.));
#3693=CARTESIAN_POINT('',(4.5,0.2,3.5));
#3694=CARTESIAN_POINT('',(4.5,0.2,6.));
#3695=CARTESIAN_POINT('',(-7.1,0.2,6.));
#3696=CARTESIAN_POINT('',(3.9,0.5,6.));
#3697=CARTESIAN_POINT('',(-7.1,0.2,3.5));
#3698=CARTESIAN_POINT('',(3.9,0.5,3.5));
#3699=CARTESIAN_POINT('',(3.9,0.5,6.));
#3700=CARTESIAN_POINT('',(-6.5,0.,6.));
#3701=CARTESIAN_POINT('',(-6.5,0.,3.5));
#3702=CARTESIAN_POINT('',(-6.5,0.,3.5));
#3703=CARTESIAN_POINT('',(-6.5,0.,6.));
#3704=CARTESIAN_POINT('',(-6.5,0.,6.));
#3705=CARTESIAN_POINT('',(-6.5,0.,6.));
#3706=CARTESIAN_POINT('',(-7.1,0.2,6.));
#3707=CARTESIAN_POINT('',(-7.1,0.2,6.));
#3708=CARTESIAN_POINT('',(-7.1,1.62630325872826E-16,6.));
#3709=CARTESIAN_POINT('',(-7.1,0.,6.));
#3710=CARTESIAN_POINT('',(-7.1,0.2,3.5));
#3711=CARTESIAN_POINT('',(-7.1,0.,3.5));
#3712=CARTESIAN_POINT('',(-7.1,1.62630325872826E-16,3.5));
#3713=CARTESIAN_POINT('',(-7.1,0.2,3.5));
#3714=CARTESIAN_POINT('',(-7.1,0.2,6.));
#3715=CARTESIAN_POINT('',(-7.1,1.62630325872826E-16,6.));
#3716=CARTESIAN_POINT('',(-7.1,0.,6.));
#3717=CARTESIAN_POINT('',(-7.3,5.55,7.));
#3718=CARTESIAN_POINT('',(-6.5,0.,7.));
#3719=CARTESIAN_POINT('',(-6.5,0.,7.));
#3720=CARTESIAN_POINT('',(-7.1,0.,7.));
#3721=CARTESIAN_POINT('',(-7.1,-3.79470760369927E-16,7.));
#3722=CARTESIAN_POINT('',(-7.1,0.200000000000001,7.));
#3723=CARTESIAN_POINT('',(-7.3,5.55,7.));
#3724=CARTESIAN_POINT('',(3.9,0.3,7.));
#3725=CARTESIAN_POINT('',(3.9,0.,7.));
#3726=CARTESIAN_POINT('',(4.5,0.2,7.));
#3727=CARTESIAN_POINT('',(4.5,0.,7.));
#3728=CARTESIAN_POINT('',(3.9,0.,7.));
#3729=CARTESIAN_POINT('',(-7.1,0.200000000000001,8.5));
#3730=CARTESIAN_POINT('',(-7.1,-3.79470760369927E-16,8.5));
#3731=CARTESIAN_POINT('',(-7.1,-3.79470760369927E-16,8.5));
#3732=CARTESIAN_POINT('',(-7.1,0.200000000000001,8.5));
#3733=CARTESIAN_POINT('',(-7.1,0.,8.5));
#3734=CARTESIAN_POINT('',(-6.5,0.,8.5));
#3735=CARTESIAN_POINT('',(-6.5,0.,8.5));
#3736=CARTESIAN_POINT('',(-7.1,0.,8.5));
#3737=CARTESIAN_POINT('',(-6.5,0.,8.5));
#3738=CARTESIAN_POINT('',(-6.5,0.,8.5));
#3739=CARTESIAN_POINT('',(3.9,0.3,8.5));
#3740=CARTESIAN_POINT('',(3.9,0.,8.5));
#3741=CARTESIAN_POINT('',(3.9,0.,8.5));
#3742=CARTESIAN_POINT('',(3.9,0.3,8.5));
#3743=CARTESIAN_POINT('',(3.9,0.,8.5));
#3744=CARTESIAN_POINT('',(4.5,0.,8.5));
#3745=CARTESIAN_POINT('',(4.5,0.,8.5));
#3746=CARTESIAN_POINT('',(3.9,0.,8.5));
#3747=CARTESIAN_POINT('',(4.5,0.2,8.5));
#3748=CARTESIAN_POINT('',(4.5,0.2,8.5));
#3749=CARTESIAN_POINT('',(-7.3,5.55,8.5));
#3750=CARTESIAN_POINT('',(0.95,9.8,0.95));
#3751=CARTESIAN_POINT('',(0.95,10.8,0.95));
#3752=CARTESIAN_POINT('',(0.95,10.8,0.95));
#3753=CARTESIAN_POINT('',(0.95,11.5,2.9));
#3754=CARTESIAN_POINT('',(0.95,10.8,2.55));
#3755=CARTESIAN_POINT('',(0.95,10.8,2.55));
#3756=CARTESIAN_POINT('',(0.95,9.8,4.45));
#3757=CARTESIAN_POINT('',(0.95,10.8,4.45));
#3758=CARTESIAN_POINT('',(0.95,10.8,4.45));
#3759=CARTESIAN_POINT('',(0.95,11.5,6.4));
#3760=CARTESIAN_POINT('',(0.95,10.8,6.05));
#3761=CARTESIAN_POINT('',(0.95,10.8,6.05));
#3762=CARTESIAN_POINT('',(0.2,0.5,2.125));
#3763=CARTESIAN_POINT('',(0.2,0.5,2.125));
#3764=CARTESIAN_POINT('',(0.2,-3.6,2.125));
#3765=CARTESIAN_POINT('',(-0.2,0.5,2.125));
#3766=CARTESIAN_POINT('',(-0.2,-3.6,2.125));
#3767=CARTESIAN_POINT('',(0.2,-3.6,2.125));
#3768=CARTESIAN_POINT('',(0.2,-3.6,1.375));
#3769=CARTESIAN_POINT('',(-0.2,-3.6,1.375));
#3770=CARTESIAN_POINT('',(-0.2,-3.6,1.375));
#3771=CARTESIAN_POINT('',(0.2,-3.6,1.375));
#3772=CARTESIAN_POINT('',(0.2,-3.6,1.375));
#3773=CARTESIAN_POINT('',(0.2,-3.6,1.375));
#3774=CARTESIAN_POINT('',(0.2,0.,0.));
#3775=CARTESIAN_POINT('',(0.2,-3.6,2.125));
#3776=CARTESIAN_POINT('',(-0.2,0.,0.));
#3777=CARTESIAN_POINT('',(-0.2,-3.6,2.125));
#3778=CARTESIAN_POINT('',(0.2,-3.6,2.125));
#3779=CARTESIAN_POINT('',(-4.8,0.5,5.625));
#3780=CARTESIAN_POINT('',(-4.8,0.5,5.625));
#3781=CARTESIAN_POINT('',(-4.8,-3.6,5.625));
#3782=CARTESIAN_POINT('',(-5.2,0.5,5.625));
#3783=CARTESIAN_POINT('',(-5.2,-3.6,5.625));
#3784=CARTESIAN_POINT('',(-4.8,-3.6,5.625));
#3785=CARTESIAN_POINT('',(-4.8,-3.6,4.875));
#3786=CARTESIAN_POINT('',(-5.2,-3.6,4.875));
#3787=CARTESIAN_POINT('',(-5.2,-3.6,4.875));
#3788=CARTESIAN_POINT('',(-4.8,-3.6,4.875));
#3789=CARTESIAN_POINT('',(-4.8,-3.6,4.875));
#3790=CARTESIAN_POINT('',(-4.8,-3.6,4.875));
#3791=CARTESIAN_POINT('',(-4.8,0.,0.));
#3792=CARTESIAN_POINT('',(-4.8,-3.6,5.625));
#3793=CARTESIAN_POINT('',(-5.2,0.,0.));
#3794=CARTESIAN_POINT('',(-5.2,-3.6,5.625));
#3795=CARTESIAN_POINT('',(-4.8,-3.6,5.625));
#3796=CARTESIAN_POINT('',(-4.8,12.1,0.8));
#3797=CARTESIAN_POINT('',(-4.8,12.1,3.5));
#3798=CARTESIAN_POINT('',(-4.8,12.1,3.5));
#3799=CARTESIAN_POINT('',(-4.8,12.1,0.8));
#3800=CARTESIAN_POINT('',(-4.8,12.1,0.8));
#3801=CARTESIAN_POINT('',(-4.8,12.1,0.8));
#3802=CARTESIAN_POINT('',(-2.5,10.9,0.8));
#3803=CARTESIAN_POINT('',(-2.5,12.9799286969334,3.00609752897917));
#3804=CARTESIAN_POINT('',(-2.5,12.5,3.45857864376269));
#3805=CARTESIAN_POINT('',(-2.5,12.7,3.27001683544628));
#3806=CARTESIAN_POINT('',(-2.5,12.5,0.8));
#3807=CARTESIAN_POINT('',(-2.5,12.5,3.5));
#3808=CARTESIAN_POINT('',(-2.5,10.9,3.5));
#3809=CARTESIAN_POINT('',(-2.5,10.9,0.8));
#3810=CARTESIAN_POINT('',(-2.5,12.7,0.8));
#3811=CARTESIAN_POINT('',(-2.5,12.7,0.8));
#3812=CARTESIAN_POINT('',(-5.1,12.3,0.8));
#3813=CARTESIAN_POINT('',(-5.1,12.5,0.8));
#3814=CARTESIAN_POINT('',(-5.3,12.5,0.8));
#3815=CARTESIAN_POINT('',(-5.15857864376269,12.5,0.8));
#3816=CARTESIAN_POINT('',(-5.23083906286541,12.4233562514616,0.8));
#3817=CARTESIAN_POINT('',(-2.9,12.7,0.8));
#3818=CARTESIAN_POINT('',(-5.1,12.1,0.8));
#3819=CARTESIAN_POINT('',(-5.1,12.1,0.8));
#3820=CARTESIAN_POINT('',(-5.1,12.3,0.8));
#3821=CARTESIAN_POINT('',(-5.3,12.3,0.8));
#3822=CARTESIAN_POINT('',(-5.3,12.5,0.8));
#3823=CARTESIAN_POINT('',(-5.1,12.3,3.5));
#3824=CARTESIAN_POINT('',(-5.1,12.5,3.5));
#3825=CARTESIAN_POINT('',(-2.74142135623731,12.5,3.5));
#3826=CARTESIAN_POINT('',(-3.75151387831106,13.5713649079763,3.5));
#3827=CARTESIAN_POINT('',(-3.30710678118655,13.1,3.5));
#3828=CARTESIAN_POINT('',(-2.9,13.1,3.5));
#3829=CARTESIAN_POINT('',(-4.7,13.1,3.5));
#3830=CARTESIAN_POINT('',(-4.7,13.1,3.5));
#3831=CARTESIAN_POINT('',(-5.3,12.5,3.5));
#3832=CARTESIAN_POINT('',(-5.3,12.5,3.5));
#3833=CARTESIAN_POINT('',(-5.3,12.3,3.5));
#3834=CARTESIAN_POINT('',(-5.1,12.3,3.5));
#3835=CARTESIAN_POINT('',(-5.1,12.1,3.5));
#3836=CARTESIAN_POINT('',(-5.1,12.1,3.5));
#3837=CARTESIAN_POINT('',(-4.7,13.1,0.8));
#3838=CARTESIAN_POINT('',(-5.1397706826042,12.6602293173958,1.2527163228004));
#3839=CARTESIAN_POINT('',(-5.3,12.5,0.94142135623731));
#3840=CARTESIAN_POINT('',(-4.7,13.1,2.10710678118655));
#3841=CARTESIAN_POINT('',(-5.3,12.5,0.8));
#3842=CARTESIAN_POINT('',(-4.7,13.1,0.8));
#3843=CARTESIAN_POINT('',(-5.3,12.5,0.8));
#3844=CARTESIAN_POINT('',(-5.3,12.5,0.8));
#3845=CARTESIAN_POINT('',(-5.3,12.3,0.8));
#3846=CARTESIAN_POINT('',(-5.1,12.3,0.8));
#3847=CARTESIAN_POINT('',(-5.1,12.1,0.8));
#3848=CARTESIAN_POINT('',(-5.1,12.1,0.8));
#3849=CARTESIAN_POINT('',(-2.9,12.7,0.8));
#3850=CARTESIAN_POINT('',(-2.9,12.7,2.87001683544628));
#3851=CARTESIAN_POINT('',(-2.9,13.1,0.8));
#3852=CARTESIAN_POINT('',(-4.45355339059327,13.1,2.35355339059327));
#3853=CARTESIAN_POINT('',(-4.8,12.1,4.3));
#3854=CARTESIAN_POINT('',(-4.8,12.1,7.));
#3855=CARTESIAN_POINT('',(-4.8,12.1,7.));
#3856=CARTESIAN_POINT('',(-4.8,12.1,4.3));
#3857=CARTESIAN_POINT('',(-4.8,12.1,4.3));
#3858=CARTESIAN_POINT('',(-4.8,12.1,4.3));
#3859=CARTESIAN_POINT('',(-2.5,10.9,4.3));
#3860=CARTESIAN_POINT('',(-2.5,12.9799286969334,6.50609752897917));
#3861=CARTESIAN_POINT('',(-2.5,12.5,6.95857864376269));
#3862=CARTESIAN_POINT('',(-2.5,12.7,6.77001683544628));
#3863=CARTESIAN_POINT('',(-2.5,12.5,4.3));
#3864=CARTESIAN_POINT('',(-2.5,12.5,7.));
#3865=CARTESIAN_POINT('',(-2.5,10.9,7.));
#3866=CARTESIAN_POINT('',(-2.5,10.9,4.3));
#3867=CARTESIAN_POINT('',(-2.5,12.7,4.3));
#3868=CARTESIAN_POINT('',(-2.5,12.7,4.3));
#3869=CARTESIAN_POINT('',(-5.1,12.3,4.3));
#3870=CARTESIAN_POINT('',(-5.1,12.5,4.3));
#3871=CARTESIAN_POINT('',(-5.3,12.5,4.3));
#3872=CARTESIAN_POINT('',(-5.15857864376269,12.5,4.3));
#3873=CARTESIAN_POINT('',(-5.23083906286541,12.4233562514616,4.3));
#3874=CARTESIAN_POINT('',(-2.9,12.7,4.3));
#3875=CARTESIAN_POINT('',(-5.1,12.1,4.3));
#3876=CARTESIAN_POINT('',(-5.1,12.1,4.3));
#3877=CARTESIAN_POINT('',(-5.1,12.3,4.3));
#3878=CARTESIAN_POINT('',(-5.3,12.3,4.3));
#3879=CARTESIAN_POINT('',(-5.3,12.5,4.3));
#3880=CARTESIAN_POINT('',(-5.1,12.3,7.));
#3881=CARTESIAN_POINT('',(-5.1,12.5,7.));
#3882=CARTESIAN_POINT('',(-2.74142135623731,12.5,7.));
#3883=CARTESIAN_POINT('',(-3.75151387831106,13.5713649079763,7.));
#3884=CARTESIAN_POINT('',(-3.30710678118655,13.1,7.));
#3885=CARTESIAN_POINT('',(-2.9,13.1,7.));
#3886=CARTESIAN_POINT('',(-4.7,13.1,7.));
#3887=CARTESIAN_POINT('',(-4.7,13.1,7.));
#3888=CARTESIAN_POINT('',(-5.3,12.5,7.));
#3889=CARTESIAN_POINT('',(-5.3,12.5,7.));
#3890=CARTESIAN_POINT('',(-5.3,12.3,7.));
#3891=CARTESIAN_POINT('',(-5.1,12.3,7.));
#3892=CARTESIAN_POINT('',(-5.1,12.1,7.));
#3893=CARTESIAN_POINT('',(-5.1,12.1,7.));
#3894=CARTESIAN_POINT('',(-4.7,13.1,4.3));
#3895=CARTESIAN_POINT('',(-5.1397706826042,12.6602293173958,4.7527163228004));
#3896=CARTESIAN_POINT('',(-5.3,12.5,4.44142135623731));
#3897=CARTESIAN_POINT('',(-4.7,13.1,5.60710678118655));
#3898=CARTESIAN_POINT('',(-5.3,12.5,4.3));
#3899=CARTESIAN_POINT('',(-4.7,13.1,4.3));
#3900=CARTESIAN_POINT('',(-5.3,12.5,4.3));
#3901=CARTESIAN_POINT('',(-5.3,12.5,4.3));
#3902=CARTESIAN_POINT('',(-5.3,12.3,4.3));
#3903=CARTESIAN_POINT('',(-5.1,12.3,4.3));
#3904=CARTESIAN_POINT('',(-5.1,12.1,4.3));
#3905=CARTESIAN_POINT('',(-5.1,12.1,4.3));
#3906=CARTESIAN_POINT('',(-2.9,12.7,4.3));
#3907=CARTESIAN_POINT('',(-2.9,12.7,6.37001683544628));
#3908=CARTESIAN_POINT('',(-2.9,13.1,4.3));
#3909=CARTESIAN_POINT('',(-4.45355339059327,13.1,5.85355339059327));
#3910=CARTESIAN_POINT('',(-2.40086219713515,12.5,3.55771644662754));
#3911=CARTESIAN_POINT('',(-2.40086219713515,12.5,3.55771644662754));
#3912=CARTESIAN_POINT('',(-2.54228355337247,12.5,3.69913780286484));
#3913=CARTESIAN_POINT('',(-2.11801948466054,13.1,3.27487373415292));
#3914=CARTESIAN_POINT('',(-2.54228355337247,12.5,3.69913780286484));
#3915=CARTESIAN_POINT('',(-2.40086219713515,12.5,7.05771644662754));
#3916=CARTESIAN_POINT('',(-2.40086219713515,12.5,7.05771644662754));
#3917=CARTESIAN_POINT('',(-2.54228355337247,12.5,7.19913780286485));
#3918=CARTESIAN_POINT('',(-2.11801948466054,13.1,6.77487373415292));
#3919=CARTESIAN_POINT('',(-2.54228355337247,12.5,7.19913780286485));
#3920=MECHANICAL_DESIGN_GEOMETRIC_PRESENTATION_REPRESENTATION('',(#1848,
#1849,#1850,#1851,#1852,#1853,#1854,#1855,#1856,#1857,#1858,#1859,#1860,
#1861,#1862,#1863,#1864,#1865,#1866,#1867,#1868,#1869,#1870,#1871,#1872,
#1873,#1874,#1875,#1876,#1877,#1878,#1879,#1880,#1881,#1882,#1883,#1884,
#1885,#1886,#1887,#1888,#1889,#1890,#1891,#1892,#1893,#1894,#1895,#1896,
#1897,#1898,#1899,#1900,#1901,#1902,#1903,#1904,#1905,#1906,#1907,#1908,
#1909,#1910,#1911,#1912,#1913,#1914,#1915,#1916,#1917,#1918,#1919,#1920,
#1921,#1922,#1923,#1924,#1925,#1926,#1927,#1928,#1929,#1930,#1931,#1932,
#1933,#1934,#1935,#1936,#1937,#1938,#1939,#1940,#1941,#1942,#1943,#1944,
#1945,#1946,#1947,#1948),#3921);
#3921=(
GEOMETRIC_REPRESENTATION_CONTEXT(3)
GLOBAL_UNCERTAINTY_ASSIGNED_CONTEXT((#3922))
GLOBAL_UNIT_ASSIGNED_CONTEXT((#3925,#3924,#3923))
REPRESENTATION_CONTEXT('250-202','TOP_LEVEL_ASSEMBLY_PART')
);
#3922=UNCERTAINTY_MEASURE_WITH_UNIT(LENGTH_MEASURE(1.E-5),#3925,
'DISTANCE_ACCURACY_VALUE','Maximum Tolerance applied to model');
#3923=(
NAMED_UNIT(*)
SI_UNIT($,.STERADIAN.)
SOLID_ANGLE_UNIT()
);
#3924=(
NAMED_UNIT(*)
PLANE_ANGLE_UNIT()
SI_UNIT($,.RADIAN.)
);
#3925=(
LENGTH_UNIT()
NAMED_UNIT(*)
SI_UNIT(.MILLI.,.METRE.)
);
#3926=PRODUCT_DEFINITION_SHAPE('','',#3927);
#3927=PRODUCT_DEFINITION('','',#3929,#3928);
#3928=PRODUCT_DEFINITION_CONTEXT('',#3935,'design');
#3929=PRODUCT_DEFINITION_FORMATION_WITH_SPECIFIED_SOURCE('','',#3931,
 .NOT_KNOWN.);
#3930=PRODUCT_RELATED_PRODUCT_CATEGORY('','',(#3931));
#3931=PRODUCT('250-202','250-202','250-202',(#3933));
#3932=PRODUCT_CATEGORY('','');
#3933=PRODUCT_CONTEXT('',#3935,'mechanical');
#3934=APPLICATION_PROTOCOL_DEFINITION('international standard',
'ap242_managed_model_based_3d_engineering',2011,#3935);
#3935=APPLICATION_CONTEXT('managed model based 3d engineering');
ENDSEC;
END-ISO-10303-21;
