ISO-10303-21;
HEADER;
/* Generated by software containing ST-Developer
 * from STEP Tools, Inc. (www.steptools.com) 
 */
/* OPTION: using custom renumber hook */

FILE_DESCRIPTION(
/* description */ ('STEP AP214'),
/* implementation_level */ '2;1');

FILE_NAME(
/* name */ '250-203',
/* time_stamp */ '2024-12-24T10:11:55+01:00',
/* author */ ('License CC BY-ND 4.0'),
/* organization */ ('CADENAS'),
/* preprocessor_version */ 'ST-DEVELOPER v19.3',
/* originating_system */ 'PARTsolutions',
/* authorisation */ '  ');

FILE_SCHEMA (('AUTOMOTIVE_DESIGN {1 0 10303 214 3 1 1}'));
ENDSEC;

DATA;
#10=PROPERTY_DEFINITION_REPRESENTATION(#14,#12);
#11=PROPERTY_DEFINITION_REPRESENTATION(#15,#13);
#12=REPRESENTATION('',(#16),#5476);
#13=REPRESENTATION('',(#17),#5476);
#14=PROPERTY_DEFINITION('pmi validation property','',#5481);
#15=PROPERTY_DEFINITION('pmi validation property','',#5481);
#16=VALUE_REPRESENTATION_ITEM('number of annotations',COUNT_MEASURE(0.));
#17=VALUE_REPRESENTATION_ITEM('number of views',COUNT_MEASURE(0.));
#18=SHAPE_REPRESENTATION_RELATIONSHIP('','',#3721,#19);
#19=ADVANCED_BREP_SHAPE_REPRESENTATION('',(#3719),#5476);
#20=B_SPLINE_CURVE_WITH_KNOTS('',3,(#4796,#4797,#4798,#4799),
 .UNSPECIFIED.,.F.,.F.,(4,4),(0.000192678523229914,0.000472761703139574),
 .UNSPECIFIED.);
#21=B_SPLINE_CURVE_WITH_KNOTS('',3,(#4801,#4802,#4803,#4804),
 .UNSPECIFIED.,.F.,.F.,(4,4),(0.00138556531899109,0.00165824231505428),
 .UNSPECIFIED.);
#22=B_SPLINE_CURVE_WITH_KNOTS('',3,(#4808,#4809,#4810,#4811),
 .UNSPECIFIED.,.F.,.F.,(4,4),(0.00211138258023944,0.00238497390623537),
 .UNSPECIFIED.);
#23=B_SPLINE_CURVE_WITH_KNOTS('',3,(#4813,#4814,#4815,#4816),
 .UNSPECIFIED.,.F.,.F.,(4,4),(2.58392399018699E-7,0.000280341572308718),
 .UNSPECIFIED.);
#24=B_SPLINE_CURVE_WITH_KNOTS('',3,(#4830,#4831,#4832,#4833),
 .UNSPECIFIED.,.F.,.F.,(4,4),(0.000192678523229911,0.000472761703139572),
 .UNSPECIFIED.);
#25=B_SPLINE_CURVE_WITH_KNOTS('',3,(#4835,#4836,#4837,#4838),
 .UNSPECIFIED.,.F.,.F.,(4,4),(0.00138556531899109,0.00165824231505428),
 .UNSPECIFIED.);
#26=B_SPLINE_CURVE_WITH_KNOTS('',3,(#4842,#4843,#4844,#4845),
 .UNSPECIFIED.,.F.,.F.,(4,4),(0.00211138258023944,0.00238497390623537),
 .UNSPECIFIED.);
#27=B_SPLINE_CURVE_WITH_KNOTS('',3,(#4847,#4848,#4849,#4850),
 .UNSPECIFIED.,.F.,.F.,(4,4),(2.5839239901842E-7,0.000280341572308721),
 .UNSPECIFIED.);
#28=B_SPLINE_CURVE_WITH_KNOTS('',3,(#4879,#4880,#4881,#4882),
 .UNSPECIFIED.,.F.,.F.,(4,4),(0.000192678523229911,0.000472761703139572),
 .UNSPECIFIED.);
#29=B_SPLINE_CURVE_WITH_KNOTS('',3,(#4884,#4885,#4886,#4887),
 .UNSPECIFIED.,.F.,.F.,(4,4),(0.00138556531899109,0.00165824231505428),
 .UNSPECIFIED.);
#30=B_SPLINE_CURVE_WITH_KNOTS('',3,(#4891,#4892,#4893,#4894),
 .UNSPECIFIED.,.F.,.F.,(4,4),(0.00211138258023944,0.00238497390623537),
 .UNSPECIFIED.);
#31=B_SPLINE_CURVE_WITH_KNOTS('',3,(#4896,#4897,#4898,#4899),
 .UNSPECIFIED.,.F.,.F.,(4,4),(2.58392399017058E-7,0.000280341572308717),
 .UNSPECIFIED.);
#32=CONICAL_SURFACE('',#3737,1.15,0.463647609000806);
#33=CONICAL_SURFACE('',#3741,1.15,0.463647609000806);
#34=CONICAL_SURFACE('',#3751,1.7,0.380506377112365);
#35=CONICAL_SURFACE('',#3756,1.7,0.380506377112365);
#36=CONICAL_SURFACE('',#3761,1.15,0.463647609000806);
#37=CONICAL_SURFACE('',#3768,1.7,0.380506377112365);
#38=ELLIPSE('',#3731,0.559016994374952,0.500000000000004);
#39=ELLIPSE('',#3732,0.559016994374952,0.500000000000004);
#40=ELLIPSE('',#3746,0.559016994374952,0.500000000000004);
#41=ELLIPSE('',#3747,0.559016994374952,0.500000000000004);
#42=ELLIPSE('',#3749,0.559016994374952,0.500000000000004);
#43=ELLIPSE('',#3766,0.559016994374952,0.500000000000004);
#44=ELLIPSE('',#3887,0.679869268479046,0.400000000000005);
#45=ELLIPSE('',#3901,0.679869268479046,0.400000000000005);
#46=ELLIPSE('',#3915,0.679869268479046,0.400000000000005);
#47=CYLINDRICAL_SURFACE('',#3730,0.500000000000004);
#48=CYLINDRICAL_SURFACE('',#3739,0.8);
#49=CYLINDRICAL_SURFACE('',#3743,0.8);
#50=CYLINDRICAL_SURFACE('',#3745,0.500000000000004);
#51=CYLINDRICAL_SURFACE('',#3748,0.500000000000004);
#52=CYLINDRICAL_SURFACE('',#3753,1.5);
#53=CYLINDRICAL_SURFACE('',#3758,1.5);
#54=CYLINDRICAL_SURFACE('',#3763,0.8);
#55=CYLINDRICAL_SURFACE('',#3765,0.500000000000004);
#56=CYLINDRICAL_SURFACE('',#3770,1.5);
#57=CYLINDRICAL_SURFACE('',#3778,0.150000000000003);
#58=CYLINDRICAL_SURFACE('',#3782,0.150000000000003);
#59=CYLINDRICAL_SURFACE('',#3787,0.499999999999979);
#60=CYLINDRICAL_SURFACE('',#3790,0.500000000000004);
#61=CYLINDRICAL_SURFACE('',#3798,0.2);
#62=CYLINDRICAL_SURFACE('',#3805,0.2);
#63=CYLINDRICAL_SURFACE('',#3808,0.2);
#64=CYLINDRICAL_SURFACE('',#3819,0.2);
#65=CYLINDRICAL_SURFACE('',#3822,0.2);
#66=CYLINDRICAL_SURFACE('',#3833,0.2);
#67=CYLINDRICAL_SURFACE('',#3839,0.200000000000001);
#68=CYLINDRICAL_SURFACE('',#3845,0.2);
#69=CYLINDRICAL_SURFACE('',#3884,0.200000000000001);
#70=CYLINDRICAL_SURFACE('',#3886,0.400000000000005);
#71=CYLINDRICAL_SURFACE('',#3898,0.200000000000001);
#72=CYLINDRICAL_SURFACE('',#3900,0.400000000000005);
#73=CYLINDRICAL_SURFACE('',#3912,0.200000000000001);
#74=CYLINDRICAL_SURFACE('',#3914,0.400000000000005);
#75=CIRCLE('',#3727,1.15);
#76=CIRCLE('',#3728,1.15);
#77=CIRCLE('',#3729,1.15);
#78=CIRCLE('',#3734,1.7);
#79=CIRCLE('',#3735,1.7);
#80=CIRCLE('',#3736,1.7);
#81=CIRCLE('',#3738,0.8);
#82=CIRCLE('',#3740,0.8);
#83=CIRCLE('',#3742,0.8);
#84=CIRCLE('',#3744,0.8);
#85=CIRCLE('',#3750,0.500000000000004);
#86=CIRCLE('',#3752,1.5);
#87=CIRCLE('',#3754,1.5);
#88=CIRCLE('',#3757,1.5);
#89=CIRCLE('',#3759,1.5);
#90=CIRCLE('',#3762,0.8);
#91=CIRCLE('',#3764,0.8);
#92=CIRCLE('',#3767,0.500000000000004);
#93=CIRCLE('',#3769,1.5);
#94=CIRCLE('',#3771,1.5);
#95=CIRCLE('',#3779,0.150000000000003);
#96=CIRCLE('',#3780,0.150000000000003);
#97=CIRCLE('',#3783,0.150000000000003);
#98=CIRCLE('',#3784,0.150000000000003);
#99=CIRCLE('',#3788,0.499999999999979);
#100=CIRCLE('',#3789,0.500000000000003);
#101=CIRCLE('',#3791,0.500000000000004);
#102=CIRCLE('',#3792,0.500000000000004);
#103=CIRCLE('',#3795,0.2);
#104=CIRCLE('',#3796,0.2);
#105=CIRCLE('',#3799,0.2);
#106=CIRCLE('',#3803,0.2);
#107=CIRCLE('',#3809,0.2);
#108=CIRCLE('',#3810,0.2);
#109=CIRCLE('',#3816,0.2);
#110=CIRCLE('',#3818,0.2);
#111=CIRCLE('',#3823,0.2);
#112=CIRCLE('',#3824,0.2);
#113=CIRCLE('',#3830,0.2);
#114=CIRCLE('',#3832,0.2);
#115=CIRCLE('',#3836,0.200000000000001);
#116=CIRCLE('',#3838,0.2);
#117=CIRCLE('',#3840,0.200000000000001);
#118=CIRCLE('',#3846,0.2);
#119=CIRCLE('',#3878,0.400000000000005);
#120=CIRCLE('',#3879,0.200000000000001);
#121=CIRCLE('',#3881,0.200000000000001);
#122=CIRCLE('',#3892,0.400000000000005);
#123=CIRCLE('',#3893,0.200000000000001);
#124=CIRCLE('',#3895,0.200000000000001);
#125=CIRCLE('',#3906,0.400000000000005);
#126=CIRCLE('',#3907,0.200000000000001);
#127=CIRCLE('',#3909,0.200000000000001);
#128=ORIENTED_EDGE('',*,*,#908,.F.);
#129=ORIENTED_EDGE('',*,*,#909,.F.);
#130=ORIENTED_EDGE('',*,*,#910,.T.);
#131=ORIENTED_EDGE('',*,*,#911,.F.);
#132=ORIENTED_EDGE('',*,*,#912,.F.);
#133=ORIENTED_EDGE('',*,*,#913,.T.);
#134=ORIENTED_EDGE('',*,*,#914,.F.);
#135=ORIENTED_EDGE('',*,*,#915,.F.);
#136=ORIENTED_EDGE('',*,*,#916,.T.);
#137=ORIENTED_EDGE('',*,*,#917,.F.);
#138=ORIENTED_EDGE('',*,*,#918,.T.);
#139=ORIENTED_EDGE('',*,*,#919,.T.);
#140=ORIENTED_EDGE('',*,*,#920,.T.);
#141=ORIENTED_EDGE('',*,*,#921,.T.);
#142=ORIENTED_EDGE('',*,*,#922,.F.);
#143=ORIENTED_EDGE('',*,*,#923,.F.);
#144=ORIENTED_EDGE('',*,*,#924,.T.);
#145=ORIENTED_EDGE('',*,*,#925,.T.);
#146=ORIENTED_EDGE('',*,*,#926,.F.);
#147=ORIENTED_EDGE('',*,*,#927,.F.);
#148=ORIENTED_EDGE('',*,*,#928,.T.);
#149=ORIENTED_EDGE('',*,*,#929,.T.);
#150=ORIENTED_EDGE('',*,*,#930,.F.);
#151=ORIENTED_EDGE('',*,*,#931,.F.);
#152=ORIENTED_EDGE('',*,*,#932,.T.);
#153=ORIENTED_EDGE('',*,*,#933,.T.);
#154=ORIENTED_EDGE('',*,*,#934,.F.);
#155=ORIENTED_EDGE('',*,*,#935,.F.);
#156=ORIENTED_EDGE('',*,*,#936,.T.);
#157=ORIENTED_EDGE('',*,*,#937,.F.);
#158=ORIENTED_EDGE('',*,*,#938,.T.);
#159=ORIENTED_EDGE('',*,*,#939,.T.);
#160=ORIENTED_EDGE('',*,*,#940,.T.);
#161=ORIENTED_EDGE('',*,*,#941,.F.);
#162=ORIENTED_EDGE('',*,*,#942,.T.);
#163=ORIENTED_EDGE('',*,*,#943,.T.);
#164=ORIENTED_EDGE('',*,*,#944,.T.);
#165=ORIENTED_EDGE('',*,*,#945,.F.);
#166=ORIENTED_EDGE('',*,*,#946,.T.);
#167=ORIENTED_EDGE('',*,*,#947,.F.);
#168=ORIENTED_EDGE('',*,*,#924,.F.);
#169=ORIENTED_EDGE('',*,*,#948,.F.);
#170=ORIENTED_EDGE('',*,*,#949,.F.);
#171=ORIENTED_EDGE('',*,*,#950,.F.);
#172=ORIENTED_EDGE('',*,*,#951,.T.);
#173=ORIENTED_EDGE('',*,*,#952,.F.);
#174=ORIENTED_EDGE('',*,*,#953,.F.);
#175=ORIENTED_EDGE('',*,*,#954,.F.);
#176=ORIENTED_EDGE('',*,*,#955,.T.);
#177=ORIENTED_EDGE('',*,*,#956,.T.);
#178=ORIENTED_EDGE('',*,*,#957,.F.);
#179=ORIENTED_EDGE('',*,*,#958,.F.);
#180=ORIENTED_EDGE('',*,*,#959,.T.);
#181=ORIENTED_EDGE('',*,*,#960,.F.);
#182=ORIENTED_EDGE('',*,*,#946,.F.);
#183=ORIENTED_EDGE('',*,*,#961,.F.);
#184=ORIENTED_EDGE('',*,*,#962,.T.);
#185=ORIENTED_EDGE('',*,*,#934,.T.);
#186=ORIENTED_EDGE('',*,*,#963,.T.);
#187=ORIENTED_EDGE('',*,*,#964,.T.);
#188=ORIENTED_EDGE('',*,*,#965,.F.);
#189=ORIENTED_EDGE('',*,*,#964,.F.);
#190=ORIENTED_EDGE('',*,*,#966,.T.);
#191=ORIENTED_EDGE('',*,*,#967,.T.);
#192=ORIENTED_EDGE('',*,*,#968,.F.);
#193=ORIENTED_EDGE('',*,*,#922,.T.);
#194=ORIENTED_EDGE('',*,*,#969,.T.);
#195=ORIENTED_EDGE('',*,*,#970,.T.);
#196=ORIENTED_EDGE('',*,*,#971,.F.);
#197=ORIENTED_EDGE('',*,*,#970,.F.);
#198=ORIENTED_EDGE('',*,*,#972,.T.);
#199=ORIENTED_EDGE('',*,*,#973,.T.);
#200=ORIENTED_EDGE('',*,*,#974,.F.);
#201=ORIENTED_EDGE('',*,*,#975,.F.);
#202=ORIENTED_EDGE('',*,*,#936,.F.);
#203=ORIENTED_EDGE('',*,*,#976,.F.);
#204=ORIENTED_EDGE('',*,*,#949,.T.);
#205=ORIENTED_EDGE('',*,*,#977,.F.);
#206=ORIENTED_EDGE('',*,*,#932,.F.);
#207=ORIENTED_EDGE('',*,*,#978,.F.);
#208=ORIENTED_EDGE('',*,*,#953,.T.);
#209=ORIENTED_EDGE('',*,*,#979,.T.);
#210=ORIENTED_EDGE('',*,*,#980,.T.);
#211=ORIENTED_EDGE('',*,*,#981,.T.);
#212=ORIENTED_EDGE('',*,*,#982,.T.);
#213=ORIENTED_EDGE('',*,*,#983,.T.);
#214=ORIENTED_EDGE('',*,*,#962,.F.);
#215=ORIENTED_EDGE('',*,*,#981,.F.);
#216=ORIENTED_EDGE('',*,*,#984,.T.);
#217=ORIENTED_EDGE('',*,*,#985,.T.);
#218=ORIENTED_EDGE('',*,*,#986,.T.);
#219=ORIENTED_EDGE('',*,*,#987,.F.);
#220=ORIENTED_EDGE('',*,*,#988,.T.);
#221=ORIENTED_EDGE('',*,*,#985,.F.);
#222=ORIENTED_EDGE('',*,*,#989,.T.);
#223=ORIENTED_EDGE('',*,*,#990,.T.);
#224=ORIENTED_EDGE('',*,*,#991,.T.);
#225=ORIENTED_EDGE('',*,*,#992,.T.);
#226=ORIENTED_EDGE('',*,*,#993,.T.);
#227=ORIENTED_EDGE('',*,*,#994,.T.);
#228=ORIENTED_EDGE('',*,*,#951,.F.);
#229=ORIENTED_EDGE('',*,*,#992,.F.);
#230=ORIENTED_EDGE('',*,*,#995,.T.);
#231=ORIENTED_EDGE('',*,*,#996,.T.);
#232=ORIENTED_EDGE('',*,*,#997,.T.);
#233=ORIENTED_EDGE('',*,*,#998,.F.);
#234=ORIENTED_EDGE('',*,*,#999,.T.);
#235=ORIENTED_EDGE('',*,*,#996,.F.);
#236=ORIENTED_EDGE('',*,*,#1000,.T.);
#237=ORIENTED_EDGE('',*,*,#926,.T.);
#238=ORIENTED_EDGE('',*,*,#1001,.T.);
#239=ORIENTED_EDGE('',*,*,#1002,.T.);
#240=ORIENTED_EDGE('',*,*,#1003,.F.);
#241=ORIENTED_EDGE('',*,*,#1002,.F.);
#242=ORIENTED_EDGE('',*,*,#1004,.T.);
#243=ORIENTED_EDGE('',*,*,#1005,.T.);
#244=ORIENTED_EDGE('',*,*,#1006,.F.);
#245=ORIENTED_EDGE('',*,*,#1007,.F.);
#246=ORIENTED_EDGE('',*,*,#957,.T.);
#247=ORIENTED_EDGE('',*,*,#1008,.T.);
#248=ORIENTED_EDGE('',*,*,#928,.F.);
#249=ORIENTED_EDGE('',*,*,#1009,.T.);
#250=ORIENTED_EDGE('',*,*,#1010,.T.);
#251=ORIENTED_EDGE('',*,*,#1011,.T.);
#252=ORIENTED_EDGE('',*,*,#1012,.T.);
#253=ORIENTED_EDGE('',*,*,#1013,.T.);
#254=ORIENTED_EDGE('',*,*,#959,.F.);
#255=ORIENTED_EDGE('',*,*,#1011,.F.);
#256=ORIENTED_EDGE('',*,*,#1014,.T.);
#257=ORIENTED_EDGE('',*,*,#1015,.T.);
#258=ORIENTED_EDGE('',*,*,#1016,.T.);
#259=ORIENTED_EDGE('',*,*,#1017,.F.);
#260=ORIENTED_EDGE('',*,*,#1018,.T.);
#261=ORIENTED_EDGE('',*,*,#1015,.F.);
#262=ORIENTED_EDGE('',*,*,#1019,.T.);
#263=ORIENTED_EDGE('',*,*,#967,.F.);
#264=ORIENTED_EDGE('',*,*,#1020,.F.);
#265=ORIENTED_EDGE('',*,*,#998,.T.);
#266=ORIENTED_EDGE('',*,*,#1021,.T.);
#267=ORIENTED_EDGE('',*,*,#973,.F.);
#268=ORIENTED_EDGE('',*,*,#1022,.F.);
#269=ORIENTED_EDGE('',*,*,#987,.T.);
#270=ORIENTED_EDGE('',*,*,#1023,.T.);
#271=ORIENTED_EDGE('',*,*,#1005,.F.);
#272=ORIENTED_EDGE('',*,*,#1024,.F.);
#273=ORIENTED_EDGE('',*,*,#1017,.T.);
#274=ORIENTED_EDGE('',*,*,#1025,.T.);
#275=ORIENTED_EDGE('',*,*,#1026,.F.);
#276=ORIENTED_EDGE('',*,*,#1027,.T.);
#277=ORIENTED_EDGE('',*,*,#1028,.F.);
#278=ORIENTED_EDGE('',*,*,#1029,.F.);
#279=ORIENTED_EDGE('',*,*,#1030,.F.);
#280=ORIENTED_EDGE('',*,*,#1031,.T.);
#281=ORIENTED_EDGE('',*,*,#1032,.F.);
#282=ORIENTED_EDGE('',*,*,#1033,.F.);
#283=ORIENTED_EDGE('',*,*,#1034,.F.);
#284=ORIENTED_EDGE('',*,*,#1035,.T.);
#285=ORIENTED_EDGE('',*,*,#1036,.F.);
#286=ORIENTED_EDGE('',*,*,#1037,.F.);
#287=ORIENTED_EDGE('',*,*,#1038,.T.);
#288=ORIENTED_EDGE('',*,*,#1039,.T.);
#289=ORIENTED_EDGE('',*,*,#1040,.F.);
#290=ORIENTED_EDGE('',*,*,#1041,.F.);
#291=ORIENTED_EDGE('',*,*,#1042,.T.);
#292=ORIENTED_EDGE('',*,*,#1043,.T.);
#293=ORIENTED_EDGE('',*,*,#1044,.F.);
#294=ORIENTED_EDGE('',*,*,#1045,.F.);
#295=ORIENTED_EDGE('',*,*,#1046,.T.);
#296=ORIENTED_EDGE('',*,*,#1047,.T.);
#297=ORIENTED_EDGE('',*,*,#1048,.F.);
#298=ORIENTED_EDGE('',*,*,#1049,.T.);
#299=ORIENTED_EDGE('',*,*,#1050,.F.);
#300=ORIENTED_EDGE('',*,*,#1051,.T.);
#301=ORIENTED_EDGE('',*,*,#1052,.F.);
#302=ORIENTED_EDGE('',*,*,#1053,.F.);
#303=ORIENTED_EDGE('',*,*,#1054,.F.);
#304=ORIENTED_EDGE('',*,*,#1055,.T.);
#305=ORIENTED_EDGE('',*,*,#1056,.F.);
#306=ORIENTED_EDGE('',*,*,#1057,.F.);
#307=ORIENTED_EDGE('',*,*,#1058,.F.);
#308=ORIENTED_EDGE('',*,*,#1059,.T.);
#309=ORIENTED_EDGE('',*,*,#1060,.F.);
#310=ORIENTED_EDGE('',*,*,#1061,.F.);
#311=ORIENTED_EDGE('',*,*,#1062,.F.);
#312=ORIENTED_EDGE('',*,*,#1063,.F.);
#313=ORIENTED_EDGE('',*,*,#1064,.T.);
#314=ORIENTED_EDGE('',*,*,#1065,.F.);
#315=ORIENTED_EDGE('',*,*,#1066,.T.);
#316=ORIENTED_EDGE('',*,*,#1067,.F.);
#317=ORIENTED_EDGE('',*,*,#1068,.F.);
#318=ORIENTED_EDGE('',*,*,#1069,.T.);
#319=ORIENTED_EDGE('',*,*,#1070,.F.);
#320=ORIENTED_EDGE('',*,*,#1071,.F.);
#321=ORIENTED_EDGE('',*,*,#1072,.T.);
#322=ORIENTED_EDGE('',*,*,#1067,.T.);
#323=ORIENTED_EDGE('',*,*,#1073,.T.);
#324=ORIENTED_EDGE('',*,*,#1074,.F.);
#325=ORIENTED_EDGE('',*,*,#1075,.F.);
#326=ORIENTED_EDGE('',*,*,#1071,.T.);
#327=ORIENTED_EDGE('',*,*,#1076,.F.);
#328=ORIENTED_EDGE('',*,*,#1077,.F.);
#329=ORIENTED_EDGE('',*,*,#1078,.T.);
#330=ORIENTED_EDGE('',*,*,#1074,.T.);
#331=ORIENTED_EDGE('',*,*,#1042,.F.);
#332=ORIENTED_EDGE('',*,*,#1079,.T.);
#333=ORIENTED_EDGE('',*,*,#1080,.F.);
#334=ORIENTED_EDGE('',*,*,#1081,.F.);
#335=ORIENTED_EDGE('',*,*,#1038,.F.);
#336=ORIENTED_EDGE('',*,*,#1082,.T.);
#337=ORIENTED_EDGE('',*,*,#1083,.F.);
#338=ORIENTED_EDGE('',*,*,#1084,.F.);
#339=ORIENTED_EDGE('',*,*,#1077,.T.);
#340=ORIENTED_EDGE('',*,*,#1085,.T.);
#341=ORIENTED_EDGE('',*,*,#1086,.F.);
#342=ORIENTED_EDGE('',*,*,#1087,.F.);
#343=ORIENTED_EDGE('',*,*,#1046,.F.);
#344=ORIENTED_EDGE('',*,*,#1088,.T.);
#345=ORIENTED_EDGE('',*,*,#1089,.F.);
#346=ORIENTED_EDGE('',*,*,#1090,.F.);
#347=ORIENTED_EDGE('',*,*,#1060,.T.);
#348=ORIENTED_EDGE('',*,*,#1091,.F.);
#349=ORIENTED_EDGE('',*,*,#1092,.T.);
#350=ORIENTED_EDGE('',*,*,#1093,.T.);
#351=ORIENTED_EDGE('',*,*,#1056,.T.);
#352=ORIENTED_EDGE('',*,*,#1094,.F.);
#353=ORIENTED_EDGE('',*,*,#1095,.T.);
#354=ORIENTED_EDGE('',*,*,#1096,.T.);
#355=ORIENTED_EDGE('',*,*,#1052,.T.);
#356=ORIENTED_EDGE('',*,*,#1097,.F.);
#357=ORIENTED_EDGE('',*,*,#1098,.T.);
#358=ORIENTED_EDGE('',*,*,#1099,.T.);
#359=ORIENTED_EDGE('',*,*,#1100,.F.);
#360=ORIENTED_EDGE('',*,*,#1101,.F.);
#361=ORIENTED_EDGE('',*,*,#1102,.T.);
#362=ORIENTED_EDGE('',*,*,#1103,.T.);
#363=ORIENTED_EDGE('',*,*,#1104,.T.);
#364=ORIENTED_EDGE('',*,*,#955,.F.);
#365=ORIENTED_EDGE('',*,*,#1105,.F.);
#366=ORIENTED_EDGE('',*,*,#1100,.T.);
#367=ORIENTED_EDGE('',*,*,#1106,.T.);
#368=ORIENTED_EDGE('',*,*,#1107,.F.);
#369=ORIENTED_EDGE('',*,*,#1108,.F.);
#370=ORIENTED_EDGE('',*,*,#930,.T.);
#371=ORIENTED_EDGE('',*,*,#1109,.T.);
#372=ORIENTED_EDGE('',*,*,#1069,.F.);
#373=ORIENTED_EDGE('',*,*,#1110,.F.);
#374=ORIENTED_EDGE('',*,*,#1107,.T.);
#375=ORIENTED_EDGE('',*,*,#1049,.F.);
#376=ORIENTED_EDGE('',*,*,#1111,.F.);
#377=ORIENTED_EDGE('',*,*,#1112,.F.);
#378=ORIENTED_EDGE('',*,*,#1113,.F.);
#379=ORIENTED_EDGE('',*,*,#1085,.F.);
#380=ORIENTED_EDGE('',*,*,#1076,.T.);
#381=ORIENTED_EDGE('',*,*,#1073,.F.);
#382=ORIENTED_EDGE('',*,*,#1070,.T.);
#383=ORIENTED_EDGE('',*,*,#1066,.F.);
#384=ORIENTED_EDGE('',*,*,#1109,.F.);
#385=ORIENTED_EDGE('',*,*,#1106,.F.);
#386=ORIENTED_EDGE('',*,*,#929,.F.);
#387=ORIENTED_EDGE('',*,*,#1008,.F.);
#388=ORIENTED_EDGE('',*,*,#956,.F.);
#389=ORIENTED_EDGE('',*,*,#1104,.F.);
#390=ORIENTED_EDGE('',*,*,#1099,.F.);
#391=ORIENTED_EDGE('',*,*,#1114,.F.);
#392=ORIENTED_EDGE('',*,*,#1115,.F.);
#393=ORIENTED_EDGE('',*,*,#1116,.F.);
#394=ORIENTED_EDGE('',*,*,#1115,.T.);
#395=ORIENTED_EDGE('',*,*,#1117,.F.);
#396=ORIENTED_EDGE('',*,*,#1118,.F.);
#397=ORIENTED_EDGE('',*,*,#1119,.T.);
#398=ORIENTED_EDGE('',*,*,#1114,.T.);
#399=ORIENTED_EDGE('',*,*,#1098,.F.);
#400=ORIENTED_EDGE('',*,*,#1120,.F.);
#401=ORIENTED_EDGE('',*,*,#1117,.T.);
#402=ORIENTED_EDGE('',*,*,#1051,.F.);
#403=ORIENTED_EDGE('',*,*,#1121,.T.);
#404=ORIENTED_EDGE('',*,*,#1118,.T.);
#405=ORIENTED_EDGE('',*,*,#1120,.T.);
#406=ORIENTED_EDGE('',*,*,#1097,.T.);
#407=ORIENTED_EDGE('',*,*,#1121,.F.);
#408=ORIENTED_EDGE('',*,*,#1050,.T.);
#409=ORIENTED_EDGE('',*,*,#1116,.T.);
#410=ORIENTED_EDGE('',*,*,#1119,.F.);
#411=ORIENTED_EDGE('',*,*,#1047,.F.);
#412=ORIENTED_EDGE('',*,*,#1087,.T.);
#413=ORIENTED_EDGE('',*,*,#1122,.T.);
#414=ORIENTED_EDGE('',*,*,#1123,.T.);
#415=ORIENTED_EDGE('',*,*,#1124,.T.);
#416=ORIENTED_EDGE('',*,*,#1111,.T.);
#417=ORIENTED_EDGE('',*,*,#1048,.T.);
#418=ORIENTED_EDGE('',*,*,#1124,.F.);
#419=ORIENTED_EDGE('',*,*,#1125,.T.);
#420=ORIENTED_EDGE('',*,*,#1113,.T.);
#421=ORIENTED_EDGE('',*,*,#1126,.F.);
#422=ORIENTED_EDGE('',*,*,#1122,.F.);
#423=ORIENTED_EDGE('',*,*,#1086,.T.);
#424=ORIENTED_EDGE('',*,*,#1112,.T.);
#425=ORIENTED_EDGE('',*,*,#1125,.F.);
#426=ORIENTED_EDGE('',*,*,#1123,.F.);
#427=ORIENTED_EDGE('',*,*,#1126,.T.);
#428=ORIENTED_EDGE('',*,*,#1127,.T.);
#429=ORIENTED_EDGE('',*,*,#1128,.F.);
#430=ORIENTED_EDGE('',*,*,#1129,.F.);
#431=ORIENTED_EDGE('',*,*,#1130,.T.);
#432=ORIENTED_EDGE('',*,*,#1131,.T.);
#433=ORIENTED_EDGE('',*,*,#1095,.F.);
#434=ORIENTED_EDGE('',*,*,#1132,.F.);
#435=ORIENTED_EDGE('',*,*,#1128,.T.);
#436=ORIENTED_EDGE('',*,*,#1055,.F.);
#437=ORIENTED_EDGE('',*,*,#1133,.T.);
#438=ORIENTED_EDGE('',*,*,#1129,.T.);
#439=ORIENTED_EDGE('',*,*,#1132,.T.);
#440=ORIENTED_EDGE('',*,*,#1094,.T.);
#441=ORIENTED_EDGE('',*,*,#1134,.F.);
#442=ORIENTED_EDGE('',*,*,#1053,.T.);
#443=ORIENTED_EDGE('',*,*,#1096,.F.);
#444=ORIENTED_EDGE('',*,*,#1131,.F.);
#445=ORIENTED_EDGE('',*,*,#1127,.F.);
#446=ORIENTED_EDGE('',*,*,#1133,.F.);
#447=ORIENTED_EDGE('',*,*,#1054,.T.);
#448=ORIENTED_EDGE('',*,*,#1134,.T.);
#449=ORIENTED_EDGE('',*,*,#1130,.F.);
#450=ORIENTED_EDGE('',*,*,#1135,.T.);
#451=ORIENTED_EDGE('',*,*,#1044,.T.);
#452=ORIENTED_EDGE('',*,*,#1136,.F.);
#453=ORIENTED_EDGE('',*,*,#1137,.T.);
#454=ORIENTED_EDGE('',*,*,#1043,.F.);
#455=ORIENTED_EDGE('',*,*,#1090,.T.);
#456=ORIENTED_EDGE('',*,*,#1138,.T.);
#457=ORIENTED_EDGE('',*,*,#1139,.T.);
#458=ORIENTED_EDGE('',*,*,#1136,.T.);
#459=ORIENTED_EDGE('',*,*,#1088,.F.);
#460=ORIENTED_EDGE('',*,*,#1045,.T.);
#461=ORIENTED_EDGE('',*,*,#1135,.F.);
#462=ORIENTED_EDGE('',*,*,#1140,.F.);
#463=ORIENTED_EDGE('',*,*,#1141,.F.);
#464=ORIENTED_EDGE('',*,*,#1141,.T.);
#465=ORIENTED_EDGE('',*,*,#1142,.F.);
#466=ORIENTED_EDGE('',*,*,#1138,.F.);
#467=ORIENTED_EDGE('',*,*,#1089,.T.);
#468=ORIENTED_EDGE('',*,*,#1140,.T.);
#469=ORIENTED_EDGE('',*,*,#1137,.F.);
#470=ORIENTED_EDGE('',*,*,#1139,.F.);
#471=ORIENTED_EDGE('',*,*,#1142,.T.);
#472=ORIENTED_EDGE('',*,*,#1143,.T.);
#473=ORIENTED_EDGE('',*,*,#1144,.F.);
#474=ORIENTED_EDGE('',*,*,#1145,.F.);
#475=ORIENTED_EDGE('',*,*,#1146,.T.);
#476=ORIENTED_EDGE('',*,*,#1147,.T.);
#477=ORIENTED_EDGE('',*,*,#1092,.F.);
#478=ORIENTED_EDGE('',*,*,#1148,.F.);
#479=ORIENTED_EDGE('',*,*,#1144,.T.);
#480=ORIENTED_EDGE('',*,*,#1059,.F.);
#481=ORIENTED_EDGE('',*,*,#1149,.T.);
#482=ORIENTED_EDGE('',*,*,#1145,.T.);
#483=ORIENTED_EDGE('',*,*,#1148,.T.);
#484=ORIENTED_EDGE('',*,*,#1091,.T.);
#485=ORIENTED_EDGE('',*,*,#1150,.F.);
#486=ORIENTED_EDGE('',*,*,#1057,.T.);
#487=ORIENTED_EDGE('',*,*,#1093,.F.);
#488=ORIENTED_EDGE('',*,*,#1147,.F.);
#489=ORIENTED_EDGE('',*,*,#1143,.F.);
#490=ORIENTED_EDGE('',*,*,#1149,.F.);
#491=ORIENTED_EDGE('',*,*,#1058,.T.);
#492=ORIENTED_EDGE('',*,*,#1150,.T.);
#493=ORIENTED_EDGE('',*,*,#1146,.F.);
#494=ORIENTED_EDGE('',*,*,#1151,.T.);
#495=ORIENTED_EDGE('',*,*,#1040,.T.);
#496=ORIENTED_EDGE('',*,*,#1152,.F.);
#497=ORIENTED_EDGE('',*,*,#1153,.T.);
#498=ORIENTED_EDGE('',*,*,#1039,.F.);
#499=ORIENTED_EDGE('',*,*,#1081,.T.);
#500=ORIENTED_EDGE('',*,*,#1154,.T.);
#501=ORIENTED_EDGE('',*,*,#1155,.T.);
#502=ORIENTED_EDGE('',*,*,#1152,.T.);
#503=ORIENTED_EDGE('',*,*,#1079,.F.);
#504=ORIENTED_EDGE('',*,*,#1041,.T.);
#505=ORIENTED_EDGE('',*,*,#1151,.F.);
#506=ORIENTED_EDGE('',*,*,#1156,.F.);
#507=ORIENTED_EDGE('',*,*,#1157,.F.);
#508=ORIENTED_EDGE('',*,*,#1157,.T.);
#509=ORIENTED_EDGE('',*,*,#1158,.F.);
#510=ORIENTED_EDGE('',*,*,#1154,.F.);
#511=ORIENTED_EDGE('',*,*,#1080,.T.);
#512=ORIENTED_EDGE('',*,*,#1156,.T.);
#513=ORIENTED_EDGE('',*,*,#1153,.F.);
#514=ORIENTED_EDGE('',*,*,#1155,.F.);
#515=ORIENTED_EDGE('',*,*,#1158,.T.);
#516=ORIENTED_EDGE('',*,*,#1082,.F.);
#517=ORIENTED_EDGE('',*,*,#1065,.T.);
#518=ORIENTED_EDGE('',*,*,#1159,.F.);
#519=ORIENTED_EDGE('',*,*,#1160,.F.);
#520=ORIENTED_EDGE('',*,*,#1161,.F.);
#521=ORIENTED_EDGE('',*,*,#1162,.F.);
#522=ORIENTED_EDGE('',*,*,#1061,.T.);
#523=ORIENTED_EDGE('',*,*,#1103,.F.);
#524=ORIENTED_EDGE('',*,*,#1163,.F.);
#525=ORIENTED_EDGE('',*,*,#1164,.F.);
#526=ORIENTED_EDGE('',*,*,#1161,.T.);
#527=ORIENTED_EDGE('',*,*,#1165,.F.);
#528=ORIENTED_EDGE('',*,*,#1166,.F.);
#529=ORIENTED_EDGE('',*,*,#1083,.T.);
#530=ORIENTED_EDGE('',*,*,#1160,.T.);
#531=ORIENTED_EDGE('',*,*,#1167,.F.);
#532=ORIENTED_EDGE('',*,*,#1168,.F.);
#533=ORIENTED_EDGE('',*,*,#1165,.T.);
#534=ORIENTED_EDGE('',*,*,#1159,.T.);
#535=ORIENTED_EDGE('',*,*,#1064,.F.);
#536=ORIENTED_EDGE('',*,*,#1169,.F.);
#537=ORIENTED_EDGE('',*,*,#1167,.T.);
#538=ORIENTED_EDGE('',*,*,#1162,.T.);
#539=ORIENTED_EDGE('',*,*,#1170,.F.);
#540=ORIENTED_EDGE('',*,*,#1171,.F.);
#541=ORIENTED_EDGE('',*,*,#1062,.T.);
#542=ORIENTED_EDGE('',*,*,#1164,.T.);
#543=ORIENTED_EDGE('',*,*,#1172,.F.);
#544=ORIENTED_EDGE('',*,*,#1173,.F.);
#545=ORIENTED_EDGE('',*,*,#1170,.T.);
#546=ORIENTED_EDGE('',*,*,#1163,.T.);
#547=ORIENTED_EDGE('',*,*,#1102,.F.);
#548=ORIENTED_EDGE('',*,*,#1174,.F.);
#549=ORIENTED_EDGE('',*,*,#1172,.T.);
#550=ORIENTED_EDGE('',*,*,#1068,.T.);
#551=ORIENTED_EDGE('',*,*,#1072,.F.);
#552=ORIENTED_EDGE('',*,*,#1075,.T.);
#553=ORIENTED_EDGE('',*,*,#1078,.F.);
#554=ORIENTED_EDGE('',*,*,#1084,.T.);
#555=ORIENTED_EDGE('',*,*,#1166,.T.);
#556=ORIENTED_EDGE('',*,*,#1168,.T.);
#557=ORIENTED_EDGE('',*,*,#1169,.T.);
#558=ORIENTED_EDGE('',*,*,#1063,.T.);
#559=ORIENTED_EDGE('',*,*,#1171,.T.);
#560=ORIENTED_EDGE('',*,*,#1173,.T.);
#561=ORIENTED_EDGE('',*,*,#1174,.T.);
#562=ORIENTED_EDGE('',*,*,#1101,.T.);
#563=ORIENTED_EDGE('',*,*,#1105,.T.);
#564=ORIENTED_EDGE('',*,*,#954,.T.);
#565=ORIENTED_EDGE('',*,*,#978,.T.);
#566=ORIENTED_EDGE('',*,*,#931,.T.);
#567=ORIENTED_EDGE('',*,*,#1108,.T.);
#568=ORIENTED_EDGE('',*,*,#1110,.T.);
#569=ORIENTED_EDGE('',*,*,#1175,.T.);
#570=ORIENTED_EDGE('',*,*,#1006,.T.);
#571=ORIENTED_EDGE('',*,*,#1025,.F.);
#572=ORIENTED_EDGE('',*,*,#1019,.F.);
#573=ORIENTED_EDGE('',*,*,#1014,.F.);
#574=ORIENTED_EDGE('',*,*,#1010,.F.);
#575=ORIENTED_EDGE('',*,*,#1007,.T.);
#576=ORIENTED_EDGE('',*,*,#927,.T.);
#577=ORIENTED_EDGE('',*,*,#1003,.T.);
#578=ORIENTED_EDGE('',*,*,#1175,.F.);
#579=ORIENTED_EDGE('',*,*,#1009,.F.);
#580=ORIENTED_EDGE('',*,*,#958,.T.);
#581=ORIENTED_EDGE('',*,*,#947,.T.);
#582=ORIENTED_EDGE('',*,*,#960,.T.);
#583=ORIENTED_EDGE('',*,*,#1013,.F.);
#584=ORIENTED_EDGE('',*,*,#1176,.T.);
#585=ORIENTED_EDGE('',*,*,#1001,.F.);
#586=ORIENTED_EDGE('',*,*,#925,.F.);
#587=ORIENTED_EDGE('',*,*,#1016,.F.);
#588=ORIENTED_EDGE('',*,*,#1018,.F.);
#589=ORIENTED_EDGE('',*,*,#1024,.T.);
#590=ORIENTED_EDGE('',*,*,#1004,.F.);
#591=ORIENTED_EDGE('',*,*,#1176,.F.);
#592=ORIENTED_EDGE('',*,*,#1012,.F.);
#593=ORIENTED_EDGE('',*,*,#1177,.T.);
#594=ORIENTED_EDGE('',*,*,#968,.T.);
#595=ORIENTED_EDGE('',*,*,#1021,.F.);
#596=ORIENTED_EDGE('',*,*,#1000,.F.);
#597=ORIENTED_EDGE('',*,*,#995,.F.);
#598=ORIENTED_EDGE('',*,*,#991,.F.);
#599=ORIENTED_EDGE('',*,*,#976,.T.);
#600=ORIENTED_EDGE('',*,*,#935,.T.);
#601=ORIENTED_EDGE('',*,*,#965,.T.);
#602=ORIENTED_EDGE('',*,*,#1177,.F.);
#603=ORIENTED_EDGE('',*,*,#990,.F.);
#604=ORIENTED_EDGE('',*,*,#950,.T.);
#605=ORIENTED_EDGE('',*,*,#977,.T.);
#606=ORIENTED_EDGE('',*,*,#952,.T.);
#607=ORIENTED_EDGE('',*,*,#994,.F.);
#608=ORIENTED_EDGE('',*,*,#1178,.T.);
#609=ORIENTED_EDGE('',*,*,#963,.F.);
#610=ORIENTED_EDGE('',*,*,#933,.F.);
#611=ORIENTED_EDGE('',*,*,#997,.F.);
#612=ORIENTED_EDGE('',*,*,#999,.F.);
#613=ORIENTED_EDGE('',*,*,#1020,.T.);
#614=ORIENTED_EDGE('',*,*,#966,.F.);
#615=ORIENTED_EDGE('',*,*,#1178,.F.);
#616=ORIENTED_EDGE('',*,*,#993,.F.);
#617=ORIENTED_EDGE('',*,*,#1179,.T.);
#618=ORIENTED_EDGE('',*,*,#974,.T.);
#619=ORIENTED_EDGE('',*,*,#1023,.F.);
#620=ORIENTED_EDGE('',*,*,#989,.F.);
#621=ORIENTED_EDGE('',*,*,#984,.F.);
#622=ORIENTED_EDGE('',*,*,#980,.F.);
#623=ORIENTED_EDGE('',*,*,#945,.T.);
#624=ORIENTED_EDGE('',*,*,#923,.T.);
#625=ORIENTED_EDGE('',*,*,#971,.T.);
#626=ORIENTED_EDGE('',*,*,#1179,.F.);
#627=ORIENTED_EDGE('',*,*,#979,.F.);
#628=ORIENTED_EDGE('',*,*,#961,.T.);
#629=ORIENTED_EDGE('',*,*,#975,.T.);
#630=ORIENTED_EDGE('',*,*,#948,.T.);
#631=ORIENTED_EDGE('',*,*,#983,.F.);
#632=ORIENTED_EDGE('',*,*,#1180,.T.);
#633=ORIENTED_EDGE('',*,*,#969,.F.);
#634=ORIENTED_EDGE('',*,*,#921,.F.);
#635=ORIENTED_EDGE('',*,*,#986,.F.);
#636=ORIENTED_EDGE('',*,*,#988,.F.);
#637=ORIENTED_EDGE('',*,*,#1022,.T.);
#638=ORIENTED_EDGE('',*,*,#972,.F.);
#639=ORIENTED_EDGE('',*,*,#1180,.F.);
#640=ORIENTED_EDGE('',*,*,#982,.F.);
#641=ORIENTED_EDGE('',*,*,#1181,.F.);
#642=ORIENTED_EDGE('',*,*,#1034,.T.);
#643=ORIENTED_EDGE('',*,*,#1182,.T.);
#644=ORIENTED_EDGE('',*,*,#1183,.F.);
#645=ORIENTED_EDGE('',*,*,#1184,.T.);
#646=ORIENTED_EDGE('',*,*,#1036,.T.);
#647=ORIENTED_EDGE('',*,*,#1185,.F.);
#648=ORIENTED_EDGE('',*,*,#1186,.T.);
#649=ORIENTED_EDGE('',*,*,#1035,.F.);
#650=ORIENTED_EDGE('',*,*,#1181,.T.);
#651=ORIENTED_EDGE('',*,*,#1187,.T.);
#652=ORIENTED_EDGE('',*,*,#1185,.T.);
#653=ORIENTED_EDGE('',*,*,#1182,.F.);
#654=ORIENTED_EDGE('',*,*,#1037,.T.);
#655=ORIENTED_EDGE('',*,*,#1184,.F.);
#656=ORIENTED_EDGE('',*,*,#1188,.F.);
#657=ORIENTED_EDGE('',*,*,#1188,.T.);
#658=ORIENTED_EDGE('',*,*,#1186,.F.);
#659=ORIENTED_EDGE('',*,*,#1187,.F.);
#660=ORIENTED_EDGE('',*,*,#1183,.T.);
#661=ORIENTED_EDGE('',*,*,#1189,.F.);
#662=ORIENTED_EDGE('',*,*,#1030,.T.);
#663=ORIENTED_EDGE('',*,*,#1190,.T.);
#664=ORIENTED_EDGE('',*,*,#1191,.F.);
#665=ORIENTED_EDGE('',*,*,#1192,.T.);
#666=ORIENTED_EDGE('',*,*,#1032,.T.);
#667=ORIENTED_EDGE('',*,*,#1193,.F.);
#668=ORIENTED_EDGE('',*,*,#1194,.T.);
#669=ORIENTED_EDGE('',*,*,#1031,.F.);
#670=ORIENTED_EDGE('',*,*,#1189,.T.);
#671=ORIENTED_EDGE('',*,*,#1195,.T.);
#672=ORIENTED_EDGE('',*,*,#1193,.T.);
#673=ORIENTED_EDGE('',*,*,#1190,.F.);
#674=ORIENTED_EDGE('',*,*,#1033,.T.);
#675=ORIENTED_EDGE('',*,*,#1192,.F.);
#676=ORIENTED_EDGE('',*,*,#1196,.F.);
#677=ORIENTED_EDGE('',*,*,#1196,.T.);
#678=ORIENTED_EDGE('',*,*,#1194,.F.);
#679=ORIENTED_EDGE('',*,*,#1195,.F.);
#680=ORIENTED_EDGE('',*,*,#1191,.T.);
#681=ORIENTED_EDGE('',*,*,#1197,.F.);
#682=ORIENTED_EDGE('',*,*,#1026,.T.);
#683=ORIENTED_EDGE('',*,*,#1198,.T.);
#684=ORIENTED_EDGE('',*,*,#1199,.F.);
#685=ORIENTED_EDGE('',*,*,#1200,.T.);
#686=ORIENTED_EDGE('',*,*,#1028,.T.);
#687=ORIENTED_EDGE('',*,*,#1201,.F.);
#688=ORIENTED_EDGE('',*,*,#1202,.T.);
#689=ORIENTED_EDGE('',*,*,#1027,.F.);
#690=ORIENTED_EDGE('',*,*,#1197,.T.);
#691=ORIENTED_EDGE('',*,*,#1203,.T.);
#692=ORIENTED_EDGE('',*,*,#1201,.T.);
#693=ORIENTED_EDGE('',*,*,#1198,.F.);
#694=ORIENTED_EDGE('',*,*,#1029,.T.);
#695=ORIENTED_EDGE('',*,*,#1200,.F.);
#696=ORIENTED_EDGE('',*,*,#1204,.F.);
#697=ORIENTED_EDGE('',*,*,#1204,.T.);
#698=ORIENTED_EDGE('',*,*,#1202,.F.);
#699=ORIENTED_EDGE('',*,*,#1203,.F.);
#700=ORIENTED_EDGE('',*,*,#1199,.T.);
#701=ORIENTED_EDGE('',*,*,#940,.F.);
#702=ORIENTED_EDGE('',*,*,#1205,.F.);
#703=ORIENTED_EDGE('',*,*,#1206,.F.);
#704=ORIENTED_EDGE('',*,*,#1207,.T.);
#705=ORIENTED_EDGE('',*,*,#1208,.F.);
#706=ORIENTED_EDGE('',*,*,#1209,.F.);
#707=ORIENTED_EDGE('',*,*,#1210,.F.);
#708=ORIENTED_EDGE('',*,*,#938,.F.);
#709=ORIENTED_EDGE('',*,*,#1211,.T.);
#710=ORIENTED_EDGE('',*,*,#1212,.T.);
#711=ORIENTED_EDGE('',*,*,#1213,.T.);
#712=ORIENTED_EDGE('',*,*,#1214,.T.);
#713=ORIENTED_EDGE('',*,*,#916,.F.);
#714=ORIENTED_EDGE('',*,*,#1215,.F.);
#715=ORIENTED_EDGE('',*,*,#1211,.F.);
#716=ORIENTED_EDGE('',*,*,#937,.T.);
#717=ORIENTED_EDGE('',*,*,#1207,.F.);
#718=ORIENTED_EDGE('',*,*,#1216,.F.);
#719=ORIENTED_EDGE('',*,*,#1217,.F.);
#720=ORIENTED_EDGE('',*,*,#1218,.F.);
#721=ORIENTED_EDGE('',*,*,#1219,.F.);
#722=ORIENTED_EDGE('',*,*,#1220,.F.);
#723=ORIENTED_EDGE('',*,*,#1221,.T.);
#724=ORIENTED_EDGE('',*,*,#1222,.T.);
#725=ORIENTED_EDGE('',*,*,#1223,.T.);
#726=ORIENTED_EDGE('',*,*,#1224,.T.);
#727=ORIENTED_EDGE('',*,*,#1225,.T.);
#728=ORIENTED_EDGE('',*,*,#1205,.T.);
#729=ORIENTED_EDGE('',*,*,#939,.F.);
#730=ORIENTED_EDGE('',*,*,#1210,.T.);
#731=ORIENTED_EDGE('',*,*,#1226,.F.);
#732=ORIENTED_EDGE('',*,*,#1227,.T.);
#733=ORIENTED_EDGE('',*,*,#1222,.F.);
#734=ORIENTED_EDGE('',*,*,#1228,.F.);
#735=ORIENTED_EDGE('',*,*,#1223,.F.);
#736=ORIENTED_EDGE('',*,*,#1227,.F.);
#737=ORIENTED_EDGE('',*,*,#1229,.F.);
#738=ORIENTED_EDGE('',*,*,#1218,.T.);
#739=ORIENTED_EDGE('',*,*,#1230,.T.);
#740=ORIENTED_EDGE('',*,*,#1224,.F.);
#741=ORIENTED_EDGE('',*,*,#1230,.F.);
#742=ORIENTED_EDGE('',*,*,#1217,.T.);
#743=ORIENTED_EDGE('',*,*,#1231,.T.);
#744=ORIENTED_EDGE('',*,*,#1225,.F.);
#745=ORIENTED_EDGE('',*,*,#1231,.F.);
#746=ORIENTED_EDGE('',*,*,#1216,.T.);
#747=ORIENTED_EDGE('',*,*,#1206,.T.);
#748=ORIENTED_EDGE('',*,*,#1232,.F.);
#749=ORIENTED_EDGE('',*,*,#1212,.F.);
#750=ORIENTED_EDGE('',*,*,#1215,.T.);
#751=ORIENTED_EDGE('',*,*,#915,.T.);
#752=ORIENTED_EDGE('',*,*,#1233,.F.);
#753=ORIENTED_EDGE('',*,*,#1228,.T.);
#754=ORIENTED_EDGE('',*,*,#1221,.F.);
#755=ORIENTED_EDGE('',*,*,#920,.F.);
#756=ORIENTED_EDGE('',*,*,#1234,.F.);
#757=ORIENTED_EDGE('',*,*,#1235,.F.);
#758=ORIENTED_EDGE('',*,*,#1236,.T.);
#759=ORIENTED_EDGE('',*,*,#1237,.F.);
#760=ORIENTED_EDGE('',*,*,#1238,.F.);
#761=ORIENTED_EDGE('',*,*,#1239,.F.);
#762=ORIENTED_EDGE('',*,*,#918,.F.);
#763=ORIENTED_EDGE('',*,*,#1240,.T.);
#764=ORIENTED_EDGE('',*,*,#1241,.T.);
#765=ORIENTED_EDGE('',*,*,#1242,.T.);
#766=ORIENTED_EDGE('',*,*,#1243,.T.);
#767=ORIENTED_EDGE('',*,*,#910,.F.);
#768=ORIENTED_EDGE('',*,*,#1244,.F.);
#769=ORIENTED_EDGE('',*,*,#1240,.F.);
#770=ORIENTED_EDGE('',*,*,#917,.T.);
#771=ORIENTED_EDGE('',*,*,#1236,.F.);
#772=ORIENTED_EDGE('',*,*,#1245,.F.);
#773=ORIENTED_EDGE('',*,*,#1246,.F.);
#774=ORIENTED_EDGE('',*,*,#1247,.F.);
#775=ORIENTED_EDGE('',*,*,#1248,.F.);
#776=ORIENTED_EDGE('',*,*,#1249,.F.);
#777=ORIENTED_EDGE('',*,*,#1250,.T.);
#778=ORIENTED_EDGE('',*,*,#1251,.T.);
#779=ORIENTED_EDGE('',*,*,#1252,.T.);
#780=ORIENTED_EDGE('',*,*,#1253,.T.);
#781=ORIENTED_EDGE('',*,*,#1254,.T.);
#782=ORIENTED_EDGE('',*,*,#1234,.T.);
#783=ORIENTED_EDGE('',*,*,#919,.F.);
#784=ORIENTED_EDGE('',*,*,#1239,.T.);
#785=ORIENTED_EDGE('',*,*,#1255,.F.);
#786=ORIENTED_EDGE('',*,*,#1256,.T.);
#787=ORIENTED_EDGE('',*,*,#1251,.F.);
#788=ORIENTED_EDGE('',*,*,#1257,.F.);
#789=ORIENTED_EDGE('',*,*,#1252,.F.);
#790=ORIENTED_EDGE('',*,*,#1256,.F.);
#791=ORIENTED_EDGE('',*,*,#1258,.F.);
#792=ORIENTED_EDGE('',*,*,#1247,.T.);
#793=ORIENTED_EDGE('',*,*,#1259,.T.);
#794=ORIENTED_EDGE('',*,*,#1253,.F.);
#795=ORIENTED_EDGE('',*,*,#1259,.F.);
#796=ORIENTED_EDGE('',*,*,#1246,.T.);
#797=ORIENTED_EDGE('',*,*,#1260,.T.);
#798=ORIENTED_EDGE('',*,*,#1254,.F.);
#799=ORIENTED_EDGE('',*,*,#1260,.F.);
#800=ORIENTED_EDGE('',*,*,#1245,.T.);
#801=ORIENTED_EDGE('',*,*,#1235,.T.);
#802=ORIENTED_EDGE('',*,*,#1261,.F.);
#803=ORIENTED_EDGE('',*,*,#1241,.F.);
#804=ORIENTED_EDGE('',*,*,#1244,.T.);
#805=ORIENTED_EDGE('',*,*,#909,.T.);
#806=ORIENTED_EDGE('',*,*,#1262,.F.);
#807=ORIENTED_EDGE('',*,*,#1257,.T.);
#808=ORIENTED_EDGE('',*,*,#1250,.F.);
#809=ORIENTED_EDGE('',*,*,#944,.F.);
#810=ORIENTED_EDGE('',*,*,#1263,.F.);
#811=ORIENTED_EDGE('',*,*,#1264,.F.);
#812=ORIENTED_EDGE('',*,*,#1265,.T.);
#813=ORIENTED_EDGE('',*,*,#1266,.F.);
#814=ORIENTED_EDGE('',*,*,#1267,.F.);
#815=ORIENTED_EDGE('',*,*,#1268,.F.);
#816=ORIENTED_EDGE('',*,*,#942,.F.);
#817=ORIENTED_EDGE('',*,*,#1269,.T.);
#818=ORIENTED_EDGE('',*,*,#1270,.T.);
#819=ORIENTED_EDGE('',*,*,#1271,.T.);
#820=ORIENTED_EDGE('',*,*,#1272,.T.);
#821=ORIENTED_EDGE('',*,*,#913,.F.);
#822=ORIENTED_EDGE('',*,*,#1273,.F.);
#823=ORIENTED_EDGE('',*,*,#1269,.F.);
#824=ORIENTED_EDGE('',*,*,#941,.T.);
#825=ORIENTED_EDGE('',*,*,#1265,.F.);
#826=ORIENTED_EDGE('',*,*,#1274,.F.);
#827=ORIENTED_EDGE('',*,*,#1275,.F.);
#828=ORIENTED_EDGE('',*,*,#1276,.F.);
#829=ORIENTED_EDGE('',*,*,#1277,.F.);
#830=ORIENTED_EDGE('',*,*,#1278,.F.);
#831=ORIENTED_EDGE('',*,*,#1279,.T.);
#832=ORIENTED_EDGE('',*,*,#1280,.T.);
#833=ORIENTED_EDGE('',*,*,#1281,.T.);
#834=ORIENTED_EDGE('',*,*,#1282,.T.);
#835=ORIENTED_EDGE('',*,*,#1283,.T.);
#836=ORIENTED_EDGE('',*,*,#1263,.T.);
#837=ORIENTED_EDGE('',*,*,#943,.F.);
#838=ORIENTED_EDGE('',*,*,#1268,.T.);
#839=ORIENTED_EDGE('',*,*,#1284,.F.);
#840=ORIENTED_EDGE('',*,*,#1285,.T.);
#841=ORIENTED_EDGE('',*,*,#1280,.F.);
#842=ORIENTED_EDGE('',*,*,#1286,.F.);
#843=ORIENTED_EDGE('',*,*,#1281,.F.);
#844=ORIENTED_EDGE('',*,*,#1285,.F.);
#845=ORIENTED_EDGE('',*,*,#1287,.F.);
#846=ORIENTED_EDGE('',*,*,#1276,.T.);
#847=ORIENTED_EDGE('',*,*,#1288,.T.);
#848=ORIENTED_EDGE('',*,*,#1282,.F.);
#849=ORIENTED_EDGE('',*,*,#1288,.F.);
#850=ORIENTED_EDGE('',*,*,#1275,.T.);
#851=ORIENTED_EDGE('',*,*,#1289,.T.);
#852=ORIENTED_EDGE('',*,*,#1283,.F.);
#853=ORIENTED_EDGE('',*,*,#1289,.F.);
#854=ORIENTED_EDGE('',*,*,#1274,.T.);
#855=ORIENTED_EDGE('',*,*,#1264,.T.);
#856=ORIENTED_EDGE('',*,*,#1290,.F.);
#857=ORIENTED_EDGE('',*,*,#1270,.F.);
#858=ORIENTED_EDGE('',*,*,#1273,.T.);
#859=ORIENTED_EDGE('',*,*,#912,.T.);
#860=ORIENTED_EDGE('',*,*,#1291,.F.);
#861=ORIENTED_EDGE('',*,*,#1286,.T.);
#862=ORIENTED_EDGE('',*,*,#1279,.F.);
#863=ORIENTED_EDGE('',*,*,#1209,.T.);
#864=ORIENTED_EDGE('',*,*,#1292,.T.);
#865=ORIENTED_EDGE('',*,*,#1213,.F.);
#866=ORIENTED_EDGE('',*,*,#1229,.T.);
#867=ORIENTED_EDGE('',*,*,#1293,.F.);
#868=ORIENTED_EDGE('',*,*,#1219,.T.);
#869=ORIENTED_EDGE('',*,*,#1292,.F.);
#870=ORIENTED_EDGE('',*,*,#1208,.T.);
#871=ORIENTED_EDGE('',*,*,#1232,.T.);
#872=ORIENTED_EDGE('',*,*,#914,.T.);
#873=ORIENTED_EDGE('',*,*,#1214,.F.);
#874=ORIENTED_EDGE('',*,*,#1220,.T.);
#875=ORIENTED_EDGE('',*,*,#1293,.T.);
#876=ORIENTED_EDGE('',*,*,#1226,.T.);
#877=ORIENTED_EDGE('',*,*,#1233,.T.);
#878=ORIENTED_EDGE('',*,*,#1267,.T.);
#879=ORIENTED_EDGE('',*,*,#1294,.T.);
#880=ORIENTED_EDGE('',*,*,#1271,.F.);
#881=ORIENTED_EDGE('',*,*,#1287,.T.);
#882=ORIENTED_EDGE('',*,*,#1295,.F.);
#883=ORIENTED_EDGE('',*,*,#1277,.T.);
#884=ORIENTED_EDGE('',*,*,#1294,.F.);
#885=ORIENTED_EDGE('',*,*,#1266,.T.);
#886=ORIENTED_EDGE('',*,*,#1290,.T.);
#887=ORIENTED_EDGE('',*,*,#911,.T.);
#888=ORIENTED_EDGE('',*,*,#1272,.F.);
#889=ORIENTED_EDGE('',*,*,#1278,.T.);
#890=ORIENTED_EDGE('',*,*,#1295,.T.);
#891=ORIENTED_EDGE('',*,*,#1284,.T.);
#892=ORIENTED_EDGE('',*,*,#1291,.T.);
#893=ORIENTED_EDGE('',*,*,#1238,.T.);
#894=ORIENTED_EDGE('',*,*,#1296,.T.);
#895=ORIENTED_EDGE('',*,*,#1242,.F.);
#896=ORIENTED_EDGE('',*,*,#1258,.T.);
#897=ORIENTED_EDGE('',*,*,#1297,.F.);
#898=ORIENTED_EDGE('',*,*,#1248,.T.);
#899=ORIENTED_EDGE('',*,*,#1296,.F.);
#900=ORIENTED_EDGE('',*,*,#1237,.T.);
#901=ORIENTED_EDGE('',*,*,#1261,.T.);
#902=ORIENTED_EDGE('',*,*,#908,.T.);
#903=ORIENTED_EDGE('',*,*,#1243,.F.);
#904=ORIENTED_EDGE('',*,*,#1249,.T.);
#905=ORIENTED_EDGE('',*,*,#1297,.T.);
#906=ORIENTED_EDGE('',*,*,#1255,.T.);
#907=ORIENTED_EDGE('',*,*,#1262,.T.);
#908=EDGE_CURVE('',#1298,#1299,#1555,.T.);
#909=EDGE_CURVE('',#1300,#1298,#1556,.T.);
#910=EDGE_CURVE('',#1300,#1299,#1557,.T.);
#911=EDGE_CURVE('',#1301,#1302,#1558,.T.);
#912=EDGE_CURVE('',#1303,#1301,#1559,.T.);
#913=EDGE_CURVE('',#1303,#1302,#1560,.T.);
#914=EDGE_CURVE('',#1304,#1305,#1561,.T.);
#915=EDGE_CURVE('',#1306,#1304,#1562,.T.);
#916=EDGE_CURVE('',#1306,#1305,#1563,.T.);
#917=EDGE_CURVE('',#1307,#1308,#1564,.T.);
#918=EDGE_CURVE('',#1307,#1309,#1565,.T.);
#919=EDGE_CURVE('',#1309,#1310,#1566,.T.);
#920=EDGE_CURVE('',#1310,#1308,#1567,.T.);
#921=EDGE_CURVE('',#1311,#1312,#1568,.T.);
#922=EDGE_CURVE('',#1313,#1312,#75,.F.);
#923=EDGE_CURVE('',#1314,#1313,#1569,.T.);
#924=EDGE_CURVE('',#1314,#1315,#1570,.T.);
#925=EDGE_CURVE('',#1315,#1316,#1571,.T.);
#926=EDGE_CURVE('',#1317,#1316,#76,.F.);
#927=EDGE_CURVE('',#1318,#1317,#1572,.T.);
#928=EDGE_CURVE('',#1318,#1319,#1573,.T.);
#929=EDGE_CURVE('',#1319,#1320,#1574,.T.);
#930=EDGE_CURVE('',#1321,#1320,#1575,.T.);
#931=EDGE_CURVE('',#1322,#1321,#1576,.T.);
#932=EDGE_CURVE('',#1322,#1323,#1577,.T.);
#933=EDGE_CURVE('',#1323,#1324,#1578,.T.);
#934=EDGE_CURVE('',#1325,#1324,#77,.F.);
#935=EDGE_CURVE('',#1326,#1325,#1579,.T.);
#936=EDGE_CURVE('',#1326,#1311,#1580,.T.);
#937=EDGE_CURVE('',#1327,#1328,#1581,.T.);
#938=EDGE_CURVE('',#1327,#1329,#1582,.T.);
#939=EDGE_CURVE('',#1329,#1330,#1583,.T.);
#940=EDGE_CURVE('',#1330,#1328,#1584,.T.);
#941=EDGE_CURVE('',#1331,#1332,#1585,.T.);
#942=EDGE_CURVE('',#1331,#1333,#1586,.T.);
#943=EDGE_CURVE('',#1333,#1334,#1587,.T.);
#944=EDGE_CURVE('',#1334,#1332,#1588,.T.);
#945=EDGE_CURVE('',#1335,#1314,#38,.T.);
#946=EDGE_CURVE('',#1335,#1336,#1589,.T.);
#947=EDGE_CURVE('',#1315,#1336,#39,.T.);
#948=EDGE_CURVE('',#1337,#1338,#1590,.T.);
#949=EDGE_CURVE('',#1339,#1337,#1591,.T.);
#950=EDGE_CURVE('',#1340,#1339,#1592,.T.);
#951=EDGE_CURVE('',#1340,#1341,#78,.T.);
#952=EDGE_CURVE('',#1342,#1341,#1593,.T.);
#953=EDGE_CURVE('',#1343,#1342,#1594,.T.);
#954=EDGE_CURVE('',#1344,#1343,#1595,.T.);
#955=EDGE_CURVE('',#1344,#1345,#1596,.T.);
#956=EDGE_CURVE('',#1345,#1346,#1597,.T.);
#957=EDGE_CURVE('',#1347,#1346,#1598,.T.);
#958=EDGE_CURVE('',#1348,#1347,#1599,.T.);
#959=EDGE_CURVE('',#1348,#1349,#79,.T.);
#960=EDGE_CURVE('',#1336,#1349,#1600,.T.);
#961=EDGE_CURVE('',#1350,#1335,#1601,.T.);
#962=EDGE_CURVE('',#1350,#1338,#80,.T.);
#963=EDGE_CURVE('',#1324,#1351,#1602,.T.);
#964=EDGE_CURVE('',#1351,#1352,#81,.T.);
#965=EDGE_CURVE('',#1325,#1352,#1603,.T.);
#966=EDGE_CURVE('',#1351,#1353,#1604,.T.);
#967=EDGE_CURVE('',#1353,#1354,#82,.T.);
#968=EDGE_CURVE('',#1352,#1354,#1605,.T.);
#969=EDGE_CURVE('',#1312,#1355,#1606,.T.);
#970=EDGE_CURVE('',#1355,#1356,#83,.T.);
#971=EDGE_CURVE('',#1313,#1356,#1607,.T.);
#972=EDGE_CURVE('',#1355,#1357,#1608,.T.);
#973=EDGE_CURVE('',#1357,#1358,#84,.T.);
#974=EDGE_CURVE('',#1356,#1358,#1609,.T.);
#975=EDGE_CURVE('',#1311,#1337,#40,.T.);
#976=EDGE_CURVE('',#1339,#1326,#41,.T.);
#977=EDGE_CURVE('',#1323,#1342,#42,.T.);
#978=EDGE_CURVE('',#1343,#1322,#85,.T.);
#979=EDGE_CURVE('',#1350,#1359,#20,.T.);
#980=EDGE_CURVE('',#1359,#1360,#21,.T.);
#981=EDGE_CURVE('',#1360,#1361,#86,.T.);
#982=EDGE_CURVE('',#1361,#1362,#22,.T.);
#983=EDGE_CURVE('',#1362,#1338,#23,.T.);
#984=EDGE_CURVE('',#1360,#1363,#1610,.T.);
#985=EDGE_CURVE('',#1363,#1364,#87,.T.);
#986=EDGE_CURVE('',#1364,#1361,#1611,.F.);
#987=EDGE_CURVE('',#1365,#1366,#1612,.T.);
#988=EDGE_CURVE('',#1365,#1364,#1613,.T.);
#989=EDGE_CURVE('',#1363,#1366,#1614,.T.);
#990=EDGE_CURVE('',#1340,#1367,#24,.T.);
#991=EDGE_CURVE('',#1367,#1368,#25,.T.);
#992=EDGE_CURVE('',#1368,#1369,#88,.T.);
#993=EDGE_CURVE('',#1369,#1370,#26,.T.);
#994=EDGE_CURVE('',#1370,#1341,#27,.T.);
#995=EDGE_CURVE('',#1368,#1371,#1615,.T.);
#996=EDGE_CURVE('',#1371,#1372,#89,.T.);
#997=EDGE_CURVE('',#1372,#1369,#1616,.F.);
#998=EDGE_CURVE('',#1373,#1374,#1617,.T.);
#999=EDGE_CURVE('',#1373,#1372,#1618,.T.);
#1000=EDGE_CURVE('',#1371,#1374,#1619,.T.);
#1001=EDGE_CURVE('',#1316,#1375,#1620,.T.);
#1002=EDGE_CURVE('',#1375,#1376,#90,.T.);
#1003=EDGE_CURVE('',#1317,#1376,#1621,.T.);
#1004=EDGE_CURVE('',#1375,#1377,#1622,.T.);
#1005=EDGE_CURVE('',#1377,#1378,#91,.T.);
#1006=EDGE_CURVE('',#1376,#1378,#1623,.T.);
#1007=EDGE_CURVE('',#1347,#1318,#43,.T.);
#1008=EDGE_CURVE('',#1346,#1319,#92,.T.);
#1009=EDGE_CURVE('',#1348,#1379,#28,.T.);
#1010=EDGE_CURVE('',#1379,#1380,#29,.T.);
#1011=EDGE_CURVE('',#1380,#1381,#93,.T.);
#1012=EDGE_CURVE('',#1381,#1382,#30,.T.);
#1013=EDGE_CURVE('',#1382,#1349,#31,.T.);
#1014=EDGE_CURVE('',#1380,#1383,#1624,.T.);
#1015=EDGE_CURVE('',#1383,#1384,#94,.T.);
#1016=EDGE_CURVE('',#1384,#1381,#1625,.F.);
#1017=EDGE_CURVE('',#1385,#1386,#1626,.T.);
#1018=EDGE_CURVE('',#1385,#1384,#1627,.T.);
#1019=EDGE_CURVE('',#1383,#1386,#1628,.T.);
#1020=EDGE_CURVE('',#1373,#1353,#1629,.T.);
#1021=EDGE_CURVE('',#1374,#1354,#1630,.T.);
#1022=EDGE_CURVE('',#1365,#1357,#1631,.T.);
#1023=EDGE_CURVE('',#1366,#1358,#1632,.T.);
#1024=EDGE_CURVE('',#1385,#1377,#1633,.T.);
#1025=EDGE_CURVE('',#1386,#1378,#1634,.T.);
#1026=EDGE_CURVE('',#1387,#1388,#1635,.T.);
#1027=EDGE_CURVE('',#1387,#1389,#1636,.T.);
#1028=EDGE_CURVE('',#1390,#1389,#1637,.T.);
#1029=EDGE_CURVE('',#1388,#1390,#1638,.T.);
#1030=EDGE_CURVE('',#1391,#1392,#1639,.T.);
#1031=EDGE_CURVE('',#1391,#1393,#1640,.T.);
#1032=EDGE_CURVE('',#1394,#1393,#1641,.T.);
#1033=EDGE_CURVE('',#1392,#1394,#1642,.T.);
#1034=EDGE_CURVE('',#1395,#1396,#1643,.T.);
#1035=EDGE_CURVE('',#1395,#1397,#1644,.T.);
#1036=EDGE_CURVE('',#1398,#1397,#1645,.T.);
#1037=EDGE_CURVE('',#1396,#1398,#1646,.T.);
#1038=EDGE_CURVE('',#1399,#1400,#1647,.T.);
#1039=EDGE_CURVE('',#1400,#1401,#1648,.T.);
#1040=EDGE_CURVE('',#1402,#1401,#1649,.T.);
#1041=EDGE_CURVE('',#1403,#1402,#1650,.T.);
#1042=EDGE_CURVE('',#1403,#1404,#1651,.T.);
#1043=EDGE_CURVE('',#1404,#1405,#1652,.T.);
#1044=EDGE_CURVE('',#1406,#1405,#1653,.T.);
#1045=EDGE_CURVE('',#1407,#1406,#1654,.T.);
#1046=EDGE_CURVE('',#1407,#1408,#1655,.T.);
#1047=EDGE_CURVE('',#1408,#1409,#1656,.T.);
#1048=EDGE_CURVE('',#1410,#1409,#1657,.T.);
#1049=EDGE_CURVE('',#1410,#1411,#1658,.T.);
#1050=EDGE_CURVE('',#1412,#1411,#1659,.T.);
#1051=EDGE_CURVE('',#1412,#1413,#1660,.T.);
#1052=EDGE_CURVE('',#1414,#1413,#1661,.T.);
#1053=EDGE_CURVE('',#1415,#1414,#1662,.T.);
#1054=EDGE_CURVE('',#1416,#1415,#1663,.T.);
#1055=EDGE_CURVE('',#1416,#1417,#1664,.T.);
#1056=EDGE_CURVE('',#1418,#1417,#1665,.T.);
#1057=EDGE_CURVE('',#1419,#1418,#1666,.T.);
#1058=EDGE_CURVE('',#1420,#1419,#1667,.T.);
#1059=EDGE_CURVE('',#1420,#1421,#1668,.T.);
#1060=EDGE_CURVE('',#1422,#1421,#1669,.T.);
#1061=EDGE_CURVE('',#1423,#1422,#1670,.T.);
#1062=EDGE_CURVE('',#1424,#1423,#1671,.T.);
#1063=EDGE_CURVE('',#1425,#1424,#1672,.T.);
#1064=EDGE_CURVE('',#1425,#1426,#1673,.T.);
#1065=EDGE_CURVE('',#1399,#1426,#1674,.T.);
#1066=EDGE_CURVE('',#1427,#1428,#1675,.T.);
#1067=EDGE_CURVE('',#1429,#1428,#1676,.T.);
#1068=EDGE_CURVE('',#1430,#1429,#1677,.T.);
#1069=EDGE_CURVE('',#1430,#1427,#1678,.T.);
#1070=EDGE_CURVE('',#1431,#1428,#95,.T.);
#1071=EDGE_CURVE('',#1432,#1431,#1679,.T.);
#1072=EDGE_CURVE('',#1432,#1429,#96,.T.);
#1073=EDGE_CURVE('',#1431,#1433,#1680,.T.);
#1074=EDGE_CURVE('',#1434,#1433,#1681,.T.);
#1075=EDGE_CURVE('',#1432,#1434,#1682,.T.);
#1076=EDGE_CURVE('',#1435,#1433,#97,.T.);
#1077=EDGE_CURVE('',#1436,#1435,#1683,.T.);
#1078=EDGE_CURVE('',#1436,#1434,#98,.T.);
#1079=EDGE_CURVE('',#1403,#1437,#1684,.T.);
#1080=EDGE_CURVE('',#1438,#1437,#1685,.T.);
#1081=EDGE_CURVE('',#1400,#1438,#1686,.T.);
#1082=EDGE_CURVE('',#1399,#1439,#1687,.T.);
#1083=EDGE_CURVE('',#1440,#1439,#1688,.T.);
#1084=EDGE_CURVE('',#1436,#1440,#1689,.T.);
#1085=EDGE_CURVE('',#1435,#1441,#1690,.T.);
#1086=EDGE_CURVE('',#1442,#1441,#1691,.T.);
#1087=EDGE_CURVE('',#1408,#1442,#1692,.T.);
#1088=EDGE_CURVE('',#1407,#1443,#1693,.T.);
#1089=EDGE_CURVE('',#1444,#1443,#1694,.T.);
#1090=EDGE_CURVE('',#1404,#1444,#1695,.T.);
#1091=EDGE_CURVE('',#1445,#1421,#1696,.T.);
#1092=EDGE_CURVE('',#1445,#1446,#1697,.T.);
#1093=EDGE_CURVE('',#1446,#1418,#1698,.T.);
#1094=EDGE_CURVE('',#1447,#1417,#1699,.T.);
#1095=EDGE_CURVE('',#1447,#1448,#1700,.T.);
#1096=EDGE_CURVE('',#1448,#1414,#1701,.T.);
#1097=EDGE_CURVE('',#1449,#1413,#1702,.T.);
#1098=EDGE_CURVE('',#1449,#1450,#1703,.T.);
#1099=EDGE_CURVE('',#1450,#1451,#1704,.T.);
#1100=EDGE_CURVE('',#1452,#1451,#1705,.T.);
#1101=EDGE_CURVE('',#1453,#1452,#1706,.T.);
#1102=EDGE_CURVE('',#1453,#1454,#1707,.T.);
#1103=EDGE_CURVE('',#1454,#1422,#1708,.T.);
#1104=EDGE_CURVE('',#1451,#1345,#99,.T.);
#1105=EDGE_CURVE('',#1452,#1344,#100,.T.);
#1106=EDGE_CURVE('',#1320,#1455,#101,.T.);
#1107=EDGE_CURVE('',#1456,#1455,#1709,.T.);
#1108=EDGE_CURVE('',#1321,#1456,#102,.T.);
#1109=EDGE_CURVE('',#1455,#1427,#1710,.T.);
#1110=EDGE_CURVE('',#1456,#1430,#1711,.T.);
#1111=EDGE_CURVE('',#1457,#1410,#1712,.T.);
#1112=EDGE_CURVE('',#1458,#1457,#1713,.T.);
#1113=EDGE_CURVE('',#1441,#1458,#103,.T.);
#1114=EDGE_CURVE('',#1459,#1450,#104,.T.);
#1115=EDGE_CURVE('',#1460,#1459,#1714,.T.);
#1116=EDGE_CURVE('',#1411,#1460,#1715,.T.);
#1117=EDGE_CURVE('',#1461,#1459,#1716,.T.);
#1118=EDGE_CURVE('',#1462,#1461,#1717,.T.);
#1119=EDGE_CURVE('',#1462,#1460,#1718,.T.);
#1120=EDGE_CURVE('',#1461,#1449,#105,.T.);
#1121=EDGE_CURVE('',#1412,#1462,#1719,.T.);
#1122=EDGE_CURVE('',#1442,#1463,#106,.T.);
#1123=EDGE_CURVE('',#1463,#1464,#1720,.T.);
#1124=EDGE_CURVE('',#1464,#1409,#1721,.T.);
#1125=EDGE_CURVE('',#1464,#1457,#1722,.T.);
#1126=EDGE_CURVE('',#1463,#1458,#1723,.T.);
#1127=EDGE_CURVE('',#1465,#1466,#1724,.T.);
#1128=EDGE_CURVE('',#1467,#1466,#1725,.T.);
#1129=EDGE_CURVE('',#1468,#1467,#1726,.T.);
#1130=EDGE_CURVE('',#1468,#1465,#1727,.T.);
#1131=EDGE_CURVE('',#1466,#1448,#107,.T.);
#1132=EDGE_CURVE('',#1467,#1447,#108,.T.);
#1133=EDGE_CURVE('',#1416,#1468,#1728,.T.);
#1134=EDGE_CURVE('',#1415,#1465,#1729,.T.);
#1135=EDGE_CURVE('',#1469,#1406,#1730,.T.);
#1136=EDGE_CURVE('',#1470,#1405,#1731,.T.);
#1137=EDGE_CURVE('',#1470,#1469,#1732,.T.);
#1138=EDGE_CURVE('',#1444,#1471,#109,.T.);
#1139=EDGE_CURVE('',#1471,#1470,#1733,.T.);
#1140=EDGE_CURVE('',#1472,#1469,#1734,.T.);
#1141=EDGE_CURVE('',#1443,#1472,#110,.T.);
#1142=EDGE_CURVE('',#1471,#1472,#1735,.T.);
#1143=EDGE_CURVE('',#1473,#1474,#1736,.T.);
#1144=EDGE_CURVE('',#1475,#1474,#1737,.T.);
#1145=EDGE_CURVE('',#1476,#1475,#1738,.T.);
#1146=EDGE_CURVE('',#1476,#1473,#1739,.T.);
#1147=EDGE_CURVE('',#1474,#1446,#111,.T.);
#1148=EDGE_CURVE('',#1475,#1445,#112,.T.);
#1149=EDGE_CURVE('',#1420,#1476,#1740,.T.);
#1150=EDGE_CURVE('',#1419,#1473,#1741,.T.);
#1151=EDGE_CURVE('',#1477,#1402,#1742,.T.);
#1152=EDGE_CURVE('',#1478,#1401,#1743,.T.);
#1153=EDGE_CURVE('',#1478,#1477,#1744,.T.);
#1154=EDGE_CURVE('',#1438,#1479,#113,.T.);
#1155=EDGE_CURVE('',#1479,#1478,#1745,.T.);
#1156=EDGE_CURVE('',#1480,#1477,#1746,.T.);
#1157=EDGE_CURVE('',#1437,#1480,#114,.T.);
#1158=EDGE_CURVE('',#1479,#1480,#1747,.T.);
#1159=EDGE_CURVE('',#1481,#1426,#1748,.T.);
#1160=EDGE_CURVE('',#1482,#1481,#1749,.T.);
#1161=EDGE_CURVE('',#1439,#1482,#115,.T.);
#1162=EDGE_CURVE('',#1423,#1483,#1750,.T.);
#1163=EDGE_CURVE('',#1484,#1454,#116,.T.);
#1164=EDGE_CURVE('',#1483,#1484,#1751,.T.);
#1165=EDGE_CURVE('',#1485,#1482,#1752,.T.);
#1166=EDGE_CURVE('',#1440,#1485,#117,.T.);
#1167=EDGE_CURVE('',#1486,#1481,#1753,.T.);
#1168=EDGE_CURVE('',#1485,#1486,#1754,.T.);
#1169=EDGE_CURVE('',#1486,#1425,#1755,.T.);
#1170=EDGE_CURVE('',#1487,#1483,#1756,.T.);
#1171=EDGE_CURVE('',#1424,#1487,#1757,.T.);
#1172=EDGE_CURVE('',#1488,#1484,#1758,.T.);
#1173=EDGE_CURVE('',#1487,#1488,#1759,.T.);
#1174=EDGE_CURVE('',#1488,#1453,#118,.T.);
#1175=EDGE_CURVE('',#1379,#1376,#1760,.T.);
#1176=EDGE_CURVE('',#1382,#1375,#1761,.T.);
#1177=EDGE_CURVE('',#1367,#1352,#1762,.T.);
#1178=EDGE_CURVE('',#1370,#1351,#1763,.T.);
#1179=EDGE_CURVE('',#1359,#1356,#1764,.T.);
#1180=EDGE_CURVE('',#1362,#1355,#1765,.T.);
#1181=EDGE_CURVE('',#1395,#1489,#1766,.T.);
#1182=EDGE_CURVE('',#1396,#1490,#1767,.T.);
#1183=EDGE_CURVE('',#1489,#1490,#1768,.T.);
#1184=EDGE_CURVE('',#1491,#1398,#1769,.T.);
#1185=EDGE_CURVE('',#1492,#1397,#1770,.T.);
#1186=EDGE_CURVE('',#1492,#1491,#1771,.T.);
#1187=EDGE_CURVE('',#1489,#1492,#1772,.T.);
#1188=EDGE_CURVE('',#1490,#1491,#1773,.T.);
#1189=EDGE_CURVE('',#1391,#1493,#1774,.T.);
#1190=EDGE_CURVE('',#1392,#1494,#1775,.T.);
#1191=EDGE_CURVE('',#1493,#1494,#1776,.T.);
#1192=EDGE_CURVE('',#1495,#1394,#1777,.T.);
#1193=EDGE_CURVE('',#1496,#1393,#1778,.T.);
#1194=EDGE_CURVE('',#1496,#1495,#1779,.T.);
#1195=EDGE_CURVE('',#1493,#1496,#1780,.T.);
#1196=EDGE_CURVE('',#1494,#1495,#1781,.T.);
#1197=EDGE_CURVE('',#1387,#1497,#1782,.T.);
#1198=EDGE_CURVE('',#1388,#1498,#1783,.T.);
#1199=EDGE_CURVE('',#1497,#1498,#1784,.T.);
#1200=EDGE_CURVE('',#1499,#1390,#1785,.T.);
#1201=EDGE_CURVE('',#1500,#1389,#1786,.T.);
#1202=EDGE_CURVE('',#1500,#1499,#1787,.T.);
#1203=EDGE_CURVE('',#1497,#1500,#1788,.T.);
#1204=EDGE_CURVE('',#1498,#1499,#1789,.T.);
#1205=EDGE_CURVE('',#1501,#1330,#1790,.T.);
#1206=EDGE_CURVE('',#1502,#1501,#1791,.T.);
#1207=EDGE_CURVE('',#1502,#1328,#1792,.T.);
#1208=EDGE_CURVE('',#1503,#1504,#1793,.T.);
#1209=EDGE_CURVE('',#1505,#1503,#1794,.T.);
#1210=EDGE_CURVE('',#1329,#1505,#1795,.T.);
#1211=EDGE_CURVE('',#1327,#1506,#1796,.T.);
#1212=EDGE_CURVE('',#1506,#1504,#1797,.T.);
#1213=EDGE_CURVE('',#1507,#1508,#1798,.T.);
#1214=EDGE_CURVE('',#1508,#1305,#1799,.T.);
#1215=EDGE_CURVE('',#1506,#1306,#119,.T.);
#1216=EDGE_CURVE('',#1509,#1502,#1800,.T.);
#1217=EDGE_CURVE('',#1510,#1509,#120,.T.);
#1218=EDGE_CURVE('',#1507,#1510,#1801,.T.);
#1219=EDGE_CURVE('',#1511,#1505,#1802,.T.);
#1220=EDGE_CURVE('',#1512,#1511,#1803,.T.);
#1221=EDGE_CURVE('',#1512,#1513,#1804,.T.);
#1222=EDGE_CURVE('',#1513,#1514,#1805,.T.);
#1223=EDGE_CURVE('',#1514,#1515,#1806,.T.);
#1224=EDGE_CURVE('',#1515,#1516,#121,.T.);
#1225=EDGE_CURVE('',#1516,#1501,#1807,.T.);
#1226=EDGE_CURVE('',#1517,#1518,#1808,.T.);
#1227=EDGE_CURVE('',#1517,#1514,#1809,.T.);
#1228=EDGE_CURVE('',#1518,#1513,#1810,.T.);
#1229=EDGE_CURVE('',#1507,#1517,#1811,.T.);
#1230=EDGE_CURVE('',#1510,#1515,#1812,.T.);
#1231=EDGE_CURVE('',#1509,#1516,#1813,.T.);
#1232=EDGE_CURVE('',#1504,#1304,#44,.F.);
#1233=EDGE_CURVE('',#1518,#1512,#1814,.T.);
#1234=EDGE_CURVE('',#1519,#1310,#1815,.T.);
#1235=EDGE_CURVE('',#1520,#1519,#1816,.T.);
#1236=EDGE_CURVE('',#1520,#1308,#1817,.T.);
#1237=EDGE_CURVE('',#1521,#1522,#1818,.T.);
#1238=EDGE_CURVE('',#1523,#1521,#1819,.T.);
#1239=EDGE_CURVE('',#1309,#1523,#1820,.T.);
#1240=EDGE_CURVE('',#1307,#1524,#1821,.T.);
#1241=EDGE_CURVE('',#1524,#1522,#1822,.T.);
#1242=EDGE_CURVE('',#1525,#1526,#1823,.T.);
#1243=EDGE_CURVE('',#1526,#1299,#1824,.T.);
#1244=EDGE_CURVE('',#1524,#1300,#122,.T.);
#1245=EDGE_CURVE('',#1527,#1520,#1825,.T.);
#1246=EDGE_CURVE('',#1528,#1527,#123,.T.);
#1247=EDGE_CURVE('',#1525,#1528,#1826,.T.);
#1248=EDGE_CURVE('',#1529,#1523,#1827,.T.);
#1249=EDGE_CURVE('',#1530,#1529,#1828,.T.);
#1250=EDGE_CURVE('',#1530,#1531,#1829,.T.);
#1251=EDGE_CURVE('',#1531,#1532,#1830,.T.);
#1252=EDGE_CURVE('',#1532,#1533,#1831,.T.);
#1253=EDGE_CURVE('',#1533,#1534,#124,.T.);
#1254=EDGE_CURVE('',#1534,#1519,#1832,.T.);
#1255=EDGE_CURVE('',#1535,#1536,#1833,.T.);
#1256=EDGE_CURVE('',#1535,#1532,#1834,.T.);
#1257=EDGE_CURVE('',#1536,#1531,#1835,.T.);
#1258=EDGE_CURVE('',#1525,#1535,#1836,.T.);
#1259=EDGE_CURVE('',#1528,#1533,#1837,.T.);
#1260=EDGE_CURVE('',#1527,#1534,#1838,.T.);
#1261=EDGE_CURVE('',#1522,#1298,#45,.F.);
#1262=EDGE_CURVE('',#1536,#1530,#1839,.T.);
#1263=EDGE_CURVE('',#1537,#1334,#1840,.T.);
#1264=EDGE_CURVE('',#1538,#1537,#1841,.T.);
#1265=EDGE_CURVE('',#1538,#1332,#1842,.T.);
#1266=EDGE_CURVE('',#1539,#1540,#1843,.T.);
#1267=EDGE_CURVE('',#1541,#1539,#1844,.T.);
#1268=EDGE_CURVE('',#1333,#1541,#1845,.T.);
#1269=EDGE_CURVE('',#1331,#1542,#1846,.T.);
#1270=EDGE_CURVE('',#1542,#1540,#1847,.T.);
#1271=EDGE_CURVE('',#1543,#1544,#1848,.T.);
#1272=EDGE_CURVE('',#1544,#1302,#1849,.T.);
#1273=EDGE_CURVE('',#1542,#1303,#125,.T.);
#1274=EDGE_CURVE('',#1545,#1538,#1850,.T.);
#1275=EDGE_CURVE('',#1546,#1545,#126,.T.);
#1276=EDGE_CURVE('',#1543,#1546,#1851,.T.);
#1277=EDGE_CURVE('',#1547,#1541,#1852,.T.);
#1278=EDGE_CURVE('',#1548,#1547,#1853,.T.);
#1279=EDGE_CURVE('',#1548,#1549,#1854,.T.);
#1280=EDGE_CURVE('',#1549,#1550,#1855,.T.);
#1281=EDGE_CURVE('',#1550,#1551,#1856,.T.);
#1282=EDGE_CURVE('',#1551,#1552,#127,.T.);
#1283=EDGE_CURVE('',#1552,#1537,#1857,.T.);
#1284=EDGE_CURVE('',#1553,#1554,#1858,.T.);
#1285=EDGE_CURVE('',#1553,#1550,#1859,.T.);
#1286=EDGE_CURVE('',#1554,#1549,#1860,.T.);
#1287=EDGE_CURVE('',#1543,#1553,#1861,.T.);
#1288=EDGE_CURVE('',#1546,#1551,#1862,.T.);
#1289=EDGE_CURVE('',#1545,#1552,#1863,.T.);
#1290=EDGE_CURVE('',#1540,#1301,#46,.F.);
#1291=EDGE_CURVE('',#1554,#1548,#1864,.T.);
#1292=EDGE_CURVE('',#1503,#1508,#1865,.T.);
#1293=EDGE_CURVE('',#1511,#1517,#1866,.T.);
#1294=EDGE_CURVE('',#1539,#1544,#1867,.T.);
#1295=EDGE_CURVE('',#1547,#1553,#1868,.T.);
#1296=EDGE_CURVE('',#1521,#1526,#1869,.T.);
#1297=EDGE_CURVE('',#1529,#1535,#1870,.T.);
#1298=VERTEX_POINT('',#4653);
#1299=VERTEX_POINT('',#4654);
#1300=VERTEX_POINT('',#4656);
#1301=VERTEX_POINT('',#4660);
#1302=VERTEX_POINT('',#4661);
#1303=VERTEX_POINT('',#4663);
#1304=VERTEX_POINT('',#4667);
#1305=VERTEX_POINT('',#4668);
#1306=VERTEX_POINT('',#4670);
#1307=VERTEX_POINT('',#4674);
#1308=VERTEX_POINT('',#4675);
#1309=VERTEX_POINT('',#4677);
#1310=VERTEX_POINT('',#4679);
#1311=VERTEX_POINT('',#4682);
#1312=VERTEX_POINT('',#4683);
#1313=VERTEX_POINT('',#4685);
#1314=VERTEX_POINT('',#4687);
#1315=VERTEX_POINT('',#4689);
#1316=VERTEX_POINT('',#4691);
#1317=VERTEX_POINT('',#4693);
#1318=VERTEX_POINT('',#4695);
#1319=VERTEX_POINT('',#4697);
#1320=VERTEX_POINT('',#4699);
#1321=VERTEX_POINT('',#4701);
#1322=VERTEX_POINT('',#4703);
#1323=VERTEX_POINT('',#4705);
#1324=VERTEX_POINT('',#4707);
#1325=VERTEX_POINT('',#4709);
#1326=VERTEX_POINT('',#4711);
#1327=VERTEX_POINT('',#4714);
#1328=VERTEX_POINT('',#4715);
#1329=VERTEX_POINT('',#4717);
#1330=VERTEX_POINT('',#4719);
#1331=VERTEX_POINT('',#4722);
#1332=VERTEX_POINT('',#4723);
#1333=VERTEX_POINT('',#4725);
#1334=VERTEX_POINT('',#4727);
#1335=VERTEX_POINT('',#4731);
#1336=VERTEX_POINT('',#4733);
#1337=VERTEX_POINT('',#4737);
#1338=VERTEX_POINT('',#4738);
#1339=VERTEX_POINT('',#4740);
#1340=VERTEX_POINT('',#4742);
#1341=VERTEX_POINT('',#4744);
#1342=VERTEX_POINT('',#4746);
#1343=VERTEX_POINT('',#4748);
#1344=VERTEX_POINT('',#4750);
#1345=VERTEX_POINT('',#4752);
#1346=VERTEX_POINT('',#4754);
#1347=VERTEX_POINT('',#4756);
#1348=VERTEX_POINT('',#4758);
#1349=VERTEX_POINT('',#4760);
#1350=VERTEX_POINT('',#4763);
#1351=VERTEX_POINT('',#4767);
#1352=VERTEX_POINT('',#4769);
#1353=VERTEX_POINT('',#4773);
#1354=VERTEX_POINT('',#4775);
#1355=VERTEX_POINT('',#4779);
#1356=VERTEX_POINT('',#4781);
#1357=VERTEX_POINT('',#4785);
#1358=VERTEX_POINT('',#4787);
#1359=VERTEX_POINT('',#4800);
#1360=VERTEX_POINT('',#4805);
#1361=VERTEX_POINT('',#4807);
#1362=VERTEX_POINT('',#4812);
#1363=VERTEX_POINT('',#4819);
#1364=VERTEX_POINT('',#4821);
#1365=VERTEX_POINT('',#4825);
#1366=VERTEX_POINT('',#4826);
#1367=VERTEX_POINT('',#4834);
#1368=VERTEX_POINT('',#4839);
#1369=VERTEX_POINT('',#4841);
#1370=VERTEX_POINT('',#4846);
#1371=VERTEX_POINT('',#4853);
#1372=VERTEX_POINT('',#4855);
#1373=VERTEX_POINT('',#4859);
#1374=VERTEX_POINT('',#4860);
#1375=VERTEX_POINT('',#4865);
#1376=VERTEX_POINT('',#4867);
#1377=VERTEX_POINT('',#4871);
#1378=VERTEX_POINT('',#4873);
#1379=VERTEX_POINT('',#4883);
#1380=VERTEX_POINT('',#4888);
#1381=VERTEX_POINT('',#4890);
#1382=VERTEX_POINT('',#4895);
#1383=VERTEX_POINT('',#4902);
#1384=VERTEX_POINT('',#4904);
#1385=VERTEX_POINT('',#4908);
#1386=VERTEX_POINT('',#4909);
#1387=VERTEX_POINT('',#4923);
#1388=VERTEX_POINT('',#4924);
#1389=VERTEX_POINT('',#4926);
#1390=VERTEX_POINT('',#4928);
#1391=VERTEX_POINT('',#4931);
#1392=VERTEX_POINT('',#4932);
#1393=VERTEX_POINT('',#4934);
#1394=VERTEX_POINT('',#4936);
#1395=VERTEX_POINT('',#4939);
#1396=VERTEX_POINT('',#4940);
#1397=VERTEX_POINT('',#4942);
#1398=VERTEX_POINT('',#4944);
#1399=VERTEX_POINT('',#4947);
#1400=VERTEX_POINT('',#4948);
#1401=VERTEX_POINT('',#4950);
#1402=VERTEX_POINT('',#4952);
#1403=VERTEX_POINT('',#4954);
#1404=VERTEX_POINT('',#4956);
#1405=VERTEX_POINT('',#4958);
#1406=VERTEX_POINT('',#4960);
#1407=VERTEX_POINT('',#4962);
#1408=VERTEX_POINT('',#4964);
#1409=VERTEX_POINT('',#4966);
#1410=VERTEX_POINT('',#4968);
#1411=VERTEX_POINT('',#4970);
#1412=VERTEX_POINT('',#4972);
#1413=VERTEX_POINT('',#4974);
#1414=VERTEX_POINT('',#4976);
#1415=VERTEX_POINT('',#4978);
#1416=VERTEX_POINT('',#4980);
#1417=VERTEX_POINT('',#4982);
#1418=VERTEX_POINT('',#4984);
#1419=VERTEX_POINT('',#4986);
#1420=VERTEX_POINT('',#4988);
#1421=VERTEX_POINT('',#4990);
#1422=VERTEX_POINT('',#4992);
#1423=VERTEX_POINT('',#4994);
#1424=VERTEX_POINT('',#4996);
#1425=VERTEX_POINT('',#4998);
#1426=VERTEX_POINT('',#5000);
#1427=VERTEX_POINT('',#5004);
#1428=VERTEX_POINT('',#5005);
#1429=VERTEX_POINT('',#5007);
#1430=VERTEX_POINT('',#5009);
#1431=VERTEX_POINT('',#5013);
#1432=VERTEX_POINT('',#5015);
#1433=VERTEX_POINT('',#5019);
#1434=VERTEX_POINT('',#5021);
#1435=VERTEX_POINT('',#5025);
#1436=VERTEX_POINT('',#5027);
#1437=VERTEX_POINT('',#5031);
#1438=VERTEX_POINT('',#5033);
#1439=VERTEX_POINT('',#5036);
#1440=VERTEX_POINT('',#5038);
#1441=VERTEX_POINT('',#5041);
#1442=VERTEX_POINT('',#5043);
#1443=VERTEX_POINT('',#5046);
#1444=VERTEX_POINT('',#5048);
#1445=VERTEX_POINT('',#5052);
#1446=VERTEX_POINT('',#5054);
#1447=VERTEX_POINT('',#5057);
#1448=VERTEX_POINT('',#5059);
#1449=VERTEX_POINT('',#5062);
#1450=VERTEX_POINT('',#5064);
#1451=VERTEX_POINT('',#5066);
#1452=VERTEX_POINT('',#5068);
#1453=VERTEX_POINT('',#5070);
#1454=VERTEX_POINT('',#5072);
#1455=VERTEX_POINT('',#5079);
#1456=VERTEX_POINT('',#5081);
#1457=VERTEX_POINT('',#5088);
#1458=VERTEX_POINT('',#5090);
#1459=VERTEX_POINT('',#5093);
#1460=VERTEX_POINT('',#5095);
#1461=VERTEX_POINT('',#5099);
#1462=VERTEX_POINT('',#5101);
#1463=VERTEX_POINT('',#5110);
#1464=VERTEX_POINT('',#5112);
#1465=VERTEX_POINT('',#5121);
#1466=VERTEX_POINT('',#5122);
#1467=VERTEX_POINT('',#5124);
#1468=VERTEX_POINT('',#5126);
#1469=VERTEX_POINT('',#5138);
#1470=VERTEX_POINT('',#5140);
#1471=VERTEX_POINT('',#5144);
#1472=VERTEX_POINT('',#5148);
#1473=VERTEX_POINT('',#5155);
#1474=VERTEX_POINT('',#5156);
#1475=VERTEX_POINT('',#5158);
#1476=VERTEX_POINT('',#5160);
#1477=VERTEX_POINT('',#5172);
#1478=VERTEX_POINT('',#5174);
#1479=VERTEX_POINT('',#5178);
#1480=VERTEX_POINT('',#5182);
#1481=VERTEX_POINT('',#5189);
#1482=VERTEX_POINT('',#5191);
#1483=VERTEX_POINT('',#5195);
#1484=VERTEX_POINT('',#5197);
#1485=VERTEX_POINT('',#5201);
#1486=VERTEX_POINT('',#5205);
#1487=VERTEX_POINT('',#5211);
#1488=VERTEX_POINT('',#5215);
#1489=VERTEX_POINT('',#5240);
#1490=VERTEX_POINT('',#5242);
#1491=VERTEX_POINT('',#5246);
#1492=VERTEX_POINT('',#5248);
#1493=VERTEX_POINT('',#5257);
#1494=VERTEX_POINT('',#5259);
#1495=VERTEX_POINT('',#5263);
#1496=VERTEX_POINT('',#5265);
#1497=VERTEX_POINT('',#5274);
#1498=VERTEX_POINT('',#5276);
#1499=VERTEX_POINT('',#5280);
#1500=VERTEX_POINT('',#5282);
#1501=VERTEX_POINT('',#5291);
#1502=VERTEX_POINT('',#5293);
#1503=VERTEX_POINT('',#5297);
#1504=VERTEX_POINT('',#5298);
#1505=VERTEX_POINT('',#5300);
#1506=VERTEX_POINT('',#5303);
#1507=VERTEX_POINT('',#5307);
#1508=VERTEX_POINT('',#5308);
#1509=VERTEX_POINT('',#5312);
#1510=VERTEX_POINT('',#5314);
#1511=VERTEX_POINT('',#5318);
#1512=VERTEX_POINT('',#5320);
#1513=VERTEX_POINT('',#5322);
#1514=VERTEX_POINT('',#5324);
#1515=VERTEX_POINT('',#5326);
#1516=VERTEX_POINT('',#5328);
#1517=VERTEX_POINT('',#5332);
#1518=VERTEX_POINT('',#5333);
#1519=VERTEX_POINT('',#5348);
#1520=VERTEX_POINT('',#5350);
#1521=VERTEX_POINT('',#5354);
#1522=VERTEX_POINT('',#5355);
#1523=VERTEX_POINT('',#5357);
#1524=VERTEX_POINT('',#5360);
#1525=VERTEX_POINT('',#5364);
#1526=VERTEX_POINT('',#5365);
#1527=VERTEX_POINT('',#5369);
#1528=VERTEX_POINT('',#5371);
#1529=VERTEX_POINT('',#5375);
#1530=VERTEX_POINT('',#5377);
#1531=VERTEX_POINT('',#5379);
#1532=VERTEX_POINT('',#5381);
#1533=VERTEX_POINT('',#5383);
#1534=VERTEX_POINT('',#5385);
#1535=VERTEX_POINT('',#5389);
#1536=VERTEX_POINT('',#5390);
#1537=VERTEX_POINT('',#5405);
#1538=VERTEX_POINT('',#5407);
#1539=VERTEX_POINT('',#5411);
#1540=VERTEX_POINT('',#5412);
#1541=VERTEX_POINT('',#5414);
#1542=VERTEX_POINT('',#5417);
#1543=VERTEX_POINT('',#5421);
#1544=VERTEX_POINT('',#5422);
#1545=VERTEX_POINT('',#5426);
#1546=VERTEX_POINT('',#5428);
#1547=VERTEX_POINT('',#5432);
#1548=VERTEX_POINT('',#5434);
#1549=VERTEX_POINT('',#5436);
#1550=VERTEX_POINT('',#5438);
#1551=VERTEX_POINT('',#5440);
#1552=VERTEX_POINT('',#5442);
#1553=VERTEX_POINT('',#5446);
#1554=VERTEX_POINT('',#5447);
#1555=LINE('',#4652,#1871);
#1556=LINE('',#4655,#1872);
#1557=LINE('',#4657,#1873);
#1558=LINE('',#4659,#1874);
#1559=LINE('',#4662,#1875);
#1560=LINE('',#4664,#1876);
#1561=LINE('',#4666,#1877);
#1562=LINE('',#4669,#1878);
#1563=LINE('',#4671,#1879);
#1564=LINE('',#4673,#1880);
#1565=LINE('',#4676,#1881);
#1566=LINE('',#4678,#1882);
#1567=LINE('',#4680,#1883);
#1568=LINE('',#4681,#1884);
#1569=LINE('',#4686,#1885);
#1570=LINE('',#4688,#1886);
#1571=LINE('',#4690,#1887);
#1572=LINE('',#4694,#1888);
#1573=LINE('',#4696,#1889);
#1574=LINE('',#4698,#1890);
#1575=LINE('',#4700,#1891);
#1576=LINE('',#4702,#1892);
#1577=LINE('',#4704,#1893);
#1578=LINE('',#4706,#1894);
#1579=LINE('',#4710,#1895);
#1580=LINE('',#4712,#1896);
#1581=LINE('',#4713,#1897);
#1582=LINE('',#4716,#1898);
#1583=LINE('',#4718,#1899);
#1584=LINE('',#4720,#1900);
#1585=LINE('',#4721,#1901);
#1586=LINE('',#4724,#1902);
#1587=LINE('',#4726,#1903);
#1588=LINE('',#4728,#1904);
#1589=LINE('',#4732,#1905);
#1590=LINE('',#4736,#1906);
#1591=LINE('',#4739,#1907);
#1592=LINE('',#4741,#1908);
#1593=LINE('',#4745,#1909);
#1594=LINE('',#4747,#1910);
#1595=LINE('',#4749,#1911);
#1596=LINE('',#4751,#1912);
#1597=LINE('',#4753,#1913);
#1598=LINE('',#4755,#1914);
#1599=LINE('',#4757,#1915);
#1600=LINE('',#4761,#1916);
#1601=LINE('',#4762,#1917);
#1602=LINE('',#4766,#1918);
#1603=LINE('',#4770,#1919);
#1604=LINE('',#4772,#1920);
#1605=LINE('',#4776,#1921);
#1606=LINE('',#4778,#1922);
#1607=LINE('',#4782,#1923);
#1608=LINE('',#4784,#1924);
#1609=LINE('',#4788,#1925);
#1610=LINE('',#4818,#1926);
#1611=LINE('',#4822,#1927);
#1612=LINE('',#4824,#1928);
#1613=LINE('',#4827,#1929);
#1614=LINE('',#4828,#1930);
#1615=LINE('',#4852,#1931);
#1616=LINE('',#4856,#1932);
#1617=LINE('',#4858,#1933);
#1618=LINE('',#4861,#1934);
#1619=LINE('',#4862,#1935);
#1620=LINE('',#4864,#1936);
#1621=LINE('',#4868,#1937);
#1622=LINE('',#4870,#1938);
#1623=LINE('',#4874,#1939);
#1624=LINE('',#4901,#1940);
#1625=LINE('',#4905,#1941);
#1626=LINE('',#4907,#1942);
#1627=LINE('',#4910,#1943);
#1628=LINE('',#4911,#1944);
#1629=LINE('',#4913,#1945);
#1630=LINE('',#4914,#1946);
#1631=LINE('',#4916,#1947);
#1632=LINE('',#4917,#1948);
#1633=LINE('',#4919,#1949);
#1634=LINE('',#4920,#1950);
#1635=LINE('',#4922,#1951);
#1636=LINE('',#4925,#1952);
#1637=LINE('',#4927,#1953);
#1638=LINE('',#4929,#1954);
#1639=LINE('',#4930,#1955);
#1640=LINE('',#4933,#1956);
#1641=LINE('',#4935,#1957);
#1642=LINE('',#4937,#1958);
#1643=LINE('',#4938,#1959);
#1644=LINE('',#4941,#1960);
#1645=LINE('',#4943,#1961);
#1646=LINE('',#4945,#1962);
#1647=LINE('',#4946,#1963);
#1648=LINE('',#4949,#1964);
#1649=LINE('',#4951,#1965);
#1650=LINE('',#4953,#1966);
#1651=LINE('',#4955,#1967);
#1652=LINE('',#4957,#1968);
#1653=LINE('',#4959,#1969);
#1654=LINE('',#4961,#1970);
#1655=LINE('',#4963,#1971);
#1656=LINE('',#4965,#1972);
#1657=LINE('',#4967,#1973);
#1658=LINE('',#4969,#1974);
#1659=LINE('',#4971,#1975);
#1660=LINE('',#4973,#1976);
#1661=LINE('',#4975,#1977);
#1662=LINE('',#4977,#1978);
#1663=LINE('',#4979,#1979);
#1664=LINE('',#4981,#1980);
#1665=LINE('',#4983,#1981);
#1666=LINE('',#4985,#1982);
#1667=LINE('',#4987,#1983);
#1668=LINE('',#4989,#1984);
#1669=LINE('',#4991,#1985);
#1670=LINE('',#4993,#1986);
#1671=LINE('',#4995,#1987);
#1672=LINE('',#4997,#1988);
#1673=LINE('',#4999,#1989);
#1674=LINE('',#5001,#1990);
#1675=LINE('',#5003,#1991);
#1676=LINE('',#5006,#1992);
#1677=LINE('',#5008,#1993);
#1678=LINE('',#5010,#1994);
#1679=LINE('',#5014,#1995);
#1680=LINE('',#5018,#1996);
#1681=LINE('',#5020,#1997);
#1682=LINE('',#5022,#1998);
#1683=LINE('',#5026,#1999);
#1684=LINE('',#5030,#2000);
#1685=LINE('',#5032,#2001);
#1686=LINE('',#5034,#2002);
#1687=LINE('',#5035,#2003);
#1688=LINE('',#5037,#2004);
#1689=LINE('',#5039,#2005);
#1690=LINE('',#5040,#2006);
#1691=LINE('',#5042,#2007);
#1692=LINE('',#5044,#2008);
#1693=LINE('',#5045,#2009);
#1694=LINE('',#5047,#2010);
#1695=LINE('',#5049,#2011);
#1696=LINE('',#5051,#2012);
#1697=LINE('',#5053,#2013);
#1698=LINE('',#5055,#2014);
#1699=LINE('',#5056,#2015);
#1700=LINE('',#5058,#2016);
#1701=LINE('',#5060,#2017);
#1702=LINE('',#5061,#2018);
#1703=LINE('',#5063,#2019);
#1704=LINE('',#5065,#2020);
#1705=LINE('',#5067,#2021);
#1706=LINE('',#5069,#2022);
#1707=LINE('',#5071,#2023);
#1708=LINE('',#5073,#2024);
#1709=LINE('',#5080,#2025);
#1710=LINE('',#5084,#2026);
#1711=LINE('',#5085,#2027);
#1712=LINE('',#5087,#2028);
#1713=LINE('',#5089,#2029);
#1714=LINE('',#5094,#2030);
#1715=LINE('',#5096,#2031);
#1716=LINE('',#5098,#2032);
#1717=LINE('',#5100,#2033);
#1718=LINE('',#5102,#2034);
#1719=LINE('',#5106,#2035);
#1720=LINE('',#5111,#2036);
#1721=LINE('',#5113,#2037);
#1722=LINE('',#5115,#2038);
#1723=LINE('',#5117,#2039);
#1724=LINE('',#5120,#2040);
#1725=LINE('',#5123,#2041);
#1726=LINE('',#5125,#2042);
#1727=LINE('',#5127,#2043);
#1728=LINE('',#5132,#2044);
#1729=LINE('',#5134,#2045);
#1730=LINE('',#5137,#2046);
#1731=LINE('',#5139,#2047);
#1732=LINE('',#5141,#2048);
#1733=LINE('',#5145,#2049);
#1734=LINE('',#5147,#2050);
#1735=LINE('',#5151,#2051);
#1736=LINE('',#5154,#2052);
#1737=LINE('',#5157,#2053);
#1738=LINE('',#5159,#2054);
#1739=LINE('',#5161,#2055);
#1740=LINE('',#5166,#2056);
#1741=LINE('',#5168,#2057);
#1742=LINE('',#5171,#2058);
#1743=LINE('',#5173,#2059);
#1744=LINE('',#5175,#2060);
#1745=LINE('',#5179,#2061);
#1746=LINE('',#5181,#2062);
#1747=LINE('',#5185,#2063);
#1748=LINE('',#5188,#2064);
#1749=LINE('',#5190,#2065);
#1750=LINE('',#5194,#2066);
#1751=LINE('',#5198,#2067);
#1752=LINE('',#5200,#2068);
#1753=LINE('',#5204,#2069);
#1754=LINE('',#5206,#2070);
#1755=LINE('',#5208,#2071);
#1756=LINE('',#5210,#2072);
#1757=LINE('',#5212,#2073);
#1758=LINE('',#5214,#2074);
#1759=LINE('',#5216,#2075);
#1760=LINE('',#5221,#2076);
#1761=LINE('',#5224,#2077);
#1762=LINE('',#5227,#2078);
#1763=LINE('',#5230,#2079);
#1764=LINE('',#5233,#2080);
#1765=LINE('',#5236,#2081);
#1766=LINE('',#5239,#2082);
#1767=LINE('',#5241,#2083);
#1768=LINE('',#5243,#2084);
#1769=LINE('',#5245,#2085);
#1770=LINE('',#5247,#2086);
#1771=LINE('',#5249,#2087);
#1772=LINE('',#5251,#2088);
#1773=LINE('',#5253,#2089);
#1774=LINE('',#5256,#2090);
#1775=LINE('',#5258,#2091);
#1776=LINE('',#5260,#2092);
#1777=LINE('',#5262,#2093);
#1778=LINE('',#5264,#2094);
#1779=LINE('',#5266,#2095);
#1780=LINE('',#5268,#2096);
#1781=LINE('',#5270,#2097);
#1782=LINE('',#5273,#2098);
#1783=LINE('',#5275,#2099);
#1784=LINE('',#5277,#2100);
#1785=LINE('',#5279,#2101);
#1786=LINE('',#5281,#2102);
#1787=LINE('',#5283,#2103);
#1788=LINE('',#5285,#2104);
#1789=LINE('',#5287,#2105);
#1790=LINE('',#5290,#2106);
#1791=LINE('',#5292,#2107);
#1792=LINE('',#5294,#2108);
#1793=LINE('',#5296,#2109);
#1794=LINE('',#5299,#2110);
#1795=LINE('',#5301,#2111);
#1796=LINE('',#5302,#2112);
#1797=LINE('',#5304,#2113);
#1798=LINE('',#5306,#2114);
#1799=LINE('',#5309,#2115);
#1800=LINE('',#5311,#2116);
#1801=LINE('',#5315,#2117);
#1802=LINE('',#5317,#2118);
#1803=LINE('',#5319,#2119);
#1804=LINE('',#5321,#2120);
#1805=LINE('',#5323,#2121);
#1806=LINE('',#5325,#2122);
#1807=LINE('',#5329,#2123);
#1808=LINE('',#5331,#2124);
#1809=LINE('',#5334,#2125);
#1810=LINE('',#5335,#2126);
#1811=LINE('',#5337,#2127);
#1812=LINE('',#5338,#2128);
#1813=LINE('',#5340,#2129);
#1814=LINE('',#5345,#2130);
#1815=LINE('',#5347,#2131);
#1816=LINE('',#5349,#2132);
#1817=LINE('',#5351,#2133);
#1818=LINE('',#5353,#2134);
#1819=LINE('',#5356,#2135);
#1820=LINE('',#5358,#2136);
#1821=LINE('',#5359,#2137);
#1822=LINE('',#5361,#2138);
#1823=LINE('',#5363,#2139);
#1824=LINE('',#5366,#2140);
#1825=LINE('',#5368,#2141);
#1826=LINE('',#5372,#2142);
#1827=LINE('',#5374,#2143);
#1828=LINE('',#5376,#2144);
#1829=LINE('',#5378,#2145);
#1830=LINE('',#5380,#2146);
#1831=LINE('',#5382,#2147);
#1832=LINE('',#5386,#2148);
#1833=LINE('',#5388,#2149);
#1834=LINE('',#5391,#2150);
#1835=LINE('',#5392,#2151);
#1836=LINE('',#5394,#2152);
#1837=LINE('',#5395,#2153);
#1838=LINE('',#5397,#2154);
#1839=LINE('',#5402,#2155);
#1840=LINE('',#5404,#2156);
#1841=LINE('',#5406,#2157);
#1842=LINE('',#5408,#2158);
#1843=LINE('',#5410,#2159);
#1844=LINE('',#5413,#2160);
#1845=LINE('',#5415,#2161);
#1846=LINE('',#5416,#2162);
#1847=LINE('',#5418,#2163);
#1848=LINE('',#5420,#2164);
#1849=LINE('',#5423,#2165);
#1850=LINE('',#5425,#2166);
#1851=LINE('',#5429,#2167);
#1852=LINE('',#5431,#2168);
#1853=LINE('',#5433,#2169);
#1854=LINE('',#5435,#2170);
#1855=LINE('',#5437,#2171);
#1856=LINE('',#5439,#2172);
#1857=LINE('',#5443,#2173);
#1858=LINE('',#5445,#2174);
#1859=LINE('',#5448,#2175);
#1860=LINE('',#5449,#2176);
#1861=LINE('',#5451,#2177);
#1862=LINE('',#5452,#2178);
#1863=LINE('',#5454,#2179);
#1864=LINE('',#5459,#2180);
#1865=LINE('',#5461,#2181);
#1866=LINE('',#5462,#2182);
#1867=LINE('',#5466,#2183);
#1868=LINE('',#5467,#2184);
#1869=LINE('',#5471,#2185);
#1870=LINE('',#5472,#2186);
#1871=VECTOR('',#3930,1000.);
#1872=VECTOR('',#3931,1000.);
#1873=VECTOR('',#3932,1000.);
#1874=VECTOR('',#3935,1000.);
#1875=VECTOR('',#3936,1000.);
#1876=VECTOR('',#3937,1000.);
#1877=VECTOR('',#3940,1000.);
#1878=VECTOR('',#3941,1000.);
#1879=VECTOR('',#3942,1000.);
#1880=VECTOR('',#3945,1000.);
#1881=VECTOR('',#3946,1000.);
#1882=VECTOR('',#3947,1000.);
#1883=VECTOR('',#3948,1000.);
#1884=VECTOR('',#3949,1000.);
#1885=VECTOR('',#3952,1000.);
#1886=VECTOR('',#3953,1000.);
#1887=VECTOR('',#3954,1000.);
#1888=VECTOR('',#3957,1000.);
#1889=VECTOR('',#3958,1000.);
#1890=VECTOR('',#3959,1000.);
#1891=VECTOR('',#3960,1000.);
#1892=VECTOR('',#3961,1000.);
#1893=VECTOR('',#3962,1000.);
#1894=VECTOR('',#3963,1000.);
#1895=VECTOR('',#3966,1000.);
#1896=VECTOR('',#3967,1000.);
#1897=VECTOR('',#3968,1000.);
#1898=VECTOR('',#3969,1000.);
#1899=VECTOR('',#3970,1000.);
#1900=VECTOR('',#3971,1000.);
#1901=VECTOR('',#3972,1000.);
#1902=VECTOR('',#3973,1000.);
#1903=VECTOR('',#3974,1000.);
#1904=VECTOR('',#3975,1000.);
#1905=VECTOR('',#3980,1000.);
#1906=VECTOR('',#3985,1000.);
#1907=VECTOR('',#3986,1000.);
#1908=VECTOR('',#3987,1000.);
#1909=VECTOR('',#3990,1000.);
#1910=VECTOR('',#3991,1000.);
#1911=VECTOR('',#3992,1000.);
#1912=VECTOR('',#3993,1000.);
#1913=VECTOR('',#3994,1000.);
#1914=VECTOR('',#3995,1000.);
#1915=VECTOR('',#3996,1000.);
#1916=VECTOR('',#3999,1000.);
#1917=VECTOR('',#4000,1000.);
#1918=VECTOR('',#4005,1000.);
#1919=VECTOR('',#4008,1000.);
#1920=VECTOR('',#4011,1000.);
#1921=VECTOR('',#4014,1000.);
#1922=VECTOR('',#4017,1000.);
#1923=VECTOR('',#4020,1000.);
#1924=VECTOR('',#4023,1000.);
#1925=VECTOR('',#4026,1000.);
#1926=VECTOR('',#4045,1000.);
#1927=VECTOR('',#4048,1000.);
#1928=VECTOR('',#4051,1000.);
#1929=VECTOR('',#4052,1000.);
#1930=VECTOR('',#4053,1000.);
#1931=VECTOR('',#4060,1000.);
#1932=VECTOR('',#4063,1000.);
#1933=VECTOR('',#4066,1000.);
#1934=VECTOR('',#4067,1000.);
#1935=VECTOR('',#4068,1000.);
#1936=VECTOR('',#4071,1000.);
#1937=VECTOR('',#4074,1000.);
#1938=VECTOR('',#4077,1000.);
#1939=VECTOR('',#4080,1000.);
#1940=VECTOR('',#4093,1000.);
#1941=VECTOR('',#4096,1000.);
#1942=VECTOR('',#4099,1000.);
#1943=VECTOR('',#4100,1000.);
#1944=VECTOR('',#4101,1000.);
#1945=VECTOR('',#4104,1000.);
#1946=VECTOR('',#4105,1000.);
#1947=VECTOR('',#4108,1000.);
#1948=VECTOR('',#4109,1000.);
#1949=VECTOR('',#4112,1000.);
#1950=VECTOR('',#4113,1000.);
#1951=VECTOR('',#4116,1000.);
#1952=VECTOR('',#4117,1000.);
#1953=VECTOR('',#4118,1000.);
#1954=VECTOR('',#4119,1000.);
#1955=VECTOR('',#4120,1000.);
#1956=VECTOR('',#4121,1000.);
#1957=VECTOR('',#4122,1000.);
#1958=VECTOR('',#4123,1000.);
#1959=VECTOR('',#4124,1000.);
#1960=VECTOR('',#4125,1000.);
#1961=VECTOR('',#4126,1000.);
#1962=VECTOR('',#4127,1000.);
#1963=VECTOR('',#4128,1000.);
#1964=VECTOR('',#4129,1000.);
#1965=VECTOR('',#4130,1000.);
#1966=VECTOR('',#4131,1000.);
#1967=VECTOR('',#4132,1000.);
#1968=VECTOR('',#4133,1000.);
#1969=VECTOR('',#4134,1000.);
#1970=VECTOR('',#4135,1000.);
#1971=VECTOR('',#4136,1000.);
#1972=VECTOR('',#4137,1000.);
#1973=VECTOR('',#4138,1000.);
#1974=VECTOR('',#4139,1000.);
#1975=VECTOR('',#4140,1000.);
#1976=VECTOR('',#4141,1000.);
#1977=VECTOR('',#4142,1000.);
#1978=VECTOR('',#4143,1000.);
#1979=VECTOR('',#4144,1000.);
#1980=VECTOR('',#4145,1000.);
#1981=VECTOR('',#4146,1000.);
#1982=VECTOR('',#4147,1000.);
#1983=VECTOR('',#4148,1000.);
#1984=VECTOR('',#4149,1000.);
#1985=VECTOR('',#4150,1000.);
#1986=VECTOR('',#4151,1000.);
#1987=VECTOR('',#4152,1000.);
#1988=VECTOR('',#4153,1000.);
#1989=VECTOR('',#4154,1000.);
#1990=VECTOR('',#4155,1000.);
#1991=VECTOR('',#4158,1000.);
#1992=VECTOR('',#4159,1000.);
#1993=VECTOR('',#4160,1000.);
#1994=VECTOR('',#4161,1000.);
#1995=VECTOR('',#4166,1000.);
#1996=VECTOR('',#4171,1000.);
#1997=VECTOR('',#4172,1000.);
#1998=VECTOR('',#4173,1000.);
#1999=VECTOR('',#4178,1000.);
#2000=VECTOR('',#4183,1000.);
#2001=VECTOR('',#4184,1000.);
#2002=VECTOR('',#4185,1000.);
#2003=VECTOR('',#4186,1000.);
#2004=VECTOR('',#4187,1000.);
#2005=VECTOR('',#4188,1000.);
#2006=VECTOR('',#4189,1000.);
#2007=VECTOR('',#4190,1000.);
#2008=VECTOR('',#4191,1000.);
#2009=VECTOR('',#4192,1000.);
#2010=VECTOR('',#4193,1000.);
#2011=VECTOR('',#4194,1000.);
#2012=VECTOR('',#4197,1000.);
#2013=VECTOR('',#4198,1000.);
#2014=VECTOR('',#4199,1000.);
#2015=VECTOR('',#4200,1000.);
#2016=VECTOR('',#4201,1000.);
#2017=VECTOR('',#4202,1000.);
#2018=VECTOR('',#4203,1000.);
#2019=VECTOR('',#4204,1000.);
#2020=VECTOR('',#4205,1000.);
#2021=VECTOR('',#4206,1000.);
#2022=VECTOR('',#4207,1000.);
#2023=VECTOR('',#4208,1000.);
#2024=VECTOR('',#4209,1000.);
#2025=VECTOR('',#4220,1000.);
#2026=VECTOR('',#4225,1000.);
#2027=VECTOR('',#4226,1000.);
#2028=VECTOR('',#4229,1000.);
#2029=VECTOR('',#4230,1000.);
#2030=VECTOR('',#4235,1000.);
#2031=VECTOR('',#4236,1000.);
#2032=VECTOR('',#4239,1000.);
#2033=VECTOR('',#4240,1000.);
#2034=VECTOR('',#4241,1000.);
#2035=VECTOR('',#4248,1000.);
#2036=VECTOR('',#4255,1000.);
#2037=VECTOR('',#4256,1000.);
#2038=VECTOR('',#4259,1000.);
#2039=VECTOR('',#4262,1000.);
#2040=VECTOR('',#4267,1000.);
#2041=VECTOR('',#4268,1000.);
#2042=VECTOR('',#4269,1000.);
#2043=VECTOR('',#4270,1000.);
#2044=VECTOR('',#4279,1000.);
#2045=VECTOR('',#4282,1000.);
#2046=VECTOR('',#4287,1000.);
#2047=VECTOR('',#4288,1000.);
#2048=VECTOR('',#4289,1000.);
#2049=VECTOR('',#4294,1000.);
#2050=VECTOR('',#4297,1000.);
#2051=VECTOR('',#4302,1000.);
#2052=VECTOR('',#4307,1000.);
#2053=VECTOR('',#4308,1000.);
#2054=VECTOR('',#4309,1000.);
#2055=VECTOR('',#4310,1000.);
#2056=VECTOR('',#4319,1000.);
#2057=VECTOR('',#4322,1000.);
#2058=VECTOR('',#4327,1000.);
#2059=VECTOR('',#4328,1000.);
#2060=VECTOR('',#4329,1000.);
#2061=VECTOR('',#4334,1000.);
#2062=VECTOR('',#4337,1000.);
#2063=VECTOR('',#4342,1000.);
#2064=VECTOR('',#4347,1000.);
#2065=VECTOR('',#4348,1000.);
#2066=VECTOR('',#4353,1000.);
#2067=VECTOR('',#4356,1000.);
#2068=VECTOR('',#4359,1000.);
#2069=VECTOR('',#4364,1000.);
#2070=VECTOR('',#4365,1000.);
#2071=VECTOR('',#4368,1000.);
#2072=VECTOR('',#4371,1000.);
#2073=VECTOR('',#4372,1000.);
#2074=VECTOR('',#4375,1000.);
#2075=VECTOR('',#4376,1000.);
#2076=VECTOR('',#4385,1000.);
#2077=VECTOR('',#4390,1000.);
#2078=VECTOR('',#4395,1000.);
#2079=VECTOR('',#4400,1000.);
#2080=VECTOR('',#4405,1000.);
#2081=VECTOR('',#4410,1000.);
#2082=VECTOR('',#4415,1000.);
#2083=VECTOR('',#4416,1000.);
#2084=VECTOR('',#4417,1000.);
#2085=VECTOR('',#4420,1000.);
#2086=VECTOR('',#4421,1000.);
#2087=VECTOR('',#4422,1000.);
#2088=VECTOR('',#4425,1000.);
#2089=VECTOR('',#4428,1000.);
#2090=VECTOR('',#4433,1000.);
#2091=VECTOR('',#4434,1000.);
#2092=VECTOR('',#4435,1000.);
#2093=VECTOR('',#4438,1000.);
#2094=VECTOR('',#4439,1000.);
#2095=VECTOR('',#4440,1000.);
#2096=VECTOR('',#4443,1000.);
#2097=VECTOR('',#4446,1000.);
#2098=VECTOR('',#4451,1000.);
#2099=VECTOR('',#4452,1000.);
#2100=VECTOR('',#4453,1000.);
#2101=VECTOR('',#4456,1000.);
#2102=VECTOR('',#4457,1000.);
#2103=VECTOR('',#4458,1000.);
#2104=VECTOR('',#4461,1000.);
#2105=VECTOR('',#4464,1000.);
#2106=VECTOR('',#4469,1000.);
#2107=VECTOR('',#4470,1000.);
#2108=VECTOR('',#4471,1000.);
#2109=VECTOR('',#4474,1000.);
#2110=VECTOR('',#4475,1000.);
#2111=VECTOR('',#4476,1000.);
#2112=VECTOR('',#4477,1000.);
#2113=VECTOR('',#4478,1000.);
#2114=VECTOR('',#4481,1000.);
#2115=VECTOR('',#4482,1000.);
#2116=VECTOR('',#4485,1000.);
#2117=VECTOR('',#4488,1000.);
#2118=VECTOR('',#4491,1000.);
#2119=VECTOR('',#4492,1000.);
#2120=VECTOR('',#4493,1000.);
#2121=VECTOR('',#4494,1000.);
#2122=VECTOR('',#4495,1000.);
#2123=VECTOR('',#4498,1000.);
#2124=VECTOR('',#4501,1000.);
#2125=VECTOR('',#4502,1000.);
#2126=VECTOR('',#4503,1000.);
#2127=VECTOR('',#4506,1000.);
#2128=VECTOR('',#4507,1000.);
#2129=VECTOR('',#4510,1000.);
#2130=VECTOR('',#4519,1000.);
#2131=VECTOR('',#4522,1000.);
#2132=VECTOR('',#4523,1000.);
#2133=VECTOR('',#4524,1000.);
#2134=VECTOR('',#4527,1000.);
#2135=VECTOR('',#4528,1000.);
#2136=VECTOR('',#4529,1000.);
#2137=VECTOR('',#4530,1000.);
#2138=VECTOR('',#4531,1000.);
#2139=VECTOR('',#4534,1000.);
#2140=VECTOR('',#4535,1000.);
#2141=VECTOR('',#4538,1000.);
#2142=VECTOR('',#4541,1000.);
#2143=VECTOR('',#4544,1000.);
#2144=VECTOR('',#4545,1000.);
#2145=VECTOR('',#4546,1000.);
#2146=VECTOR('',#4547,1000.);
#2147=VECTOR('',#4548,1000.);
#2148=VECTOR('',#4551,1000.);
#2149=VECTOR('',#4554,1000.);
#2150=VECTOR('',#4555,1000.);
#2151=VECTOR('',#4556,1000.);
#2152=VECTOR('',#4559,1000.);
#2153=VECTOR('',#4560,1000.);
#2154=VECTOR('',#4563,1000.);
#2155=VECTOR('',#4572,1000.);
#2156=VECTOR('',#4575,1000.);
#2157=VECTOR('',#4576,1000.);
#2158=VECTOR('',#4577,1000.);
#2159=VECTOR('',#4580,1000.);
#2160=VECTOR('',#4581,1000.);
#2161=VECTOR('',#4582,1000.);
#2162=VECTOR('',#4583,1000.);
#2163=VECTOR('',#4584,1000.);
#2164=VECTOR('',#4587,1000.);
#2165=VECTOR('',#4588,1000.);
#2166=VECTOR('',#4591,1000.);
#2167=VECTOR('',#4594,1000.);
#2168=VECTOR('',#4597,1000.);
#2169=VECTOR('',#4598,1000.);
#2170=VECTOR('',#4599,1000.);
#2171=VECTOR('',#4600,1000.);
#2172=VECTOR('',#4601,1000.);
#2173=VECTOR('',#4604,1000.);
#2174=VECTOR('',#4607,1000.);
#2175=VECTOR('',#4608,1000.);
#2176=VECTOR('',#4609,1000.);
#2177=VECTOR('',#4612,1000.);
#2178=VECTOR('',#4613,1000.);
#2179=VECTOR('',#4616,1000.);
#2180=VECTOR('',#4625,1000.);
#2181=VECTOR('',#4628,1000.);
#2182=VECTOR('',#4629,1000.);
#2183=VECTOR('',#4636,1000.);
#2184=VECTOR('',#4637,1000.);
#2185=VECTOR('',#4644,1000.);
#2186=VECTOR('',#4645,1000.);
#2187=EDGE_LOOP('',(#128,#129,#130));
#2188=EDGE_LOOP('',(#131,#132,#133));
#2189=EDGE_LOOP('',(#134,#135,#136));
#2190=EDGE_LOOP('',(#137,#138,#139,#140));
#2191=EDGE_LOOP('',(#141,#142,#143,#144,#145,#146,#147,#148,#149,#150,#151,
#152,#153,#154,#155,#156));
#2192=EDGE_LOOP('',(#157,#158,#159,#160));
#2193=EDGE_LOOP('',(#161,#162,#163,#164));
#2194=EDGE_LOOP('',(#165,#166,#167,#168));
#2195=EDGE_LOOP('',(#169,#170,#171,#172,#173,#174,#175,#176,#177,#178,#179,
#180,#181,#182,#183,#184));
#2196=EDGE_LOOP('',(#185,#186,#187,#188));
#2197=EDGE_LOOP('',(#189,#190,#191,#192));
#2198=EDGE_LOOP('',(#193,#194,#195,#196));
#2199=EDGE_LOOP('',(#197,#198,#199,#200));
#2200=EDGE_LOOP('',(#201,#202,#203,#204));
#2201=EDGE_LOOP('',(#205,#206,#207,#208));
#2202=EDGE_LOOP('',(#209,#210,#211,#212,#213,#214));
#2203=EDGE_LOOP('',(#215,#216,#217,#218));
#2204=EDGE_LOOP('',(#219,#220,#221,#222));
#2205=EDGE_LOOP('',(#223,#224,#225,#226,#227,#228));
#2206=EDGE_LOOP('',(#229,#230,#231,#232));
#2207=EDGE_LOOP('',(#233,#234,#235,#236));
#2208=EDGE_LOOP('',(#237,#238,#239,#240));
#2209=EDGE_LOOP('',(#241,#242,#243,#244));
#2210=EDGE_LOOP('',(#245,#246,#247,#248));
#2211=EDGE_LOOP('',(#249,#250,#251,#252,#253,#254));
#2212=EDGE_LOOP('',(#255,#256,#257,#258));
#2213=EDGE_LOOP('',(#259,#260,#261,#262));
#2214=EDGE_LOOP('',(#263,#264,#265,#266));
#2215=EDGE_LOOP('',(#267,#268,#269,#270));
#2216=EDGE_LOOP('',(#271,#272,#273,#274));
#2217=EDGE_LOOP('',(#275,#276,#277,#278));
#2218=EDGE_LOOP('',(#279,#280,#281,#282));
#2219=EDGE_LOOP('',(#283,#284,#285,#286));
#2220=EDGE_LOOP('',(#287,#288,#289,#290,#291,#292,#293,#294,#295,#296,#297,
#298,#299,#300,#301,#302,#303,#304,#305,#306,#307,#308,#309,#310,#311,#312,
#313,#314));
#2221=EDGE_LOOP('',(#315,#316,#317,#318));
#2222=EDGE_LOOP('',(#319,#320,#321,#322));
#2223=EDGE_LOOP('',(#323,#324,#325,#326));
#2224=EDGE_LOOP('',(#327,#328,#329,#330));
#2225=EDGE_LOOP('',(#331,#332,#333,#334,#335,#336,#337,#338,#339,#340,#341,
#342,#343,#344,#345,#346));
#2226=EDGE_LOOP('',(#347,#348,#349,#350,#351,#352,#353,#354,#355,#356,#357,
#358,#359,#360,#361,#362));
#2227=EDGE_LOOP('',(#363,#364,#365,#366));
#2228=EDGE_LOOP('',(#367,#368,#369,#370));
#2229=EDGE_LOOP('',(#371,#372,#373,#374));
#2230=EDGE_LOOP('',(#375,#376,#377,#378,#379,#380,#381,#382,#383,#384,#385,
#386,#387,#388,#389,#390,#391,#392,#393));
#2231=EDGE_LOOP('',(#394,#395,#396,#397));
#2232=EDGE_LOOP('',(#398,#399,#400,#401));
#2233=EDGE_LOOP('',(#402,#403,#404,#405,#406));
#2234=EDGE_LOOP('',(#407,#408,#409,#410));
#2235=EDGE_LOOP('',(#411,#412,#413,#414,#415));
#2236=EDGE_LOOP('',(#416,#417,#418,#419));
#2237=EDGE_LOOP('',(#420,#421,#422,#423));
#2238=EDGE_LOOP('',(#424,#425,#426,#427));
#2239=EDGE_LOOP('',(#428,#429,#430,#431));
#2240=EDGE_LOOP('',(#432,#433,#434,#435));
#2241=EDGE_LOOP('',(#436,#437,#438,#439,#440));
#2242=EDGE_LOOP('',(#441,#442,#443,#444,#445));
#2243=EDGE_LOOP('',(#446,#447,#448,#449));
#2244=EDGE_LOOP('',(#450,#451,#452,#453));
#2245=EDGE_LOOP('',(#454,#455,#456,#457,#458));
#2246=EDGE_LOOP('',(#459,#460,#461,#462,#463));
#2247=EDGE_LOOP('',(#464,#465,#466,#467));
#2248=EDGE_LOOP('',(#468,#469,#470,#471));
#2249=EDGE_LOOP('',(#472,#473,#474,#475));
#2250=EDGE_LOOP('',(#476,#477,#478,#479));
#2251=EDGE_LOOP('',(#480,#481,#482,#483,#484));
#2252=EDGE_LOOP('',(#485,#486,#487,#488,#489));
#2253=EDGE_LOOP('',(#490,#491,#492,#493));
#2254=EDGE_LOOP('',(#494,#495,#496,#497));
#2255=EDGE_LOOP('',(#498,#499,#500,#501,#502));
#2256=EDGE_LOOP('',(#503,#504,#505,#506,#507));
#2257=EDGE_LOOP('',(#508,#509,#510,#511));
#2258=EDGE_LOOP('',(#512,#513,#514,#515));
#2259=EDGE_LOOP('',(#516,#517,#518,#519,#520));
#2260=EDGE_LOOP('',(#521,#522,#523,#524,#525));
#2261=EDGE_LOOP('',(#526,#527,#528,#529));
#2262=EDGE_LOOP('',(#530,#531,#532,#533));
#2263=EDGE_LOOP('',(#534,#535,#536,#537));
#2264=EDGE_LOOP('',(#538,#539,#540,#541));
#2265=EDGE_LOOP('',(#542,#543,#544,#545));
#2266=EDGE_LOOP('',(#546,#547,#548,#549));
#2267=EDGE_LOOP('',(#550,#551,#552,#553,#554,#555,#556,#557,#558,#559,#560,
#561,#562,#563,#564,#565,#566,#567,#568));
#2268=EDGE_LOOP('',(#569,#570,#571,#572,#573,#574));
#2269=EDGE_LOOP('',(#575,#576,#577,#578,#579,#580));
#2270=EDGE_LOOP('',(#581,#582,#583,#584,#585,#586));
#2271=EDGE_LOOP('',(#587,#588,#589,#590,#591,#592));
#2272=EDGE_LOOP('',(#593,#594,#595,#596,#597,#598));
#2273=EDGE_LOOP('',(#599,#600,#601,#602,#603,#604));
#2274=EDGE_LOOP('',(#605,#606,#607,#608,#609,#610));
#2275=EDGE_LOOP('',(#611,#612,#613,#614,#615,#616));
#2276=EDGE_LOOP('',(#617,#618,#619,#620,#621,#622));
#2277=EDGE_LOOP('',(#623,#624,#625,#626,#627,#628));
#2278=EDGE_LOOP('',(#629,#630,#631,#632,#633,#634));
#2279=EDGE_LOOP('',(#635,#636,#637,#638,#639,#640));
#2280=EDGE_LOOP('',(#641,#642,#643,#644));
#2281=EDGE_LOOP('',(#645,#646,#647,#648));
#2282=EDGE_LOOP('',(#649,#650,#651,#652));
#2283=EDGE_LOOP('',(#653,#654,#655,#656));
#2284=EDGE_LOOP('',(#657,#658,#659,#660));
#2285=EDGE_LOOP('',(#661,#662,#663,#664));
#2286=EDGE_LOOP('',(#665,#666,#667,#668));
#2287=EDGE_LOOP('',(#669,#670,#671,#672));
#2288=EDGE_LOOP('',(#673,#674,#675,#676));
#2289=EDGE_LOOP('',(#677,#678,#679,#680));
#2290=EDGE_LOOP('',(#681,#682,#683,#684));
#2291=EDGE_LOOP('',(#685,#686,#687,#688));
#2292=EDGE_LOOP('',(#689,#690,#691,#692));
#2293=EDGE_LOOP('',(#693,#694,#695,#696));
#2294=EDGE_LOOP('',(#697,#698,#699,#700));
#2295=EDGE_LOOP('',(#701,#702,#703,#704));
#2296=EDGE_LOOP('',(#705,#706,#707,#708,#709,#710));
#2297=EDGE_LOOP('',(#711,#712,#713,#714,#715,#716,#717,#718,#719,#720));
#2298=EDGE_LOOP('',(#721,#722,#723,#724,#725,#726,#727,#728,#729,#730));
#2299=EDGE_LOOP('',(#731,#732,#733,#734));
#2300=EDGE_LOOP('',(#735,#736,#737,#738,#739));
#2301=EDGE_LOOP('',(#740,#741,#742,#743));
#2302=EDGE_LOOP('',(#744,#745,#746,#747));
#2303=EDGE_LOOP('',(#748,#749,#750,#751));
#2304=EDGE_LOOP('',(#752,#753,#754));
#2305=EDGE_LOOP('',(#755,#756,#757,#758));
#2306=EDGE_LOOP('',(#759,#760,#761,#762,#763,#764));
#2307=EDGE_LOOP('',(#765,#766,#767,#768,#769,#770,#771,#772,#773,#774));
#2308=EDGE_LOOP('',(#775,#776,#777,#778,#779,#780,#781,#782,#783,#784));
#2309=EDGE_LOOP('',(#785,#786,#787,#788));
#2310=EDGE_LOOP('',(#789,#790,#791,#792,#793));
#2311=EDGE_LOOP('',(#794,#795,#796,#797));
#2312=EDGE_LOOP('',(#798,#799,#800,#801));
#2313=EDGE_LOOP('',(#802,#803,#804,#805));
#2314=EDGE_LOOP('',(#806,#807,#808));
#2315=EDGE_LOOP('',(#809,#810,#811,#812));
#2316=EDGE_LOOP('',(#813,#814,#815,#816,#817,#818));
#2317=EDGE_LOOP('',(#819,#820,#821,#822,#823,#824,#825,#826,#827,#828));
#2318=EDGE_LOOP('',(#829,#830,#831,#832,#833,#834,#835,#836,#837,#838));
#2319=EDGE_LOOP('',(#839,#840,#841,#842));
#2320=EDGE_LOOP('',(#843,#844,#845,#846,#847));
#2321=EDGE_LOOP('',(#848,#849,#850,#851));
#2322=EDGE_LOOP('',(#852,#853,#854,#855));
#2323=EDGE_LOOP('',(#856,#857,#858,#859));
#2324=EDGE_LOOP('',(#860,#861,#862));
#2325=EDGE_LOOP('',(#863,#864,#865,#866,#867,#868));
#2326=EDGE_LOOP('',(#869,#870,#871,#872,#873));
#2327=EDGE_LOOP('',(#874,#875,#876,#877));
#2328=EDGE_LOOP('',(#878,#879,#880,#881,#882,#883));
#2329=EDGE_LOOP('',(#884,#885,#886,#887,#888));
#2330=EDGE_LOOP('',(#889,#890,#891,#892));
#2331=EDGE_LOOP('',(#893,#894,#895,#896,#897,#898));
#2332=EDGE_LOOP('',(#899,#900,#901,#902,#903));
#2333=EDGE_LOOP('',(#904,#905,#906,#907));
#2334=FACE_BOUND('',#2187,.T.);
#2335=FACE_BOUND('',#2188,.T.);
#2336=FACE_BOUND('',#2189,.T.);
#2337=FACE_BOUND('',#2190,.T.);
#2338=FACE_BOUND('',#2191,.T.);
#2339=FACE_BOUND('',#2192,.T.);
#2340=FACE_BOUND('',#2193,.T.);
#2341=FACE_BOUND('',#2194,.T.);
#2342=FACE_BOUND('',#2195,.T.);
#2343=FACE_BOUND('',#2196,.T.);
#2344=FACE_BOUND('',#2197,.T.);
#2345=FACE_BOUND('',#2198,.T.);
#2346=FACE_BOUND('',#2199,.T.);
#2347=FACE_BOUND('',#2200,.T.);
#2348=FACE_BOUND('',#2201,.T.);
#2349=FACE_BOUND('',#2202,.T.);
#2350=FACE_BOUND('',#2203,.T.);
#2351=FACE_BOUND('',#2204,.T.);
#2352=FACE_BOUND('',#2205,.T.);
#2353=FACE_BOUND('',#2206,.T.);
#2354=FACE_BOUND('',#2207,.T.);
#2355=FACE_BOUND('',#2208,.T.);
#2356=FACE_BOUND('',#2209,.T.);
#2357=FACE_BOUND('',#2210,.T.);
#2358=FACE_BOUND('',#2211,.T.);
#2359=FACE_BOUND('',#2212,.T.);
#2360=FACE_BOUND('',#2213,.T.);
#2361=FACE_BOUND('',#2214,.T.);
#2362=FACE_BOUND('',#2215,.T.);
#2363=FACE_BOUND('',#2216,.T.);
#2364=FACE_BOUND('',#2217,.T.);
#2365=FACE_BOUND('',#2218,.T.);
#2366=FACE_BOUND('',#2219,.T.);
#2367=FACE_BOUND('',#2220,.T.);
#2368=FACE_BOUND('',#2221,.T.);
#2369=FACE_BOUND('',#2222,.T.);
#2370=FACE_BOUND('',#2223,.T.);
#2371=FACE_BOUND('',#2224,.T.);
#2372=FACE_BOUND('',#2225,.T.);
#2373=FACE_BOUND('',#2226,.T.);
#2374=FACE_BOUND('',#2227,.T.);
#2375=FACE_BOUND('',#2228,.T.);
#2376=FACE_BOUND('',#2229,.T.);
#2377=FACE_BOUND('',#2230,.T.);
#2378=FACE_BOUND('',#2231,.T.);
#2379=FACE_BOUND('',#2232,.T.);
#2380=FACE_BOUND('',#2233,.T.);
#2381=FACE_BOUND('',#2234,.T.);
#2382=FACE_BOUND('',#2235,.T.);
#2383=FACE_BOUND('',#2236,.T.);
#2384=FACE_BOUND('',#2237,.T.);
#2385=FACE_BOUND('',#2238,.T.);
#2386=FACE_BOUND('',#2239,.T.);
#2387=FACE_BOUND('',#2240,.T.);
#2388=FACE_BOUND('',#2241,.T.);
#2389=FACE_BOUND('',#2242,.T.);
#2390=FACE_BOUND('',#2243,.T.);
#2391=FACE_BOUND('',#2244,.T.);
#2392=FACE_BOUND('',#2245,.T.);
#2393=FACE_BOUND('',#2246,.T.);
#2394=FACE_BOUND('',#2247,.T.);
#2395=FACE_BOUND('',#2248,.T.);
#2396=FACE_BOUND('',#2249,.T.);
#2397=FACE_BOUND('',#2250,.T.);
#2398=FACE_BOUND('',#2251,.T.);
#2399=FACE_BOUND('',#2252,.T.);
#2400=FACE_BOUND('',#2253,.T.);
#2401=FACE_BOUND('',#2254,.T.);
#2402=FACE_BOUND('',#2255,.T.);
#2403=FACE_BOUND('',#2256,.T.);
#2404=FACE_BOUND('',#2257,.T.);
#2405=FACE_BOUND('',#2258,.T.);
#2406=FACE_BOUND('',#2259,.T.);
#2407=FACE_BOUND('',#2260,.T.);
#2408=FACE_BOUND('',#2261,.T.);
#2409=FACE_BOUND('',#2262,.T.);
#2410=FACE_BOUND('',#2263,.T.);
#2411=FACE_BOUND('',#2264,.T.);
#2412=FACE_BOUND('',#2265,.T.);
#2413=FACE_BOUND('',#2266,.T.);
#2414=FACE_BOUND('',#2267,.T.);
#2415=FACE_BOUND('',#2268,.T.);
#2416=FACE_BOUND('',#2269,.T.);
#2417=FACE_BOUND('',#2270,.T.);
#2418=FACE_BOUND('',#2271,.T.);
#2419=FACE_BOUND('',#2272,.T.);
#2420=FACE_BOUND('',#2273,.T.);
#2421=FACE_BOUND('',#2274,.T.);
#2422=FACE_BOUND('',#2275,.T.);
#2423=FACE_BOUND('',#2276,.T.);
#2424=FACE_BOUND('',#2277,.T.);
#2425=FACE_BOUND('',#2278,.T.);
#2426=FACE_BOUND('',#2279,.T.);
#2427=FACE_BOUND('',#2280,.T.);
#2428=FACE_BOUND('',#2281,.T.);
#2429=FACE_BOUND('',#2282,.T.);
#2430=FACE_BOUND('',#2283,.T.);
#2431=FACE_BOUND('',#2284,.T.);
#2432=FACE_BOUND('',#2285,.T.);
#2433=FACE_BOUND('',#2286,.T.);
#2434=FACE_BOUND('',#2287,.T.);
#2435=FACE_BOUND('',#2288,.T.);
#2436=FACE_BOUND('',#2289,.T.);
#2437=FACE_BOUND('',#2290,.T.);
#2438=FACE_BOUND('',#2291,.T.);
#2439=FACE_BOUND('',#2292,.T.);
#2440=FACE_BOUND('',#2293,.T.);
#2441=FACE_BOUND('',#2294,.T.);
#2442=FACE_BOUND('',#2295,.T.);
#2443=FACE_BOUND('',#2296,.T.);
#2444=FACE_BOUND('',#2297,.T.);
#2445=FACE_BOUND('',#2298,.T.);
#2446=FACE_BOUND('',#2299,.T.);
#2447=FACE_BOUND('',#2300,.T.);
#2448=FACE_BOUND('',#2301,.T.);
#2449=FACE_BOUND('',#2302,.T.);
#2450=FACE_BOUND('',#2303,.T.);
#2451=FACE_BOUND('',#2304,.T.);
#2452=FACE_BOUND('',#2305,.T.);
#2453=FACE_BOUND('',#2306,.T.);
#2454=FACE_BOUND('',#2307,.T.);
#2455=FACE_BOUND('',#2308,.T.);
#2456=FACE_BOUND('',#2309,.T.);
#2457=FACE_BOUND('',#2310,.T.);
#2458=FACE_BOUND('',#2311,.T.);
#2459=FACE_BOUND('',#2312,.T.);
#2460=FACE_BOUND('',#2313,.T.);
#2461=FACE_BOUND('',#2314,.T.);
#2462=FACE_BOUND('',#2315,.T.);
#2463=FACE_BOUND('',#2316,.T.);
#2464=FACE_BOUND('',#2317,.T.);
#2465=FACE_BOUND('',#2318,.T.);
#2466=FACE_BOUND('',#2319,.T.);
#2467=FACE_BOUND('',#2320,.T.);
#2468=FACE_BOUND('',#2321,.T.);
#2469=FACE_BOUND('',#2322,.T.);
#2470=FACE_BOUND('',#2323,.T.);
#2471=FACE_BOUND('',#2324,.T.);
#2472=FACE_BOUND('',#2325,.T.);
#2473=FACE_BOUND('',#2326,.T.);
#2474=FACE_BOUND('',#2327,.T.);
#2475=FACE_BOUND('',#2328,.T.);
#2476=FACE_BOUND('',#2329,.T.);
#2477=FACE_BOUND('',#2330,.T.);
#2478=FACE_BOUND('',#2331,.T.);
#2479=FACE_BOUND('',#2332,.T.);
#2480=FACE_BOUND('',#2333,.T.);
#2481=PLANE('',#3723);
#2482=PLANE('',#3724);
#2483=PLANE('',#3725);
#2484=PLANE('',#3726);
#2485=PLANE('',#3733);
#2486=PLANE('',#3755);
#2487=PLANE('',#3760);
#2488=PLANE('',#3772);
#2489=PLANE('',#3773);
#2490=PLANE('',#3774);
#2491=PLANE('',#3775);
#2492=PLANE('',#3776);
#2493=PLANE('',#3777);
#2494=PLANE('',#3781);
#2495=PLANE('',#3785);
#2496=PLANE('',#3786);
#2497=PLANE('',#3793);
#2498=PLANE('',#3794);
#2499=PLANE('',#3797);
#2500=PLANE('',#3800);
#2501=PLANE('',#3801);
#2502=PLANE('',#3802);
#2503=PLANE('',#3804);
#2504=PLANE('',#3806);
#2505=PLANE('',#3807);
#2506=PLANE('',#3811);
#2507=PLANE('',#3812);
#2508=PLANE('',#3813);
#2509=PLANE('',#3814);
#2510=PLANE('',#3815);
#2511=PLANE('',#3817);
#2512=PLANE('',#3820);
#2513=PLANE('',#3821);
#2514=PLANE('',#3825);
#2515=PLANE('',#3826);
#2516=PLANE('',#3827);
#2517=PLANE('',#3828);
#2518=PLANE('',#3829);
#2519=PLANE('',#3831);
#2520=PLANE('',#3834);
#2521=PLANE('',#3835);
#2522=PLANE('',#3837);
#2523=PLANE('',#3841);
#2524=PLANE('',#3842);
#2525=PLANE('',#3843);
#2526=PLANE('',#3844);
#2527=PLANE('',#3847);
#2528=PLANE('',#3848);
#2529=PLANE('',#3849);
#2530=PLANE('',#3850);
#2531=PLANE('',#3851);
#2532=PLANE('',#3852);
#2533=PLANE('',#3853);
#2534=PLANE('',#3854);
#2535=PLANE('',#3855);
#2536=PLANE('',#3856);
#2537=PLANE('',#3857);
#2538=PLANE('',#3858);
#2539=PLANE('',#3859);
#2540=PLANE('',#3860);
#2541=PLANE('',#3861);
#2542=PLANE('',#3862);
#2543=PLANE('',#3863);
#2544=PLANE('',#3864);
#2545=PLANE('',#3865);
#2546=PLANE('',#3866);
#2547=PLANE('',#3867);
#2548=PLANE('',#3868);
#2549=PLANE('',#3869);
#2550=PLANE('',#3870);
#2551=PLANE('',#3871);
#2552=PLANE('',#3872);
#2553=PLANE('',#3873);
#2554=PLANE('',#3874);
#2555=PLANE('',#3875);
#2556=PLANE('',#3876);
#2557=PLANE('',#3877);
#2558=PLANE('',#3880);
#2559=PLANE('',#3882);
#2560=PLANE('',#3883);
#2561=PLANE('',#3885);
#2562=PLANE('',#3888);
#2563=PLANE('',#3889);
#2564=PLANE('',#3890);
#2565=PLANE('',#3891);
#2566=PLANE('',#3894);
#2567=PLANE('',#3896);
#2568=PLANE('',#3897);
#2569=PLANE('',#3899);
#2570=PLANE('',#3902);
#2571=PLANE('',#3903);
#2572=PLANE('',#3904);
#2573=PLANE('',#3905);
#2574=PLANE('',#3908);
#2575=PLANE('',#3910);
#2576=PLANE('',#3911);
#2577=PLANE('',#3913);
#2578=PLANE('',#3916);
#2579=PLANE('',#3917);
#2580=PLANE('',#3918);
#2581=PLANE('',#3919);
#2582=PLANE('',#3920);
#2583=PLANE('',#3921);
#2584=PLANE('',#3922);
#2585=PLANE('',#3923);
#2586=PLANE('',#3924);
#2587=PLANE('',#3925);
#2588=STYLED_ITEM('',(#2729),#3577);
#2589=STYLED_ITEM('',(#2730),#3578);
#2590=STYLED_ITEM('',(#2731),#3579);
#2591=STYLED_ITEM('',(#2732),#3580);
#2592=STYLED_ITEM('',(#2733),#3581);
#2593=STYLED_ITEM('',(#2734),#3582);
#2594=STYLED_ITEM('',(#2735),#3583);
#2595=STYLED_ITEM('',(#2736),#3584);
#2596=STYLED_ITEM('',(#2737),#3585);
#2597=STYLED_ITEM('',(#2738),#3586);
#2598=STYLED_ITEM('',(#2739),#3587);
#2599=STYLED_ITEM('',(#2740),#3588);
#2600=STYLED_ITEM('',(#2741),#3589);
#2601=STYLED_ITEM('',(#2742),#3590);
#2602=STYLED_ITEM('',(#2743),#3591);
#2603=STYLED_ITEM('',(#2744),#3592);
#2604=STYLED_ITEM('',(#2745),#3593);
#2605=STYLED_ITEM('',(#2746),#3594);
#2606=STYLED_ITEM('',(#2747),#3595);
#2607=STYLED_ITEM('',(#2748),#3596);
#2608=STYLED_ITEM('',(#2749),#3597);
#2609=STYLED_ITEM('',(#2750),#3598);
#2610=STYLED_ITEM('',(#2751),#3599);
#2611=STYLED_ITEM('',(#2752),#3600);
#2612=STYLED_ITEM('',(#2753),#3601);
#2613=STYLED_ITEM('',(#2754),#3602);
#2614=STYLED_ITEM('',(#2755),#3603);
#2615=STYLED_ITEM('',(#2756),#3604);
#2616=STYLED_ITEM('',(#2757),#3605);
#2617=STYLED_ITEM('',(#2758),#3606);
#2618=STYLED_ITEM('',(#2759),#3607);
#2619=STYLED_ITEM('',(#2760),#3608);
#2620=STYLED_ITEM('',(#2761),#3609);
#2621=STYLED_ITEM('',(#2762),#3610);
#2622=STYLED_ITEM('',(#2763),#3611);
#2623=STYLED_ITEM('',(#2764),#3612);
#2624=STYLED_ITEM('',(#2765),#3613);
#2625=STYLED_ITEM('',(#2766),#3614);
#2626=STYLED_ITEM('',(#2767),#3615);
#2627=STYLED_ITEM('',(#2768),#3616);
#2628=STYLED_ITEM('',(#2769),#3617);
#2629=STYLED_ITEM('',(#2770),#3618);
#2630=STYLED_ITEM('',(#2771),#3619);
#2631=STYLED_ITEM('',(#2772),#3620);
#2632=STYLED_ITEM('',(#2773),#3621);
#2633=STYLED_ITEM('',(#2774),#3622);
#2634=STYLED_ITEM('',(#2775),#3623);
#2635=STYLED_ITEM('',(#2776),#3624);
#2636=STYLED_ITEM('',(#2777),#3625);
#2637=STYLED_ITEM('',(#2778),#3626);
#2638=STYLED_ITEM('',(#2779),#3627);
#2639=STYLED_ITEM('',(#2780),#3628);
#2640=STYLED_ITEM('',(#2781),#3629);
#2641=STYLED_ITEM('',(#2782),#3630);
#2642=STYLED_ITEM('',(#2783),#3631);
#2643=STYLED_ITEM('',(#2784),#3632);
#2644=STYLED_ITEM('',(#2785),#3633);
#2645=STYLED_ITEM('',(#2786),#3634);
#2646=STYLED_ITEM('',(#2787),#3635);
#2647=STYLED_ITEM('',(#2788),#3636);
#2648=STYLED_ITEM('',(#2789),#3637);
#2649=STYLED_ITEM('',(#2790),#3638);
#2650=STYLED_ITEM('',(#2791),#3639);
#2651=STYLED_ITEM('',(#2792),#3640);
#2652=STYLED_ITEM('',(#2793),#3641);
#2653=STYLED_ITEM('',(#2794),#3642);
#2654=STYLED_ITEM('',(#2795),#3643);
#2655=STYLED_ITEM('',(#2796),#3644);
#2656=STYLED_ITEM('',(#2797),#3645);
#2657=STYLED_ITEM('',(#2798),#3646);
#2658=STYLED_ITEM('',(#2799),#3647);
#2659=STYLED_ITEM('',(#2800),#3648);
#2660=STYLED_ITEM('',(#2801),#3649);
#2661=STYLED_ITEM('',(#2802),#3650);
#2662=STYLED_ITEM('',(#2803),#3651);
#2663=STYLED_ITEM('',(#2804),#3652);
#2664=STYLED_ITEM('',(#2805),#3653);
#2665=STYLED_ITEM('',(#2806),#3654);
#2666=STYLED_ITEM('',(#2807),#3655);
#2667=STYLED_ITEM('',(#2808),#3656);
#2668=STYLED_ITEM('',(#2809),#3657);
#2669=STYLED_ITEM('',(#2810),#3658);
#2670=STYLED_ITEM('',(#2811),#3659);
#2671=STYLED_ITEM('',(#2812),#3660);
#2672=STYLED_ITEM('',(#2813),#3661);
#2673=STYLED_ITEM('',(#2814),#3662);
#2674=STYLED_ITEM('',(#2815),#3663);
#2675=STYLED_ITEM('',(#2816),#3664);
#2676=STYLED_ITEM('',(#2817),#3665);
#2677=STYLED_ITEM('',(#2818),#3666);
#2678=STYLED_ITEM('',(#2819),#3667);
#2679=STYLED_ITEM('',(#2820),#3668);
#2680=STYLED_ITEM('',(#2821),#3669);
#2681=STYLED_ITEM('',(#2822),#3670);
#2682=STYLED_ITEM('',(#2823),#3671);
#2683=STYLED_ITEM('',(#2824),#3672);
#2684=STYLED_ITEM('',(#2825),#3673);
#2685=STYLED_ITEM('',(#2826),#3674);
#2686=STYLED_ITEM('',(#2827),#3675);
#2687=STYLED_ITEM('',(#2828),#3676);
#2688=STYLED_ITEM('',(#2829),#3677);
#2689=STYLED_ITEM('',(#2830),#3678);
#2690=STYLED_ITEM('',(#2831),#3679);
#2691=STYLED_ITEM('',(#2832),#3680);
#2692=STYLED_ITEM('',(#2833),#3681);
#2693=STYLED_ITEM('',(#2834),#3682);
#2694=STYLED_ITEM('',(#2835),#3683);
#2695=STYLED_ITEM('',(#2836),#3684);
#2696=STYLED_ITEM('',(#2837),#3685);
#2697=STYLED_ITEM('',(#2838),#3686);
#2698=STYLED_ITEM('',(#2839),#3687);
#2699=STYLED_ITEM('',(#2840),#3688);
#2700=STYLED_ITEM('',(#2841),#3689);
#2701=STYLED_ITEM('',(#2842),#3690);
#2702=STYLED_ITEM('',(#2843),#3691);
#2703=STYLED_ITEM('',(#2844),#3692);
#2704=STYLED_ITEM('',(#2845),#3693);
#2705=STYLED_ITEM('',(#2846),#3694);
#2706=STYLED_ITEM('',(#2847),#3695);
#2707=STYLED_ITEM('',(#2848),#3696);
#2708=STYLED_ITEM('',(#2849),#3697);
#2709=STYLED_ITEM('',(#2850),#3698);
#2710=STYLED_ITEM('',(#2851),#3699);
#2711=STYLED_ITEM('',(#2852),#3700);
#2712=STYLED_ITEM('',(#2853),#3701);
#2713=STYLED_ITEM('',(#2854),#3702);
#2714=STYLED_ITEM('',(#2855),#3703);
#2715=STYLED_ITEM('',(#2856),#3704);
#2716=STYLED_ITEM('',(#2857),#3705);
#2717=STYLED_ITEM('',(#2858),#3706);
#2718=STYLED_ITEM('',(#2859),#3707);
#2719=STYLED_ITEM('',(#2860),#3708);
#2720=STYLED_ITEM('',(#2861),#3709);
#2721=STYLED_ITEM('',(#2862),#3710);
#2722=STYLED_ITEM('',(#2863),#3711);
#2723=STYLED_ITEM('',(#2864),#3712);
#2724=STYLED_ITEM('',(#2865),#3713);
#2725=STYLED_ITEM('',(#2866),#3714);
#2726=STYLED_ITEM('',(#2867),#3715);
#2727=STYLED_ITEM('',(#2868),#3716);
#2728=STYLED_ITEM('',(#2869),#3717);
#2729=PRESENTATION_STYLE_ASSIGNMENT((#2870));
#2730=PRESENTATION_STYLE_ASSIGNMENT((#2871));
#2731=PRESENTATION_STYLE_ASSIGNMENT((#2872));
#2732=PRESENTATION_STYLE_ASSIGNMENT((#2873));
#2733=PRESENTATION_STYLE_ASSIGNMENT((#2874));
#2734=PRESENTATION_STYLE_ASSIGNMENT((#2875));
#2735=PRESENTATION_STYLE_ASSIGNMENT((#2876));
#2736=PRESENTATION_STYLE_ASSIGNMENT((#2877));
#2737=PRESENTATION_STYLE_ASSIGNMENT((#2878));
#2738=PRESENTATION_STYLE_ASSIGNMENT((#2879));
#2739=PRESENTATION_STYLE_ASSIGNMENT((#2880));
#2740=PRESENTATION_STYLE_ASSIGNMENT((#2881));
#2741=PRESENTATION_STYLE_ASSIGNMENT((#2882));
#2742=PRESENTATION_STYLE_ASSIGNMENT((#2883));
#2743=PRESENTATION_STYLE_ASSIGNMENT((#2884));
#2744=PRESENTATION_STYLE_ASSIGNMENT((#2885));
#2745=PRESENTATION_STYLE_ASSIGNMENT((#2886));
#2746=PRESENTATION_STYLE_ASSIGNMENT((#2887));
#2747=PRESENTATION_STYLE_ASSIGNMENT((#2888));
#2748=PRESENTATION_STYLE_ASSIGNMENT((#2889));
#2749=PRESENTATION_STYLE_ASSIGNMENT((#2890));
#2750=PRESENTATION_STYLE_ASSIGNMENT((#2891));
#2751=PRESENTATION_STYLE_ASSIGNMENT((#2892));
#2752=PRESENTATION_STYLE_ASSIGNMENT((#2893));
#2753=PRESENTATION_STYLE_ASSIGNMENT((#2894));
#2754=PRESENTATION_STYLE_ASSIGNMENT((#2895));
#2755=PRESENTATION_STYLE_ASSIGNMENT((#2896));
#2756=PRESENTATION_STYLE_ASSIGNMENT((#2897));
#2757=PRESENTATION_STYLE_ASSIGNMENT((#2898));
#2758=PRESENTATION_STYLE_ASSIGNMENT((#2899));
#2759=PRESENTATION_STYLE_ASSIGNMENT((#2900));
#2760=PRESENTATION_STYLE_ASSIGNMENT((#2901));
#2761=PRESENTATION_STYLE_ASSIGNMENT((#2902));
#2762=PRESENTATION_STYLE_ASSIGNMENT((#2903));
#2763=PRESENTATION_STYLE_ASSIGNMENT((#2904));
#2764=PRESENTATION_STYLE_ASSIGNMENT((#2905));
#2765=PRESENTATION_STYLE_ASSIGNMENT((#2906));
#2766=PRESENTATION_STYLE_ASSIGNMENT((#2907));
#2767=PRESENTATION_STYLE_ASSIGNMENT((#2908));
#2768=PRESENTATION_STYLE_ASSIGNMENT((#2909));
#2769=PRESENTATION_STYLE_ASSIGNMENT((#2910));
#2770=PRESENTATION_STYLE_ASSIGNMENT((#2911));
#2771=PRESENTATION_STYLE_ASSIGNMENT((#2912));
#2772=PRESENTATION_STYLE_ASSIGNMENT((#2913));
#2773=PRESENTATION_STYLE_ASSIGNMENT((#2914));
#2774=PRESENTATION_STYLE_ASSIGNMENT((#2915));
#2775=PRESENTATION_STYLE_ASSIGNMENT((#2916));
#2776=PRESENTATION_STYLE_ASSIGNMENT((#2917));
#2777=PRESENTATION_STYLE_ASSIGNMENT((#2918));
#2778=PRESENTATION_STYLE_ASSIGNMENT((#2919));
#2779=PRESENTATION_STYLE_ASSIGNMENT((#2920));
#2780=PRESENTATION_STYLE_ASSIGNMENT((#2921));
#2781=PRESENTATION_STYLE_ASSIGNMENT((#2922));
#2782=PRESENTATION_STYLE_ASSIGNMENT((#2923));
#2783=PRESENTATION_STYLE_ASSIGNMENT((#2924));
#2784=PRESENTATION_STYLE_ASSIGNMENT((#2925));
#2785=PRESENTATION_STYLE_ASSIGNMENT((#2926));
#2786=PRESENTATION_STYLE_ASSIGNMENT((#2927));
#2787=PRESENTATION_STYLE_ASSIGNMENT((#2928));
#2788=PRESENTATION_STYLE_ASSIGNMENT((#2929));
#2789=PRESENTATION_STYLE_ASSIGNMENT((#2930));
#2790=PRESENTATION_STYLE_ASSIGNMENT((#2931));
#2791=PRESENTATION_STYLE_ASSIGNMENT((#2932));
#2792=PRESENTATION_STYLE_ASSIGNMENT((#2933));
#2793=PRESENTATION_STYLE_ASSIGNMENT((#2934));
#2794=PRESENTATION_STYLE_ASSIGNMENT((#2935));
#2795=PRESENTATION_STYLE_ASSIGNMENT((#2936));
#2796=PRESENTATION_STYLE_ASSIGNMENT((#2937));
#2797=PRESENTATION_STYLE_ASSIGNMENT((#2938));
#2798=PRESENTATION_STYLE_ASSIGNMENT((#2939));
#2799=PRESENTATION_STYLE_ASSIGNMENT((#2940));
#2800=PRESENTATION_STYLE_ASSIGNMENT((#2941));
#2801=PRESENTATION_STYLE_ASSIGNMENT((#2942));
#2802=PRESENTATION_STYLE_ASSIGNMENT((#2943));
#2803=PRESENTATION_STYLE_ASSIGNMENT((#2944));
#2804=PRESENTATION_STYLE_ASSIGNMENT((#2945));
#2805=PRESENTATION_STYLE_ASSIGNMENT((#2946));
#2806=PRESENTATION_STYLE_ASSIGNMENT((#2947));
#2807=PRESENTATION_STYLE_ASSIGNMENT((#2948));
#2808=PRESENTATION_STYLE_ASSIGNMENT((#2949));
#2809=PRESENTATION_STYLE_ASSIGNMENT((#2950));
#2810=PRESENTATION_STYLE_ASSIGNMENT((#2951));
#2811=PRESENTATION_STYLE_ASSIGNMENT((#2952));
#2812=PRESENTATION_STYLE_ASSIGNMENT((#2953));
#2813=PRESENTATION_STYLE_ASSIGNMENT((#2954));
#2814=PRESENTATION_STYLE_ASSIGNMENT((#2955));
#2815=PRESENTATION_STYLE_ASSIGNMENT((#2956));
#2816=PRESENTATION_STYLE_ASSIGNMENT((#2957));
#2817=PRESENTATION_STYLE_ASSIGNMENT((#2958));
#2818=PRESENTATION_STYLE_ASSIGNMENT((#2959));
#2819=PRESENTATION_STYLE_ASSIGNMENT((#2960));
#2820=PRESENTATION_STYLE_ASSIGNMENT((#2961));
#2821=PRESENTATION_STYLE_ASSIGNMENT((#2962));
#2822=PRESENTATION_STYLE_ASSIGNMENT((#2963));
#2823=PRESENTATION_STYLE_ASSIGNMENT((#2964));
#2824=PRESENTATION_STYLE_ASSIGNMENT((#2965));
#2825=PRESENTATION_STYLE_ASSIGNMENT((#2966));
#2826=PRESENTATION_STYLE_ASSIGNMENT((#2967));
#2827=PRESENTATION_STYLE_ASSIGNMENT((#2968));
#2828=PRESENTATION_STYLE_ASSIGNMENT((#2969));
#2829=PRESENTATION_STYLE_ASSIGNMENT((#2970));
#2830=PRESENTATION_STYLE_ASSIGNMENT((#2971));
#2831=PRESENTATION_STYLE_ASSIGNMENT((#2972));
#2832=PRESENTATION_STYLE_ASSIGNMENT((#2973));
#2833=PRESENTATION_STYLE_ASSIGNMENT((#2974));
#2834=PRESENTATION_STYLE_ASSIGNMENT((#2975));
#2835=PRESENTATION_STYLE_ASSIGNMENT((#2976));
#2836=PRESENTATION_STYLE_ASSIGNMENT((#2977));
#2837=PRESENTATION_STYLE_ASSIGNMENT((#2978));
#2838=PRESENTATION_STYLE_ASSIGNMENT((#2979));
#2839=PRESENTATION_STYLE_ASSIGNMENT((#2980));
#2840=PRESENTATION_STYLE_ASSIGNMENT((#2981));
#2841=PRESENTATION_STYLE_ASSIGNMENT((#2982));
#2842=PRESENTATION_STYLE_ASSIGNMENT((#2983));
#2843=PRESENTATION_STYLE_ASSIGNMENT((#2984));
#2844=PRESENTATION_STYLE_ASSIGNMENT((#2985));
#2845=PRESENTATION_STYLE_ASSIGNMENT((#2986));
#2846=PRESENTATION_STYLE_ASSIGNMENT((#2987));
#2847=PRESENTATION_STYLE_ASSIGNMENT((#2988));
#2848=PRESENTATION_STYLE_ASSIGNMENT((#2989));
#2849=PRESENTATION_STYLE_ASSIGNMENT((#2990));
#2850=PRESENTATION_STYLE_ASSIGNMENT((#2991));
#2851=PRESENTATION_STYLE_ASSIGNMENT((#2992));
#2852=PRESENTATION_STYLE_ASSIGNMENT((#2993));
#2853=PRESENTATION_STYLE_ASSIGNMENT((#2994));
#2854=PRESENTATION_STYLE_ASSIGNMENT((#2995));
#2855=PRESENTATION_STYLE_ASSIGNMENT((#2996));
#2856=PRESENTATION_STYLE_ASSIGNMENT((#2997));
#2857=PRESENTATION_STYLE_ASSIGNMENT((#2998));
#2858=PRESENTATION_STYLE_ASSIGNMENT((#2999));
#2859=PRESENTATION_STYLE_ASSIGNMENT((#3000));
#2860=PRESENTATION_STYLE_ASSIGNMENT((#3001));
#2861=PRESENTATION_STYLE_ASSIGNMENT((#3002));
#2862=PRESENTATION_STYLE_ASSIGNMENT((#3003));
#2863=PRESENTATION_STYLE_ASSIGNMENT((#3004));
#2864=PRESENTATION_STYLE_ASSIGNMENT((#3005));
#2865=PRESENTATION_STYLE_ASSIGNMENT((#3006));
#2866=PRESENTATION_STYLE_ASSIGNMENT((#3007));
#2867=PRESENTATION_STYLE_ASSIGNMENT((#3008));
#2868=PRESENTATION_STYLE_ASSIGNMENT((#3009));
#2869=PRESENTATION_STYLE_ASSIGNMENT((#3010));
#2870=SURFACE_STYLE_USAGE(.BOTH.,#3011);
#2871=SURFACE_STYLE_USAGE(.BOTH.,#3012);
#2872=SURFACE_STYLE_USAGE(.BOTH.,#3013);
#2873=SURFACE_STYLE_USAGE(.BOTH.,#3014);
#2874=SURFACE_STYLE_USAGE(.BOTH.,#3015);
#2875=SURFACE_STYLE_USAGE(.BOTH.,#3016);
#2876=SURFACE_STYLE_USAGE(.BOTH.,#3017);
#2877=SURFACE_STYLE_USAGE(.BOTH.,#3018);
#2878=SURFACE_STYLE_USAGE(.BOTH.,#3019);
#2879=SURFACE_STYLE_USAGE(.BOTH.,#3020);
#2880=SURFACE_STYLE_USAGE(.BOTH.,#3021);
#2881=SURFACE_STYLE_USAGE(.BOTH.,#3022);
#2882=SURFACE_STYLE_USAGE(.BOTH.,#3023);
#2883=SURFACE_STYLE_USAGE(.BOTH.,#3024);
#2884=SURFACE_STYLE_USAGE(.BOTH.,#3025);
#2885=SURFACE_STYLE_USAGE(.BOTH.,#3026);
#2886=SURFACE_STYLE_USAGE(.BOTH.,#3027);
#2887=SURFACE_STYLE_USAGE(.BOTH.,#3028);
#2888=SURFACE_STYLE_USAGE(.BOTH.,#3029);
#2889=SURFACE_STYLE_USAGE(.BOTH.,#3030);
#2890=SURFACE_STYLE_USAGE(.BOTH.,#3031);
#2891=SURFACE_STYLE_USAGE(.BOTH.,#3032);
#2892=SURFACE_STYLE_USAGE(.BOTH.,#3033);
#2893=SURFACE_STYLE_USAGE(.BOTH.,#3034);
#2894=SURFACE_STYLE_USAGE(.BOTH.,#3035);
#2895=SURFACE_STYLE_USAGE(.BOTH.,#3036);
#2896=SURFACE_STYLE_USAGE(.BOTH.,#3037);
#2897=SURFACE_STYLE_USAGE(.BOTH.,#3038);
#2898=SURFACE_STYLE_USAGE(.BOTH.,#3039);
#2899=SURFACE_STYLE_USAGE(.BOTH.,#3040);
#2900=SURFACE_STYLE_USAGE(.BOTH.,#3041);
#2901=SURFACE_STYLE_USAGE(.BOTH.,#3042);
#2902=SURFACE_STYLE_USAGE(.BOTH.,#3043);
#2903=SURFACE_STYLE_USAGE(.BOTH.,#3044);
#2904=SURFACE_STYLE_USAGE(.BOTH.,#3045);
#2905=SURFACE_STYLE_USAGE(.BOTH.,#3046);
#2906=SURFACE_STYLE_USAGE(.BOTH.,#3047);
#2907=SURFACE_STYLE_USAGE(.BOTH.,#3048);
#2908=SURFACE_STYLE_USAGE(.BOTH.,#3049);
#2909=SURFACE_STYLE_USAGE(.BOTH.,#3050);
#2910=SURFACE_STYLE_USAGE(.BOTH.,#3051);
#2911=SURFACE_STYLE_USAGE(.BOTH.,#3052);
#2912=SURFACE_STYLE_USAGE(.BOTH.,#3053);
#2913=SURFACE_STYLE_USAGE(.BOTH.,#3054);
#2914=SURFACE_STYLE_USAGE(.BOTH.,#3055);
#2915=SURFACE_STYLE_USAGE(.BOTH.,#3056);
#2916=SURFACE_STYLE_USAGE(.BOTH.,#3057);
#2917=SURFACE_STYLE_USAGE(.BOTH.,#3058);
#2918=SURFACE_STYLE_USAGE(.BOTH.,#3059);
#2919=SURFACE_STYLE_USAGE(.BOTH.,#3060);
#2920=SURFACE_STYLE_USAGE(.BOTH.,#3061);
#2921=SURFACE_STYLE_USAGE(.BOTH.,#3062);
#2922=SURFACE_STYLE_USAGE(.BOTH.,#3063);
#2923=SURFACE_STYLE_USAGE(.BOTH.,#3064);
#2924=SURFACE_STYLE_USAGE(.BOTH.,#3065);
#2925=SURFACE_STYLE_USAGE(.BOTH.,#3066);
#2926=SURFACE_STYLE_USAGE(.BOTH.,#3067);
#2927=SURFACE_STYLE_USAGE(.BOTH.,#3068);
#2928=SURFACE_STYLE_USAGE(.BOTH.,#3069);
#2929=SURFACE_STYLE_USAGE(.BOTH.,#3070);
#2930=SURFACE_STYLE_USAGE(.BOTH.,#3071);
#2931=SURFACE_STYLE_USAGE(.BOTH.,#3072);
#2932=SURFACE_STYLE_USAGE(.BOTH.,#3073);
#2933=SURFACE_STYLE_USAGE(.BOTH.,#3074);
#2934=SURFACE_STYLE_USAGE(.BOTH.,#3075);
#2935=SURFACE_STYLE_USAGE(.BOTH.,#3076);
#2936=SURFACE_STYLE_USAGE(.BOTH.,#3077);
#2937=SURFACE_STYLE_USAGE(.BOTH.,#3078);
#2938=SURFACE_STYLE_USAGE(.BOTH.,#3079);
#2939=SURFACE_STYLE_USAGE(.BOTH.,#3080);
#2940=SURFACE_STYLE_USAGE(.BOTH.,#3081);
#2941=SURFACE_STYLE_USAGE(.BOTH.,#3082);
#2942=SURFACE_STYLE_USAGE(.BOTH.,#3083);
#2943=SURFACE_STYLE_USAGE(.BOTH.,#3084);
#2944=SURFACE_STYLE_USAGE(.BOTH.,#3085);
#2945=SURFACE_STYLE_USAGE(.BOTH.,#3086);
#2946=SURFACE_STYLE_USAGE(.BOTH.,#3087);
#2947=SURFACE_STYLE_USAGE(.BOTH.,#3088);
#2948=SURFACE_STYLE_USAGE(.BOTH.,#3089);
#2949=SURFACE_STYLE_USAGE(.BOTH.,#3090);
#2950=SURFACE_STYLE_USAGE(.BOTH.,#3091);
#2951=SURFACE_STYLE_USAGE(.BOTH.,#3092);
#2952=SURFACE_STYLE_USAGE(.BOTH.,#3093);
#2953=SURFACE_STYLE_USAGE(.BOTH.,#3094);
#2954=SURFACE_STYLE_USAGE(.BOTH.,#3095);
#2955=SURFACE_STYLE_USAGE(.BOTH.,#3096);
#2956=SURFACE_STYLE_USAGE(.BOTH.,#3097);
#2957=SURFACE_STYLE_USAGE(.BOTH.,#3098);
#2958=SURFACE_STYLE_USAGE(.BOTH.,#3099);
#2959=SURFACE_STYLE_USAGE(.BOTH.,#3100);
#2960=SURFACE_STYLE_USAGE(.BOTH.,#3101);
#2961=SURFACE_STYLE_USAGE(.BOTH.,#3102);
#2962=SURFACE_STYLE_USAGE(.BOTH.,#3103);
#2963=SURFACE_STYLE_USAGE(.BOTH.,#3104);
#2964=SURFACE_STYLE_USAGE(.BOTH.,#3105);
#2965=SURFACE_STYLE_USAGE(.BOTH.,#3106);
#2966=SURFACE_STYLE_USAGE(.BOTH.,#3107);
#2967=SURFACE_STYLE_USAGE(.BOTH.,#3108);
#2968=SURFACE_STYLE_USAGE(.BOTH.,#3109);
#2969=SURFACE_STYLE_USAGE(.BOTH.,#3110);
#2970=SURFACE_STYLE_USAGE(.BOTH.,#3111);
#2971=SURFACE_STYLE_USAGE(.BOTH.,#3112);
#2972=SURFACE_STYLE_USAGE(.BOTH.,#3113);
#2973=SURFACE_STYLE_USAGE(.BOTH.,#3114);
#2974=SURFACE_STYLE_USAGE(.BOTH.,#3115);
#2975=SURFACE_STYLE_USAGE(.BOTH.,#3116);
#2976=SURFACE_STYLE_USAGE(.BOTH.,#3117);
#2977=SURFACE_STYLE_USAGE(.BOTH.,#3118);
#2978=SURFACE_STYLE_USAGE(.BOTH.,#3119);
#2979=SURFACE_STYLE_USAGE(.BOTH.,#3120);
#2980=SURFACE_STYLE_USAGE(.BOTH.,#3121);
#2981=SURFACE_STYLE_USAGE(.BOTH.,#3122);
#2982=SURFACE_STYLE_USAGE(.BOTH.,#3123);
#2983=SURFACE_STYLE_USAGE(.BOTH.,#3124);
#2984=SURFACE_STYLE_USAGE(.BOTH.,#3125);
#2985=SURFACE_STYLE_USAGE(.BOTH.,#3126);
#2986=SURFACE_STYLE_USAGE(.BOTH.,#3127);
#2987=SURFACE_STYLE_USAGE(.BOTH.,#3128);
#2988=SURFACE_STYLE_USAGE(.BOTH.,#3129);
#2989=SURFACE_STYLE_USAGE(.BOTH.,#3130);
#2990=SURFACE_STYLE_USAGE(.BOTH.,#3131);
#2991=SURFACE_STYLE_USAGE(.BOTH.,#3132);
#2992=SURFACE_STYLE_USAGE(.BOTH.,#3133);
#2993=SURFACE_STYLE_USAGE(.BOTH.,#3134);
#2994=SURFACE_STYLE_USAGE(.BOTH.,#3135);
#2995=SURFACE_STYLE_USAGE(.BOTH.,#3136);
#2996=SURFACE_STYLE_USAGE(.BOTH.,#3137);
#2997=SURFACE_STYLE_USAGE(.BOTH.,#3138);
#2998=SURFACE_STYLE_USAGE(.BOTH.,#3139);
#2999=SURFACE_STYLE_USAGE(.BOTH.,#3140);
#3000=SURFACE_STYLE_USAGE(.BOTH.,#3141);
#3001=SURFACE_STYLE_USAGE(.BOTH.,#3142);
#3002=SURFACE_STYLE_USAGE(.BOTH.,#3143);
#3003=SURFACE_STYLE_USAGE(.BOTH.,#3144);
#3004=SURFACE_STYLE_USAGE(.BOTH.,#3145);
#3005=SURFACE_STYLE_USAGE(.BOTH.,#3146);
#3006=SURFACE_STYLE_USAGE(.BOTH.,#3147);
#3007=SURFACE_STYLE_USAGE(.BOTH.,#3148);
#3008=SURFACE_STYLE_USAGE(.BOTH.,#3149);
#3009=SURFACE_STYLE_USAGE(.BOTH.,#3150);
#3010=SURFACE_STYLE_USAGE(.BOTH.,#3151);
#3011=SURFACE_SIDE_STYLE('',(#3152));
#3012=SURFACE_SIDE_STYLE('',(#3153));
#3013=SURFACE_SIDE_STYLE('',(#3154));
#3014=SURFACE_SIDE_STYLE('',(#3155));
#3015=SURFACE_SIDE_STYLE('',(#3156));
#3016=SURFACE_SIDE_STYLE('',(#3157));
#3017=SURFACE_SIDE_STYLE('',(#3158));
#3018=SURFACE_SIDE_STYLE('',(#3159));
#3019=SURFACE_SIDE_STYLE('',(#3160));
#3020=SURFACE_SIDE_STYLE('',(#3161));
#3021=SURFACE_SIDE_STYLE('',(#3162));
#3022=SURFACE_SIDE_STYLE('',(#3163));
#3023=SURFACE_SIDE_STYLE('',(#3164));
#3024=SURFACE_SIDE_STYLE('',(#3165));
#3025=SURFACE_SIDE_STYLE('',(#3166));
#3026=SURFACE_SIDE_STYLE('',(#3167));
#3027=SURFACE_SIDE_STYLE('',(#3168));
#3028=SURFACE_SIDE_STYLE('',(#3169));
#3029=SURFACE_SIDE_STYLE('',(#3170));
#3030=SURFACE_SIDE_STYLE('',(#3171));
#3031=SURFACE_SIDE_STYLE('',(#3172));
#3032=SURFACE_SIDE_STYLE('',(#3173));
#3033=SURFACE_SIDE_STYLE('',(#3174));
#3034=SURFACE_SIDE_STYLE('',(#3175));
#3035=SURFACE_SIDE_STYLE('',(#3176));
#3036=SURFACE_SIDE_STYLE('',(#3177));
#3037=SURFACE_SIDE_STYLE('',(#3178));
#3038=SURFACE_SIDE_STYLE('',(#3179));
#3039=SURFACE_SIDE_STYLE('',(#3180));
#3040=SURFACE_SIDE_STYLE('',(#3181));
#3041=SURFACE_SIDE_STYLE('',(#3182));
#3042=SURFACE_SIDE_STYLE('',(#3183));
#3043=SURFACE_SIDE_STYLE('',(#3184));
#3044=SURFACE_SIDE_STYLE('',(#3185));
#3045=SURFACE_SIDE_STYLE('',(#3186));
#3046=SURFACE_SIDE_STYLE('',(#3187));
#3047=SURFACE_SIDE_STYLE('',(#3188));
#3048=SURFACE_SIDE_STYLE('',(#3189));
#3049=SURFACE_SIDE_STYLE('',(#3190));
#3050=SURFACE_SIDE_STYLE('',(#3191));
#3051=SURFACE_SIDE_STYLE('',(#3192));
#3052=SURFACE_SIDE_STYLE('',(#3193));
#3053=SURFACE_SIDE_STYLE('',(#3194));
#3054=SURFACE_SIDE_STYLE('',(#3195));
#3055=SURFACE_SIDE_STYLE('',(#3196));
#3056=SURFACE_SIDE_STYLE('',(#3197));
#3057=SURFACE_SIDE_STYLE('',(#3198));
#3058=SURFACE_SIDE_STYLE('',(#3199));
#3059=SURFACE_SIDE_STYLE('',(#3200));
#3060=SURFACE_SIDE_STYLE('',(#3201));
#3061=SURFACE_SIDE_STYLE('',(#3202));
#3062=SURFACE_SIDE_STYLE('',(#3203));
#3063=SURFACE_SIDE_STYLE('',(#3204));
#3064=SURFACE_SIDE_STYLE('',(#3205));
#3065=SURFACE_SIDE_STYLE('',(#3206));
#3066=SURFACE_SIDE_STYLE('',(#3207));
#3067=SURFACE_SIDE_STYLE('',(#3208));
#3068=SURFACE_SIDE_STYLE('',(#3209));
#3069=SURFACE_SIDE_STYLE('',(#3210));
#3070=SURFACE_SIDE_STYLE('',(#3211));
#3071=SURFACE_SIDE_STYLE('',(#3212));
#3072=SURFACE_SIDE_STYLE('',(#3213));
#3073=SURFACE_SIDE_STYLE('',(#3214));
#3074=SURFACE_SIDE_STYLE('',(#3215));
#3075=SURFACE_SIDE_STYLE('',(#3216));
#3076=SURFACE_SIDE_STYLE('',(#3217));
#3077=SURFACE_SIDE_STYLE('',(#3218));
#3078=SURFACE_SIDE_STYLE('',(#3219));
#3079=SURFACE_SIDE_STYLE('',(#3220));
#3080=SURFACE_SIDE_STYLE('',(#3221));
#3081=SURFACE_SIDE_STYLE('',(#3222));
#3082=SURFACE_SIDE_STYLE('',(#3223));
#3083=SURFACE_SIDE_STYLE('',(#3224));
#3084=SURFACE_SIDE_STYLE('',(#3225));
#3085=SURFACE_SIDE_STYLE('',(#3226));
#3086=SURFACE_SIDE_STYLE('',(#3227));
#3087=SURFACE_SIDE_STYLE('',(#3228));
#3088=SURFACE_SIDE_STYLE('',(#3229));
#3089=SURFACE_SIDE_STYLE('',(#3230));
#3090=SURFACE_SIDE_STYLE('',(#3231));
#3091=SURFACE_SIDE_STYLE('',(#3232));
#3092=SURFACE_SIDE_STYLE('',(#3233));
#3093=SURFACE_SIDE_STYLE('',(#3234));
#3094=SURFACE_SIDE_STYLE('',(#3235));
#3095=SURFACE_SIDE_STYLE('',(#3236));
#3096=SURFACE_SIDE_STYLE('',(#3237));
#3097=SURFACE_SIDE_STYLE('',(#3238));
#3098=SURFACE_SIDE_STYLE('',(#3239));
#3099=SURFACE_SIDE_STYLE('',(#3240));
#3100=SURFACE_SIDE_STYLE('',(#3241));
#3101=SURFACE_SIDE_STYLE('',(#3242));
#3102=SURFACE_SIDE_STYLE('',(#3243));
#3103=SURFACE_SIDE_STYLE('',(#3244));
#3104=SURFACE_SIDE_STYLE('',(#3245));
#3105=SURFACE_SIDE_STYLE('',(#3246));
#3106=SURFACE_SIDE_STYLE('',(#3247));
#3107=SURFACE_SIDE_STYLE('',(#3248));
#3108=SURFACE_SIDE_STYLE('',(#3249));
#3109=SURFACE_SIDE_STYLE('',(#3250));
#3110=SURFACE_SIDE_STYLE('',(#3251));
#3111=SURFACE_SIDE_STYLE('',(#3252));
#3112=SURFACE_SIDE_STYLE('',(#3253));
#3113=SURFACE_SIDE_STYLE('',(#3254));
#3114=SURFACE_SIDE_STYLE('',(#3255));
#3115=SURFACE_SIDE_STYLE('',(#3256));
#3116=SURFACE_SIDE_STYLE('',(#3257));
#3117=SURFACE_SIDE_STYLE('',(#3258));
#3118=SURFACE_SIDE_STYLE('',(#3259));
#3119=SURFACE_SIDE_STYLE('',(#3260));
#3120=SURFACE_SIDE_STYLE('',(#3261));
#3121=SURFACE_SIDE_STYLE('',(#3262));
#3122=SURFACE_SIDE_STYLE('',(#3263));
#3123=SURFACE_SIDE_STYLE('',(#3264));
#3124=SURFACE_SIDE_STYLE('',(#3265));
#3125=SURFACE_SIDE_STYLE('',(#3266));
#3126=SURFACE_SIDE_STYLE('',(#3267));
#3127=SURFACE_SIDE_STYLE('',(#3268));
#3128=SURFACE_SIDE_STYLE('',(#3269));
#3129=SURFACE_SIDE_STYLE('',(#3270));
#3130=SURFACE_SIDE_STYLE('',(#3271));
#3131=SURFACE_SIDE_STYLE('',(#3272));
#3132=SURFACE_SIDE_STYLE('',(#3273));
#3133=SURFACE_SIDE_STYLE('',(#3274));
#3134=SURFACE_SIDE_STYLE('',(#3275));
#3135=SURFACE_SIDE_STYLE('',(#3276));
#3136=SURFACE_SIDE_STYLE('',(#3277));
#3137=SURFACE_SIDE_STYLE('',(#3278));
#3138=SURFACE_SIDE_STYLE('',(#3279));
#3139=SURFACE_SIDE_STYLE('',(#3280));
#3140=SURFACE_SIDE_STYLE('',(#3281));
#3141=SURFACE_SIDE_STYLE('',(#3282));
#3142=SURFACE_SIDE_STYLE('',(#3283));
#3143=SURFACE_SIDE_STYLE('',(#3284));
#3144=SURFACE_SIDE_STYLE('',(#3285));
#3145=SURFACE_SIDE_STYLE('',(#3286));
#3146=SURFACE_SIDE_STYLE('',(#3287));
#3147=SURFACE_SIDE_STYLE('',(#3288));
#3148=SURFACE_SIDE_STYLE('',(#3289));
#3149=SURFACE_SIDE_STYLE('',(#3290));
#3150=SURFACE_SIDE_STYLE('',(#3291));
#3151=SURFACE_SIDE_STYLE('',(#3292));
#3152=SURFACE_STYLE_FILL_AREA(#3293);
#3153=SURFACE_STYLE_FILL_AREA(#3294);
#3154=SURFACE_STYLE_FILL_AREA(#3295);
#3155=SURFACE_STYLE_FILL_AREA(#3296);
#3156=SURFACE_STYLE_FILL_AREA(#3297);
#3157=SURFACE_STYLE_FILL_AREA(#3298);
#3158=SURFACE_STYLE_FILL_AREA(#3299);
#3159=SURFACE_STYLE_FILL_AREA(#3300);
#3160=SURFACE_STYLE_FILL_AREA(#3301);
#3161=SURFACE_STYLE_FILL_AREA(#3302);
#3162=SURFACE_STYLE_FILL_AREA(#3303);
#3163=SURFACE_STYLE_FILL_AREA(#3304);
#3164=SURFACE_STYLE_FILL_AREA(#3305);
#3165=SURFACE_STYLE_FILL_AREA(#3306);
#3166=SURFACE_STYLE_FILL_AREA(#3307);
#3167=SURFACE_STYLE_FILL_AREA(#3308);
#3168=SURFACE_STYLE_FILL_AREA(#3309);
#3169=SURFACE_STYLE_FILL_AREA(#3310);
#3170=SURFACE_STYLE_FILL_AREA(#3311);
#3171=SURFACE_STYLE_FILL_AREA(#3312);
#3172=SURFACE_STYLE_FILL_AREA(#3313);
#3173=SURFACE_STYLE_FILL_AREA(#3314);
#3174=SURFACE_STYLE_FILL_AREA(#3315);
#3175=SURFACE_STYLE_FILL_AREA(#3316);
#3176=SURFACE_STYLE_FILL_AREA(#3317);
#3177=SURFACE_STYLE_FILL_AREA(#3318);
#3178=SURFACE_STYLE_FILL_AREA(#3319);
#3179=SURFACE_STYLE_FILL_AREA(#3320);
#3180=SURFACE_STYLE_FILL_AREA(#3321);
#3181=SURFACE_STYLE_FILL_AREA(#3322);
#3182=SURFACE_STYLE_FILL_AREA(#3323);
#3183=SURFACE_STYLE_FILL_AREA(#3324);
#3184=SURFACE_STYLE_FILL_AREA(#3325);
#3185=SURFACE_STYLE_FILL_AREA(#3326);
#3186=SURFACE_STYLE_FILL_AREA(#3327);
#3187=SURFACE_STYLE_FILL_AREA(#3328);
#3188=SURFACE_STYLE_FILL_AREA(#3329);
#3189=SURFACE_STYLE_FILL_AREA(#3330);
#3190=SURFACE_STYLE_FILL_AREA(#3331);
#3191=SURFACE_STYLE_FILL_AREA(#3332);
#3192=SURFACE_STYLE_FILL_AREA(#3333);
#3193=SURFACE_STYLE_FILL_AREA(#3334);
#3194=SURFACE_STYLE_FILL_AREA(#3335);
#3195=SURFACE_STYLE_FILL_AREA(#3336);
#3196=SURFACE_STYLE_FILL_AREA(#3337);
#3197=SURFACE_STYLE_FILL_AREA(#3338);
#3198=SURFACE_STYLE_FILL_AREA(#3339);
#3199=SURFACE_STYLE_FILL_AREA(#3340);
#3200=SURFACE_STYLE_FILL_AREA(#3341);
#3201=SURFACE_STYLE_FILL_AREA(#3342);
#3202=SURFACE_STYLE_FILL_AREA(#3343);
#3203=SURFACE_STYLE_FILL_AREA(#3344);
#3204=SURFACE_STYLE_FILL_AREA(#3345);
#3205=SURFACE_STYLE_FILL_AREA(#3346);
#3206=SURFACE_STYLE_FILL_AREA(#3347);
#3207=SURFACE_STYLE_FILL_AREA(#3348);
#3208=SURFACE_STYLE_FILL_AREA(#3349);
#3209=SURFACE_STYLE_FILL_AREA(#3350);
#3210=SURFACE_STYLE_FILL_AREA(#3351);
#3211=SURFACE_STYLE_FILL_AREA(#3352);
#3212=SURFACE_STYLE_FILL_AREA(#3353);
#3213=SURFACE_STYLE_FILL_AREA(#3354);
#3214=SURFACE_STYLE_FILL_AREA(#3355);
#3215=SURFACE_STYLE_FILL_AREA(#3356);
#3216=SURFACE_STYLE_FILL_AREA(#3357);
#3217=SURFACE_STYLE_FILL_AREA(#3358);
#3218=SURFACE_STYLE_FILL_AREA(#3359);
#3219=SURFACE_STYLE_FILL_AREA(#3360);
#3220=SURFACE_STYLE_FILL_AREA(#3361);
#3221=SURFACE_STYLE_FILL_AREA(#3362);
#3222=SURFACE_STYLE_FILL_AREA(#3363);
#3223=SURFACE_STYLE_FILL_AREA(#3364);
#3224=SURFACE_STYLE_FILL_AREA(#3365);
#3225=SURFACE_STYLE_FILL_AREA(#3366);
#3226=SURFACE_STYLE_FILL_AREA(#3367);
#3227=SURFACE_STYLE_FILL_AREA(#3368);
#3228=SURFACE_STYLE_FILL_AREA(#3369);
#3229=SURFACE_STYLE_FILL_AREA(#3370);
#3230=SURFACE_STYLE_FILL_AREA(#3371);
#3231=SURFACE_STYLE_FILL_AREA(#3372);
#3232=SURFACE_STYLE_FILL_AREA(#3373);
#3233=SURFACE_STYLE_FILL_AREA(#3374);
#3234=SURFACE_STYLE_FILL_AREA(#3375);
#3235=SURFACE_STYLE_FILL_AREA(#3376);
#3236=SURFACE_STYLE_FILL_AREA(#3377);
#3237=SURFACE_STYLE_FILL_AREA(#3378);
#3238=SURFACE_STYLE_FILL_AREA(#3379);
#3239=SURFACE_STYLE_FILL_AREA(#3380);
#3240=SURFACE_STYLE_FILL_AREA(#3381);
#3241=SURFACE_STYLE_FILL_AREA(#3382);
#3242=SURFACE_STYLE_FILL_AREA(#3383);
#3243=SURFACE_STYLE_FILL_AREA(#3384);
#3244=SURFACE_STYLE_FILL_AREA(#3385);
#3245=SURFACE_STYLE_FILL_AREA(#3386);
#3246=SURFACE_STYLE_FILL_AREA(#3387);
#3247=SURFACE_STYLE_FILL_AREA(#3388);
#3248=SURFACE_STYLE_FILL_AREA(#3389);
#3249=SURFACE_STYLE_FILL_AREA(#3390);
#3250=SURFACE_STYLE_FILL_AREA(#3391);
#3251=SURFACE_STYLE_FILL_AREA(#3392);
#3252=SURFACE_STYLE_FILL_AREA(#3393);
#3253=SURFACE_STYLE_FILL_AREA(#3394);
#3254=SURFACE_STYLE_FILL_AREA(#3395);
#3255=SURFACE_STYLE_FILL_AREA(#3396);
#3256=SURFACE_STYLE_FILL_AREA(#3397);
#3257=SURFACE_STYLE_FILL_AREA(#3398);
#3258=SURFACE_STYLE_FILL_AREA(#3399);
#3259=SURFACE_STYLE_FILL_AREA(#3400);
#3260=SURFACE_STYLE_FILL_AREA(#3401);
#3261=SURFACE_STYLE_FILL_AREA(#3402);
#3262=SURFACE_STYLE_FILL_AREA(#3403);
#3263=SURFACE_STYLE_FILL_AREA(#3404);
#3264=SURFACE_STYLE_FILL_AREA(#3405);
#3265=SURFACE_STYLE_FILL_AREA(#3406);
#3266=SURFACE_STYLE_FILL_AREA(#3407);
#3267=SURFACE_STYLE_FILL_AREA(#3408);
#3268=SURFACE_STYLE_FILL_AREA(#3409);
#3269=SURFACE_STYLE_FILL_AREA(#3410);
#3270=SURFACE_STYLE_FILL_AREA(#3411);
#3271=SURFACE_STYLE_FILL_AREA(#3412);
#3272=SURFACE_STYLE_FILL_AREA(#3413);
#3273=SURFACE_STYLE_FILL_AREA(#3414);
#3274=SURFACE_STYLE_FILL_AREA(#3415);
#3275=SURFACE_STYLE_FILL_AREA(#3416);
#3276=SURFACE_STYLE_FILL_AREA(#3417);
#3277=SURFACE_STYLE_FILL_AREA(#3418);
#3278=SURFACE_STYLE_FILL_AREA(#3419);
#3279=SURFACE_STYLE_FILL_AREA(#3420);
#3280=SURFACE_STYLE_FILL_AREA(#3421);
#3281=SURFACE_STYLE_FILL_AREA(#3422);
#3282=SURFACE_STYLE_FILL_AREA(#3423);
#3283=SURFACE_STYLE_FILL_AREA(#3424);
#3284=SURFACE_STYLE_FILL_AREA(#3425);
#3285=SURFACE_STYLE_FILL_AREA(#3426);
#3286=SURFACE_STYLE_FILL_AREA(#3427);
#3287=SURFACE_STYLE_FILL_AREA(#3428);
#3288=SURFACE_STYLE_FILL_AREA(#3429);
#3289=SURFACE_STYLE_FILL_AREA(#3430);
#3290=SURFACE_STYLE_FILL_AREA(#3431);
#3291=SURFACE_STYLE_FILL_AREA(#3432);
#3292=SURFACE_STYLE_FILL_AREA(#3433);
#3293=FILL_AREA_STYLE('',(#3434));
#3294=FILL_AREA_STYLE('',(#3435));
#3295=FILL_AREA_STYLE('',(#3436));
#3296=FILL_AREA_STYLE('',(#3437));
#3297=FILL_AREA_STYLE('',(#3438));
#3298=FILL_AREA_STYLE('',(#3439));
#3299=FILL_AREA_STYLE('',(#3440));
#3300=FILL_AREA_STYLE('',(#3441));
#3301=FILL_AREA_STYLE('',(#3442));
#3302=FILL_AREA_STYLE('',(#3443));
#3303=FILL_AREA_STYLE('',(#3444));
#3304=FILL_AREA_STYLE('',(#3445));
#3305=FILL_AREA_STYLE('',(#3446));
#3306=FILL_AREA_STYLE('',(#3447));
#3307=FILL_AREA_STYLE('',(#3448));
#3308=FILL_AREA_STYLE('',(#3449));
#3309=FILL_AREA_STYLE('',(#3450));
#3310=FILL_AREA_STYLE('',(#3451));
#3311=FILL_AREA_STYLE('',(#3452));
#3312=FILL_AREA_STYLE('',(#3453));
#3313=FILL_AREA_STYLE('',(#3454));
#3314=FILL_AREA_STYLE('',(#3455));
#3315=FILL_AREA_STYLE('',(#3456));
#3316=FILL_AREA_STYLE('',(#3457));
#3317=FILL_AREA_STYLE('',(#3458));
#3318=FILL_AREA_STYLE('',(#3459));
#3319=FILL_AREA_STYLE('',(#3460));
#3320=FILL_AREA_STYLE('',(#3461));
#3321=FILL_AREA_STYLE('',(#3462));
#3322=FILL_AREA_STYLE('',(#3463));
#3323=FILL_AREA_STYLE('',(#3464));
#3324=FILL_AREA_STYLE('',(#3465));
#3325=FILL_AREA_STYLE('',(#3466));
#3326=FILL_AREA_STYLE('',(#3467));
#3327=FILL_AREA_STYLE('',(#3468));
#3328=FILL_AREA_STYLE('',(#3469));
#3329=FILL_AREA_STYLE('',(#3470));
#3330=FILL_AREA_STYLE('',(#3471));
#3331=FILL_AREA_STYLE('',(#3472));
#3332=FILL_AREA_STYLE('',(#3473));
#3333=FILL_AREA_STYLE('',(#3474));
#3334=FILL_AREA_STYLE('',(#3475));
#3335=FILL_AREA_STYLE('',(#3476));
#3336=FILL_AREA_STYLE('',(#3477));
#3337=FILL_AREA_STYLE('',(#3478));
#3338=FILL_AREA_STYLE('',(#3479));
#3339=FILL_AREA_STYLE('',(#3480));
#3340=FILL_AREA_STYLE('',(#3481));
#3341=FILL_AREA_STYLE('',(#3482));
#3342=FILL_AREA_STYLE('',(#3483));
#3343=FILL_AREA_STYLE('',(#3484));
#3344=FILL_AREA_STYLE('',(#3485));
#3345=FILL_AREA_STYLE('',(#3486));
#3346=FILL_AREA_STYLE('',(#3487));
#3347=FILL_AREA_STYLE('',(#3488));
#3348=FILL_AREA_STYLE('',(#3489));
#3349=FILL_AREA_STYLE('',(#3490));
#3350=FILL_AREA_STYLE('',(#3491));
#3351=FILL_AREA_STYLE('',(#3492));
#3352=FILL_AREA_STYLE('',(#3493));
#3353=FILL_AREA_STYLE('',(#3494));
#3354=FILL_AREA_STYLE('',(#3495));
#3355=FILL_AREA_STYLE('',(#3496));
#3356=FILL_AREA_STYLE('',(#3497));
#3357=FILL_AREA_STYLE('',(#3498));
#3358=FILL_AREA_STYLE('',(#3499));
#3359=FILL_AREA_STYLE('',(#3500));
#3360=FILL_AREA_STYLE('',(#3501));
#3361=FILL_AREA_STYLE('',(#3502));
#3362=FILL_AREA_STYLE('',(#3503));
#3363=FILL_AREA_STYLE('',(#3504));
#3364=FILL_AREA_STYLE('',(#3505));
#3365=FILL_AREA_STYLE('',(#3506));
#3366=FILL_AREA_STYLE('',(#3507));
#3367=FILL_AREA_STYLE('',(#3508));
#3368=FILL_AREA_STYLE('',(#3509));
#3369=FILL_AREA_STYLE('',(#3510));
#3370=FILL_AREA_STYLE('',(#3511));
#3371=FILL_AREA_STYLE('',(#3512));
#3372=FILL_AREA_STYLE('',(#3513));
#3373=FILL_AREA_STYLE('',(#3514));
#3374=FILL_AREA_STYLE('',(#3515));
#3375=FILL_AREA_STYLE('',(#3516));
#3376=FILL_AREA_STYLE('',(#3517));
#3377=FILL_AREA_STYLE('',(#3518));
#3378=FILL_AREA_STYLE('',(#3519));
#3379=FILL_AREA_STYLE('',(#3520));
#3380=FILL_AREA_STYLE('',(#3521));
#3381=FILL_AREA_STYLE('',(#3522));
#3382=FILL_AREA_STYLE('',(#3523));
#3383=FILL_AREA_STYLE('',(#3524));
#3384=FILL_AREA_STYLE('',(#3525));
#3385=FILL_AREA_STYLE('',(#3526));
#3386=FILL_AREA_STYLE('',(#3527));
#3387=FILL_AREA_STYLE('',(#3528));
#3388=FILL_AREA_STYLE('',(#3529));
#3389=FILL_AREA_STYLE('',(#3530));
#3390=FILL_AREA_STYLE('',(#3531));
#3391=FILL_AREA_STYLE('',(#3532));
#3392=FILL_AREA_STYLE('',(#3533));
#3393=FILL_AREA_STYLE('',(#3534));
#3394=FILL_AREA_STYLE('',(#3535));
#3395=FILL_AREA_STYLE('',(#3536));
#3396=FILL_AREA_STYLE('',(#3537));
#3397=FILL_AREA_STYLE('',(#3538));
#3398=FILL_AREA_STYLE('',(#3539));
#3399=FILL_AREA_STYLE('',(#3540));
#3400=FILL_AREA_STYLE('',(#3541));
#3401=FILL_AREA_STYLE('',(#3542));
#3402=FILL_AREA_STYLE('',(#3543));
#3403=FILL_AREA_STYLE('',(#3544));
#3404=FILL_AREA_STYLE('',(#3545));
#3405=FILL_AREA_STYLE('',(#3546));
#3406=FILL_AREA_STYLE('',(#3547));
#3407=FILL_AREA_STYLE('',(#3548));
#3408=FILL_AREA_STYLE('',(#3549));
#3409=FILL_AREA_STYLE('',(#3550));
#3410=FILL_AREA_STYLE('',(#3551));
#3411=FILL_AREA_STYLE('',(#3552));
#3412=FILL_AREA_STYLE('',(#3553));
#3413=FILL_AREA_STYLE('',(#3554));
#3414=FILL_AREA_STYLE('',(#3555));
#3415=FILL_AREA_STYLE('',(#3556));
#3416=FILL_AREA_STYLE('',(#3557));
#3417=FILL_AREA_STYLE('',(#3558));
#3418=FILL_AREA_STYLE('',(#3559));
#3419=FILL_AREA_STYLE('',(#3560));
#3420=FILL_AREA_STYLE('',(#3561));
#3421=FILL_AREA_STYLE('',(#3562));
#3422=FILL_AREA_STYLE('',(#3563));
#3423=FILL_AREA_STYLE('',(#3564));
#3424=FILL_AREA_STYLE('',(#3565));
#3425=FILL_AREA_STYLE('',(#3566));
#3426=FILL_AREA_STYLE('',(#3567));
#3427=FILL_AREA_STYLE('',(#3568));
#3428=FILL_AREA_STYLE('',(#3569));
#3429=FILL_AREA_STYLE('',(#3570));
#3430=FILL_AREA_STYLE('',(#3571));
#3431=FILL_AREA_STYLE('',(#3572));
#3432=FILL_AREA_STYLE('',(#3573));
#3433=FILL_AREA_STYLE('',(#3574));
#3434=FILL_AREA_STYLE_COLOUR('',#3575);
#3435=FILL_AREA_STYLE_COLOUR('',#3575);
#3436=FILL_AREA_STYLE_COLOUR('',#3575);
#3437=FILL_AREA_STYLE_COLOUR('',#3575);
#3438=FILL_AREA_STYLE_COLOUR('',#3575);
#3439=FILL_AREA_STYLE_COLOUR('',#3575);
#3440=FILL_AREA_STYLE_COLOUR('',#3575);
#3441=FILL_AREA_STYLE_COLOUR('',#3575);
#3442=FILL_AREA_STYLE_COLOUR('',#3575);
#3443=FILL_AREA_STYLE_COLOUR('',#3575);
#3444=FILL_AREA_STYLE_COLOUR('',#3575);
#3445=FILL_AREA_STYLE_COLOUR('',#3575);
#3446=FILL_AREA_STYLE_COLOUR('',#3575);
#3447=FILL_AREA_STYLE_COLOUR('',#3575);
#3448=FILL_AREA_STYLE_COLOUR('',#3575);
#3449=FILL_AREA_STYLE_COLOUR('',#3575);
#3450=FILL_AREA_STYLE_COLOUR('',#3575);
#3451=FILL_AREA_STYLE_COLOUR('',#3575);
#3452=FILL_AREA_STYLE_COLOUR('',#3575);
#3453=FILL_AREA_STYLE_COLOUR('',#3575);
#3454=FILL_AREA_STYLE_COLOUR('',#3575);
#3455=FILL_AREA_STYLE_COLOUR('',#3575);
#3456=FILL_AREA_STYLE_COLOUR('',#3575);
#3457=FILL_AREA_STYLE_COLOUR('',#3575);
#3458=FILL_AREA_STYLE_COLOUR('',#3575);
#3459=FILL_AREA_STYLE_COLOUR('',#3575);
#3460=FILL_AREA_STYLE_COLOUR('',#3575);
#3461=FILL_AREA_STYLE_COLOUR('',#3575);
#3462=FILL_AREA_STYLE_COLOUR('',#3575);
#3463=FILL_AREA_STYLE_COLOUR('',#3575);
#3464=FILL_AREA_STYLE_COLOUR('',#3575);
#3465=FILL_AREA_STYLE_COLOUR('',#3575);
#3466=FILL_AREA_STYLE_COLOUR('',#3575);
#3467=FILL_AREA_STYLE_COLOUR('',#3575);
#3468=FILL_AREA_STYLE_COLOUR('',#3575);
#3469=FILL_AREA_STYLE_COLOUR('',#3575);
#3470=FILL_AREA_STYLE_COLOUR('',#3575);
#3471=FILL_AREA_STYLE_COLOUR('',#3575);
#3472=FILL_AREA_STYLE_COLOUR('',#3575);
#3473=FILL_AREA_STYLE_COLOUR('',#3575);
#3474=FILL_AREA_STYLE_COLOUR('',#3575);
#3475=FILL_AREA_STYLE_COLOUR('',#3575);
#3476=FILL_AREA_STYLE_COLOUR('',#3575);
#3477=FILL_AREA_STYLE_COLOUR('',#3575);
#3478=FILL_AREA_STYLE_COLOUR('',#3575);
#3479=FILL_AREA_STYLE_COLOUR('',#3575);
#3480=FILL_AREA_STYLE_COLOUR('',#3575);
#3481=FILL_AREA_STYLE_COLOUR('',#3575);
#3482=FILL_AREA_STYLE_COLOUR('',#3575);
#3483=FILL_AREA_STYLE_COLOUR('',#3575);
#3484=FILL_AREA_STYLE_COLOUR('',#3575);
#3485=FILL_AREA_STYLE_COLOUR('',#3575);
#3486=FILL_AREA_STYLE_COLOUR('',#3575);
#3487=FILL_AREA_STYLE_COLOUR('',#3575);
#3488=FILL_AREA_STYLE_COLOUR('',#3575);
#3489=FILL_AREA_STYLE_COLOUR('',#3575);
#3490=FILL_AREA_STYLE_COLOUR('',#3575);
#3491=FILL_AREA_STYLE_COLOUR('',#3575);
#3492=FILL_AREA_STYLE_COLOUR('',#3575);
#3493=FILL_AREA_STYLE_COLOUR('',#3575);
#3494=FILL_AREA_STYLE_COLOUR('',#3575);
#3495=FILL_AREA_STYLE_COLOUR('',#3575);
#3496=FILL_AREA_STYLE_COLOUR('',#3575);
#3497=FILL_AREA_STYLE_COLOUR('',#3575);
#3498=FILL_AREA_STYLE_COLOUR('',#3575);
#3499=FILL_AREA_STYLE_COLOUR('',#3575);
#3500=FILL_AREA_STYLE_COLOUR('',#3575);
#3501=FILL_AREA_STYLE_COLOUR('',#3575);
#3502=FILL_AREA_STYLE_COLOUR('',#3575);
#3503=FILL_AREA_STYLE_COLOUR('',#3575);
#3504=FILL_AREA_STYLE_COLOUR('',#3575);
#3505=FILL_AREA_STYLE_COLOUR('',#3575);
#3506=FILL_AREA_STYLE_COLOUR('',#3575);
#3507=FILL_AREA_STYLE_COLOUR('',#3575);
#3508=FILL_AREA_STYLE_COLOUR('',#3575);
#3509=FILL_AREA_STYLE_COLOUR('',#3575);
#3510=FILL_AREA_STYLE_COLOUR('',#3575);
#3511=FILL_AREA_STYLE_COLOUR('',#3575);
#3512=FILL_AREA_STYLE_COLOUR('',#3575);
#3513=FILL_AREA_STYLE_COLOUR('',#3575);
#3514=FILL_AREA_STYLE_COLOUR('',#3575);
#3515=FILL_AREA_STYLE_COLOUR('',#3575);
#3516=FILL_AREA_STYLE_COLOUR('',#3575);
#3517=FILL_AREA_STYLE_COLOUR('',#3575);
#3518=FILL_AREA_STYLE_COLOUR('',#3575);
#3519=FILL_AREA_STYLE_COLOUR('',#3575);
#3520=FILL_AREA_STYLE_COLOUR('',#3575);
#3521=FILL_AREA_STYLE_COLOUR('',#3576);
#3522=FILL_AREA_STYLE_COLOUR('',#3576);
#3523=FILL_AREA_STYLE_COLOUR('',#3576);
#3524=FILL_AREA_STYLE_COLOUR('',#3576);
#3525=FILL_AREA_STYLE_COLOUR('',#3576);
#3526=FILL_AREA_STYLE_COLOUR('',#3576);
#3527=FILL_AREA_STYLE_COLOUR('',#3576);
#3528=FILL_AREA_STYLE_COLOUR('',#3576);
#3529=FILL_AREA_STYLE_COLOUR('',#3576);
#3530=FILL_AREA_STYLE_COLOUR('',#3576);
#3531=FILL_AREA_STYLE_COLOUR('',#3576);
#3532=FILL_AREA_STYLE_COLOUR('',#3576);
#3533=FILL_AREA_STYLE_COLOUR('',#3576);
#3534=FILL_AREA_STYLE_COLOUR('',#3576);
#3535=FILL_AREA_STYLE_COLOUR('',#3576);
#3536=FILL_AREA_STYLE_COLOUR('',#3575);
#3537=FILL_AREA_STYLE_COLOUR('',#3575);
#3538=FILL_AREA_STYLE_COLOUR('',#3575);
#3539=FILL_AREA_STYLE_COLOUR('',#3575);
#3540=FILL_AREA_STYLE_COLOUR('',#3575);
#3541=FILL_AREA_STYLE_COLOUR('',#3575);
#3542=FILL_AREA_STYLE_COLOUR('',#3575);
#3543=FILL_AREA_STYLE_COLOUR('',#3575);
#3544=FILL_AREA_STYLE_COLOUR('',#3575);
#3545=FILL_AREA_STYLE_COLOUR('',#3575);
#3546=FILL_AREA_STYLE_COLOUR('',#3575);
#3547=FILL_AREA_STYLE_COLOUR('',#3575);
#3548=FILL_AREA_STYLE_COLOUR('',#3575);
#3549=FILL_AREA_STYLE_COLOUR('',#3575);
#3550=FILL_AREA_STYLE_COLOUR('',#3575);
#3551=FILL_AREA_STYLE_COLOUR('',#3575);
#3552=FILL_AREA_STYLE_COLOUR('',#3575);
#3553=FILL_AREA_STYLE_COLOUR('',#3575);
#3554=FILL_AREA_STYLE_COLOUR('',#3575);
#3555=FILL_AREA_STYLE_COLOUR('',#3575);
#3556=FILL_AREA_STYLE_COLOUR('',#3575);
#3557=FILL_AREA_STYLE_COLOUR('',#3575);
#3558=FILL_AREA_STYLE_COLOUR('',#3575);
#3559=FILL_AREA_STYLE_COLOUR('',#3575);
#3560=FILL_AREA_STYLE_COLOUR('',#3575);
#3561=FILL_AREA_STYLE_COLOUR('',#3575);
#3562=FILL_AREA_STYLE_COLOUR('',#3575);
#3563=FILL_AREA_STYLE_COLOUR('',#3575);
#3564=FILL_AREA_STYLE_COLOUR('',#3575);
#3565=FILL_AREA_STYLE_COLOUR('',#3575);
#3566=FILL_AREA_STYLE_COLOUR('',#3575);
#3567=FILL_AREA_STYLE_COLOUR('',#3575);
#3568=FILL_AREA_STYLE_COLOUR('',#3575);
#3569=FILL_AREA_STYLE_COLOUR('',#3575);
#3570=FILL_AREA_STYLE_COLOUR('',#3575);
#3571=FILL_AREA_STYLE_COLOUR('',#3575);
#3572=FILL_AREA_STYLE_COLOUR('',#3575);
#3573=FILL_AREA_STYLE_COLOUR('',#3575);
#3574=FILL_AREA_STYLE_COLOUR('',#3575);
#3575=COLOUR_RGB('',0.560000002384186,0.569999992847443,0.569999992847443);
#3576=COLOUR_RGB('',0.77999997138977,0.77999997138977,0.77999997138977);
#3577=ADVANCED_FACE('',(#2334),#2481,.T.);
#3578=ADVANCED_FACE('',(#2335),#2482,.T.);
#3579=ADVANCED_FACE('',(#2336),#2483,.T.);
#3580=ADVANCED_FACE('',(#2337,#2338,#2339,#2340),#2484,.F.);
#3581=ADVANCED_FACE('',(#2341),#47,.T.);
#3582=ADVANCED_FACE('',(#2342),#2485,.F.);
#3583=ADVANCED_FACE('',(#2343),#32,.F.);
#3584=ADVANCED_FACE('',(#2344),#48,.F.);
#3585=ADVANCED_FACE('',(#2345),#33,.F.);
#3586=ADVANCED_FACE('',(#2346),#49,.F.);
#3587=ADVANCED_FACE('',(#2347),#50,.T.);
#3588=ADVANCED_FACE('',(#2348),#51,.T.);
#3589=ADVANCED_FACE('',(#2349),#34,.F.);
#3590=ADVANCED_FACE('',(#2350),#52,.F.);
#3591=ADVANCED_FACE('',(#2351),#2486,.T.);
#3592=ADVANCED_FACE('',(#2352),#35,.F.);
#3593=ADVANCED_FACE('',(#2353),#53,.F.);
#3594=ADVANCED_FACE('',(#2354),#2487,.T.);
#3595=ADVANCED_FACE('',(#2355),#36,.F.);
#3596=ADVANCED_FACE('',(#2356),#54,.F.);
#3597=ADVANCED_FACE('',(#2357),#55,.T.);
#3598=ADVANCED_FACE('',(#2358),#37,.F.);
#3599=ADVANCED_FACE('',(#2359),#56,.F.);
#3600=ADVANCED_FACE('',(#2360),#2488,.T.);
#3601=ADVANCED_FACE('',(#2361),#2489,.T.);
#3602=ADVANCED_FACE('',(#2362),#2490,.T.);
#3603=ADVANCED_FACE('',(#2363),#2491,.T.);
#3604=ADVANCED_FACE('',(#2364,#2365,#2366,#2367),#2492,.F.);
#3605=ADVANCED_FACE('',(#2368),#2493,.F.);
#3606=ADVANCED_FACE('',(#2369),#57,.F.);
#3607=ADVANCED_FACE('',(#2370),#2494,.F.);
#3608=ADVANCED_FACE('',(#2371),#58,.F.);
#3609=ADVANCED_FACE('',(#2372),#2495,.F.);
#3610=ADVANCED_FACE('',(#2373),#2496,.F.);
#3611=ADVANCED_FACE('',(#2374),#59,.T.);
#3612=ADVANCED_FACE('',(#2375),#60,.T.);
#3613=ADVANCED_FACE('',(#2376),#2497,.F.);
#3614=ADVANCED_FACE('',(#2377),#2498,.F.);
#3615=ADVANCED_FACE('',(#2378),#2499,.F.);
#3616=ADVANCED_FACE('',(#2379),#61,.T.);
#3617=ADVANCED_FACE('',(#2380),#2500,.T.);
#3618=ADVANCED_FACE('',(#2381),#2501,.F.);
#3619=ADVANCED_FACE('',(#2382),#2502,.T.);
#3620=ADVANCED_FACE('',(#2383),#2503,.F.);
#3621=ADVANCED_FACE('',(#2384),#62,.T.);
#3622=ADVANCED_FACE('',(#2385),#2504,.F.);
#3623=ADVANCED_FACE('',(#2386),#2505,.F.);
#3624=ADVANCED_FACE('',(#2387),#63,.T.);
#3625=ADVANCED_FACE('',(#2388),#2506,.T.);
#3626=ADVANCED_FACE('',(#2389),#2507,.F.);
#3627=ADVANCED_FACE('',(#2390),#2508,.F.);
#3628=ADVANCED_FACE('',(#2391),#2509,.F.);
#3629=ADVANCED_FACE('',(#2392),#2510,.T.);
#3630=ADVANCED_FACE('',(#2393),#2511,.F.);
#3631=ADVANCED_FACE('',(#2394),#64,.T.);
#3632=ADVANCED_FACE('',(#2395),#2512,.F.);
#3633=ADVANCED_FACE('',(#2396),#2513,.F.);
#3634=ADVANCED_FACE('',(#2397),#65,.T.);
#3635=ADVANCED_FACE('',(#2398),#2514,.T.);
#3636=ADVANCED_FACE('',(#2399),#2515,.F.);
#3637=ADVANCED_FACE('',(#2400),#2516,.F.);
#3638=ADVANCED_FACE('',(#2401),#2517,.F.);
#3639=ADVANCED_FACE('',(#2402),#2518,.T.);
#3640=ADVANCED_FACE('',(#2403),#2519,.F.);
#3641=ADVANCED_FACE('',(#2404),#66,.T.);
#3642=ADVANCED_FACE('',(#2405),#2520,.F.);
#3643=ADVANCED_FACE('',(#2406),#2521,.F.);
#3644=ADVANCED_FACE('',(#2407),#2522,.F.);
#3645=ADVANCED_FACE('',(#2408),#67,.T.);
#3646=ADVANCED_FACE('',(#2409),#2523,.F.);
#3647=ADVANCED_FACE('',(#2410),#2524,.F.);
#3648=ADVANCED_FACE('',(#2411),#2525,.F.);
#3649=ADVANCED_FACE('',(#2412),#2526,.F.);
#3650=ADVANCED_FACE('',(#2413),#68,.T.);
#3651=ADVANCED_FACE('',(#2414),#2527,.T.);
#3652=ADVANCED_FACE('',(#2415),#2528,.T.);
#3653=ADVANCED_FACE('',(#2416),#2529,.T.);
#3654=ADVANCED_FACE('',(#2417),#2530,.T.);
#3655=ADVANCED_FACE('',(#2418),#2531,.T.);
#3656=ADVANCED_FACE('',(#2419),#2532,.T.);
#3657=ADVANCED_FACE('',(#2420),#2533,.T.);
#3658=ADVANCED_FACE('',(#2421),#2534,.T.);
#3659=ADVANCED_FACE('',(#2422),#2535,.T.);
#3660=ADVANCED_FACE('',(#2423),#2536,.T.);
#3661=ADVANCED_FACE('',(#2424),#2537,.T.);
#3662=ADVANCED_FACE('',(#2425),#2538,.T.);
#3663=ADVANCED_FACE('',(#2426),#2539,.T.);
#3664=ADVANCED_FACE('',(#2427),#2540,.F.);
#3665=ADVANCED_FACE('',(#2428),#2541,.F.);
#3666=ADVANCED_FACE('',(#2429),#2542,.T.);
#3667=ADVANCED_FACE('',(#2430),#2543,.F.);
#3668=ADVANCED_FACE('',(#2431),#2544,.F.);
#3669=ADVANCED_FACE('',(#2432),#2545,.F.);
#3670=ADVANCED_FACE('',(#2433),#2546,.F.);
#3671=ADVANCED_FACE('',(#2434),#2547,.T.);
#3672=ADVANCED_FACE('',(#2435),#2548,.F.);
#3673=ADVANCED_FACE('',(#2436),#2549,.F.);
#3674=ADVANCED_FACE('',(#2437),#2550,.F.);
#3675=ADVANCED_FACE('',(#2438),#2551,.F.);
#3676=ADVANCED_FACE('',(#2439),#2552,.T.);
#3677=ADVANCED_FACE('',(#2440),#2553,.F.);
#3678=ADVANCED_FACE('',(#2441),#2554,.F.);
#3679=ADVANCED_FACE('',(#2442),#2555,.T.);
#3680=ADVANCED_FACE('',(#2443),#2556,.T.);
#3681=ADVANCED_FACE('',(#2444),#2557,.F.);
#3682=ADVANCED_FACE('',(#2445),#2558,.T.);
#3683=ADVANCED_FACE('',(#2446),#2559,.T.);
#3684=ADVANCED_FACE('',(#2447),#2560,.T.);
#3685=ADVANCED_FACE('',(#2448),#69,.T.);
#3686=ADVANCED_FACE('',(#2449),#2561,.T.);
#3687=ADVANCED_FACE('',(#2450),#70,.T.);
#3688=ADVANCED_FACE('',(#2451),#2562,.T.);
#3689=ADVANCED_FACE('',(#2452),#2563,.T.);
#3690=ADVANCED_FACE('',(#2453),#2564,.T.);
#3691=ADVANCED_FACE('',(#2454),#2565,.F.);
#3692=ADVANCED_FACE('',(#2455),#2566,.T.);
#3693=ADVANCED_FACE('',(#2456),#2567,.T.);
#3694=ADVANCED_FACE('',(#2457),#2568,.T.);
#3695=ADVANCED_FACE('',(#2458),#71,.T.);
#3696=ADVANCED_FACE('',(#2459),#2569,.T.);
#3697=ADVANCED_FACE('',(#2460),#72,.T.);
#3698=ADVANCED_FACE('',(#2461),#2570,.T.);
#3699=ADVANCED_FACE('',(#2462),#2571,.T.);
#3700=ADVANCED_FACE('',(#2463),#2572,.T.);
#3701=ADVANCED_FACE('',(#2464),#2573,.F.);
#3702=ADVANCED_FACE('',(#2465),#2574,.T.);
#3703=ADVANCED_FACE('',(#2466),#2575,.T.);
#3704=ADVANCED_FACE('',(#2467),#2576,.T.);
#3705=ADVANCED_FACE('',(#2468),#73,.T.);
#3706=ADVANCED_FACE('',(#2469),#2577,.T.);
#3707=ADVANCED_FACE('',(#2470),#74,.T.);
#3708=ADVANCED_FACE('',(#2471),#2578,.T.);
#3709=ADVANCED_FACE('',(#2472),#2579,.F.);
#3710=ADVANCED_FACE('',(#2473),#2580,.F.);
#3711=ADVANCED_FACE('',(#2474),#2581,.F.);
#3712=ADVANCED_FACE('',(#2475),#2582,.F.);
#3713=ADVANCED_FACE('',(#2476),#2583,.F.);
#3714=ADVANCED_FACE('',(#2477),#2584,.F.);
#3715=ADVANCED_FACE('',(#2478),#2585,.F.);
#3716=ADVANCED_FACE('',(#2479),#2586,.F.);
#3717=ADVANCED_FACE('',(#2480),#2587,.F.);
#3718=CLOSED_SHELL('',(#3577,#3578,#3579,#3580,#3581,#3582,#3583,#3584,
#3585,#3586,#3587,#3588,#3589,#3590,#3591,#3592,#3593,#3594,#3595,#3596,
#3597,#3598,#3599,#3600,#3601,#3602,#3603,#3604,#3605,#3606,#3607,#3608,
#3609,#3610,#3611,#3612,#3613,#3614,#3615,#3616,#3617,#3618,#3619,#3620,
#3621,#3622,#3623,#3624,#3625,#3626,#3627,#3628,#3629,#3630,#3631,#3632,
#3633,#3634,#3635,#3636,#3637,#3638,#3639,#3640,#3641,#3642,#3643,#3644,
#3645,#3646,#3647,#3648,#3649,#3650,#3651,#3652,#3653,#3654,#3655,#3656,
#3657,#3658,#3659,#3660,#3661,#3662,#3663,#3664,#3665,#3666,#3667,#3668,
#3669,#3670,#3671,#3672,#3673,#3674,#3675,#3676,#3677,#3678,#3679,#3680,
#3681,#3682,#3683,#3684,#3685,#3686,#3687,#3688,#3689,#3690,#3691,#3692,
#3693,#3694,#3695,#3696,#3697,#3698,#3699,#3700,#3701,#3702,#3703,#3704,
#3705,#3706,#3707,#3708,#3709,#3710,#3711,#3712,#3713,#3714,#3715,#3716,
#3717));
#3719=MANIFOLD_SOLID_BREP('250-203',#3718);
#3720=SHAPE_DEFINITION_REPRESENTATION(#5481,#3721);
#3721=SHAPE_REPRESENTATION('250-203',(#3722),#5476);
#3722=AXIS2_PLACEMENT_3D('',#4650,#3926,#3927);
#3723=AXIS2_PLACEMENT_3D('',#4651,#3928,#3929);
#3724=AXIS2_PLACEMENT_3D('',#4658,#3933,#3934);
#3725=AXIS2_PLACEMENT_3D('',#4665,#3938,#3939);
#3726=AXIS2_PLACEMENT_3D('',#4672,#3943,#3944);
#3727=AXIS2_PLACEMENT_3D('',#4684,#3950,#3951);
#3728=AXIS2_PLACEMENT_3D('',#4692,#3955,#3956);
#3729=AXIS2_PLACEMENT_3D('',#4708,#3964,#3965);
#3730=AXIS2_PLACEMENT_3D('',#4729,#3976,#3977);
#3731=AXIS2_PLACEMENT_3D('',#4730,#3978,#3979);
#3732=AXIS2_PLACEMENT_3D('',#4734,#3981,#3982);
#3733=AXIS2_PLACEMENT_3D('',#4735,#3983,#3984);
#3734=AXIS2_PLACEMENT_3D('',#4743,#3988,#3989);
#3735=AXIS2_PLACEMENT_3D('',#4759,#3997,#3998);
#3736=AXIS2_PLACEMENT_3D('',#4764,#4001,#4002);
#3737=AXIS2_PLACEMENT_3D('',#4765,#4003,#4004);
#3738=AXIS2_PLACEMENT_3D('',#4768,#4006,#4007);
#3739=AXIS2_PLACEMENT_3D('',#4771,#4009,#4010);
#3740=AXIS2_PLACEMENT_3D('',#4774,#4012,#4013);
#3741=AXIS2_PLACEMENT_3D('',#4777,#4015,#4016);
#3742=AXIS2_PLACEMENT_3D('',#4780,#4018,#4019);
#3743=AXIS2_PLACEMENT_3D('',#4783,#4021,#4022);
#3744=AXIS2_PLACEMENT_3D('',#4786,#4024,#4025);
#3745=AXIS2_PLACEMENT_3D('',#4789,#4027,#4028);
#3746=AXIS2_PLACEMENT_3D('',#4790,#4029,#4030);
#3747=AXIS2_PLACEMENT_3D('',#4791,#4031,#4032);
#3748=AXIS2_PLACEMENT_3D('',#4792,#4033,#4034);
#3749=AXIS2_PLACEMENT_3D('',#4793,#4035,#4036);
#3750=AXIS2_PLACEMENT_3D('',#4794,#4037,#4038);
#3751=AXIS2_PLACEMENT_3D('',#4795,#4039,#4040);
#3752=AXIS2_PLACEMENT_3D('',#4806,#4041,#4042);
#3753=AXIS2_PLACEMENT_3D('',#4817,#4043,#4044);
#3754=AXIS2_PLACEMENT_3D('',#4820,#4046,#4047);
#3755=AXIS2_PLACEMENT_3D('',#4823,#4049,#4050);
#3756=AXIS2_PLACEMENT_3D('',#4829,#4054,#4055);
#3757=AXIS2_PLACEMENT_3D('',#4840,#4056,#4057);
#3758=AXIS2_PLACEMENT_3D('',#4851,#4058,#4059);
#3759=AXIS2_PLACEMENT_3D('',#4854,#4061,#4062);
#3760=AXIS2_PLACEMENT_3D('',#4857,#4064,#4065);
#3761=AXIS2_PLACEMENT_3D('',#4863,#4069,#4070);
#3762=AXIS2_PLACEMENT_3D('',#4866,#4072,#4073);
#3763=AXIS2_PLACEMENT_3D('',#4869,#4075,#4076);
#3764=AXIS2_PLACEMENT_3D('',#4872,#4078,#4079);
#3765=AXIS2_PLACEMENT_3D('',#4875,#4081,#4082);
#3766=AXIS2_PLACEMENT_3D('',#4876,#4083,#4084);
#3767=AXIS2_PLACEMENT_3D('',#4877,#4085,#4086);
#3768=AXIS2_PLACEMENT_3D('',#4878,#4087,#4088);
#3769=AXIS2_PLACEMENT_3D('',#4889,#4089,#4090);
#3770=AXIS2_PLACEMENT_3D('',#4900,#4091,#4092);
#3771=AXIS2_PLACEMENT_3D('',#4903,#4094,#4095);
#3772=AXIS2_PLACEMENT_3D('',#4906,#4097,#4098);
#3773=AXIS2_PLACEMENT_3D('',#4912,#4102,#4103);
#3774=AXIS2_PLACEMENT_3D('',#4915,#4106,#4107);
#3775=AXIS2_PLACEMENT_3D('',#4918,#4110,#4111);
#3776=AXIS2_PLACEMENT_3D('',#4921,#4114,#4115);
#3777=AXIS2_PLACEMENT_3D('',#5002,#4156,#4157);
#3778=AXIS2_PLACEMENT_3D('',#5011,#4162,#4163);
#3779=AXIS2_PLACEMENT_3D('',#5012,#4164,#4165);
#3780=AXIS2_PLACEMENT_3D('',#5016,#4167,#4168);
#3781=AXIS2_PLACEMENT_3D('',#5017,#4169,#4170);
#3782=AXIS2_PLACEMENT_3D('',#5023,#4174,#4175);
#3783=AXIS2_PLACEMENT_3D('',#5024,#4176,#4177);
#3784=AXIS2_PLACEMENT_3D('',#5028,#4179,#4180);
#3785=AXIS2_PLACEMENT_3D('',#5029,#4181,#4182);
#3786=AXIS2_PLACEMENT_3D('',#5050,#4195,#4196);
#3787=AXIS2_PLACEMENT_3D('',#5074,#4210,#4211);
#3788=AXIS2_PLACEMENT_3D('',#5075,#4212,#4213);
#3789=AXIS2_PLACEMENT_3D('',#5076,#4214,#4215);
#3790=AXIS2_PLACEMENT_3D('',#5077,#4216,#4217);
#3791=AXIS2_PLACEMENT_3D('',#5078,#4218,#4219);
#3792=AXIS2_PLACEMENT_3D('',#5082,#4221,#4222);
#3793=AXIS2_PLACEMENT_3D('',#5083,#4223,#4224);
#3794=AXIS2_PLACEMENT_3D('',#5086,#4227,#4228);
#3795=AXIS2_PLACEMENT_3D('',#5091,#4231,#4232);
#3796=AXIS2_PLACEMENT_3D('',#5092,#4233,#4234);
#3797=AXIS2_PLACEMENT_3D('',#5097,#4237,#4238);
#3798=AXIS2_PLACEMENT_3D('',#5103,#4242,#4243);
#3799=AXIS2_PLACEMENT_3D('',#5104,#4244,#4245);
#3800=AXIS2_PLACEMENT_3D('',#5105,#4246,#4247);
#3801=AXIS2_PLACEMENT_3D('',#5107,#4249,#4250);
#3802=AXIS2_PLACEMENT_3D('',#5108,#4251,#4252);
#3803=AXIS2_PLACEMENT_3D('',#5109,#4253,#4254);
#3804=AXIS2_PLACEMENT_3D('',#5114,#4257,#4258);
#3805=AXIS2_PLACEMENT_3D('',#5116,#4260,#4261);
#3806=AXIS2_PLACEMENT_3D('',#5118,#4263,#4264);
#3807=AXIS2_PLACEMENT_3D('',#5119,#4265,#4266);
#3808=AXIS2_PLACEMENT_3D('',#5128,#4271,#4272);
#3809=AXIS2_PLACEMENT_3D('',#5129,#4273,#4274);
#3810=AXIS2_PLACEMENT_3D('',#5130,#4275,#4276);
#3811=AXIS2_PLACEMENT_3D('',#5131,#4277,#4278);
#3812=AXIS2_PLACEMENT_3D('',#5133,#4280,#4281);
#3813=AXIS2_PLACEMENT_3D('',#5135,#4283,#4284);
#3814=AXIS2_PLACEMENT_3D('',#5136,#4285,#4286);
#3815=AXIS2_PLACEMENT_3D('',#5142,#4290,#4291);
#3816=AXIS2_PLACEMENT_3D('',#5143,#4292,#4293);
#3817=AXIS2_PLACEMENT_3D('',#5146,#4295,#4296);
#3818=AXIS2_PLACEMENT_3D('',#5149,#4298,#4299);
#3819=AXIS2_PLACEMENT_3D('',#5150,#4300,#4301);
#3820=AXIS2_PLACEMENT_3D('',#5152,#4303,#4304);
#3821=AXIS2_PLACEMENT_3D('',#5153,#4305,#4306);
#3822=AXIS2_PLACEMENT_3D('',#5162,#4311,#4312);
#3823=AXIS2_PLACEMENT_3D('',#5163,#4313,#4314);
#3824=AXIS2_PLACEMENT_3D('',#5164,#4315,#4316);
#3825=AXIS2_PLACEMENT_3D('',#5165,#4317,#4318);
#3826=AXIS2_PLACEMENT_3D('',#5167,#4320,#4321);
#3827=AXIS2_PLACEMENT_3D('',#5169,#4323,#4324);
#3828=AXIS2_PLACEMENT_3D('',#5170,#4325,#4326);
#3829=AXIS2_PLACEMENT_3D('',#5176,#4330,#4331);
#3830=AXIS2_PLACEMENT_3D('',#5177,#4332,#4333);
#3831=AXIS2_PLACEMENT_3D('',#5180,#4335,#4336);
#3832=AXIS2_PLACEMENT_3D('',#5183,#4338,#4339);
#3833=AXIS2_PLACEMENT_3D('',#5184,#4340,#4341);
#3834=AXIS2_PLACEMENT_3D('',#5186,#4343,#4344);
#3835=AXIS2_PLACEMENT_3D('',#5187,#4345,#4346);
#3836=AXIS2_PLACEMENT_3D('',#5192,#4349,#4350);
#3837=AXIS2_PLACEMENT_3D('',#5193,#4351,#4352);
#3838=AXIS2_PLACEMENT_3D('',#5196,#4354,#4355);
#3839=AXIS2_PLACEMENT_3D('',#5199,#4357,#4358);
#3840=AXIS2_PLACEMENT_3D('',#5202,#4360,#4361);
#3841=AXIS2_PLACEMENT_3D('',#5203,#4362,#4363);
#3842=AXIS2_PLACEMENT_3D('',#5207,#4366,#4367);
#3843=AXIS2_PLACEMENT_3D('',#5209,#4369,#4370);
#3844=AXIS2_PLACEMENT_3D('',#5213,#4373,#4374);
#3845=AXIS2_PLACEMENT_3D('',#5217,#4377,#4378);
#3846=AXIS2_PLACEMENT_3D('',#5218,#4379,#4380);
#3847=AXIS2_PLACEMENT_3D('',#5219,#4381,#4382);
#3848=AXIS2_PLACEMENT_3D('',#5220,#4383,#4384);
#3849=AXIS2_PLACEMENT_3D('',#5222,#4386,#4387);
#3850=AXIS2_PLACEMENT_3D('',#5223,#4388,#4389);
#3851=AXIS2_PLACEMENT_3D('',#5225,#4391,#4392);
#3852=AXIS2_PLACEMENT_3D('',#5226,#4393,#4394);
#3853=AXIS2_PLACEMENT_3D('',#5228,#4396,#4397);
#3854=AXIS2_PLACEMENT_3D('',#5229,#4398,#4399);
#3855=AXIS2_PLACEMENT_3D('',#5231,#4401,#4402);
#3856=AXIS2_PLACEMENT_3D('',#5232,#4403,#4404);
#3857=AXIS2_PLACEMENT_3D('',#5234,#4406,#4407);
#3858=AXIS2_PLACEMENT_3D('',#5235,#4408,#4409);
#3859=AXIS2_PLACEMENT_3D('',#5237,#4411,#4412);
#3860=AXIS2_PLACEMENT_3D('',#5238,#4413,#4414);
#3861=AXIS2_PLACEMENT_3D('',#5244,#4418,#4419);
#3862=AXIS2_PLACEMENT_3D('',#5250,#4423,#4424);
#3863=AXIS2_PLACEMENT_3D('',#5252,#4426,#4427);
#3864=AXIS2_PLACEMENT_3D('',#5254,#4429,#4430);
#3865=AXIS2_PLACEMENT_3D('',#5255,#4431,#4432);
#3866=AXIS2_PLACEMENT_3D('',#5261,#4436,#4437);
#3867=AXIS2_PLACEMENT_3D('',#5267,#4441,#4442);
#3868=AXIS2_PLACEMENT_3D('',#5269,#4444,#4445);
#3869=AXIS2_PLACEMENT_3D('',#5271,#4447,#4448);
#3870=AXIS2_PLACEMENT_3D('',#5272,#4449,#4450);
#3871=AXIS2_PLACEMENT_3D('',#5278,#4454,#4455);
#3872=AXIS2_PLACEMENT_3D('',#5284,#4459,#4460);
#3873=AXIS2_PLACEMENT_3D('',#5286,#4462,#4463);
#3874=AXIS2_PLACEMENT_3D('',#5288,#4465,#4466);
#3875=AXIS2_PLACEMENT_3D('',#5289,#4467,#4468);
#3876=AXIS2_PLACEMENT_3D('',#5295,#4472,#4473);
#3877=AXIS2_PLACEMENT_3D('',#5305,#4479,#4480);
#3878=AXIS2_PLACEMENT_3D('',#5310,#4483,#4484);
#3879=AXIS2_PLACEMENT_3D('',#5313,#4486,#4487);
#3880=AXIS2_PLACEMENT_3D('',#5316,#4489,#4490);
#3881=AXIS2_PLACEMENT_3D('',#5327,#4496,#4497);
#3882=AXIS2_PLACEMENT_3D('',#5330,#4499,#4500);
#3883=AXIS2_PLACEMENT_3D('',#5336,#4504,#4505);
#3884=AXIS2_PLACEMENT_3D('',#5339,#4508,#4509);
#3885=AXIS2_PLACEMENT_3D('',#5341,#4511,#4512);
#3886=AXIS2_PLACEMENT_3D('',#5342,#4513,#4514);
#3887=AXIS2_PLACEMENT_3D('',#5343,#4515,#4516);
#3888=AXIS2_PLACEMENT_3D('',#5344,#4517,#4518);
#3889=AXIS2_PLACEMENT_3D('',#5346,#4520,#4521);
#3890=AXIS2_PLACEMENT_3D('',#5352,#4525,#4526);
#3891=AXIS2_PLACEMENT_3D('',#5362,#4532,#4533);
#3892=AXIS2_PLACEMENT_3D('',#5367,#4536,#4537);
#3893=AXIS2_PLACEMENT_3D('',#5370,#4539,#4540);
#3894=AXIS2_PLACEMENT_3D('',#5373,#4542,#4543);
#3895=AXIS2_PLACEMENT_3D('',#5384,#4549,#4550);
#3896=AXIS2_PLACEMENT_3D('',#5387,#4552,#4553);
#3897=AXIS2_PLACEMENT_3D('',#5393,#4557,#4558);
#3898=AXIS2_PLACEMENT_3D('',#5396,#4561,#4562);
#3899=AXIS2_PLACEMENT_3D('',#5398,#4564,#4565);
#3900=AXIS2_PLACEMENT_3D('',#5399,#4566,#4567);
#3901=AXIS2_PLACEMENT_3D('',#5400,#4568,#4569);
#3902=AXIS2_PLACEMENT_3D('',#5401,#4570,#4571);
#3903=AXIS2_PLACEMENT_3D('',#5403,#4573,#4574);
#3904=AXIS2_PLACEMENT_3D('',#5409,#4578,#4579);
#3905=AXIS2_PLACEMENT_3D('',#5419,#4585,#4586);
#3906=AXIS2_PLACEMENT_3D('',#5424,#4589,#4590);
#3907=AXIS2_PLACEMENT_3D('',#5427,#4592,#4593);
#3908=AXIS2_PLACEMENT_3D('',#5430,#4595,#4596);
#3909=AXIS2_PLACEMENT_3D('',#5441,#4602,#4603);
#3910=AXIS2_PLACEMENT_3D('',#5444,#4605,#4606);
#3911=AXIS2_PLACEMENT_3D('',#5450,#4610,#4611);
#3912=AXIS2_PLACEMENT_3D('',#5453,#4614,#4615);
#3913=AXIS2_PLACEMENT_3D('',#5455,#4617,#4618);
#3914=AXIS2_PLACEMENT_3D('',#5456,#4619,#4620);
#3915=AXIS2_PLACEMENT_3D('',#5457,#4621,#4622);
#3916=AXIS2_PLACEMENT_3D('',#5458,#4623,#4624);
#3917=AXIS2_PLACEMENT_3D('',#5460,#4626,#4627);
#3918=AXIS2_PLACEMENT_3D('',#5463,#4630,#4631);
#3919=AXIS2_PLACEMENT_3D('',#5464,#4632,#4633);
#3920=AXIS2_PLACEMENT_3D('',#5465,#4634,#4635);
#3921=AXIS2_PLACEMENT_3D('',#5468,#4638,#4639);
#3922=AXIS2_PLACEMENT_3D('',#5469,#4640,#4641);
#3923=AXIS2_PLACEMENT_3D('',#5470,#4642,#4643);
#3924=AXIS2_PLACEMENT_3D('',#5473,#4646,#4647);
#3925=AXIS2_PLACEMENT_3D('',#5474,#4648,#4649);
#3926=DIRECTION('',(0.,0.,1.));
#3927=DIRECTION('',(1.,0.,0.));
#3928=DIRECTION('',(0.,1.,0.));
#3929=DIRECTION('',(0.,0.,1.));
#3930=DIRECTION('',(-0.707106781186548,0.,-0.707106781186548));
#3931=DIRECTION('',(0.,0.,1.));
#3932=DIRECTION('',(-1.,0.,0.));
#3933=DIRECTION('',(0.,1.,0.));
#3934=DIRECTION('',(0.,0.,1.));
#3935=DIRECTION('',(-0.707106781186548,0.,-0.707106781186548));
#3936=DIRECTION('',(0.,0.,1.));
#3937=DIRECTION('',(-1.,0.,0.));
#3938=DIRECTION('',(0.,1.,0.));
#3939=DIRECTION('',(0.,0.,1.));
#3940=DIRECTION('',(-0.707106781186548,0.,-0.707106781186548));
#3941=DIRECTION('',(0.,0.,1.));
#3942=DIRECTION('',(-1.,0.,0.));
#3943=DIRECTION('',(0.,-1.,0.));
#3944=DIRECTION('',(0.,0.,-1.));
#3945=DIRECTION('',(-1.,0.,0.));
#3946=DIRECTION('',(0.,0.,1.));
#3947=DIRECTION('',(-1.,0.,0.));
#3948=DIRECTION('',(0.,0.,-1.));
#3949=DIRECTION('',(-1.,0.,0.));
#3950=DIRECTION('',(0.,-1.,0.));
#3951=DIRECTION('',(0.,0.,-1.));
#3952=DIRECTION('',(-1.,0.,0.));
#3953=DIRECTION('',(0.,0.,-1.));
#3954=DIRECTION('',(-1.,0.,0.));
#3955=DIRECTION('',(0.,-1.,0.));
#3956=DIRECTION('',(0.,0.,-1.));
#3957=DIRECTION('',(-1.,0.,0.));
#3958=DIRECTION('',(0.,0.,-1.));
#3959=DIRECTION('',(-1.,0.,0.));
#3960=DIRECTION('',(0.,0.,-1.));
#3961=DIRECTION('',(-1.,0.,0.));
#3962=DIRECTION('',(0.,0.,-1.));
#3963=DIRECTION('',(-1.,0.,0.));
#3964=DIRECTION('',(0.,-1.,0.));
#3965=DIRECTION('',(0.,0.,-1.));
#3966=DIRECTION('',(-1.,0.,0.));
#3967=DIRECTION('',(0.,0.,-1.));
#3968=DIRECTION('',(-1.,0.,0.));
#3969=DIRECTION('',(0.,0.,1.));
#3970=DIRECTION('',(-1.,0.,0.));
#3971=DIRECTION('',(0.,0.,-1.));
#3972=DIRECTION('',(-1.,0.,0.));
#3973=DIRECTION('',(0.,0.,1.));
#3974=DIRECTION('',(-1.,0.,0.));
#3975=DIRECTION('',(0.,0.,-1.));
#3976=DIRECTION('',(0.,0.,-1.));
#3977=DIRECTION('',(-1.,0.,0.));
#3978=DIRECTION('',(0.,0.447213595499958,0.894427190999916));
#3979=DIRECTION('',(0.,0.894427190999916,-0.447213595499958));
#3980=DIRECTION('',(0.,0.,-1.));
#3981=DIRECTION('',(0.,0.447213595499958,-0.894427190999916));
#3982=DIRECTION('',(0.,-0.894427190999916,-0.447213595499958));
#3983=DIRECTION('',(-0.707106781186548,-0.707106781186547,0.));
#3984=DIRECTION('',(0.707106781186547,-0.707106781186548,0.));
#3985=DIRECTION('',(0.666666666666666,-0.666666666666667,-0.333333333333334));
#3986=DIRECTION('',(0.,0.,-1.));
#3987=DIRECTION('',(-0.666666666666666,0.666666666666667,-0.333333333333334));
#3988=DIRECTION('',(-0.707106781186548,-0.707106781186548,0.));
#3989=DIRECTION('',(0.707106781186548,-0.707106781186548,0.));
#3990=DIRECTION('',(0.666666666666666,-0.666666666666667,-0.333333333333334));
#3991=DIRECTION('',(0.,0.,-1.));
#3992=DIRECTION('',(-0.707106781186547,0.707106781186548,0.));
#3993=DIRECTION('',(0.,0.,-1.));
#3994=DIRECTION('',(-0.707106781186547,0.707106781186548,0.));
#3995=DIRECTION('',(0.,0.,-1.));
#3996=DIRECTION('',(-0.666666666666666,0.666666666666667,-0.333333333333334));
#3997=DIRECTION('',(-0.707106781186548,-0.707106781186548,0.));
#3998=DIRECTION('',(0.707106781186548,-0.707106781186548,0.));
#3999=DIRECTION('',(0.666666666666666,-0.666666666666667,-0.333333333333334));
#4000=DIRECTION('',(-0.666666666666666,0.666666666666667,-0.333333333333334));
#4001=DIRECTION('',(-0.707106781186548,-0.707106781186548,0.));
#4002=DIRECTION('',(0.707106781186548,-0.707106781186548,0.));
#4003=DIRECTION('',(0.,1.,0.));
#4004=DIRECTION('',(0.,0.,1.));
#4005=DIRECTION('',(0.,-0.894427190999916,-0.447213595499958));
#4006=DIRECTION('',(0.,-1.,0.));
#4007=DIRECTION('',(0.,0.,-1.));
#4008=DIRECTION('',(0.,-0.894427190999916,0.447213595499958));
#4009=DIRECTION('',(0.,-1.,0.));
#4010=DIRECTION('',(0.,0.,-1.));
#4011=DIRECTION('',(0.,-1.,0.));
#4012=DIRECTION('',(0.,-1.,0.));
#4013=DIRECTION('',(0.,0.,-1.));
#4014=DIRECTION('',(0.,-1.,0.));
#4015=DIRECTION('',(0.,1.,0.));
#4016=DIRECTION('',(0.,0.,1.));
#4017=DIRECTION('',(0.,-0.894427190999916,-0.447213595499958));
#4018=DIRECTION('',(0.,-1.,0.));
#4019=DIRECTION('',(0.,0.,-1.));
#4020=DIRECTION('',(0.,-0.894427190999916,0.447213595499958));
#4021=DIRECTION('',(0.,-1.,0.));
#4022=DIRECTION('',(0.,0.,-1.));
#4023=DIRECTION('',(0.,-1.,0.));
#4024=DIRECTION('',(0.,-1.,0.));
#4025=DIRECTION('',(0.,0.,-1.));
#4026=DIRECTION('',(0.,-1.,0.));
#4027=DIRECTION('',(0.,0.,-1.));
#4028=DIRECTION('',(-1.,0.,0.));
#4029=DIRECTION('',(0.,0.447213595499958,-0.894427190999916));
#4030=DIRECTION('',(0.,-0.894427190999916,-0.447213595499958));
#4031=DIRECTION('',(0.,0.447213595499958,0.894427190999916));
#4032=DIRECTION('',(0.,0.894427190999916,-0.447213595499958));
#4033=DIRECTION('',(0.,0.,-1.));
#4034=DIRECTION('',(-1.,0.,0.));
#4035=DIRECTION('',(0.,0.447213595499958,-0.894427190999916));
#4036=DIRECTION('',(0.,-0.894427190999916,-0.447213595499958));
#4037=DIRECTION('',(0.,0.,1.));
#4038=DIRECTION('',(1.,0.,0.));
#4039=DIRECTION('',(0.707106781186548,0.707106781186548,0.));
#4040=DIRECTION('',(-0.707106781186548,0.707106781186548,0.));
#4041=DIRECTION('',(-0.707106781186548,-0.707106781186548,0.));
#4042=DIRECTION('',(0.707106781186548,-0.707106781186548,0.));
#4043=DIRECTION('',(-0.707106781186548,-0.707106781186548,0.));
#4044=DIRECTION('',(0.707106781186548,-0.707106781186548,0.));
#4045=DIRECTION('',(-0.707106781186548,-0.707106781186548,0.));
#4046=DIRECTION('',(-0.707106781186548,-0.707106781186548,0.));
#4047=DIRECTION('',(0.707106781186548,-0.707106781186548,0.));
#4048=DIRECTION('',(-0.707106781186548,-0.707106781186548,0.));
#4049=DIRECTION('',(0.707106781186548,0.707106781186548,0.));
#4050=DIRECTION('',(-0.707106781186548,0.707106781186548,0.));
#4051=DIRECTION('',(0.,0.,-1.));
#4052=DIRECTION('',(-0.707106781186548,0.707106781186548,0.));
#4053=DIRECTION('',(0.707106781186548,-0.707106781186548,0.));
#4054=DIRECTION('',(0.707106781186548,0.707106781186548,0.));
#4055=DIRECTION('',(-0.707106781186548,0.707106781186548,0.));
#4056=DIRECTION('',(-0.707106781186548,-0.707106781186548,0.));
#4057=DIRECTION('',(0.707106781186548,-0.707106781186548,0.));
#4058=DIRECTION('',(-0.707106781186548,-0.707106781186548,0.));
#4059=DIRECTION('',(0.707106781186548,-0.707106781186548,0.));
#4060=DIRECTION('',(-0.707106781186548,-0.707106781186548,0.));
#4061=DIRECTION('',(-0.707106781186548,-0.707106781186548,0.));
#4062=DIRECTION('',(0.707106781186548,-0.707106781186548,0.));
#4063=DIRECTION('',(-0.707106781186548,-0.707106781186548,0.));
#4064=DIRECTION('',(0.707106781186548,0.707106781186548,0.));
#4065=DIRECTION('',(-0.707106781186548,0.707106781186548,0.));
#4066=DIRECTION('',(0.,0.,-1.));
#4067=DIRECTION('',(-0.707106781186548,0.707106781186548,0.));
#4068=DIRECTION('',(0.707106781186548,-0.707106781186548,0.));
#4069=DIRECTION('',(0.,1.,0.));
#4070=DIRECTION('',(0.,0.,1.));
#4071=DIRECTION('',(0.,-0.894427190999916,-0.447213595499958));
#4072=DIRECTION('',(0.,-1.,0.));
#4073=DIRECTION('',(0.,0.,-1.));
#4074=DIRECTION('',(0.,-0.894427190999916,0.447213595499958));
#4075=DIRECTION('',(0.,-1.,0.));
#4076=DIRECTION('',(0.,0.,-1.));
#4077=DIRECTION('',(0.,-1.,0.));
#4078=DIRECTION('',(0.,-1.,0.));
#4079=DIRECTION('',(0.,0.,-1.));
#4080=DIRECTION('',(0.,-1.,0.));
#4081=DIRECTION('',(0.,0.,-1.));
#4082=DIRECTION('',(-1.,0.,0.));
#4083=DIRECTION('',(0.,0.447213595499958,0.894427190999916));
#4084=DIRECTION('',(0.,0.894427190999916,-0.447213595499958));
#4085=DIRECTION('',(0.,0.,1.));
#4086=DIRECTION('',(1.,0.,0.));
#4087=DIRECTION('',(0.707106781186548,0.707106781186548,0.));
#4088=DIRECTION('',(-0.707106781186548,0.707106781186548,0.));
#4089=DIRECTION('',(-0.707106781186548,-0.707106781186548,0.));
#4090=DIRECTION('',(0.707106781186548,-0.707106781186548,0.));
#4091=DIRECTION('',(-0.707106781186548,-0.707106781186548,0.));
#4092=DIRECTION('',(0.707106781186548,-0.707106781186548,0.));
#4093=DIRECTION('',(-0.707106781186548,-0.707106781186548,0.));
#4094=DIRECTION('',(-0.707106781186548,-0.707106781186548,0.));
#4095=DIRECTION('',(0.707106781186548,-0.707106781186548,0.));
#4096=DIRECTION('',(-0.707106781186548,-0.707106781186548,0.));
#4097=DIRECTION('',(0.707106781186548,0.707106781186548,0.));
#4098=DIRECTION('',(-0.707106781186548,0.707106781186548,0.));
#4099=DIRECTION('',(0.,0.,-1.));
#4100=DIRECTION('',(-0.707106781186548,0.707106781186548,0.));
#4101=DIRECTION('',(0.707106781186548,-0.707106781186548,0.));
#4102=DIRECTION('',(0.,1.,0.));
#4103=DIRECTION('',(0.,0.,1.));
#4104=DIRECTION('',(-1.,0.,0.));
#4105=DIRECTION('',(-1.,0.,0.));
#4106=DIRECTION('',(0.,1.,0.));
#4107=DIRECTION('',(0.,0.,1.));
#4108=DIRECTION('',(-1.,0.,0.));
#4109=DIRECTION('',(-1.,0.,0.));
#4110=DIRECTION('',(0.,1.,0.));
#4111=DIRECTION('',(0.,0.,1.));
#4112=DIRECTION('',(-1.,0.,0.));
#4113=DIRECTION('',(-1.,0.,0.));
#4114=DIRECTION('',(-1.35525271560688E-17,1.,0.));
#4115=DIRECTION('',(-1.,-1.35525271560688E-17,0.));
#4116=DIRECTION('',(-1.,-1.35525271560688E-17,0.));
#4117=DIRECTION('',(0.,0.,-1.));
#4118=DIRECTION('',(1.,1.35525271560688E-17,0.));
#4119=DIRECTION('',(0.,0.,-1.));
#4120=DIRECTION('',(-1.,-1.35525271560688E-17,0.));
#4121=DIRECTION('',(0.,0.,-1.));
#4122=DIRECTION('',(1.,1.35525271560688E-17,0.));
#4123=DIRECTION('',(0.,0.,-1.));
#4124=DIRECTION('',(-1.,-1.35525271560688E-17,0.));
#4125=DIRECTION('',(0.,0.,-1.));
#4126=DIRECTION('',(1.,1.35525271560688E-17,0.));
#4127=DIRECTION('',(0.,0.,-1.));
#4128=DIRECTION('',(0.,0.,-1.));
#4129=DIRECTION('',(1.,1.35525271560688E-17,0.));
#4130=DIRECTION('',(0.,0.,1.));
#4131=DIRECTION('',(1.,1.35525271560688E-17,0.));
#4132=DIRECTION('',(0.,0.,-1.));
#4133=DIRECTION('',(1.,1.35525271560688E-17,0.));
#4134=DIRECTION('',(0.,0.,1.));
#4135=DIRECTION('',(1.,1.35525271560688E-17,0.));
#4136=DIRECTION('',(0.,0.,-1.));
#4137=DIRECTION('',(1.,1.35525271560688E-17,0.));
#4138=DIRECTION('',(0.,0.,1.));
#4139=DIRECTION('',(1.,1.35525271560688E-17,0.));
#4140=DIRECTION('',(0.,0.,-1.));
#4141=DIRECTION('',(1.,1.35525271560688E-17,0.));
#4142=DIRECTION('',(0.,0.,-1.));
#4143=DIRECTION('',(1.,1.35525271560688E-17,0.));
#4144=DIRECTION('',(0.,0.,-1.));
#4145=DIRECTION('',(1.,1.35525271560688E-17,0.));
#4146=DIRECTION('',(0.,0.,-1.));
#4147=DIRECTION('',(1.,1.35525271560688E-17,0.));
#4148=DIRECTION('',(0.,0.,-1.));
#4149=DIRECTION('',(1.,1.35525271560688E-17,0.));
#4150=DIRECTION('',(0.,0.,-1.));
#4151=DIRECTION('',(1.,1.35525271560688E-17,0.));
#4152=DIRECTION('',(0.,0.,-1.));
#4153=DIRECTION('',(1.,0.,0.));
#4154=DIRECTION('',(0.,0.,-1.));
#4155=DIRECTION('',(1.,1.35525271560688E-17,0.));
#4156=DIRECTION('',(1.,0.,0.));
#4157=DIRECTION('',(0.,0.,-1.));
#4158=DIRECTION('',(0.,-1.,0.));
#4159=DIRECTION('',(0.,0.,-1.));
#4160=DIRECTION('',(0.,-1.,0.));
#4161=DIRECTION('',(0.,0.,-1.));
#4162=DIRECTION('',(0.,0.,-1.));
#4163=DIRECTION('',(-1.,0.,0.));
#4164=DIRECTION('',(0.,0.,1.));
#4165=DIRECTION('',(1.,0.,0.));
#4166=DIRECTION('',(0.,0.,-1.));
#4167=DIRECTION('',(0.,0.,1.));
#4168=DIRECTION('',(1.,0.,0.));
#4169=DIRECTION('',(1.,0.,0.));
#4170=DIRECTION('',(0.,0.,-1.));
#4171=DIRECTION('',(0.,-1.,0.));
#4172=DIRECTION('',(0.,0.,-1.));
#4173=DIRECTION('',(0.,-1.,0.));
#4174=DIRECTION('',(0.,0.,-1.));
#4175=DIRECTION('',(-1.,0.,0.));
#4176=DIRECTION('',(0.,0.,1.));
#4177=DIRECTION('',(1.,0.,0.));
#4178=DIRECTION('',(0.,0.,-1.));
#4179=DIRECTION('',(0.,0.,1.));
#4180=DIRECTION('',(1.,0.,0.));
#4181=DIRECTION('',(1.,0.,0.));
#4182=DIRECTION('',(0.,0.,-1.));
#4183=DIRECTION('',(0.,-1.,0.));
#4184=DIRECTION('',(0.,0.,-1.));
#4185=DIRECTION('',(0.,-1.,0.));
#4186=DIRECTION('',(0.,-1.,0.));
#4187=DIRECTION('',(0.,0.,-1.));
#4188=DIRECTION('',(0.,-1.,0.));
#4189=DIRECTION('',(0.,-1.,0.));
#4190=DIRECTION('',(0.,0.,-1.));
#4191=DIRECTION('',(0.,-1.,0.));
#4192=DIRECTION('',(0.,-1.,0.));
#4193=DIRECTION('',(0.,0.,-1.));
#4194=DIRECTION('',(0.,-1.,0.));
#4195=DIRECTION('',(-1.,0.,0.));
#4196=DIRECTION('',(0.,0.,1.));
#4197=DIRECTION('',(0.,1.,0.));
#4198=DIRECTION('',(0.,0.,-1.));
#4199=DIRECTION('',(0.,1.,0.));
#4200=DIRECTION('',(0.,1.,0.));
#4201=DIRECTION('',(0.,0.,-1.));
#4202=DIRECTION('',(0.,1.,0.));
#4203=DIRECTION('',(0.,1.,0.));
#4204=DIRECTION('',(0.,0.,-1.));
#4205=DIRECTION('',(0.,1.,0.));
#4206=DIRECTION('',(0.,0.,-1.));
#4207=DIRECTION('',(0.,1.,0.));
#4208=DIRECTION('',(0.,0.,-1.));
#4209=DIRECTION('',(0.,1.,0.));
#4210=DIRECTION('',(0.,0.,-1.));
#4211=DIRECTION('',(-1.,0.,0.));
#4212=DIRECTION('',(0.,0.,1.));
#4213=DIRECTION('',(1.,0.,0.));
#4214=DIRECTION('',(0.,0.,1.));
#4215=DIRECTION('',(1.,0.,0.));
#4216=DIRECTION('',(0.,0.,-1.));
#4217=DIRECTION('',(-1.,0.,0.));
#4218=DIRECTION('',(0.,0.,1.));
#4219=DIRECTION('',(1.,0.,0.));
#4220=DIRECTION('',(0.,0.,-1.));
#4221=DIRECTION('',(0.,0.,1.));
#4222=DIRECTION('',(1.,0.,0.));
#4223=DIRECTION('',(0.939692620785908,-0.342020143325669,0.));
#4224=DIRECTION('',(0.342020143325669,0.939692620785908,0.));
#4225=DIRECTION('',(-0.342020143325669,-0.939692620785909,0.));
#4226=DIRECTION('',(-0.342020143325669,-0.939692620785909,0.));
#4227=DIRECTION('',(0.,0.,1.));
#4228=DIRECTION('',(1.,0.,0.));
#4229=DIRECTION('',(3.46944695195361E-15,1.,0.));
#4230=DIRECTION('',(1.,0.,0.));
#4231=DIRECTION('',(0.,0.,1.));
#4232=DIRECTION('',(1.,0.,0.));
#4233=DIRECTION('',(0.,0.,1.));
#4234=DIRECTION('',(1.,0.,0.));
#4235=DIRECTION('',(1.,0.,0.));
#4236=DIRECTION('',(1.73472347597681E-15,-1.,0.));
#4237=DIRECTION('',(0.,1.,0.));
#4238=DIRECTION('',(0.,0.,1.));
#4239=DIRECTION('',(0.,0.,-1.));
#4240=DIRECTION('',(1.,0.,0.));
#4241=DIRECTION('',(0.,0.,-1.));
#4242=DIRECTION('',(0.,0.,-1.));
#4243=DIRECTION('',(-1.,0.,0.));
#4244=DIRECTION('',(0.,0.,1.));
#4245=DIRECTION('',(1.,0.,0.));
#4246=DIRECTION('',(0.,0.,1.));
#4247=DIRECTION('',(1.,0.,0.));
#4248=DIRECTION('',(1.73472347597681E-15,-1.,0.));
#4249=DIRECTION('',(1.,1.73472347597681E-15,0.));
#4250=DIRECTION('',(-1.73472347597681E-15,1.,0.));
#4251=DIRECTION('',(0.,0.,1.));
#4252=DIRECTION('',(1.,0.,0.));
#4253=DIRECTION('',(0.,0.,1.));
#4254=DIRECTION('',(1.,0.,0.));
#4255=DIRECTION('',(1.,0.,0.));
#4256=DIRECTION('',(3.46944695195361E-15,1.,0.));
#4257=DIRECTION('',(-1.,3.46944695195361E-15,0.));
#4258=DIRECTION('',(-3.46944695195361E-15,-1.,0.));
#4259=DIRECTION('',(0.,0.,-1.));
#4260=DIRECTION('',(0.,0.,-1.));
#4261=DIRECTION('',(-1.,0.,0.));
#4262=DIRECTION('',(0.,0.,-1.));
#4263=DIRECTION('',(0.,1.,0.));
#4264=DIRECTION('',(0.,0.,1.));
#4265=DIRECTION('',(0.,1.,0.));
#4266=DIRECTION('',(0.,0.,1.));
#4267=DIRECTION('',(1.,0.,0.));
#4268=DIRECTION('',(0.,0.,-1.));
#4269=DIRECTION('',(1.,0.,0.));
#4270=DIRECTION('',(0.,0.,-1.));
#4271=DIRECTION('',(0.,0.,-1.));
#4272=DIRECTION('',(-1.,0.,0.));
#4273=DIRECTION('',(0.,0.,1.));
#4274=DIRECTION('',(1.,0.,0.));
#4275=DIRECTION('',(0.,0.,1.));
#4276=DIRECTION('',(1.,0.,0.));
#4277=DIRECTION('',(0.,0.,1.));
#4278=DIRECTION('',(1.,0.,0.));
#4279=DIRECTION('',(1.73472347597681E-15,-1.,0.));
#4280=DIRECTION('',(0.,0.,1.));
#4281=DIRECTION('',(1.,0.,0.));
#4282=DIRECTION('',(1.73472347597681E-15,-1.,0.));
#4283=DIRECTION('',(1.,1.73472347597681E-15,0.));
#4284=DIRECTION('',(-1.73472347597681E-15,1.,0.));
#4285=DIRECTION('',(-1.,3.46944695195361E-15,0.));
#4286=DIRECTION('',(-3.46944695195361E-15,-1.,0.));
#4287=DIRECTION('',(3.46944695195361E-15,1.,0.));
#4288=DIRECTION('',(3.46944695195361E-15,1.,0.));
#4289=DIRECTION('',(0.,0.,-1.));
#4290=DIRECTION('',(0.,0.,1.));
#4291=DIRECTION('',(1.,0.,0.));
#4292=DIRECTION('',(0.,0.,1.));
#4293=DIRECTION('',(1.,0.,0.));
#4294=DIRECTION('',(1.,0.,0.));
#4295=DIRECTION('',(0.,0.,1.));
#4296=DIRECTION('',(1.,0.,0.));
#4297=DIRECTION('',(1.,0.,0.));
#4298=DIRECTION('',(0.,0.,1.));
#4299=DIRECTION('',(1.,0.,0.));
#4300=DIRECTION('',(0.,0.,-1.));
#4301=DIRECTION('',(-1.,0.,0.));
#4302=DIRECTION('',(0.,0.,-1.));
#4303=DIRECTION('',(0.,1.,0.));
#4304=DIRECTION('',(0.,0.,1.));
#4305=DIRECTION('',(0.,1.,0.));
#4306=DIRECTION('',(0.,0.,1.));
#4307=DIRECTION('',(1.,0.,0.));
#4308=DIRECTION('',(0.,0.,-1.));
#4309=DIRECTION('',(1.,0.,0.));
#4310=DIRECTION('',(0.,0.,-1.));
#4311=DIRECTION('',(0.,0.,-1.));
#4312=DIRECTION('',(-1.,0.,0.));
#4313=DIRECTION('',(0.,0.,1.));
#4314=DIRECTION('',(1.,0.,0.));
#4315=DIRECTION('',(0.,0.,1.));
#4316=DIRECTION('',(1.,0.,0.));
#4317=DIRECTION('',(0.,0.,1.));
#4318=DIRECTION('',(1.,0.,0.));
#4319=DIRECTION('',(1.73472347597681E-15,-1.,0.));
#4320=DIRECTION('',(0.,0.,1.));
#4321=DIRECTION('',(1.,0.,0.));
#4322=DIRECTION('',(1.73472347597681E-15,-1.,0.));
#4323=DIRECTION('',(1.,1.73472347597681E-15,0.));
#4324=DIRECTION('',(-1.73472347597681E-15,1.,0.));
#4325=DIRECTION('',(-1.,3.46944695195361E-15,0.));
#4326=DIRECTION('',(-3.46944695195361E-15,-1.,0.));
#4327=DIRECTION('',(3.46944695195361E-15,1.,0.));
#4328=DIRECTION('',(3.46944695195361E-15,1.,0.));
#4329=DIRECTION('',(0.,0.,-1.));
#4330=DIRECTION('',(0.,0.,1.));
#4331=DIRECTION('',(1.,0.,0.));
#4332=DIRECTION('',(0.,0.,1.));
#4333=DIRECTION('',(1.,0.,0.));
#4334=DIRECTION('',(1.,0.,0.));
#4335=DIRECTION('',(0.,0.,1.));
#4336=DIRECTION('',(1.,0.,0.));
#4337=DIRECTION('',(1.,0.,0.));
#4338=DIRECTION('',(0.,0.,1.));
#4339=DIRECTION('',(1.,0.,0.));
#4340=DIRECTION('',(0.,0.,-1.));
#4341=DIRECTION('',(-1.,0.,0.));
#4342=DIRECTION('',(0.,0.,-1.));
#4343=DIRECTION('',(0.,1.,0.));
#4344=DIRECTION('',(0.,0.,1.));
#4345=DIRECTION('',(0.,0.,1.));
#4346=DIRECTION('',(1.,0.,0.));
#4347=DIRECTION('',(5.78241158658936E-15,1.,0.));
#4348=DIRECTION('',(1.,0.,0.));
#4349=DIRECTION('',(0.,0.,1.));
#4350=DIRECTION('',(1.,0.,0.));
#4351=DIRECTION('',(0.,0.,1.));
#4352=DIRECTION('',(1.,0.,0.));
#4353=DIRECTION('',(2.89120579329468E-15,-1.,0.));
#4354=DIRECTION('',(0.,0.,1.));
#4355=DIRECTION('',(1.,0.,0.));
#4356=DIRECTION('',(1.,0.,0.));
#4357=DIRECTION('',(0.,0.,-1.));
#4358=DIRECTION('',(-1.,0.,0.));
#4359=DIRECTION('',(0.,0.,-1.));
#4360=DIRECTION('',(0.,0.,1.));
#4361=DIRECTION('',(1.,0.,0.));
#4362=DIRECTION('',(0.,1.,0.));
#4363=DIRECTION('',(0.,0.,1.));
#4364=DIRECTION('',(0.,0.,-1.));
#4365=DIRECTION('',(1.,0.,0.));
#4366=DIRECTION('',(-1.,5.78241158658936E-15,0.));
#4367=DIRECTION('',(-5.78241158658936E-15,-1.,0.));
#4368=DIRECTION('',(5.78241158658936E-15,1.,0.));
#4369=DIRECTION('',(1.,2.89120579329468E-15,0.));
#4370=DIRECTION('',(-2.89120579329468E-15,1.,0.));
#4371=DIRECTION('',(0.,0.,-1.));
#4372=DIRECTION('',(2.89120579329468E-15,-1.,0.));
#4373=DIRECTION('',(0.,1.,0.));
#4374=DIRECTION('',(0.,0.,1.));
#4375=DIRECTION('',(0.,0.,-1.));
#4376=DIRECTION('',(1.,0.,0.));
#4377=DIRECTION('',(0.,0.,-1.));
#4378=DIRECTION('',(-1.,0.,0.));
#4379=DIRECTION('',(0.,0.,1.));
#4380=DIRECTION('',(1.,0.,0.));
#4381=DIRECTION('',(0.,0.,1.));
#4382=DIRECTION('',(1.,0.,0.));
#4383=DIRECTION('',(0.,0.,1.));
#4384=DIRECTION('',(1.,0.,0.));
#4385=DIRECTION('',(-1.,0.,0.));
#4386=DIRECTION('',(0.,0.447213595499958,0.894427190999916));
#4387=DIRECTION('',(0.,-0.894427190999916,0.447213595499958));
#4388=DIRECTION('',(0.,0.447213595499958,-0.894427190999916));
#4389=DIRECTION('',(0.,0.894427190999916,0.447213595499958));
#4390=DIRECTION('',(-1.,0.,0.));
#4391=DIRECTION('',(0.,0.,-1.));
#4392=DIRECTION('',(-1.,0.,0.));
#4393=DIRECTION('',(0.,0.,1.));
#4394=DIRECTION('',(1.,0.,0.));
#4395=DIRECTION('',(-1.,0.,0.));
#4396=DIRECTION('',(0.,0.447213595499958,0.894427190999916));
#4397=DIRECTION('',(0.,-0.894427190999916,0.447213595499958));
#4398=DIRECTION('',(0.,0.447213595499958,-0.894427190999916));
#4399=DIRECTION('',(0.,0.894427190999916,0.447213595499958));
#4400=DIRECTION('',(-1.,0.,0.));
#4401=DIRECTION('',(0.,0.,-1.));
#4402=DIRECTION('',(-1.,0.,0.));
#4403=DIRECTION('',(0.,0.,1.));
#4404=DIRECTION('',(1.,0.,0.));
#4405=DIRECTION('',(-1.,0.,0.));
#4406=DIRECTION('',(0.,0.447213595499958,0.894427190999916));
#4407=DIRECTION('',(0.,-0.894427190999916,0.447213595499958));
#4408=DIRECTION('',(0.,0.447213595499958,-0.894427190999916));
#4409=DIRECTION('',(0.,0.894427190999916,0.447213595499958));
#4410=DIRECTION('',(-1.,0.,0.));
#4411=DIRECTION('',(0.,0.,-1.));
#4412=DIRECTION('',(-1.,0.,0.));
#4413=DIRECTION('',(0.,0.,-1.));
#4414=DIRECTION('',(-1.,0.,0.));
#4415=DIRECTION('',(0.,-1.,0.));
#4416=DIRECTION('',(0.,-1.,0.));
#4417=DIRECTION('',(-1.,0.,0.));
#4418=DIRECTION('',(0.,0.,1.));
#4419=DIRECTION('',(1.,0.,0.));
#4420=DIRECTION('',(0.,1.,0.));
#4421=DIRECTION('',(0.,1.,0.));
#4422=DIRECTION('',(-1.,0.,0.));
#4423=DIRECTION('',(1.,0.,0.));
#4424=DIRECTION('',(0.,0.,-1.));
#4425=DIRECTION('',(0.,0.,-1.));
#4426=DIRECTION('',(1.,0.,0.));
#4427=DIRECTION('',(0.,0.,-1.));
#4428=DIRECTION('',(0.,0.,-1.));
#4429=DIRECTION('',(0.,1.,0.));
#4430=DIRECTION('',(0.,0.,1.));
#4431=DIRECTION('',(0.,0.,-1.));
#4432=DIRECTION('',(-1.,0.,0.));
#4433=DIRECTION('',(0.,-1.,0.));
#4434=DIRECTION('',(0.,-1.,0.));
#4435=DIRECTION('',(-1.,0.,0.));
#4436=DIRECTION('',(0.,0.,1.));
#4437=DIRECTION('',(1.,0.,0.));
#4438=DIRECTION('',(0.,1.,0.));
#4439=DIRECTION('',(0.,1.,0.));
#4440=DIRECTION('',(-1.,0.,0.));
#4441=DIRECTION('',(1.,0.,0.));
#4442=DIRECTION('',(0.,0.,-1.));
#4443=DIRECTION('',(0.,0.,-1.));
#4444=DIRECTION('',(1.,0.,0.));
#4445=DIRECTION('',(0.,0.,-1.));
#4446=DIRECTION('',(0.,0.,-1.));
#4447=DIRECTION('',(0.,1.,0.));
#4448=DIRECTION('',(0.,0.,1.));
#4449=DIRECTION('',(0.,0.,-1.));
#4450=DIRECTION('',(-1.,0.,0.));
#4451=DIRECTION('',(0.,-1.,0.));
#4452=DIRECTION('',(0.,-1.,0.));
#4453=DIRECTION('',(-1.,0.,0.));
#4454=DIRECTION('',(0.,0.,1.));
#4455=DIRECTION('',(1.,0.,0.));
#4456=DIRECTION('',(0.,1.,0.));
#4457=DIRECTION('',(0.,1.,0.));
#4458=DIRECTION('',(-1.,0.,0.));
#4459=DIRECTION('',(1.,0.,0.));
#4460=DIRECTION('',(0.,0.,-1.));
#4461=DIRECTION('',(0.,0.,-1.));
#4462=DIRECTION('',(1.,0.,0.));
#4463=DIRECTION('',(0.,0.,-1.));
#4464=DIRECTION('',(0.,0.,-1.));
#4465=DIRECTION('',(0.,1.,0.));
#4466=DIRECTION('',(0.,0.,1.));
#4467=DIRECTION('',(-1.,0.,0.));
#4468=DIRECTION('',(0.,0.,1.));
#4469=DIRECTION('',(0.,-1.,0.));
#4470=DIRECTION('',(0.,0.,1.));
#4471=DIRECTION('',(0.,-1.,0.));
#4472=DIRECTION('',(1.,0.,0.));
#4473=DIRECTION('',(0.,0.,-1.));
#4474=DIRECTION('',(0.,0.727606875108999,-0.685994340570035));
#4475=DIRECTION('',(0.,0.,-1.));
#4476=DIRECTION('',(0.,1.,0.));
#4477=DIRECTION('',(0.,1.,0.));
#4478=DIRECTION('',(0.,0.,1.));
#4479=DIRECTION('',(0.,0.,1.));
#4480=DIRECTION('',(1.,0.,0.));
#4481=DIRECTION('',(1.,0.,0.));
#4482=DIRECTION('',(0.685994340570035,0.727606875108999,0.));
#4483=DIRECTION('',(0.,0.,1.));
#4484=DIRECTION('',(1.,0.,0.));
#4485=DIRECTION('',(1.,0.,0.));
#4486=DIRECTION('',(0.,0.,1.));
#4487=DIRECTION('',(1.,0.,0.));
#4488=DIRECTION('',(0.,-1.,0.));
#4489=DIRECTION('',(0.,0.,1.));
#4490=DIRECTION('',(1.,0.,0.));
#4491=DIRECTION('',(1.,0.,0.));
#4492=DIRECTION('',(0.685994340570035,-0.727606875108999,0.));
#4493=DIRECTION('',(-1.,0.,0.));
#4494=DIRECTION('',(-0.707106781186547,-0.707106781186547,0.));
#4495=DIRECTION('',(0.,-1.,0.));
#4496=DIRECTION('',(0.,0.,1.));
#4497=DIRECTION('',(1.,0.,0.));
#4498=DIRECTION('',(1.,0.,0.));
#4499=DIRECTION('',(-0.707106781186547,0.707106781186547,0.));
#4500=DIRECTION('',(-0.707106781186548,-0.707106781186548,0.));
#4501=DIRECTION('',(0.416142953312923,0.416142953312923,0.80848629228701));
#4502=DIRECTION('',(0.,0.,1.));
#4503=DIRECTION('',(0.,0.,1.));
#4504=DIRECTION('',(-1.,0.,0.));
#4505=DIRECTION('',(0.,0.,1.));
#4506=DIRECTION('',(0.,0.,1.));
#4507=DIRECTION('',(0.,0.,1.));
#4508=DIRECTION('',(0.,0.,1.));
#4509=DIRECTION('',(1.,0.,0.));
#4510=DIRECTION('',(0.,0.,1.));
#4511=DIRECTION('',(0.,-1.,0.));
#4512=DIRECTION('',(0.,0.,-1.));
#4513=DIRECTION('',(0.,0.,1.));
#4514=DIRECTION('',(1.,0.,0.));
#4515=DIRECTION('',(0.588348405414552,-0.554700196225229,-0.588348405414552));
#4516=DIRECTION('',(0.428086344739045,-0.403603676397787,0.80860754006264));
#4517=DIRECTION('',(0.,1.,0.));
#4518=DIRECTION('',(0.,0.,1.));
#4519=DIRECTION('',(0.707106781186548,0.,0.707106781186548));
#4520=DIRECTION('',(-1.,0.,0.));
#4521=DIRECTION('',(0.,0.,1.));
#4522=DIRECTION('',(0.,-1.,0.));
#4523=DIRECTION('',(0.,0.,1.));
#4524=DIRECTION('',(0.,-1.,0.));
#4525=DIRECTION('',(1.,0.,0.));
#4526=DIRECTION('',(0.,0.,-1.));
#4527=DIRECTION('',(0.,0.727606875108999,-0.685994340570035));
#4528=DIRECTION('',(0.,0.,-1.));
#4529=DIRECTION('',(0.,1.,0.));
#4530=DIRECTION('',(0.,1.,0.));
#4531=DIRECTION('',(0.,0.,1.));
#4532=DIRECTION('',(0.,0.,1.));
#4533=DIRECTION('',(1.,0.,0.));
#4534=DIRECTION('',(1.,0.,0.));
#4535=DIRECTION('',(0.685994340570035,0.727606875108999,0.));
#4536=DIRECTION('',(0.,0.,1.));
#4537=DIRECTION('',(1.,0.,0.));
#4538=DIRECTION('',(1.,0.,0.));
#4539=DIRECTION('',(0.,0.,1.));
#4540=DIRECTION('',(1.,0.,0.));
#4541=DIRECTION('',(0.,-1.,0.));
#4542=DIRECTION('',(0.,0.,1.));
#4543=DIRECTION('',(1.,0.,0.));
#4544=DIRECTION('',(1.,0.,0.));
#4545=DIRECTION('',(0.685994340570035,-0.727606875108999,0.));
#4546=DIRECTION('',(-1.,0.,0.));
#4547=DIRECTION('',(-0.707106781186547,-0.707106781186547,0.));
#4548=DIRECTION('',(0.,-1.,0.));
#4549=DIRECTION('',(0.,0.,1.));
#4550=DIRECTION('',(1.,0.,0.));
#4551=DIRECTION('',(1.,0.,0.));
#4552=DIRECTION('',(-0.707106781186547,0.707106781186547,0.));
#4553=DIRECTION('',(-0.707106781186548,-0.707106781186548,0.));
#4554=DIRECTION('',(0.416142953312923,0.416142953312923,0.80848629228701));
#4555=DIRECTION('',(0.,0.,1.));
#4556=DIRECTION('',(0.,0.,1.));
#4557=DIRECTION('',(-1.,0.,0.));
#4558=DIRECTION('',(0.,0.,1.));
#4559=DIRECTION('',(0.,0.,1.));
#4560=DIRECTION('',(0.,0.,1.));
#4561=DIRECTION('',(0.,0.,1.));
#4562=DIRECTION('',(1.,0.,0.));
#4563=DIRECTION('',(0.,0.,1.));
#4564=DIRECTION('',(0.,-1.,0.));
#4565=DIRECTION('',(0.,0.,-1.));
#4566=DIRECTION('',(0.,0.,1.));
#4567=DIRECTION('',(1.,0.,0.));
#4568=DIRECTION('',(0.588348405414552,-0.554700196225229,-0.588348405414552));
#4569=DIRECTION('',(0.428086344739045,-0.403603676397787,0.80860754006264));
#4570=DIRECTION('',(0.,1.,0.));
#4571=DIRECTION('',(0.,0.,1.));
#4572=DIRECTION('',(0.707106781186548,0.,0.707106781186548));
#4573=DIRECTION('',(-1.,0.,0.));
#4574=DIRECTION('',(0.,0.,1.));
#4575=DIRECTION('',(0.,-1.,0.));
#4576=DIRECTION('',(0.,0.,1.));
#4577=DIRECTION('',(0.,-1.,0.));
#4578=DIRECTION('',(1.,0.,0.));
#4579=DIRECTION('',(0.,0.,-1.));
#4580=DIRECTION('',(0.,0.727606875108999,-0.685994340570035));
#4581=DIRECTION('',(0.,0.,-1.));
#4582=DIRECTION('',(0.,1.,0.));
#4583=DIRECTION('',(0.,1.,0.));
#4584=DIRECTION('',(0.,0.,1.));
#4585=DIRECTION('',(0.,0.,1.));
#4586=DIRECTION('',(1.,0.,0.));
#4587=DIRECTION('',(1.,0.,0.));
#4588=DIRECTION('',(0.685994340570035,0.727606875108999,0.));
#4589=DIRECTION('',(0.,0.,1.));
#4590=DIRECTION('',(1.,0.,0.));
#4591=DIRECTION('',(1.,0.,0.));
#4592=DIRECTION('',(0.,0.,1.));
#4593=DIRECTION('',(1.,0.,0.));
#4594=DIRECTION('',(0.,-1.,0.));
#4595=DIRECTION('',(0.,0.,1.));
#4596=DIRECTION('',(1.,0.,0.));
#4597=DIRECTION('',(1.,0.,0.));
#4598=DIRECTION('',(0.685994340570035,-0.727606875108999,0.));
#4599=DIRECTION('',(-1.,0.,0.));
#4600=DIRECTION('',(-0.707106781186547,-0.707106781186547,0.));
#4601=DIRECTION('',(0.,-1.,0.));
#4602=DIRECTION('',(0.,0.,1.));
#4603=DIRECTION('',(1.,0.,0.));
#4604=DIRECTION('',(1.,0.,0.));
#4605=DIRECTION('',(-0.707106781186547,0.707106781186547,0.));
#4606=DIRECTION('',(-0.707106781186548,-0.707106781186548,0.));
#4607=DIRECTION('',(0.416142953312923,0.416142953312923,0.80848629228701));
#4608=DIRECTION('',(0.,0.,1.));
#4609=DIRECTION('',(0.,0.,1.));
#4610=DIRECTION('',(-1.,0.,0.));
#4611=DIRECTION('',(0.,0.,1.));
#4612=DIRECTION('',(0.,0.,1.));
#4613=DIRECTION('',(0.,0.,1.));
#4614=DIRECTION('',(0.,0.,1.));
#4615=DIRECTION('',(1.,0.,0.));
#4616=DIRECTION('',(0.,0.,1.));
#4617=DIRECTION('',(0.,-1.,0.));
#4618=DIRECTION('',(0.,0.,-1.));
#4619=DIRECTION('',(0.,0.,1.));
#4620=DIRECTION('',(1.,0.,0.));
#4621=DIRECTION('',(0.588348405414552,-0.554700196225229,-0.588348405414552));
#4622=DIRECTION('',(0.428086344739045,-0.403603676397787,0.80860754006264));
#4623=DIRECTION('',(0.,1.,0.));
#4624=DIRECTION('',(0.,0.,1.));
#4625=DIRECTION('',(0.707106781186548,0.,0.707106781186548));
#4626=DIRECTION('',(0.,-1.,0.));
#4627=DIRECTION('',(0.,0.,-1.));
#4628=DIRECTION('',(-0.707106781186547,0.,-0.707106781186547));
#4629=DIRECTION('',(-0.707106781186547,0.,-0.707106781186547));
#4630=DIRECTION('',(0.588348405414552,-0.554700196225229,-0.588348405414552));
#4631=DIRECTION('',(-0.707106781186548,0.,-0.707106781186548));
#4632=DIRECTION('',(-0.588348405414552,-0.554700196225229,0.588348405414552));
#4633=DIRECTION('',(0.707106781186548,0.,0.707106781186548));
#4634=DIRECTION('',(0.,-1.,0.));
#4635=DIRECTION('',(0.,0.,-1.));
#4636=DIRECTION('',(-0.707106781186547,0.,-0.707106781186547));
#4637=DIRECTION('',(-0.707106781186547,0.,-0.707106781186547));
#4638=DIRECTION('',(0.588348405414552,-0.554700196225229,-0.588348405414552));
#4639=DIRECTION('',(-0.707106781186548,0.,-0.707106781186548));
#4640=DIRECTION('',(-0.588348405414552,-0.554700196225229,0.588348405414552));
#4641=DIRECTION('',(0.707106781186548,0.,0.707106781186548));
#4642=DIRECTION('',(0.,-1.,0.));
#4643=DIRECTION('',(0.,0.,-1.));
#4644=DIRECTION('',(-0.707106781186547,0.,-0.707106781186547));
#4645=DIRECTION('',(-0.707106781186547,0.,-0.707106781186547));
#4646=DIRECTION('',(0.588348405414552,-0.554700196225229,-0.588348405414552));
#4647=DIRECTION('',(-0.707106781186548,0.,-0.707106781186548));
#4648=DIRECTION('',(-0.588348405414552,-0.554700196225229,0.588348405414552));
#4649=DIRECTION('',(0.707106781186548,0.,0.707106781186548));
#4650=CARTESIAN_POINT('',(0.,0.,0.));
#4651=CARTESIAN_POINT('',(-2.9,13.1,4.3));
#4652=CARTESIAN_POINT('',(-3.74644660940673,13.1,5.14644660940673));
#4653=CARTESIAN_POINT('',(-2.9,13.1,5.99289321881345));
#4654=CARTESIAN_POINT('',(-4.59289321881345,13.1,4.3));
#4655=CARTESIAN_POINT('',(-2.9,13.1,4.3));
#4656=CARTESIAN_POINT('',(-2.9,13.1,4.3));
#4657=CARTESIAN_POINT('',(-2.9,13.1,4.3));
#4658=CARTESIAN_POINT('',(-2.9,13.1,7.8));
#4659=CARTESIAN_POINT('',(-3.74644660940673,13.1,8.64644660940673));
#4660=CARTESIAN_POINT('',(-2.9,13.1,9.49289321881345));
#4661=CARTESIAN_POINT('',(-4.59289321881345,13.1,7.8));
#4662=CARTESIAN_POINT('',(-2.9,13.1,7.8));
#4663=CARTESIAN_POINT('',(-2.9,13.1,7.8));
#4664=CARTESIAN_POINT('',(-2.9,13.1,7.8));
#4665=CARTESIAN_POINT('',(-2.9,13.1,0.8));
#4666=CARTESIAN_POINT('',(-3.74644660940673,13.1,1.64644660940673));
#4667=CARTESIAN_POINT('',(-2.9,13.1,2.49289321881345));
#4668=CARTESIAN_POINT('',(-4.59289321881345,13.1,0.800000000000001));
#4669=CARTESIAN_POINT('',(-2.9,13.1,0.8));
#4670=CARTESIAN_POINT('',(-2.9,13.1,0.8));
#4671=CARTESIAN_POINT('',(-2.9,13.1,0.8));
#4672=CARTESIAN_POINT('',(-0.207106781186544,11.5,10.5));
#4673=CARTESIAN_POINT('',(-0.207106781186544,11.5,4.3));
#4674=CARTESIAN_POINT('',(-2.5,11.5,4.3));
#4675=CARTESIAN_POINT('',(-4.8,11.5,4.3));
#4676=CARTESIAN_POINT('',(-2.5,11.5,10.5));
#4677=CARTESIAN_POINT('',(-2.5,11.5,7.));
#4678=CARTESIAN_POINT('',(-0.207106781186544,11.5,7.));
#4679=CARTESIAN_POINT('',(-4.8,11.5,7.));
#4680=CARTESIAN_POINT('',(-4.8,11.5,10.5));
#4681=CARTESIAN_POINT('',(0.95,11.5,6.4));
#4682=CARTESIAN_POINT('',(-0.207106781186547,11.5,6.4));
#4683=CARTESIAN_POINT('',(-0.55,11.5,6.4));
#4684=CARTESIAN_POINT('',(-0.55,11.5,5.25));
#4685=CARTESIAN_POINT('',(-0.55,11.5,4.1));
#4686=CARTESIAN_POINT('',(0.95,11.5,4.1));
#4687=CARTESIAN_POINT('',(-0.207106781186544,11.5,4.1));
#4688=CARTESIAN_POINT('',(-0.207106781186544,11.5,10.5));
#4689=CARTESIAN_POINT('',(-0.207106781186544,11.5,2.9));
#4690=CARTESIAN_POINT('',(0.95,11.5,2.9));
#4691=CARTESIAN_POINT('',(-0.55,11.5,2.9));
#4692=CARTESIAN_POINT('',(-0.55,11.5,1.75));
#4693=CARTESIAN_POINT('',(-0.55,11.5,0.6));
#4694=CARTESIAN_POINT('',(0.95,11.5,0.6));
#4695=CARTESIAN_POINT('',(-0.207106781186544,11.5,0.6));
#4696=CARTESIAN_POINT('',(-0.207106781186544,11.5,10.5));
#4697=CARTESIAN_POINT('',(-0.207106781186544,11.5,0.));
#4698=CARTESIAN_POINT('',(-0.207106781186544,11.5,0.));
#4699=CARTESIAN_POINT('',(-6.11276469208288,11.5,0.));
#4700=CARTESIAN_POINT('',(-6.11276469208288,11.5,10.5));
#4701=CARTESIAN_POINT('',(-6.11276469208288,11.5,12.));
#4702=CARTESIAN_POINT('',(-0.207106781186544,11.5,12.));
#4703=CARTESIAN_POINT('',(-0.207106781186544,11.5,12.));
#4704=CARTESIAN_POINT('',(-0.207106781186544,11.5,10.5));
#4705=CARTESIAN_POINT('',(-0.207106781186547,11.5,9.9));
#4706=CARTESIAN_POINT('',(0.95,11.5,9.9));
#4707=CARTESIAN_POINT('',(-0.55,11.5,9.9));
#4708=CARTESIAN_POINT('',(-0.55,11.5,8.75));
#4709=CARTESIAN_POINT('',(-0.55,11.5,7.6));
#4710=CARTESIAN_POINT('',(0.95,11.5,7.6));
#4711=CARTESIAN_POINT('',(-0.207106781186547,11.5,7.6));
#4712=CARTESIAN_POINT('',(-0.207106781186544,11.5,10.5));
#4713=CARTESIAN_POINT('',(-0.207106781186544,11.5,0.8));
#4714=CARTESIAN_POINT('',(-2.5,11.5,0.8));
#4715=CARTESIAN_POINT('',(-4.8,11.5,0.8));
#4716=CARTESIAN_POINT('',(-2.5,11.5,10.5));
#4717=CARTESIAN_POINT('',(-2.5,11.5,3.5));
#4718=CARTESIAN_POINT('',(-0.207106781186544,11.5,3.5));
#4719=CARTESIAN_POINT('',(-4.8,11.5,3.5));
#4720=CARTESIAN_POINT('',(-4.8,11.5,10.5));
#4721=CARTESIAN_POINT('',(-0.207106781186544,11.5,7.8));
#4722=CARTESIAN_POINT('',(-2.5,11.5,7.8));
#4723=CARTESIAN_POINT('',(-4.8,11.5,7.8));
#4724=CARTESIAN_POINT('',(-2.5,11.5,10.5));
#4725=CARTESIAN_POINT('',(-2.5,11.5,10.5));
#4726=CARTESIAN_POINT('',(-0.207106781186544,11.5,10.5));
#4727=CARTESIAN_POINT('',(-4.8,11.5,10.5));
#4728=CARTESIAN_POINT('',(-4.8,11.5,10.5));
#4729=CARTESIAN_POINT('',(-0.207106781186547,11.,10.5));
#4730=CARTESIAN_POINT('',(-0.207106781186547,11.,4.35));
#4731=CARTESIAN_POINT('',(0.14644660940673,11.3535533905933,4.17322330470336));
#4732=CARTESIAN_POINT('',(0.14644660940673,11.3535533905933,10.5));
#4733=CARTESIAN_POINT('',(0.146446609406731,11.3535533905933,2.82677669529664));
#4734=CARTESIAN_POINT('',(-0.207106781186547,11.,2.65));
#4735=CARTESIAN_POINT('',(4.55355339059327,6.94644660940673,10.5));
#4736=CARTESIAN_POINT('',(3.13649190274958,8.36350809725043,4.83175404862521));
#4737=CARTESIAN_POINT('',(0.14644660940673,11.3535533905933,6.32677669529664));
#4738=CARTESIAN_POINT('',(0.483794065852769,11.0162059341472,6.15810296707362));
#4739=CARTESIAN_POINT('',(0.14644660940673,11.3535533905933,10.5));
#4740=CARTESIAN_POINT('',(0.146446609406731,11.3535533905933,7.67322330470336));
#4741=CARTESIAN_POINT('',(4.69204745830513,6.80795254169487,9.94602372915257));
#4742=CARTESIAN_POINT('',(0.483794065852769,11.0162059341472,7.84189703292639));
#4743=CARTESIAN_POINT('',(1.5,10.,8.75));
#4744=CARTESIAN_POINT('',(0.483794065852769,11.0162059341472,9.65810296707362));
#4745=CARTESIAN_POINT('',(3.91426968052735,7.58573031947265,7.94286515973632));
#4746=CARTESIAN_POINT('',(0.14644660940673,11.3535533905933,9.82677669529664));
#4747=CARTESIAN_POINT('',(0.14644660940673,11.3535533905933,10.5));
#4748=CARTESIAN_POINT('',(0.14644660940673,11.3535533905933,12.));
#4749=CARTESIAN_POINT('',(4.55355339059327,6.94644660940673,12.));
#4750=CARTESIAN_POINT('',(4.55355339059327,6.94644660940673,12.));
#4751=CARTESIAN_POINT('',(4.55355339059327,6.94644660940673,10.5));
#4752=CARTESIAN_POINT('',(4.55355339059327,6.94644660940673,0.));
#4753=CARTESIAN_POINT('',(4.55355339059327,6.94644660940673,0.));
#4754=CARTESIAN_POINT('',(0.14644660940673,11.3535533905933,0.));
#4755=CARTESIAN_POINT('',(0.14644660940673,11.3535533905933,10.5));
#4756=CARTESIAN_POINT('',(0.146446609406731,11.3535533905933,0.673223304703361));
#4757=CARTESIAN_POINT('',(6.24760301386069,5.25239698613931,3.72380150693035));
#4758=CARTESIAN_POINT('',(0.483794065852769,11.0162059341472,0.841897032926385));
#4759=CARTESIAN_POINT('',(1.5,10.,1.75));
#4760=CARTESIAN_POINT('',(0.483794065852769,11.0162059341472,2.65810296707361));
#4761=CARTESIAN_POINT('',(2.3587141249718,9.1412858750282,1.7206429375141));
#4762=CARTESIAN_POINT('',(5.46982523608291,6.03017476391709,6.83491261804146));
#4763=CARTESIAN_POINT('',(0.483794065852769,11.0162059341472,4.34189703292638));
#4764=CARTESIAN_POINT('',(1.5,10.,5.25));
#4765=CARTESIAN_POINT('',(-0.55,11.5,8.75));
#4766=CARTESIAN_POINT('',(-0.55,11.5,9.9));
#4767=CARTESIAN_POINT('',(-0.55,10.8,9.55));
#4768=CARTESIAN_POINT('',(-0.55,10.8,8.75));
#4769=CARTESIAN_POINT('',(-0.55,10.8,7.95));
#4770=CARTESIAN_POINT('',(-0.55,11.5,7.6));
#4771=CARTESIAN_POINT('',(-0.55,9.8,8.75));
#4772=CARTESIAN_POINT('',(-0.55,10.8,9.55));
#4773=CARTESIAN_POINT('',(-0.55,9.8,9.55));
#4774=CARTESIAN_POINT('',(-0.55,9.8,8.75));
#4775=CARTESIAN_POINT('',(-0.55,9.8,7.95));
#4776=CARTESIAN_POINT('',(-0.55,10.8,7.95));
#4777=CARTESIAN_POINT('',(-0.55,11.5,5.25));
#4778=CARTESIAN_POINT('',(-0.55,11.5,6.4));
#4779=CARTESIAN_POINT('',(-0.55,10.8,6.05));
#4780=CARTESIAN_POINT('',(-0.55,10.8,5.25));
#4781=CARTESIAN_POINT('',(-0.55,10.8,4.45));
#4782=CARTESIAN_POINT('',(-0.55,11.5,4.1));
#4783=CARTESIAN_POINT('',(-0.55,9.8,5.25));
#4784=CARTESIAN_POINT('',(-0.55,10.8,6.05));
#4785=CARTESIAN_POINT('',(-0.55,9.8,6.05));
#4786=CARTESIAN_POINT('',(-0.55,9.8,5.25));
#4787=CARTESIAN_POINT('',(-0.55,9.8,4.45));
#4788=CARTESIAN_POINT('',(-0.55,10.8,4.45));
#4789=CARTESIAN_POINT('',(-0.207106781186547,11.,10.5));
#4790=CARTESIAN_POINT('',(-0.207106781186547,11.,6.15));
#4791=CARTESIAN_POINT('',(-0.207106781186547,11.,7.85));
#4792=CARTESIAN_POINT('',(-0.207106781186547,11.,10.5));
#4793=CARTESIAN_POINT('',(-0.207106781186547,11.,9.65));
#4794=CARTESIAN_POINT('',(-0.207106781186547,11.,12.));
#4795=CARTESIAN_POINT('',(1.5,10.,5.25));
#4796=CARTESIAN_POINT('',(0.48379406585277,11.0162059341472,4.34189703292638));
#4797=CARTESIAN_POINT('',(0.436284391639867,10.9443219333537,4.37783903332314));
#4798=CARTESIAN_POINT('',(0.389107015335223,10.8722628195204,4.4138685902398));
#4799=CARTESIAN_POINT('',(0.342316194902173,10.8,4.45));
#4800=CARTESIAN_POINT('',(0.342316194902173,10.8,4.45));
#4801=CARTESIAN_POINT('',(0.342316194902172,10.8,4.45));
#4802=CARTESIAN_POINT('',(0.310919349264157,10.7146815103461,4.45));
#4803=CARTESIAN_POINT('',(0.279858458889512,10.6292472823267,4.45));
#4804=CARTESIAN_POINT('',(0.249228687160409,10.543664531653,4.45));
#4805=CARTESIAN_POINT('',(0.249228687160409,10.543664531653,4.45));
#4806=CARTESIAN_POINT('',(1.14644660940673,9.64644660940673,5.25));
#4807=CARTESIAN_POINT('',(0.249228687160409,10.543664531653,6.05));
#4808=CARTESIAN_POINT('',(0.249228687160409,10.543664531653,6.05));
#4809=CARTESIAN_POINT('',(0.279859244700059,10.6292494779626,6.05));
#4810=CARTESIAN_POINT('',(0.310920090743562,10.7146835252588,6.05));
#4811=CARTESIAN_POINT('',(0.342316194902164,10.8,6.05));
#4812=CARTESIAN_POINT('',(0.342316194902095,10.8,6.05));
#4813=CARTESIAN_POINT('',(0.342316194902153,10.8,6.04999999999998));
#4814=CARTESIAN_POINT('',(0.389107015335209,10.8722628195204,6.08613140976019));
#4815=CARTESIAN_POINT('',(0.43628439163986,10.9443219333537,6.12216096667685));
#4816=CARTESIAN_POINT('',(0.483794065852769,11.0162059341472,6.15810296707362));
#4817=CARTESIAN_POINT('',(0.43933982822018,8.93933982822018,5.25));
#4818=CARTESIAN_POINT('',(-0.457878094026137,9.8365577504665,4.45));
#4819=CARTESIAN_POINT('',(-0.457878094026138,9.8365577504665,4.45));
#4820=CARTESIAN_POINT('',(0.43933982822018,8.93933982822018,5.25));
#4821=CARTESIAN_POINT('',(-0.457878094026138,9.8365577504665,6.05));
#4822=CARTESIAN_POINT('',(-0.457878094026138,9.8365577504665,6.05));
#4823=CARTESIAN_POINT('',(1.5,7.87867965644036,5.25));
#4824=CARTESIAN_POINT('',(-0.421320343559642,9.8,4.45));
#4825=CARTESIAN_POINT('',(-0.421320343559642,9.8,6.05));
#4826=CARTESIAN_POINT('',(-0.421320343559643,9.8,4.45));
#4827=CARTESIAN_POINT('',(1.5,7.87867965644036,6.05));
#4828=CARTESIAN_POINT('',(1.5,7.87867965644036,4.45));
#4829=CARTESIAN_POINT('',(1.5,10.,8.75));
#4830=CARTESIAN_POINT('',(0.48379406585277,11.0162059341472,7.84189703292638));
#4831=CARTESIAN_POINT('',(0.436284391639867,10.9443219333537,7.87783903332314));
#4832=CARTESIAN_POINT('',(0.389107015335222,10.8722628195204,7.9138685902398));
#4833=CARTESIAN_POINT('',(0.342316194902173,10.8,7.95));
#4834=CARTESIAN_POINT('',(0.342316194902173,10.8,7.95));
#4835=CARTESIAN_POINT('',(0.342316194902172,10.8,7.95));
#4836=CARTESIAN_POINT('',(0.310919349264157,10.7146815103461,7.95));
#4837=CARTESIAN_POINT('',(0.279858458889512,10.6292472823267,7.95));
#4838=CARTESIAN_POINT('',(0.249228687160409,10.543664531653,7.95));
#4839=CARTESIAN_POINT('',(0.249228687160409,10.543664531653,7.95));
#4840=CARTESIAN_POINT('',(1.14644660940673,9.64644660940673,8.75));
#4841=CARTESIAN_POINT('',(0.249228687160408,10.543664531653,9.55));
#4842=CARTESIAN_POINT('',(0.249228687160408,10.543664531653,9.55));
#4843=CARTESIAN_POINT('',(0.279859244700058,10.6292494779626,9.55));
#4844=CARTESIAN_POINT('',(0.310920090743562,10.7146835252588,9.55));
#4845=CARTESIAN_POINT('',(0.342316194902163,10.8,9.55));
#4846=CARTESIAN_POINT('',(0.342316194902094,10.8,9.55));
#4847=CARTESIAN_POINT('',(0.342316194902152,10.8,9.54999999999998));
#4848=CARTESIAN_POINT('',(0.389107015335209,10.8722628195204,9.58613140976019));
#4849=CARTESIAN_POINT('',(0.43628439163986,10.9443219333537,9.62216096667685));
#4850=CARTESIAN_POINT('',(0.48379406585277,11.0162059341472,9.65810296707362));
#4851=CARTESIAN_POINT('',(0.43933982822018,8.93933982822018,8.75));
#4852=CARTESIAN_POINT('',(-0.457878094026137,9.8365577504665,7.95));
#4853=CARTESIAN_POINT('',(-0.457878094026138,9.8365577504665,7.95));
#4854=CARTESIAN_POINT('',(0.43933982822018,8.93933982822018,8.75));
#4855=CARTESIAN_POINT('',(-0.457878094026138,9.8365577504665,9.55));
#4856=CARTESIAN_POINT('',(-0.457878094026138,9.8365577504665,9.55));
#4857=CARTESIAN_POINT('',(1.5,7.87867965644036,8.75));
#4858=CARTESIAN_POINT('',(-0.421320343559642,9.8,7.95));
#4859=CARTESIAN_POINT('',(-0.421320343559642,9.8,9.55));
#4860=CARTESIAN_POINT('',(-0.421320343559643,9.8,7.95));
#4861=CARTESIAN_POINT('',(1.5,7.87867965644036,9.55));
#4862=CARTESIAN_POINT('',(1.5,7.87867965644036,7.95));
#4863=CARTESIAN_POINT('',(-0.55,11.5,1.75));
#4864=CARTESIAN_POINT('',(-0.55,11.5,2.9));
#4865=CARTESIAN_POINT('',(-0.55,10.8,2.55));
#4866=CARTESIAN_POINT('',(-0.55,10.8,1.75));
#4867=CARTESIAN_POINT('',(-0.55,10.8,0.95));
#4868=CARTESIAN_POINT('',(-0.55,11.5,0.6));
#4869=CARTESIAN_POINT('',(-0.55,9.8,1.75));
#4870=CARTESIAN_POINT('',(-0.55,10.8,2.55));
#4871=CARTESIAN_POINT('',(-0.55,9.8,2.55));
#4872=CARTESIAN_POINT('',(-0.55,9.8,1.75));
#4873=CARTESIAN_POINT('',(-0.55,9.8,0.95));
#4874=CARTESIAN_POINT('',(-0.55,10.8,0.95));
#4875=CARTESIAN_POINT('',(-0.207106781186547,11.,10.5));
#4876=CARTESIAN_POINT('',(-0.207106781186547,11.,0.850000000000002));
#4877=CARTESIAN_POINT('',(-0.207106781186547,11.,0.));
#4878=CARTESIAN_POINT('',(1.5,10.,1.75));
#4879=CARTESIAN_POINT('',(0.483794065852769,11.0162059341472,0.841897032926385));
#4880=CARTESIAN_POINT('',(0.436284391639867,10.9443219333537,0.877839033323142));
#4881=CARTESIAN_POINT('',(0.389107015335222,10.8722628195204,0.913868590239796));
#4882=CARTESIAN_POINT('',(0.342316194902172,10.8,0.95));
#4883=CARTESIAN_POINT('',(0.342316194902173,10.8,0.95));
#4884=CARTESIAN_POINT('',(0.342316194902172,10.8,0.95));
#4885=CARTESIAN_POINT('',(0.310919349264156,10.7146815103461,0.95));
#4886=CARTESIAN_POINT('',(0.279858458889512,10.6292472823267,0.95));
#4887=CARTESIAN_POINT('',(0.249228687160409,10.543664531653,0.95));
#4888=CARTESIAN_POINT('',(0.249228687160409,10.543664531653,0.95));
#4889=CARTESIAN_POINT('',(1.14644660940673,9.64644660940673,1.75));
#4890=CARTESIAN_POINT('',(0.249228687160409,10.543664531653,2.55));
#4891=CARTESIAN_POINT('',(0.249228687160409,10.543664531653,2.55));
#4892=CARTESIAN_POINT('',(0.279859244700059,10.6292494779626,2.55));
#4893=CARTESIAN_POINT('',(0.310920090743562,10.7146835252588,2.55));
#4894=CARTESIAN_POINT('',(0.342316194902164,10.8,2.55));
#4895=CARTESIAN_POINT('',(0.342316194902094,10.8,2.55));
#4896=CARTESIAN_POINT('',(0.342316194902152,10.8,2.54999999999998));
#4897=CARTESIAN_POINT('',(0.389107015335208,10.8722628195204,2.58613140976019));
#4898=CARTESIAN_POINT('',(0.436284391639859,10.9443219333537,2.62216096667685));
#4899=CARTESIAN_POINT('',(0.483794065852769,11.0162059341472,2.65810296707361));
#4900=CARTESIAN_POINT('',(0.43933982822018,8.93933982822018,1.75));
#4901=CARTESIAN_POINT('',(-0.457878094026137,9.8365577504665,0.95));
#4902=CARTESIAN_POINT('',(-0.457878094026138,9.8365577504665,0.95));
#4903=CARTESIAN_POINT('',(0.43933982822018,8.93933982822018,1.75));
#4904=CARTESIAN_POINT('',(-0.457878094026138,9.8365577504665,2.55));
#4905=CARTESIAN_POINT('',(-0.457878094026138,9.8365577504665,2.55));
#4906=CARTESIAN_POINT('',(1.5,7.87867965644036,1.75));
#4907=CARTESIAN_POINT('',(-0.421320343559642,9.8,0.95));
#4908=CARTESIAN_POINT('',(-0.421320343559642,9.8,2.55));
#4909=CARTESIAN_POINT('',(-0.421320343559643,9.8,0.95));
#4910=CARTESIAN_POINT('',(1.5,7.87867965644036,2.55));
#4911=CARTESIAN_POINT('',(1.5,7.87867965644036,0.95));
#4912=CARTESIAN_POINT('',(-0.55,9.8,7.95));
#4913=CARTESIAN_POINT('',(0.95,9.8,9.55));
#4914=CARTESIAN_POINT('',(0.95,9.8,7.95));
#4915=CARTESIAN_POINT('',(-0.55,9.8,4.45));
#4916=CARTESIAN_POINT('',(0.95,9.8,6.05));
#4917=CARTESIAN_POINT('',(0.95,9.8,4.45));
#4918=CARTESIAN_POINT('',(-0.55,9.8,0.95));
#4919=CARTESIAN_POINT('',(0.95,9.8,2.55));
#4920=CARTESIAN_POINT('',(0.95,9.8,0.95));
#4921=CARTESIAN_POINT('',(-7.3,0.3,10.5));
#4922=CARTESIAN_POINT('',(-7.3,0.3,5.625));
#4923=CARTESIAN_POINT('',(-4.8,0.3,5.625));
#4924=CARTESIAN_POINT('',(-5.2,0.3,5.625));
#4925=CARTESIAN_POINT('',(-4.8,0.3,10.5));
#4926=CARTESIAN_POINT('',(-4.8,0.3,4.875));
#4927=CARTESIAN_POINT('',(-7.3,0.3,4.875));
#4928=CARTESIAN_POINT('',(-5.2,0.3,4.875));
#4929=CARTESIAN_POINT('',(-5.2,0.3,10.5));
#4930=CARTESIAN_POINT('',(-7.3,0.3,9.125));
#4931=CARTESIAN_POINT('',(0.200000000000001,0.3,9.125));
#4932=CARTESIAN_POINT('',(-0.2,0.3,9.125));
#4933=CARTESIAN_POINT('',(0.2,0.3,10.5));
#4934=CARTESIAN_POINT('',(0.200000000000001,0.3,8.375));
#4935=CARTESIAN_POINT('',(-7.3,0.3,8.375));
#4936=CARTESIAN_POINT('',(-0.2,0.3,8.375));
#4937=CARTESIAN_POINT('',(-0.2,0.3,10.5));
#4938=CARTESIAN_POINT('',(-7.3,0.3,2.125));
#4939=CARTESIAN_POINT('',(0.200000000000001,0.3,2.125));
#4940=CARTESIAN_POINT('',(-0.2,0.3,2.125));
#4941=CARTESIAN_POINT('',(0.2,0.3,10.5));
#4942=CARTESIAN_POINT('',(0.200000000000001,0.3,1.375));
#4943=CARTESIAN_POINT('',(-7.3,0.3,1.375));
#4944=CARTESIAN_POINT('',(-0.2,0.3,1.375));
#4945=CARTESIAN_POINT('',(-0.2,0.3,10.5));
#4946=CARTESIAN_POINT('',(-7.3,0.3,10.5));
#4947=CARTESIAN_POINT('',(-7.3,0.3,10.5));
#4948=CARTESIAN_POINT('',(-7.3,0.3,9.5));
#4949=CARTESIAN_POINT('',(-7.3,0.3,9.5));
#4950=CARTESIAN_POINT('',(-6.5,0.3,9.5));
#4951=CARTESIAN_POINT('',(-6.5,0.3,10.5));
#4952=CARTESIAN_POINT('',(-6.5,0.3,7.));
#4953=CARTESIAN_POINT('',(-7.3,0.3,7.));
#4954=CARTESIAN_POINT('',(-7.3,0.3,7.));
#4955=CARTESIAN_POINT('',(-7.3,0.3,10.5));
#4956=CARTESIAN_POINT('',(-7.3,0.3,6.));
#4957=CARTESIAN_POINT('',(-7.3,0.3,6.));
#4958=CARTESIAN_POINT('',(-6.5,0.3,6.));
#4959=CARTESIAN_POINT('',(-6.5,0.3,10.5));
#4960=CARTESIAN_POINT('',(-6.5,0.3,3.5));
#4961=CARTESIAN_POINT('',(-7.3,0.3,3.5));
#4962=CARTESIAN_POINT('',(-7.3,0.3,3.5));
#4963=CARTESIAN_POINT('',(-7.3,0.3,10.5));
#4964=CARTESIAN_POINT('',(-7.3,0.3,2.5));
#4965=CARTESIAN_POINT('',(-7.3,0.3,2.5));
#4966=CARTESIAN_POINT('',(-6.5,0.3,2.5));
#4967=CARTESIAN_POINT('',(-6.5,0.3,10.5));
#4968=CARTESIAN_POINT('',(-6.5,0.3,0.));
#4969=CARTESIAN_POINT('',(-7.3,0.3,0.));
#4970=CARTESIAN_POINT('',(3.9,0.3,0.));
#4971=CARTESIAN_POINT('',(3.9,0.3,10.5));
#4972=CARTESIAN_POINT('',(3.9,0.3,2.5));
#4973=CARTESIAN_POINT('',(-7.3,0.3,2.5));
#4974=CARTESIAN_POINT('',(4.7,0.3,2.5));
#4975=CARTESIAN_POINT('',(4.7,0.3,10.5));
#4976=CARTESIAN_POINT('',(4.7,0.3,3.5));
#4977=CARTESIAN_POINT('',(-7.3,0.3,3.5));
#4978=CARTESIAN_POINT('',(3.9,0.3,3.5));
#4979=CARTESIAN_POINT('',(3.9,0.3,10.5));
#4980=CARTESIAN_POINT('',(3.9,0.3,6.));
#4981=CARTESIAN_POINT('',(-7.3,0.3,6.));
#4982=CARTESIAN_POINT('',(4.7,0.3,6.));
#4983=CARTESIAN_POINT('',(4.7,0.3,10.5));
#4984=CARTESIAN_POINT('',(4.7,0.3,7.));
#4985=CARTESIAN_POINT('',(-7.3,0.3,7.));
#4986=CARTESIAN_POINT('',(3.9,0.3,7.));
#4987=CARTESIAN_POINT('',(3.9,0.3,10.5));
#4988=CARTESIAN_POINT('',(3.9,0.3,9.5));
#4989=CARTESIAN_POINT('',(-7.3,0.3,9.5));
#4990=CARTESIAN_POINT('',(4.7,0.3,9.5));
#4991=CARTESIAN_POINT('',(4.7,0.3,10.5));
#4992=CARTESIAN_POINT('',(4.7,0.3,10.5));
#4993=CARTESIAN_POINT('',(-7.3,0.3,10.5));
#4994=CARTESIAN_POINT('',(3.9,0.3,10.5));
#4995=CARTESIAN_POINT('',(3.9,0.3,12.));
#4996=CARTESIAN_POINT('',(3.9,0.3,12.));
#4997=CARTESIAN_POINT('',(-6.5,0.3,12.));
#4998=CARTESIAN_POINT('',(-6.5,0.3,12.));
#4999=CARTESIAN_POINT('',(-6.5,0.3,12.));
#5000=CARTESIAN_POINT('',(-6.5,0.3,10.5));
#5001=CARTESIAN_POINT('',(-7.3,0.3,10.5));
#5002=CARTESIAN_POINT('',(-7.3,9.2,10.5));
#5003=CARTESIAN_POINT('',(-7.3,9.2,0.));
#5004=CARTESIAN_POINT('',(-7.3,9.2,0.));
#5005=CARTESIAN_POINT('',(-7.3,5.7,0.));
#5006=CARTESIAN_POINT('',(-7.3,5.7,10.5));
#5007=CARTESIAN_POINT('',(-7.3,5.7,12.));
#5008=CARTESIAN_POINT('',(-7.3,9.2,12.));
#5009=CARTESIAN_POINT('',(-7.3,9.2,12.));
#5010=CARTESIAN_POINT('',(-7.3,9.2,10.5));
#5011=CARTESIAN_POINT('',(-7.3,5.55,10.5));
#5012=CARTESIAN_POINT('',(-7.3,5.55,0.));
#5013=CARTESIAN_POINT('',(-7.15,5.55,0.));
#5014=CARTESIAN_POINT('',(-7.15,5.55,10.5));
#5015=CARTESIAN_POINT('',(-7.15,5.55,12.));
#5016=CARTESIAN_POINT('',(-7.3,5.55,12.));
#5017=CARTESIAN_POINT('',(-7.15,5.55,10.5));
#5018=CARTESIAN_POINT('',(-7.15,5.55,0.));
#5019=CARTESIAN_POINT('',(-7.15,4.25,0.));
#5020=CARTESIAN_POINT('',(-7.15,4.25,10.5));
#5021=CARTESIAN_POINT('',(-7.15,4.25,12.));
#5022=CARTESIAN_POINT('',(-7.15,5.55,12.));
#5023=CARTESIAN_POINT('',(-7.3,4.25,10.5));
#5024=CARTESIAN_POINT('',(-7.3,4.25,0.));
#5025=CARTESIAN_POINT('',(-7.3,4.1,0.));
#5026=CARTESIAN_POINT('',(-7.3,4.1,10.5));
#5027=CARTESIAN_POINT('',(-7.3,4.1,12.));
#5028=CARTESIAN_POINT('',(-7.3,4.25,12.));
#5029=CARTESIAN_POINT('',(-7.3,4.1,10.5));
#5030=CARTESIAN_POINT('',(-7.3,1.,7.));
#5031=CARTESIAN_POINT('',(-7.3,0.2,7.));
#5032=CARTESIAN_POINT('',(-7.3,0.2,9.5));
#5033=CARTESIAN_POINT('',(-7.3,0.2,9.5));
#5034=CARTESIAN_POINT('',(-7.3,1.,9.5));
#5035=CARTESIAN_POINT('',(-7.3,4.1,10.5));
#5036=CARTESIAN_POINT('',(-7.3,0.2,10.5));
#5037=CARTESIAN_POINT('',(-7.3,0.2,12.));
#5038=CARTESIAN_POINT('',(-7.3,0.2,12.));
#5039=CARTESIAN_POINT('',(-7.3,4.1,12.));
#5040=CARTESIAN_POINT('',(-7.3,4.1,0.));
#5041=CARTESIAN_POINT('',(-7.3,0.2,0.));
#5042=CARTESIAN_POINT('',(-7.3,0.2,2.5));
#5043=CARTESIAN_POINT('',(-7.3,0.2,2.5));
#5044=CARTESIAN_POINT('',(-7.3,1.,2.5));
#5045=CARTESIAN_POINT('',(-7.3,1.,3.5));
#5046=CARTESIAN_POINT('',(-7.3,0.2,3.5));
#5047=CARTESIAN_POINT('',(-7.3,0.2,6.));
#5048=CARTESIAN_POINT('',(-7.3,0.2,6.));
#5049=CARTESIAN_POINT('',(-7.3,1.,6.));
#5050=CARTESIAN_POINT('',(4.7,0.3,10.5));
#5051=CARTESIAN_POINT('',(4.7,0.2,9.5));
#5052=CARTESIAN_POINT('',(4.7,0.2,9.5));
#5053=CARTESIAN_POINT('',(4.7,0.2,9.5));
#5054=CARTESIAN_POINT('',(4.7,0.2,7.));
#5055=CARTESIAN_POINT('',(4.7,0.2,7.));
#5056=CARTESIAN_POINT('',(4.7,0.2,6.));
#5057=CARTESIAN_POINT('',(4.7,0.2,6.));
#5058=CARTESIAN_POINT('',(4.7,0.2,6.));
#5059=CARTESIAN_POINT('',(4.7,0.2,3.5));
#5060=CARTESIAN_POINT('',(4.7,0.2,3.5));
#5061=CARTESIAN_POINT('',(4.7,0.2,2.5));
#5062=CARTESIAN_POINT('',(4.7,0.2,2.5));
#5063=CARTESIAN_POINT('',(4.7,0.2,2.5));
#5064=CARTESIAN_POINT('',(4.7,0.2,0.));
#5065=CARTESIAN_POINT('',(4.7,0.3,0.));
#5066=CARTESIAN_POINT('',(4.7,6.59289321881345,0.));
#5067=CARTESIAN_POINT('',(4.7,6.59289321881345,10.5));
#5068=CARTESIAN_POINT('',(4.7,6.59289321881345,12.));
#5069=CARTESIAN_POINT('',(4.7,0.2,12.));
#5070=CARTESIAN_POINT('',(4.7,0.2,12.));
#5071=CARTESIAN_POINT('',(4.7,0.2,12.));
#5072=CARTESIAN_POINT('',(4.7,0.2,10.5));
#5073=CARTESIAN_POINT('',(4.7,0.2,10.5));
#5074=CARTESIAN_POINT('',(4.20000000000002,6.59289321881346,10.5));
#5075=CARTESIAN_POINT('',(4.20000000000002,6.59289321881346,0.));
#5076=CARTESIAN_POINT('',(4.2,6.59289321881345,12.));
#5077=CARTESIAN_POINT('',(-6.11276469208288,11.,10.5));
#5078=CARTESIAN_POINT('',(-6.11276469208288,11.,0.));
#5079=CARTESIAN_POINT('',(-6.58261100247583,11.1710100716628,0.));
#5080=CARTESIAN_POINT('',(-6.58261100247583,11.1710100716628,10.5));
#5081=CARTESIAN_POINT('',(-6.58261100247583,11.1710100716628,12.));
#5082=CARTESIAN_POINT('',(-6.11276469208288,11.,12.));
#5083=CARTESIAN_POINT('',(-6.58261100247583,11.1710100716628,10.5));
#5084=CARTESIAN_POINT('',(-6.58261100247583,11.1710100716628,0.));
#5085=CARTESIAN_POINT('',(-6.58261100247583,11.1710100716628,12.));
#5086=CARTESIAN_POINT('',(-7.3,5.55,0.));
#5087=CARTESIAN_POINT('',(-6.5,0.,0.));
#5088=CARTESIAN_POINT('',(-6.5,0.,0.));
#5089=CARTESIAN_POINT('',(-7.1,0.,0.));
#5090=CARTESIAN_POINT('',(-7.1,1.62630325872826E-16,0.));
#5091=CARTESIAN_POINT('',(-7.1,0.2,0.));
#5092=CARTESIAN_POINT('',(4.5,0.2,0.));
#5093=CARTESIAN_POINT('',(4.5,0.,0.));
#5094=CARTESIAN_POINT('',(3.9,0.,0.));
#5095=CARTESIAN_POINT('',(3.9,0.,0.));
#5096=CARTESIAN_POINT('',(3.9,0.5,0.));
#5097=CARTESIAN_POINT('',(3.9,0.,2.5));
#5098=CARTESIAN_POINT('',(4.5,0.,2.5));
#5099=CARTESIAN_POINT('',(4.5,0.,2.5));
#5100=CARTESIAN_POINT('',(3.9,0.,2.5));
#5101=CARTESIAN_POINT('',(3.9,0.,2.5));
#5102=CARTESIAN_POINT('',(3.9,0.,2.5));
#5103=CARTESIAN_POINT('',(4.5,0.2,2.5));
#5104=CARTESIAN_POINT('',(4.5,0.2,2.5));
#5105=CARTESIAN_POINT('',(-7.1,0.2,2.5));
#5106=CARTESIAN_POINT('',(3.9,0.5,2.5));
#5107=CARTESIAN_POINT('',(3.9,0.5,2.5));
#5108=CARTESIAN_POINT('',(-7.1,0.2,2.5));
#5109=CARTESIAN_POINT('',(-7.1,0.2,2.5));
#5110=CARTESIAN_POINT('',(-7.1,1.62630325872826E-16,2.5));
#5111=CARTESIAN_POINT('',(-7.1,0.,2.5));
#5112=CARTESIAN_POINT('',(-6.5,0.,2.5));
#5113=CARTESIAN_POINT('',(-6.5,0.,2.5));
#5114=CARTESIAN_POINT('',(-6.5,0.,2.5));
#5115=CARTESIAN_POINT('',(-6.5,0.,2.5));
#5116=CARTESIAN_POINT('',(-7.1,0.2,2.5));
#5117=CARTESIAN_POINT('',(-7.1,1.62630325872826E-16,2.5));
#5118=CARTESIAN_POINT('',(-7.1,0.,2.5));
#5119=CARTESIAN_POINT('',(3.9,0.,6.));
#5120=CARTESIAN_POINT('',(3.9,0.,3.5));
#5121=CARTESIAN_POINT('',(3.9,0.,3.5));
#5122=CARTESIAN_POINT('',(4.5,0.,3.5));
#5123=CARTESIAN_POINT('',(4.5,0.,6.));
#5124=CARTESIAN_POINT('',(4.5,0.,6.));
#5125=CARTESIAN_POINT('',(3.9,0.,6.));
#5126=CARTESIAN_POINT('',(3.9,0.,6.));
#5127=CARTESIAN_POINT('',(3.9,0.,6.));
#5128=CARTESIAN_POINT('',(4.5,0.2,6.));
#5129=CARTESIAN_POINT('',(4.5,0.2,3.5));
#5130=CARTESIAN_POINT('',(4.5,0.2,6.));
#5131=CARTESIAN_POINT('',(-7.1,0.2,6.));
#5132=CARTESIAN_POINT('',(3.9,0.5,6.));
#5133=CARTESIAN_POINT('',(-7.1,0.2,3.5));
#5134=CARTESIAN_POINT('',(3.9,0.5,3.5));
#5135=CARTESIAN_POINT('',(3.9,0.5,6.));
#5136=CARTESIAN_POINT('',(-6.5,0.,6.));
#5137=CARTESIAN_POINT('',(-6.5,0.,3.5));
#5138=CARTESIAN_POINT('',(-6.5,0.,3.5));
#5139=CARTESIAN_POINT('',(-6.5,0.,6.));
#5140=CARTESIAN_POINT('',(-6.5,0.,6.));
#5141=CARTESIAN_POINT('',(-6.5,0.,6.));
#5142=CARTESIAN_POINT('',(-7.1,0.2,6.));
#5143=CARTESIAN_POINT('',(-7.1,0.2,6.));
#5144=CARTESIAN_POINT('',(-7.1,1.62630325872826E-16,6.));
#5145=CARTESIAN_POINT('',(-7.1,0.,6.));
#5146=CARTESIAN_POINT('',(-7.1,0.2,3.5));
#5147=CARTESIAN_POINT('',(-7.1,0.,3.5));
#5148=CARTESIAN_POINT('',(-7.1,1.62630325872826E-16,3.5));
#5149=CARTESIAN_POINT('',(-7.1,0.2,3.5));
#5150=CARTESIAN_POINT('',(-7.1,0.2,6.));
#5151=CARTESIAN_POINT('',(-7.1,1.62630325872826E-16,6.));
#5152=CARTESIAN_POINT('',(-7.1,0.,6.));
#5153=CARTESIAN_POINT('',(3.9,0.,9.5));
#5154=CARTESIAN_POINT('',(3.9,0.,7.));
#5155=CARTESIAN_POINT('',(3.9,0.,7.));
#5156=CARTESIAN_POINT('',(4.5,0.,7.));
#5157=CARTESIAN_POINT('',(4.5,0.,9.5));
#5158=CARTESIAN_POINT('',(4.5,0.,9.5));
#5159=CARTESIAN_POINT('',(3.9,0.,9.5));
#5160=CARTESIAN_POINT('',(3.9,0.,9.5));
#5161=CARTESIAN_POINT('',(3.9,0.,9.5));
#5162=CARTESIAN_POINT('',(4.5,0.2,9.5));
#5163=CARTESIAN_POINT('',(4.5,0.2,7.));
#5164=CARTESIAN_POINT('',(4.5,0.2,9.5));
#5165=CARTESIAN_POINT('',(-7.1,0.2,9.5));
#5166=CARTESIAN_POINT('',(3.9,0.5,9.5));
#5167=CARTESIAN_POINT('',(-7.1,0.2,7.));
#5168=CARTESIAN_POINT('',(3.9,0.5,7.));
#5169=CARTESIAN_POINT('',(3.9,0.5,9.5));
#5170=CARTESIAN_POINT('',(-6.5,0.,9.5));
#5171=CARTESIAN_POINT('',(-6.5,0.,7.));
#5172=CARTESIAN_POINT('',(-6.5,0.,7.));
#5173=CARTESIAN_POINT('',(-6.5,0.,9.5));
#5174=CARTESIAN_POINT('',(-6.5,0.,9.5));
#5175=CARTESIAN_POINT('',(-6.5,0.,9.5));
#5176=CARTESIAN_POINT('',(-7.1,0.2,9.5));
#5177=CARTESIAN_POINT('',(-7.1,0.2,9.5));
#5178=CARTESIAN_POINT('',(-7.1,1.62630325872826E-16,9.5));
#5179=CARTESIAN_POINT('',(-7.1,0.,9.5));
#5180=CARTESIAN_POINT('',(-7.1,0.2,7.));
#5181=CARTESIAN_POINT('',(-7.1,0.,7.));
#5182=CARTESIAN_POINT('',(-7.1,1.62630325872826E-16,7.));
#5183=CARTESIAN_POINT('',(-7.1,0.2,7.));
#5184=CARTESIAN_POINT('',(-7.1,0.2,9.5));
#5185=CARTESIAN_POINT('',(-7.1,1.62630325872826E-16,9.5));
#5186=CARTESIAN_POINT('',(-7.1,0.,9.5));
#5187=CARTESIAN_POINT('',(-7.3,5.55,10.5));
#5188=CARTESIAN_POINT('',(-6.5,0.,10.5));
#5189=CARTESIAN_POINT('',(-6.5,0.,10.5));
#5190=CARTESIAN_POINT('',(-7.1,0.,10.5));
#5191=CARTESIAN_POINT('',(-7.1,-3.79470760369927E-16,10.5));
#5192=CARTESIAN_POINT('',(-7.1,0.200000000000001,10.5));
#5193=CARTESIAN_POINT('',(-7.3,5.55,10.5));
#5194=CARTESIAN_POINT('',(3.9,0.3,10.5));
#5195=CARTESIAN_POINT('',(3.9,0.,10.5));
#5196=CARTESIAN_POINT('',(4.5,0.2,10.5));
#5197=CARTESIAN_POINT('',(4.5,0.,10.5));
#5198=CARTESIAN_POINT('',(3.9,0.,10.5));
#5199=CARTESIAN_POINT('',(-7.1,0.200000000000001,12.));
#5200=CARTESIAN_POINT('',(-7.1,-3.79470760369927E-16,12.));
#5201=CARTESIAN_POINT('',(-7.1,-3.79470760369927E-16,12.));
#5202=CARTESIAN_POINT('',(-7.1,0.200000000000001,12.));
#5203=CARTESIAN_POINT('',(-7.1,0.,12.));
#5204=CARTESIAN_POINT('',(-6.5,0.,12.));
#5205=CARTESIAN_POINT('',(-6.5,0.,12.));
#5206=CARTESIAN_POINT('',(-7.1,0.,12.));
#5207=CARTESIAN_POINT('',(-6.5,0.,12.));
#5208=CARTESIAN_POINT('',(-6.5,0.,12.));
#5209=CARTESIAN_POINT('',(3.9,0.3,12.));
#5210=CARTESIAN_POINT('',(3.9,0.,12.));
#5211=CARTESIAN_POINT('',(3.9,0.,12.));
#5212=CARTESIAN_POINT('',(3.9,0.3,12.));
#5213=CARTESIAN_POINT('',(3.9,0.,12.));
#5214=CARTESIAN_POINT('',(4.5,0.,12.));
#5215=CARTESIAN_POINT('',(4.5,0.,12.));
#5216=CARTESIAN_POINT('',(3.9,0.,12.));
#5217=CARTESIAN_POINT('',(4.5,0.2,12.));
#5218=CARTESIAN_POINT('',(4.5,0.2,12.));
#5219=CARTESIAN_POINT('',(-7.3,5.55,12.));
#5220=CARTESIAN_POINT('',(0.95,9.8,0.95));
#5221=CARTESIAN_POINT('',(0.95,10.8,0.95));
#5222=CARTESIAN_POINT('',(0.95,10.8,0.95));
#5223=CARTESIAN_POINT('',(0.95,11.5,2.9));
#5224=CARTESIAN_POINT('',(0.95,10.8,2.55));
#5225=CARTESIAN_POINT('',(0.95,10.8,2.55));
#5226=CARTESIAN_POINT('',(0.95,9.8,7.95));
#5227=CARTESIAN_POINT('',(0.95,10.8,7.95));
#5228=CARTESIAN_POINT('',(0.95,10.8,7.95));
#5229=CARTESIAN_POINT('',(0.95,11.5,9.9));
#5230=CARTESIAN_POINT('',(0.95,10.8,9.55));
#5231=CARTESIAN_POINT('',(0.95,10.8,9.55));
#5232=CARTESIAN_POINT('',(0.95,9.8,4.45));
#5233=CARTESIAN_POINT('',(0.95,10.8,4.45));
#5234=CARTESIAN_POINT('',(0.95,10.8,4.45));
#5235=CARTESIAN_POINT('',(0.95,11.5,6.4));
#5236=CARTESIAN_POINT('',(0.95,10.8,6.05));
#5237=CARTESIAN_POINT('',(0.95,10.8,6.05));
#5238=CARTESIAN_POINT('',(0.2,0.5,2.125));
#5239=CARTESIAN_POINT('',(0.2,0.5,2.125));
#5240=CARTESIAN_POINT('',(0.2,-3.6,2.125));
#5241=CARTESIAN_POINT('',(-0.2,0.5,2.125));
#5242=CARTESIAN_POINT('',(-0.2,-3.6,2.125));
#5243=CARTESIAN_POINT('',(0.2,-3.6,2.125));
#5244=CARTESIAN_POINT('',(0.2,-3.6,1.375));
#5245=CARTESIAN_POINT('',(-0.2,-3.6,1.375));
#5246=CARTESIAN_POINT('',(-0.2,-3.6,1.375));
#5247=CARTESIAN_POINT('',(0.2,-3.6,1.375));
#5248=CARTESIAN_POINT('',(0.2,-3.6,1.375));
#5249=CARTESIAN_POINT('',(0.2,-3.6,1.375));
#5250=CARTESIAN_POINT('',(0.2,0.,0.));
#5251=CARTESIAN_POINT('',(0.2,-3.6,2.125));
#5252=CARTESIAN_POINT('',(-0.2,0.,0.));
#5253=CARTESIAN_POINT('',(-0.2,-3.6,2.125));
#5254=CARTESIAN_POINT('',(0.2,-3.6,2.125));
#5255=CARTESIAN_POINT('',(0.2,0.5,9.125));
#5256=CARTESIAN_POINT('',(0.2,0.5,9.125));
#5257=CARTESIAN_POINT('',(0.2,-3.6,9.125));
#5258=CARTESIAN_POINT('',(-0.2,0.5,9.125));
#5259=CARTESIAN_POINT('',(-0.2,-3.6,9.125));
#5260=CARTESIAN_POINT('',(0.2,-3.6,9.125));
#5261=CARTESIAN_POINT('',(0.2,-3.6,8.375));
#5262=CARTESIAN_POINT('',(-0.2,-3.6,8.375));
#5263=CARTESIAN_POINT('',(-0.2,-3.6,8.375));
#5264=CARTESIAN_POINT('',(0.2,-3.6,8.375));
#5265=CARTESIAN_POINT('',(0.2,-3.6,8.375));
#5266=CARTESIAN_POINT('',(0.2,-3.6,8.375));
#5267=CARTESIAN_POINT('',(0.2,0.,7.));
#5268=CARTESIAN_POINT('',(0.2,-3.6,9.125));
#5269=CARTESIAN_POINT('',(-0.2,0.,7.));
#5270=CARTESIAN_POINT('',(-0.2,-3.6,9.125));
#5271=CARTESIAN_POINT('',(0.2,-3.6,9.125));
#5272=CARTESIAN_POINT('',(-4.8,0.5,5.625));
#5273=CARTESIAN_POINT('',(-4.8,0.5,5.625));
#5274=CARTESIAN_POINT('',(-4.8,-3.6,5.625));
#5275=CARTESIAN_POINT('',(-5.2,0.5,5.625));
#5276=CARTESIAN_POINT('',(-5.2,-3.6,5.625));
#5277=CARTESIAN_POINT('',(-4.8,-3.6,5.625));
#5278=CARTESIAN_POINT('',(-4.8,-3.6,4.875));
#5279=CARTESIAN_POINT('',(-5.2,-3.6,4.875));
#5280=CARTESIAN_POINT('',(-5.2,-3.6,4.875));
#5281=CARTESIAN_POINT('',(-4.8,-3.6,4.875));
#5282=CARTESIAN_POINT('',(-4.8,-3.6,4.875));
#5283=CARTESIAN_POINT('',(-4.8,-3.6,4.875));
#5284=CARTESIAN_POINT('',(-4.8,0.,0.));
#5285=CARTESIAN_POINT('',(-4.8,-3.6,5.625));
#5286=CARTESIAN_POINT('',(-5.2,0.,0.));
#5287=CARTESIAN_POINT('',(-5.2,-3.6,5.625));
#5288=CARTESIAN_POINT('',(-4.8,-3.6,5.625));
#5289=CARTESIAN_POINT('',(-4.8,12.1,0.8));
#5290=CARTESIAN_POINT('',(-4.8,12.1,3.5));
#5291=CARTESIAN_POINT('',(-4.8,12.1,3.5));
#5292=CARTESIAN_POINT('',(-4.8,12.1,0.8));
#5293=CARTESIAN_POINT('',(-4.8,12.1,0.8));
#5294=CARTESIAN_POINT('',(-4.8,12.1,0.8));
#5295=CARTESIAN_POINT('',(-2.5,10.9,0.8));
#5296=CARTESIAN_POINT('',(-2.5,12.9799286969334,3.00609752897917));
#5297=CARTESIAN_POINT('',(-2.5,12.5,3.45857864376269));
#5298=CARTESIAN_POINT('',(-2.5,12.7,3.27001683544628));
#5299=CARTESIAN_POINT('',(-2.5,12.5,0.8));
#5300=CARTESIAN_POINT('',(-2.5,12.5,3.5));
#5301=CARTESIAN_POINT('',(-2.5,10.9,3.5));
#5302=CARTESIAN_POINT('',(-2.5,10.9,0.8));
#5303=CARTESIAN_POINT('',(-2.5,12.7,0.8));
#5304=CARTESIAN_POINT('',(-2.5,12.7,0.8));
#5305=CARTESIAN_POINT('',(-5.1,12.3,0.8));
#5306=CARTESIAN_POINT('',(-5.1,12.5,0.8));
#5307=CARTESIAN_POINT('',(-5.3,12.5,0.8));
#5308=CARTESIAN_POINT('',(-5.15857864376269,12.5,0.8));
#5309=CARTESIAN_POINT('',(-5.23083906286541,12.4233562514616,0.8));
#5310=CARTESIAN_POINT('',(-2.9,12.7,0.8));
#5311=CARTESIAN_POINT('',(-5.1,12.1,0.8));
#5312=CARTESIAN_POINT('',(-5.1,12.1,0.8));
#5313=CARTESIAN_POINT('',(-5.1,12.3,0.8));
#5314=CARTESIAN_POINT('',(-5.3,12.3,0.8));
#5315=CARTESIAN_POINT('',(-5.3,12.5,0.8));
#5316=CARTESIAN_POINT('',(-5.1,12.3,3.5));
#5317=CARTESIAN_POINT('',(-5.1,12.5,3.5));
#5318=CARTESIAN_POINT('',(-2.74142135623731,12.5,3.5));
#5319=CARTESIAN_POINT('',(-3.75151387831106,13.5713649079763,3.5));
#5320=CARTESIAN_POINT('',(-3.30710678118655,13.1,3.5));
#5321=CARTESIAN_POINT('',(-2.9,13.1,3.5));
#5322=CARTESIAN_POINT('',(-4.7,13.1,3.5));
#5323=CARTESIAN_POINT('',(-4.7,13.1,3.5));
#5324=CARTESIAN_POINT('',(-5.3,12.5,3.5));
#5325=CARTESIAN_POINT('',(-5.3,12.5,3.5));
#5326=CARTESIAN_POINT('',(-5.3,12.3,3.5));
#5327=CARTESIAN_POINT('',(-5.1,12.3,3.5));
#5328=CARTESIAN_POINT('',(-5.1,12.1,3.5));
#5329=CARTESIAN_POINT('',(-5.1,12.1,3.5));
#5330=CARTESIAN_POINT('',(-4.7,13.1,0.8));
#5331=CARTESIAN_POINT('',(-5.1397706826042,12.6602293173958,1.2527163228004));
#5332=CARTESIAN_POINT('',(-5.3,12.5,0.94142135623731));
#5333=CARTESIAN_POINT('',(-4.7,13.1,2.10710678118655));
#5334=CARTESIAN_POINT('',(-5.3,12.5,0.8));
#5335=CARTESIAN_POINT('',(-4.7,13.1,0.8));
#5336=CARTESIAN_POINT('',(-5.3,12.5,0.8));
#5337=CARTESIAN_POINT('',(-5.3,12.5,0.8));
#5338=CARTESIAN_POINT('',(-5.3,12.3,0.8));
#5339=CARTESIAN_POINT('',(-5.1,12.3,0.8));
#5340=CARTESIAN_POINT('',(-5.1,12.1,0.8));
#5341=CARTESIAN_POINT('',(-5.1,12.1,0.8));
#5342=CARTESIAN_POINT('',(-2.9,12.7,0.8));
#5343=CARTESIAN_POINT('',(-2.9,12.7,2.87001683544628));
#5344=CARTESIAN_POINT('',(-2.9,13.1,0.8));
#5345=CARTESIAN_POINT('',(-4.45355339059327,13.1,2.35355339059327));
#5346=CARTESIAN_POINT('',(-4.8,12.1,4.3));
#5347=CARTESIAN_POINT('',(-4.8,12.1,7.));
#5348=CARTESIAN_POINT('',(-4.8,12.1,7.));
#5349=CARTESIAN_POINT('',(-4.8,12.1,4.3));
#5350=CARTESIAN_POINT('',(-4.8,12.1,4.3));
#5351=CARTESIAN_POINT('',(-4.8,12.1,4.3));
#5352=CARTESIAN_POINT('',(-2.5,10.9,4.3));
#5353=CARTESIAN_POINT('',(-2.5,12.9799286969334,6.50609752897917));
#5354=CARTESIAN_POINT('',(-2.5,12.5,6.95857864376269));
#5355=CARTESIAN_POINT('',(-2.5,12.7,6.77001683544628));
#5356=CARTESIAN_POINT('',(-2.5,12.5,4.3));
#5357=CARTESIAN_POINT('',(-2.5,12.5,7.));
#5358=CARTESIAN_POINT('',(-2.5,10.9,7.));
#5359=CARTESIAN_POINT('',(-2.5,10.9,4.3));
#5360=CARTESIAN_POINT('',(-2.5,12.7,4.3));
#5361=CARTESIAN_POINT('',(-2.5,12.7,4.3));
#5362=CARTESIAN_POINT('',(-5.1,12.3,4.3));
#5363=CARTESIAN_POINT('',(-5.1,12.5,4.3));
#5364=CARTESIAN_POINT('',(-5.3,12.5,4.3));
#5365=CARTESIAN_POINT('',(-5.15857864376269,12.5,4.3));
#5366=CARTESIAN_POINT('',(-5.23083906286541,12.4233562514616,4.3));
#5367=CARTESIAN_POINT('',(-2.9,12.7,4.3));
#5368=CARTESIAN_POINT('',(-5.1,12.1,4.3));
#5369=CARTESIAN_POINT('',(-5.1,12.1,4.3));
#5370=CARTESIAN_POINT('',(-5.1,12.3,4.3));
#5371=CARTESIAN_POINT('',(-5.3,12.3,4.3));
#5372=CARTESIAN_POINT('',(-5.3,12.5,4.3));
#5373=CARTESIAN_POINT('',(-5.1,12.3,7.));
#5374=CARTESIAN_POINT('',(-5.1,12.5,7.));
#5375=CARTESIAN_POINT('',(-2.74142135623731,12.5,7.));
#5376=CARTESIAN_POINT('',(-3.75151387831106,13.5713649079763,7.));
#5377=CARTESIAN_POINT('',(-3.30710678118655,13.1,7.));
#5378=CARTESIAN_POINT('',(-2.9,13.1,7.));
#5379=CARTESIAN_POINT('',(-4.7,13.1,7.));
#5380=CARTESIAN_POINT('',(-4.7,13.1,7.));
#5381=CARTESIAN_POINT('',(-5.3,12.5,7.));
#5382=CARTESIAN_POINT('',(-5.3,12.5,7.));
#5383=CARTESIAN_POINT('',(-5.3,12.3,7.));
#5384=CARTESIAN_POINT('',(-5.1,12.3,7.));
#5385=CARTESIAN_POINT('',(-5.1,12.1,7.));
#5386=CARTESIAN_POINT('',(-5.1,12.1,7.));
#5387=CARTESIAN_POINT('',(-4.7,13.1,4.3));
#5388=CARTESIAN_POINT('',(-5.1397706826042,12.6602293173958,4.7527163228004));
#5389=CARTESIAN_POINT('',(-5.3,12.5,4.44142135623731));
#5390=CARTESIAN_POINT('',(-4.7,13.1,5.60710678118655));
#5391=CARTESIAN_POINT('',(-5.3,12.5,4.3));
#5392=CARTESIAN_POINT('',(-4.7,13.1,4.3));
#5393=CARTESIAN_POINT('',(-5.3,12.5,4.3));
#5394=CARTESIAN_POINT('',(-5.3,12.5,4.3));
#5395=CARTESIAN_POINT('',(-5.3,12.3,4.3));
#5396=CARTESIAN_POINT('',(-5.1,12.3,4.3));
#5397=CARTESIAN_POINT('',(-5.1,12.1,4.3));
#5398=CARTESIAN_POINT('',(-5.1,12.1,4.3));
#5399=CARTESIAN_POINT('',(-2.9,12.7,4.3));
#5400=CARTESIAN_POINT('',(-2.9,12.7,6.37001683544628));
#5401=CARTESIAN_POINT('',(-2.9,13.1,4.3));
#5402=CARTESIAN_POINT('',(-4.45355339059327,13.1,5.85355339059327));
#5403=CARTESIAN_POINT('',(-4.8,12.1,7.8));
#5404=CARTESIAN_POINT('',(-4.8,12.1,10.5));
#5405=CARTESIAN_POINT('',(-4.8,12.1,10.5));
#5406=CARTESIAN_POINT('',(-4.8,12.1,7.8));
#5407=CARTESIAN_POINT('',(-4.8,12.1,7.8));
#5408=CARTESIAN_POINT('',(-4.8,12.1,7.8));
#5409=CARTESIAN_POINT('',(-2.5,10.9,7.8));
#5410=CARTESIAN_POINT('',(-2.5,12.9799286969334,10.0060975289792));
#5411=CARTESIAN_POINT('',(-2.5,12.5,10.4585786437627));
#5412=CARTESIAN_POINT('',(-2.5,12.7,10.2700168354463));
#5413=CARTESIAN_POINT('',(-2.5,12.5,7.8));
#5414=CARTESIAN_POINT('',(-2.5,12.5,10.5));
#5415=CARTESIAN_POINT('',(-2.5,10.9,10.5));
#5416=CARTESIAN_POINT('',(-2.5,10.9,7.8));
#5417=CARTESIAN_POINT('',(-2.5,12.7,7.8));
#5418=CARTESIAN_POINT('',(-2.5,12.7,7.8));
#5419=CARTESIAN_POINT('',(-5.1,12.3,7.8));
#5420=CARTESIAN_POINT('',(-5.1,12.5,7.8));
#5421=CARTESIAN_POINT('',(-5.3,12.5,7.8));
#5422=CARTESIAN_POINT('',(-5.15857864376269,12.5,7.8));
#5423=CARTESIAN_POINT('',(-5.23083906286541,12.4233562514616,7.8));
#5424=CARTESIAN_POINT('',(-2.9,12.7,7.8));
#5425=CARTESIAN_POINT('',(-5.1,12.1,7.8));
#5426=CARTESIAN_POINT('',(-5.1,12.1,7.8));
#5427=CARTESIAN_POINT('',(-5.1,12.3,7.8));
#5428=CARTESIAN_POINT('',(-5.3,12.3,7.8));
#5429=CARTESIAN_POINT('',(-5.3,12.5,7.8));
#5430=CARTESIAN_POINT('',(-5.1,12.3,10.5));
#5431=CARTESIAN_POINT('',(-5.1,12.5,10.5));
#5432=CARTESIAN_POINT('',(-2.74142135623731,12.5,10.5));
#5433=CARTESIAN_POINT('',(-3.75151387831106,13.5713649079763,10.5));
#5434=CARTESIAN_POINT('',(-3.30710678118655,13.1,10.5));
#5435=CARTESIAN_POINT('',(-2.9,13.1,10.5));
#5436=CARTESIAN_POINT('',(-4.7,13.1,10.5));
#5437=CARTESIAN_POINT('',(-4.7,13.1,10.5));
#5438=CARTESIAN_POINT('',(-5.3,12.5,10.5));
#5439=CARTESIAN_POINT('',(-5.3,12.5,10.5));
#5440=CARTESIAN_POINT('',(-5.3,12.3,10.5));
#5441=CARTESIAN_POINT('',(-5.1,12.3,10.5));
#5442=CARTESIAN_POINT('',(-5.1,12.1,10.5));
#5443=CARTESIAN_POINT('',(-5.1,12.1,10.5));
#5444=CARTESIAN_POINT('',(-4.7,13.1,7.8));
#5445=CARTESIAN_POINT('',(-5.1397706826042,12.6602293173958,8.2527163228004));
#5446=CARTESIAN_POINT('',(-5.3,12.5,7.94142135623731));
#5447=CARTESIAN_POINT('',(-4.7,13.1,9.10710678118655));
#5448=CARTESIAN_POINT('',(-5.3,12.5,7.8));
#5449=CARTESIAN_POINT('',(-4.7,13.1,7.8));
#5450=CARTESIAN_POINT('',(-5.3,12.5,7.8));
#5451=CARTESIAN_POINT('',(-5.3,12.5,7.8));
#5452=CARTESIAN_POINT('',(-5.3,12.3,7.8));
#5453=CARTESIAN_POINT('',(-5.1,12.3,7.8));
#5454=CARTESIAN_POINT('',(-5.1,12.1,7.8));
#5455=CARTESIAN_POINT('',(-5.1,12.1,7.8));
#5456=CARTESIAN_POINT('',(-2.9,12.7,7.8));
#5457=CARTESIAN_POINT('',(-2.9,12.7,9.87001683544628));
#5458=CARTESIAN_POINT('',(-2.9,13.1,7.8));
#5459=CARTESIAN_POINT('',(-4.45355339059327,13.1,9.35355339059327));
#5460=CARTESIAN_POINT('',(-2.40086219713515,12.5,3.55771644662754));
#5461=CARTESIAN_POINT('',(-2.40086219713515,12.5,3.55771644662754));
#5462=CARTESIAN_POINT('',(-2.54228355337247,12.5,3.69913780286484));
#5463=CARTESIAN_POINT('',(-2.11801948466054,13.1,3.27487373415292));
#5464=CARTESIAN_POINT('',(-2.54228355337247,12.5,3.69913780286484));
#5465=CARTESIAN_POINT('',(-2.40086219713515,12.5,10.5577164466275));
#5466=CARTESIAN_POINT('',(-2.40086219713515,12.5,10.5577164466275));
#5467=CARTESIAN_POINT('',(-2.54228355337247,12.5,10.6991378028648));
#5468=CARTESIAN_POINT('',(-2.11801948466054,13.1,10.2748737341529));
#5469=CARTESIAN_POINT('',(-2.54228355337247,12.5,10.6991378028648));
#5470=CARTESIAN_POINT('',(-2.40086219713515,12.5,7.05771644662754));
#5471=CARTESIAN_POINT('',(-2.40086219713515,12.5,7.05771644662754));
#5472=CARTESIAN_POINT('',(-2.54228355337247,12.5,7.19913780286485));
#5473=CARTESIAN_POINT('',(-2.11801948466054,13.1,6.77487373415292));
#5474=CARTESIAN_POINT('',(-2.54228355337247,12.5,7.19913780286485));
#5475=MECHANICAL_DESIGN_GEOMETRIC_PRESENTATION_REPRESENTATION('',(#2588,
#2589,#2590,#2591,#2592,#2593,#2594,#2595,#2596,#2597,#2598,#2599,#2600,
#2601,#2602,#2603,#2604,#2605,#2606,#2607,#2608,#2609,#2610,#2611,#2612,
#2613,#2614,#2615,#2616,#2617,#2618,#2619,#2620,#2621,#2622,#2623,#2624,
#2625,#2626,#2627,#2628,#2629,#2630,#2631,#2632,#2633,#2634,#2635,#2636,
#2637,#2638,#2639,#2640,#2641,#2642,#2643,#2644,#2645,#2646,#2647,#2648,
#2649,#2650,#2651,#2652,#2653,#2654,#2655,#2656,#2657,#2658,#2659,#2660,
#2661,#2662,#2663,#2664,#2665,#2666,#2667,#2668,#2669,#2670,#2671,#2672,
#2673,#2674,#2675,#2676,#2677,#2678,#2679,#2680,#2681,#2682,#2683,#2684,
#2685,#2686,#2687,#2688,#2689,#2690,#2691,#2692,#2693,#2694,#2695,#2696,
#2697,#2698,#2699,#2700,#2701,#2702,#2703,#2704,#2705,#2706,#2707,#2708,
#2709,#2710,#2711,#2712,#2713,#2714,#2715,#2716,#2717,#2718,#2719,#2720,
#2721,#2722,#2723,#2724,#2725,#2726,#2727,#2728),#5476);
#5476=(
GEOMETRIC_REPRESENTATION_CONTEXT(3)
GLOBAL_UNCERTAINTY_ASSIGNED_CONTEXT((#5477))
GLOBAL_UNIT_ASSIGNED_CONTEXT((#5480,#5479,#5478))
REPRESENTATION_CONTEXT('250-203','TOP_LEVEL_ASSEMBLY_PART')
);
#5477=UNCERTAINTY_MEASURE_WITH_UNIT(LENGTH_MEASURE(0.005),#5480,
'DISTANCE_ACCURACY_VALUE','Maximum Tolerance applied to model');
#5478=(
NAMED_UNIT(*)
SI_UNIT($,.STERADIAN.)
SOLID_ANGLE_UNIT()
);
#5479=(
NAMED_UNIT(*)
PLANE_ANGLE_UNIT()
SI_UNIT($,.RADIAN.)
);
#5480=(
LENGTH_UNIT()
NAMED_UNIT(*)
SI_UNIT(.MILLI.,.METRE.)
);
#5481=PRODUCT_DEFINITION_SHAPE('','',#5482);
#5482=PRODUCT_DEFINITION('','',#5484,#5483);
#5483=PRODUCT_DEFINITION_CONTEXT('',#5490,'design');
#5484=PRODUCT_DEFINITION_FORMATION_WITH_SPECIFIED_SOURCE('','',#5486,
 .NOT_KNOWN.);
#5485=PRODUCT_RELATED_PRODUCT_CATEGORY('','',(#5486));
#5486=PRODUCT('250-203','250-203','250-203',(#5488));
#5487=PRODUCT_CATEGORY('','');
#5488=PRODUCT_CONTEXT('',#5490,'mechanical');
#5489=APPLICATION_PROTOCOL_DEFINITION('international standard',
'automotive_design',2010,#5490);
#5490=APPLICATION_CONTEXT(
'core data for automotive mechanical design processes');
ENDSEC;
END-ISO-10303-21;
