ISO-10303-21;
HEADER;
/* Generated by software containing ST-Developer
 * from STEP Tools, Inc. (www.steptools.com) 
 */
/* OPTION: using custom renumber hook */

FILE_DESCRIPTION(
/* description */ ('STEP AP203'),
/* implementation_level */ '2;1');

FILE_NAME(
/* name */ '250-212_000-012',
/* time_stamp */ '2025-02-28T12:33:42+01:00',
/* author */ ('License CC BY-ND 4.0'),
/* organization */ ('CADENAS'),
/* preprocessor_version */ 'ST-DEVELOPER v19.3',
/* originating_system */ 'PARTsolutions',
/* authorisation */ '  ');

FILE_SCHEMA (('CONFIG_CONTROL_DESIGN'));
ENDSEC;

DATA;
#10=PROPERTY_DEFINITION_REPRESENTATION(#14,#12);
#11=PROPERTY_DEFINITION_REPRESENTATION(#15,#13);
#12=REPRESENTATION('',(#16),#19399);
#13=REPRESENTATION('',(#17),#19399);
#14=PROPERTY_DEFINITION('pmi validation property','',#19404);
#15=PROPERTY_DEFINITION('pmi validation property','',#19404);
#16=VALUE_REPRESENTATION_ITEM('number of annotations',COUNT_MEASURE(0.));
#17=VALUE_REPRESENTATION_ITEM('number of views',COUNT_MEASURE(0.));
#18=SHAPE_REPRESENTATION_RELATIONSHIP('','',#13189,#19);
#19=ADVANCED_BREP_SHAPE_REPRESENTATION('',(#13187),#19399);
#20=B_SPLINE_CURVE_WITH_KNOTS('',3,(#17009,#17010,#17011,#17012),
 .UNSPECIFIED.,.F.,.F.,(4,4),(0.000192678523229914,0.000472761703139574),
 .UNSPECIFIED.);
#21=B_SPLINE_CURVE_WITH_KNOTS('',3,(#17014,#17015,#17016,#17017),
 .UNSPECIFIED.,.F.,.F.,(4,4),(0.00138556531899109,0.00165824231505428),
 .UNSPECIFIED.);
#22=B_SPLINE_CURVE_WITH_KNOTS('',3,(#17021,#17022,#17023,#17024),
 .UNSPECIFIED.,.F.,.F.,(4,4),(0.00211138258023944,0.00238497390623537),
 .UNSPECIFIED.);
#23=B_SPLINE_CURVE_WITH_KNOTS('',3,(#17026,#17027,#17028,#17029),
 .UNSPECIFIED.,.F.,.F.,(4,4),(2.58392399018699E-7,0.000280341572308718),
 .UNSPECIFIED.);
#24=B_SPLINE_CURVE_WITH_KNOTS('',3,(#17043,#17044,#17045,#17046),
 .UNSPECIFIED.,.F.,.F.,(4,4),(0.000192678523229911,0.000472761703139572),
 .UNSPECIFIED.);
#25=B_SPLINE_CURVE_WITH_KNOTS('',3,(#17048,#17049,#17050,#17051),
 .UNSPECIFIED.,.F.,.F.,(4,4),(0.00138556531899109,0.00165824231505428),
 .UNSPECIFIED.);
#26=B_SPLINE_CURVE_WITH_KNOTS('',3,(#17055,#17056,#17057,#17058),
 .UNSPECIFIED.,.F.,.F.,(4,4),(0.00211138258023944,0.00238497390623537),
 .UNSPECIFIED.);
#27=B_SPLINE_CURVE_WITH_KNOTS('',3,(#17060,#17061,#17062,#17063),
 .UNSPECIFIED.,.F.,.F.,(4,4),(2.5839239901842E-7,0.000280341572308721),
 .UNSPECIFIED.);
#28=B_SPLINE_CURVE_WITH_KNOTS('',3,(#17077,#17078,#17079,#17080),
 .UNSPECIFIED.,.F.,.F.,(4,4),(0.000192678523229911,0.000472761703139572),
 .UNSPECIFIED.);
#29=B_SPLINE_CURVE_WITH_KNOTS('',3,(#17082,#17083,#17084,#17085),
 .UNSPECIFIED.,.F.,.F.,(4,4),(0.00138556531899109,0.00165824231505428),
 .UNSPECIFIED.);
#30=B_SPLINE_CURVE_WITH_KNOTS('',3,(#17089,#17090,#17091,#17092),
 .UNSPECIFIED.,.F.,.F.,(4,4),(0.00211138258023944,0.00238497390623537),
 .UNSPECIFIED.);
#31=B_SPLINE_CURVE_WITH_KNOTS('',3,(#17094,#17095,#17096,#17097),
 .UNSPECIFIED.,.F.,.F.,(4,4),(2.58392399018448E-7,0.000280341572308716),
 .UNSPECIFIED.);
#32=B_SPLINE_CURVE_WITH_KNOTS('',3,(#17111,#17112,#17113,#17114),
 .UNSPECIFIED.,.F.,.F.,(4,4),(0.000192678523229911,0.000472761703139572),
 .UNSPECIFIED.);
#33=B_SPLINE_CURVE_WITH_KNOTS('',3,(#17116,#17117,#17118,#17119),
 .UNSPECIFIED.,.F.,.F.,(4,4),(0.00138556531899109,0.00165824231505428),
 .UNSPECIFIED.);
#34=B_SPLINE_CURVE_WITH_KNOTS('',3,(#17123,#17124,#17125,#17126),
 .UNSPECIFIED.,.F.,.F.,(4,4),(0.00211138258023944,0.00238497390623537),
 .UNSPECIFIED.);
#35=B_SPLINE_CURVE_WITH_KNOTS('',3,(#17128,#17129,#17130,#17131),
 .UNSPECIFIED.,.F.,.F.,(4,4),(2.58392399017559E-7,0.000280341572308718),
 .UNSPECIFIED.);
#36=B_SPLINE_CURVE_WITH_KNOTS('',3,(#17145,#17146,#17147,#17148),
 .UNSPECIFIED.,.F.,.F.,(4,4),(0.000192678523229912,0.000472761703139574),
 .UNSPECIFIED.);
#37=B_SPLINE_CURVE_WITH_KNOTS('',3,(#17150,#17151,#17152,#17153),
 .UNSPECIFIED.,.F.,.F.,(4,4),(0.00138556531899109,0.00165824231505428),
 .UNSPECIFIED.);
#38=B_SPLINE_CURVE_WITH_KNOTS('',3,(#17157,#17158,#17159,#17160),
 .UNSPECIFIED.,.F.,.F.,(4,4),(0.00211138258023944,0.00238497390623537),
 .UNSPECIFIED.);
#39=B_SPLINE_CURVE_WITH_KNOTS('',3,(#17162,#17163,#17164,#17165),
 .UNSPECIFIED.,.F.,.F.,(4,4),(2.58392399017504E-7,0.000280341572308716),
 .UNSPECIFIED.);
#40=B_SPLINE_CURVE_WITH_KNOTS('',3,(#17179,#17180,#17181,#17182),
 .UNSPECIFIED.,.F.,.F.,(4,4),(0.000192678523229912,0.000472761703139574),
 .UNSPECIFIED.);
#41=B_SPLINE_CURVE_WITH_KNOTS('',3,(#17184,#17185,#17186,#17187),
 .UNSPECIFIED.,.F.,.F.,(4,4),(0.00138556531899109,0.00165824231505428),
 .UNSPECIFIED.);
#42=B_SPLINE_CURVE_WITH_KNOTS('',3,(#17191,#17192,#17193,#17194),
 .UNSPECIFIED.,.F.,.F.,(4,4),(0.00211138258023944,0.00238497390623537),
 .UNSPECIFIED.);
#43=B_SPLINE_CURVE_WITH_KNOTS('',3,(#17196,#17197,#17198,#17199),
 .UNSPECIFIED.,.F.,.F.,(4,4),(2.58392399017504E-7,0.000280341572308716),
 .UNSPECIFIED.);
#44=B_SPLINE_CURVE_WITH_KNOTS('',3,(#17213,#17214,#17215,#17216),
 .UNSPECIFIED.,.F.,.F.,(4,4),(0.000192678523229912,0.000472761703139574),
 .UNSPECIFIED.);
#45=B_SPLINE_CURVE_WITH_KNOTS('',3,(#17218,#17219,#17220,#17221),
 .UNSPECIFIED.,.F.,.F.,(4,4),(0.00138556531899109,0.00165824231505428),
 .UNSPECIFIED.);
#46=B_SPLINE_CURVE_WITH_KNOTS('',3,(#17225,#17226,#17227,#17228),
 .UNSPECIFIED.,.F.,.F.,(4,4),(0.00211138258023944,0.00238497390623537),
 .UNSPECIFIED.);
#47=B_SPLINE_CURVE_WITH_KNOTS('',3,(#17230,#17231,#17232,#17233),
 .UNSPECIFIED.,.F.,.F.,(4,4),(2.58392399017504E-7,0.000280341572308716),
 .UNSPECIFIED.);
#48=B_SPLINE_CURVE_WITH_KNOTS('',3,(#17247,#17248,#17249,#17250),
 .UNSPECIFIED.,.F.,.F.,(4,4),(0.000192678523229914,0.000472761703139572),
 .UNSPECIFIED.);
#49=B_SPLINE_CURVE_WITH_KNOTS('',3,(#17252,#17253,#17254,#17255),
 .UNSPECIFIED.,.F.,.F.,(4,4),(0.00138556531899109,0.00165824231505428),
 .UNSPECIFIED.);
#50=B_SPLINE_CURVE_WITH_KNOTS('',3,(#17259,#17260,#17261,#17262),
 .UNSPECIFIED.,.F.,.F.,(4,4),(0.00211138258023944,0.00238497390623537),
 .UNSPECIFIED.);
#51=B_SPLINE_CURVE_WITH_KNOTS('',3,(#17264,#17265,#17266,#17267),
 .UNSPECIFIED.,.F.,.F.,(4,4),(2.58392399017477E-7,0.000280341572308718),
 .UNSPECIFIED.);
#52=B_SPLINE_CURVE_WITH_KNOTS('',3,(#17281,#17282,#17283,#17284),
 .UNSPECIFIED.,.F.,.F.,(4,4),(0.000192678523229917,0.000472761703139572),
 .UNSPECIFIED.);
#53=B_SPLINE_CURVE_WITH_KNOTS('',3,(#17286,#17287,#17288,#17289),
 .UNSPECIFIED.,.F.,.F.,(4,4),(0.00138556531899109,0.00165824231505428),
 .UNSPECIFIED.);
#54=B_SPLINE_CURVE_WITH_KNOTS('',3,(#17293,#17294,#17295,#17296),
 .UNSPECIFIED.,.F.,.F.,(4,4),(0.00211138258023944,0.00238497390623536),
 .UNSPECIFIED.);
#55=B_SPLINE_CURVE_WITH_KNOTS('',3,(#17298,#17299,#17300,#17301),
 .UNSPECIFIED.,.F.,.F.,(4,4),(2.58392399014143E-7,0.000280341572308719),
 .UNSPECIFIED.);
#56=B_SPLINE_CURVE_WITH_KNOTS('',3,(#17315,#17316,#17317,#17318),
 .UNSPECIFIED.,.F.,.F.,(4,4),(0.000192678523229909,0.000472761703139572),
 .UNSPECIFIED.);
#57=B_SPLINE_CURVE_WITH_KNOTS('',3,(#17320,#17321,#17322,#17323),
 .UNSPECIFIED.,.F.,.F.,(4,4),(0.00138556531899109,0.00165824231505428),
 .UNSPECIFIED.);
#58=B_SPLINE_CURVE_WITH_KNOTS('',3,(#17327,#17328,#17329,#17330),
 .UNSPECIFIED.,.F.,.F.,(4,4),(0.00211138258023944,0.00238497390623536),
 .UNSPECIFIED.);
#59=B_SPLINE_CURVE_WITH_KNOTS('',3,(#17332,#17333,#17334,#17335),
 .UNSPECIFIED.,.F.,.F.,(4,4),(2.58392399014198E-7,0.000280341572308718),
 .UNSPECIFIED.);
#60=B_SPLINE_CURVE_WITH_KNOTS('',3,(#17349,#17350,#17351,#17352),
 .UNSPECIFIED.,.F.,.F.,(4,4),(0.000192678523229917,0.000472761703139572),
 .UNSPECIFIED.);
#61=B_SPLINE_CURVE_WITH_KNOTS('',3,(#17354,#17355,#17356,#17357),
 .UNSPECIFIED.,.F.,.F.,(4,4),(0.00138556531899109,0.00165824231505428),
 .UNSPECIFIED.);
#62=B_SPLINE_CURVE_WITH_KNOTS('',3,(#17361,#17362,#17363,#17364),
 .UNSPECIFIED.,.F.,.F.,(4,4),(0.00211138258023944,0.00238497390623536),
 .UNSPECIFIED.);
#63=B_SPLINE_CURVE_WITH_KNOTS('',3,(#17366,#17367,#17368,#17369),
 .UNSPECIFIED.,.F.,.F.,(4,4),(2.58392399014143E-7,0.000280341572308719),
 .UNSPECIFIED.);
#64=B_SPLINE_CURVE_WITH_KNOTS('',3,(#17398,#17399,#17400,#17401),
 .UNSPECIFIED.,.F.,.F.,(4,4),(0.000192678523229911,0.000472761703139572),
 .UNSPECIFIED.);
#65=B_SPLINE_CURVE_WITH_KNOTS('',3,(#17403,#17404,#17405,#17406),
 .UNSPECIFIED.,.F.,.F.,(4,4),(0.00138556531899109,0.00165824231505428),
 .UNSPECIFIED.);
#66=B_SPLINE_CURVE_WITH_KNOTS('',3,(#17410,#17411,#17412,#17413),
 .UNSPECIFIED.,.F.,.F.,(4,4),(0.00211138258023944,0.00238497390623537),
 .UNSPECIFIED.);
#67=B_SPLINE_CURVE_WITH_KNOTS('',3,(#17415,#17416,#17417,#17418),
 .UNSPECIFIED.,.F.,.F.,(4,4),(2.58392399017058E-7,0.000280341572308717),
 .UNSPECIFIED.);
#68=CONICAL_SURFACE('',#13232,1.15,0.463647609000806);
#69=CONICAL_SURFACE('',#13236,1.15,0.463647609000806);
#70=CONICAL_SURFACE('',#13240,1.15,0.463647609000806);
#71=CONICAL_SURFACE('',#13244,1.15,0.463647609000806);
#72=CONICAL_SURFACE('',#13248,1.15,0.463647609000806);
#73=CONICAL_SURFACE('',#13252,1.15,0.463647609000806);
#74=CONICAL_SURFACE('',#13256,1.15,0.463647609000806);
#75=CONICAL_SURFACE('',#13260,1.15,0.463647609000806);
#76=CONICAL_SURFACE('',#13264,1.15,0.463647609000806);
#77=CONICAL_SURFACE('',#13268,1.15,0.463647609000806);
#78=CONICAL_SURFACE('',#13272,1.15,0.463647609000806);
#79=CONICAL_SURFACE('',#13309,1.7,0.380506377112365);
#80=CONICAL_SURFACE('',#13314,1.7,0.380506377112365);
#81=CONICAL_SURFACE('',#13319,1.7,0.380506377112365);
#82=CONICAL_SURFACE('',#13324,1.7,0.380506377112365);
#83=CONICAL_SURFACE('',#13329,1.7,0.380506377112365);
#84=CONICAL_SURFACE('',#13334,1.7,0.380506377112365);
#85=CONICAL_SURFACE('',#13339,1.7,0.380506377112365);
#86=CONICAL_SURFACE('',#13344,1.7,0.380506377112365);
#87=CONICAL_SURFACE('',#13349,1.7,0.380506377112365);
#88=CONICAL_SURFACE('',#13354,1.7,0.380506377112365);
#89=CONICAL_SURFACE('',#13359,1.7,0.380506377112365);
#90=CONICAL_SURFACE('',#13364,1.15,0.463647609000806);
#91=CONICAL_SURFACE('',#13371,1.7,0.380506377112365);
#92=ELLIPSE('',#13217,0.559016994374952,0.500000000000004);
#93=ELLIPSE('',#13218,0.559016994374952,0.500000000000004);
#94=ELLIPSE('',#13277,0.559016994374952,0.500000000000004);
#95=ELLIPSE('',#13278,0.559016994374952,0.500000000000004);
#96=ELLIPSE('',#13280,0.559016994374952,0.500000000000004);
#97=ELLIPSE('',#13281,0.559016994374952,0.500000000000004);
#98=ELLIPSE('',#13283,0.559016994374952,0.500000000000004);
#99=ELLIPSE('',#13284,0.559016994374952,0.500000000000004);
#100=ELLIPSE('',#13286,0.559016994374952,0.500000000000004);
#101=ELLIPSE('',#13287,0.559016994374952,0.500000000000004);
#102=ELLIPSE('',#13289,0.559016994374952,0.500000000000004);
#103=ELLIPSE('',#13290,0.559016994374952,0.500000000000004);
#104=ELLIPSE('',#13292,0.559016994374952,0.500000000000004);
#105=ELLIPSE('',#13293,0.559016994374952,0.500000000000004);
#106=ELLIPSE('',#13295,0.559016994374952,0.500000000000004);
#107=ELLIPSE('',#13296,0.559016994374952,0.500000000000004);
#108=ELLIPSE('',#13298,0.559016994374952,0.500000000000004);
#109=ELLIPSE('',#13299,0.559016994374952,0.500000000000004);
#110=ELLIPSE('',#13301,0.559016994374952,0.500000000000004);
#111=ELLIPSE('',#13302,0.559016994374952,0.500000000000004);
#112=ELLIPSE('',#13304,0.559016994374952,0.500000000000004);
#113=ELLIPSE('',#13305,0.559016994374952,0.500000000000004);
#114=ELLIPSE('',#13307,0.559016994374952,0.500000000000004);
#115=ELLIPSE('',#13369,0.559016994374952,0.500000000000004);
#116=ELLIPSE('',#13706,0.679869268479046,0.400000000000005);
#117=ELLIPSE('',#13720,0.679869268479046,0.400000000000005);
#118=ELLIPSE('',#13734,0.679869268479046,0.400000000000005);
#119=ELLIPSE('',#13748,0.679869268479046,0.400000000000005);
#120=ELLIPSE('',#13762,0.679869268479046,0.400000000000005);
#121=ELLIPSE('',#13776,0.679869268479046,0.400000000000005);
#122=ELLIPSE('',#13790,0.679869268479046,0.400000000000005);
#123=ELLIPSE('',#13804,0.679869268479046,0.400000000000005);
#124=ELLIPSE('',#13818,0.679869268479046,0.400000000000005);
#125=ELLIPSE('',#13832,0.679869268479046,0.400000000000005);
#126=ELLIPSE('',#13846,0.679869268479046,0.400000000000005);
#127=ELLIPSE('',#13860,0.679869268479046,0.400000000000005);
#128=CYLINDRICAL_SURFACE('',#13216,0.500000000000004);
#129=CYLINDRICAL_SURFACE('',#13234,0.8);
#130=CYLINDRICAL_SURFACE('',#13238,0.8);
#131=CYLINDRICAL_SURFACE('',#13242,0.8);
#132=CYLINDRICAL_SURFACE('',#13246,0.8);
#133=CYLINDRICAL_SURFACE('',#13250,0.8);
#134=CYLINDRICAL_SURFACE('',#13254,0.8);
#135=CYLINDRICAL_SURFACE('',#13258,0.8);
#136=CYLINDRICAL_SURFACE('',#13262,0.8);
#137=CYLINDRICAL_SURFACE('',#13266,0.8);
#138=CYLINDRICAL_SURFACE('',#13270,0.8);
#139=CYLINDRICAL_SURFACE('',#13274,0.8);
#140=CYLINDRICAL_SURFACE('',#13276,0.500000000000004);
#141=CYLINDRICAL_SURFACE('',#13279,0.500000000000004);
#142=CYLINDRICAL_SURFACE('',#13282,0.500000000000004);
#143=CYLINDRICAL_SURFACE('',#13285,0.500000000000004);
#144=CYLINDRICAL_SURFACE('',#13288,0.500000000000004);
#145=CYLINDRICAL_SURFACE('',#13291,0.500000000000004);
#146=CYLINDRICAL_SURFACE('',#13294,0.500000000000004);
#147=CYLINDRICAL_SURFACE('',#13297,0.500000000000004);
#148=CYLINDRICAL_SURFACE('',#13300,0.500000000000004);
#149=CYLINDRICAL_SURFACE('',#13303,0.500000000000004);
#150=CYLINDRICAL_SURFACE('',#13306,0.500000000000004);
#151=CYLINDRICAL_SURFACE('',#13311,1.5);
#152=CYLINDRICAL_SURFACE('',#13316,1.5);
#153=CYLINDRICAL_SURFACE('',#13321,1.5);
#154=CYLINDRICAL_SURFACE('',#13326,1.5);
#155=CYLINDRICAL_SURFACE('',#13331,1.5);
#156=CYLINDRICAL_SURFACE('',#13336,1.5);
#157=CYLINDRICAL_SURFACE('',#13341,1.5);
#158=CYLINDRICAL_SURFACE('',#13346,1.5);
#159=CYLINDRICAL_SURFACE('',#13351,1.5);
#160=CYLINDRICAL_SURFACE('',#13356,1.5);
#161=CYLINDRICAL_SURFACE('',#13361,1.5);
#162=CYLINDRICAL_SURFACE('',#13366,0.8);
#163=CYLINDRICAL_SURFACE('',#13368,0.500000000000004);
#164=CYLINDRICAL_SURFACE('',#13373,1.5);
#165=CYLINDRICAL_SURFACE('',#13390,0.150000000000003);
#166=CYLINDRICAL_SURFACE('',#13394,0.150000000000003);
#167=CYLINDRICAL_SURFACE('',#13399,0.499999999999979);
#168=CYLINDRICAL_SURFACE('',#13402,0.500000000000004);
#169=CYLINDRICAL_SURFACE('',#13410,0.2);
#170=CYLINDRICAL_SURFACE('',#13417,0.2);
#171=CYLINDRICAL_SURFACE('',#13420,0.2);
#172=CYLINDRICAL_SURFACE('',#13431,0.2);
#173=CYLINDRICAL_SURFACE('',#13434,0.2);
#174=CYLINDRICAL_SURFACE('',#13445,0.2);
#175=CYLINDRICAL_SURFACE('',#13448,0.2);
#176=CYLINDRICAL_SURFACE('',#13459,0.2);
#177=CYLINDRICAL_SURFACE('',#13462,0.2);
#178=CYLINDRICAL_SURFACE('',#13473,0.2);
#179=CYLINDRICAL_SURFACE('',#13476,0.2);
#180=CYLINDRICAL_SURFACE('',#13487,0.2);
#181=CYLINDRICAL_SURFACE('',#13490,0.2);
#182=CYLINDRICAL_SURFACE('',#13501,0.2);
#183=CYLINDRICAL_SURFACE('',#13504,0.2);
#184=CYLINDRICAL_SURFACE('',#13515,0.2);
#185=CYLINDRICAL_SURFACE('',#13518,0.2);
#186=CYLINDRICAL_SURFACE('',#13529,0.2);
#187=CYLINDRICAL_SURFACE('',#13532,0.2);
#188=CYLINDRICAL_SURFACE('',#13543,0.2);
#189=CYLINDRICAL_SURFACE('',#13546,0.2);
#190=CYLINDRICAL_SURFACE('',#13557,0.2);
#191=CYLINDRICAL_SURFACE('',#13560,0.2);
#192=CYLINDRICAL_SURFACE('',#13571,0.2);
#193=CYLINDRICAL_SURFACE('',#13577,0.200000000000001);
#194=CYLINDRICAL_SURFACE('',#13583,0.2);
#195=CYLINDRICAL_SURFACE('',#13703,0.200000000000001);
#196=CYLINDRICAL_SURFACE('',#13705,0.400000000000005);
#197=CYLINDRICAL_SURFACE('',#13717,0.200000000000001);
#198=CYLINDRICAL_SURFACE('',#13719,0.400000000000005);
#199=CYLINDRICAL_SURFACE('',#13731,0.200000000000001);
#200=CYLINDRICAL_SURFACE('',#13733,0.400000000000005);
#201=CYLINDRICAL_SURFACE('',#13745,0.200000000000001);
#202=CYLINDRICAL_SURFACE('',#13747,0.400000000000005);
#203=CYLINDRICAL_SURFACE('',#13759,0.200000000000001);
#204=CYLINDRICAL_SURFACE('',#13761,0.400000000000005);
#205=CYLINDRICAL_SURFACE('',#13773,0.200000000000001);
#206=CYLINDRICAL_SURFACE('',#13775,0.400000000000005);
#207=CYLINDRICAL_SURFACE('',#13787,0.200000000000001);
#208=CYLINDRICAL_SURFACE('',#13789,0.400000000000005);
#209=CYLINDRICAL_SURFACE('',#13801,0.200000000000001);
#210=CYLINDRICAL_SURFACE('',#13803,0.400000000000005);
#211=CYLINDRICAL_SURFACE('',#13815,0.200000000000001);
#212=CYLINDRICAL_SURFACE('',#13817,0.400000000000005);
#213=CYLINDRICAL_SURFACE('',#13829,0.200000000000001);
#214=CYLINDRICAL_SURFACE('',#13831,0.400000000000005);
#215=CYLINDRICAL_SURFACE('',#13843,0.200000000000001);
#216=CYLINDRICAL_SURFACE('',#13845,0.400000000000005);
#217=CYLINDRICAL_SURFACE('',#13857,0.200000000000001);
#218=CYLINDRICAL_SURFACE('',#13859,0.400000000000005);
#219=CIRCLE('',#13204,1.15);
#220=CIRCLE('',#13205,1.15);
#221=CIRCLE('',#13206,1.15);
#222=CIRCLE('',#13207,1.15);
#223=CIRCLE('',#13208,1.15);
#224=CIRCLE('',#13209,1.15);
#225=CIRCLE('',#13210,1.15);
#226=CIRCLE('',#13211,1.15);
#227=CIRCLE('',#13212,1.15);
#228=CIRCLE('',#13213,1.15);
#229=CIRCLE('',#13214,1.15);
#230=CIRCLE('',#13215,1.15);
#231=CIRCLE('',#13220,1.7);
#232=CIRCLE('',#13221,1.7);
#233=CIRCLE('',#13222,1.7);
#234=CIRCLE('',#13223,1.7);
#235=CIRCLE('',#13224,1.7);
#236=CIRCLE('',#13225,1.7);
#237=CIRCLE('',#13226,1.7);
#238=CIRCLE('',#13227,1.7);
#239=CIRCLE('',#13228,1.7);
#240=CIRCLE('',#13229,1.7);
#241=CIRCLE('',#13230,1.7);
#242=CIRCLE('',#13231,1.7);
#243=CIRCLE('',#13233,0.8);
#244=CIRCLE('',#13235,0.8);
#245=CIRCLE('',#13237,0.8);
#246=CIRCLE('',#13239,0.8);
#247=CIRCLE('',#13241,0.8);
#248=CIRCLE('',#13243,0.8);
#249=CIRCLE('',#13245,0.8);
#250=CIRCLE('',#13247,0.8);
#251=CIRCLE('',#13249,0.8);
#252=CIRCLE('',#13251,0.8);
#253=CIRCLE('',#13253,0.8);
#254=CIRCLE('',#13255,0.8);
#255=CIRCLE('',#13257,0.8);
#256=CIRCLE('',#13259,0.8);
#257=CIRCLE('',#13261,0.8);
#258=CIRCLE('',#13263,0.8);
#259=CIRCLE('',#13265,0.8);
#260=CIRCLE('',#13267,0.8);
#261=CIRCLE('',#13269,0.8);
#262=CIRCLE('',#13271,0.8);
#263=CIRCLE('',#13273,0.8);
#264=CIRCLE('',#13275,0.8);
#265=CIRCLE('',#13308,0.500000000000004);
#266=CIRCLE('',#13310,1.5);
#267=CIRCLE('',#13312,1.5);
#268=CIRCLE('',#13315,1.5);
#269=CIRCLE('',#13317,1.5);
#270=CIRCLE('',#13320,1.5);
#271=CIRCLE('',#13322,1.5);
#272=CIRCLE('',#13325,1.5);
#273=CIRCLE('',#13327,1.5);
#274=CIRCLE('',#13330,1.5);
#275=CIRCLE('',#13332,1.5);
#276=CIRCLE('',#13335,1.5);
#277=CIRCLE('',#13337,1.5);
#278=CIRCLE('',#13340,1.5);
#279=CIRCLE('',#13342,1.5);
#280=CIRCLE('',#13345,1.5);
#281=CIRCLE('',#13347,1.5);
#282=CIRCLE('',#13350,1.5);
#283=CIRCLE('',#13352,1.5);
#284=CIRCLE('',#13355,1.5);
#285=CIRCLE('',#13357,1.5);
#286=CIRCLE('',#13360,1.5);
#287=CIRCLE('',#13362,1.5);
#288=CIRCLE('',#13365,0.8);
#289=CIRCLE('',#13367,0.8);
#290=CIRCLE('',#13370,0.500000000000004);
#291=CIRCLE('',#13372,1.5);
#292=CIRCLE('',#13374,1.5);
#293=CIRCLE('',#13391,0.150000000000003);
#294=CIRCLE('',#13392,0.150000000000003);
#295=CIRCLE('',#13395,0.150000000000003);
#296=CIRCLE('',#13396,0.150000000000003);
#297=CIRCLE('',#13400,0.499999999999979);
#298=CIRCLE('',#13401,0.500000000000003);
#299=CIRCLE('',#13403,0.500000000000004);
#300=CIRCLE('',#13404,0.500000000000004);
#301=CIRCLE('',#13407,0.2);
#302=CIRCLE('',#13408,0.2);
#303=CIRCLE('',#13411,0.2);
#304=CIRCLE('',#13415,0.2);
#305=CIRCLE('',#13421,0.2);
#306=CIRCLE('',#13422,0.2);
#307=CIRCLE('',#13428,0.2);
#308=CIRCLE('',#13430,0.2);
#309=CIRCLE('',#13435,0.2);
#310=CIRCLE('',#13436,0.2);
#311=CIRCLE('',#13442,0.2);
#312=CIRCLE('',#13444,0.2);
#313=CIRCLE('',#13449,0.2);
#314=CIRCLE('',#13450,0.2);
#315=CIRCLE('',#13456,0.2);
#316=CIRCLE('',#13458,0.2);
#317=CIRCLE('',#13463,0.2);
#318=CIRCLE('',#13464,0.2);
#319=CIRCLE('',#13470,0.2);
#320=CIRCLE('',#13472,0.2);
#321=CIRCLE('',#13477,0.2);
#322=CIRCLE('',#13478,0.2);
#323=CIRCLE('',#13484,0.2);
#324=CIRCLE('',#13486,0.2);
#325=CIRCLE('',#13491,0.2);
#326=CIRCLE('',#13492,0.2);
#327=CIRCLE('',#13498,0.2);
#328=CIRCLE('',#13500,0.2);
#329=CIRCLE('',#13505,0.2);
#330=CIRCLE('',#13506,0.2);
#331=CIRCLE('',#13512,0.2);
#332=CIRCLE('',#13514,0.2);
#333=CIRCLE('',#13519,0.2);
#334=CIRCLE('',#13520,0.2);
#335=CIRCLE('',#13526,0.2);
#336=CIRCLE('',#13528,0.2);
#337=CIRCLE('',#13533,0.2);
#338=CIRCLE('',#13534,0.2);
#339=CIRCLE('',#13540,0.2);
#340=CIRCLE('',#13542,0.2);
#341=CIRCLE('',#13547,0.2);
#342=CIRCLE('',#13548,0.2);
#343=CIRCLE('',#13554,0.2);
#344=CIRCLE('',#13556,0.2);
#345=CIRCLE('',#13561,0.2);
#346=CIRCLE('',#13562,0.2);
#347=CIRCLE('',#13568,0.2);
#348=CIRCLE('',#13570,0.2);
#349=CIRCLE('',#13574,0.200000000000001);
#350=CIRCLE('',#13576,0.2);
#351=CIRCLE('',#13578,0.200000000000001);
#352=CIRCLE('',#13584,0.2);
#353=CIRCLE('',#13697,0.400000000000005);
#354=CIRCLE('',#13698,0.200000000000001);
#355=CIRCLE('',#13700,0.200000000000001);
#356=CIRCLE('',#13711,0.400000000000005);
#357=CIRCLE('',#13712,0.200000000000001);
#358=CIRCLE('',#13714,0.200000000000001);
#359=CIRCLE('',#13725,0.400000000000005);
#360=CIRCLE('',#13726,0.200000000000001);
#361=CIRCLE('',#13728,0.200000000000001);
#362=CIRCLE('',#13739,0.400000000000005);
#363=CIRCLE('',#13740,0.200000000000001);
#364=CIRCLE('',#13742,0.200000000000001);
#365=CIRCLE('',#13753,0.400000000000005);
#366=CIRCLE('',#13754,0.200000000000001);
#367=CIRCLE('',#13756,0.200000000000001);
#368=CIRCLE('',#13767,0.400000000000005);
#369=CIRCLE('',#13768,0.200000000000001);
#370=CIRCLE('',#13770,0.200000000000001);
#371=CIRCLE('',#13781,0.400000000000005);
#372=CIRCLE('',#13782,0.200000000000001);
#373=CIRCLE('',#13784,0.200000000000001);
#374=CIRCLE('',#13795,0.400000000000005);
#375=CIRCLE('',#13796,0.200000000000001);
#376=CIRCLE('',#13798,0.200000000000001);
#377=CIRCLE('',#13809,0.400000000000005);
#378=CIRCLE('',#13810,0.200000000000001);
#379=CIRCLE('',#13812,0.200000000000001);
#380=CIRCLE('',#13823,0.400000000000005);
#381=CIRCLE('',#13824,0.200000000000001);
#382=CIRCLE('',#13826,0.200000000000001);
#383=CIRCLE('',#13837,0.400000000000005);
#384=CIRCLE('',#13838,0.200000000000001);
#385=CIRCLE('',#13840,0.200000000000001);
#386=CIRCLE('',#13851,0.400000000000005);
#387=CIRCLE('',#13852,0.200000000000001);
#388=CIRCLE('',#13854,0.200000000000001);
#389=ORIENTED_EDGE('',*,*,#3167,.F.);
#390=ORIENTED_EDGE('',*,*,#3168,.F.);
#391=ORIENTED_EDGE('',*,*,#3169,.T.);
#392=ORIENTED_EDGE('',*,*,#3170,.F.);
#393=ORIENTED_EDGE('',*,*,#3171,.F.);
#394=ORIENTED_EDGE('',*,*,#3172,.T.);
#395=ORIENTED_EDGE('',*,*,#3173,.F.);
#396=ORIENTED_EDGE('',*,*,#3174,.F.);
#397=ORIENTED_EDGE('',*,*,#3175,.T.);
#398=ORIENTED_EDGE('',*,*,#3176,.F.);
#399=ORIENTED_EDGE('',*,*,#3177,.F.);
#400=ORIENTED_EDGE('',*,*,#3178,.T.);
#401=ORIENTED_EDGE('',*,*,#3179,.F.);
#402=ORIENTED_EDGE('',*,*,#3180,.F.);
#403=ORIENTED_EDGE('',*,*,#3181,.T.);
#404=ORIENTED_EDGE('',*,*,#3182,.F.);
#405=ORIENTED_EDGE('',*,*,#3183,.F.);
#406=ORIENTED_EDGE('',*,*,#3184,.T.);
#407=ORIENTED_EDGE('',*,*,#3185,.F.);
#408=ORIENTED_EDGE('',*,*,#3186,.F.);
#409=ORIENTED_EDGE('',*,*,#3187,.T.);
#410=ORIENTED_EDGE('',*,*,#3188,.F.);
#411=ORIENTED_EDGE('',*,*,#3189,.F.);
#412=ORIENTED_EDGE('',*,*,#3190,.T.);
#413=ORIENTED_EDGE('',*,*,#3191,.F.);
#414=ORIENTED_EDGE('',*,*,#3192,.F.);
#415=ORIENTED_EDGE('',*,*,#3193,.T.);
#416=ORIENTED_EDGE('',*,*,#3194,.F.);
#417=ORIENTED_EDGE('',*,*,#3195,.F.);
#418=ORIENTED_EDGE('',*,*,#3196,.T.);
#419=ORIENTED_EDGE('',*,*,#3197,.F.);
#420=ORIENTED_EDGE('',*,*,#3198,.F.);
#421=ORIENTED_EDGE('',*,*,#3199,.T.);
#422=ORIENTED_EDGE('',*,*,#3200,.F.);
#423=ORIENTED_EDGE('',*,*,#3201,.F.);
#424=ORIENTED_EDGE('',*,*,#3202,.T.);
#425=ORIENTED_EDGE('',*,*,#3203,.F.);
#426=ORIENTED_EDGE('',*,*,#3204,.T.);
#427=ORIENTED_EDGE('',*,*,#3205,.T.);
#428=ORIENTED_EDGE('',*,*,#3206,.T.);
#429=ORIENTED_EDGE('',*,*,#3207,.F.);
#430=ORIENTED_EDGE('',*,*,#3208,.T.);
#431=ORIENTED_EDGE('',*,*,#3209,.T.);
#432=ORIENTED_EDGE('',*,*,#3210,.T.);
#433=ORIENTED_EDGE('',*,*,#3211,.F.);
#434=ORIENTED_EDGE('',*,*,#3212,.T.);
#435=ORIENTED_EDGE('',*,*,#3213,.T.);
#436=ORIENTED_EDGE('',*,*,#3214,.T.);
#437=ORIENTED_EDGE('',*,*,#3215,.F.);
#438=ORIENTED_EDGE('',*,*,#3216,.T.);
#439=ORIENTED_EDGE('',*,*,#3217,.T.);
#440=ORIENTED_EDGE('',*,*,#3218,.T.);
#441=ORIENTED_EDGE('',*,*,#3219,.F.);
#442=ORIENTED_EDGE('',*,*,#3220,.T.);
#443=ORIENTED_EDGE('',*,*,#3221,.T.);
#444=ORIENTED_EDGE('',*,*,#3222,.T.);
#445=ORIENTED_EDGE('',*,*,#3223,.F.);
#446=ORIENTED_EDGE('',*,*,#3224,.T.);
#447=ORIENTED_EDGE('',*,*,#3225,.T.);
#448=ORIENTED_EDGE('',*,*,#3226,.T.);
#449=ORIENTED_EDGE('',*,*,#3227,.T.);
#450=ORIENTED_EDGE('',*,*,#3228,.F.);
#451=ORIENTED_EDGE('',*,*,#3229,.F.);
#452=ORIENTED_EDGE('',*,*,#3230,.T.);
#453=ORIENTED_EDGE('',*,*,#3231,.T.);
#454=ORIENTED_EDGE('',*,*,#3232,.F.);
#455=ORIENTED_EDGE('',*,*,#3233,.F.);
#456=ORIENTED_EDGE('',*,*,#3234,.T.);
#457=ORIENTED_EDGE('',*,*,#3235,.T.);
#458=ORIENTED_EDGE('',*,*,#3236,.F.);
#459=ORIENTED_EDGE('',*,*,#3237,.F.);
#460=ORIENTED_EDGE('',*,*,#3238,.T.);
#461=ORIENTED_EDGE('',*,*,#3239,.T.);
#462=ORIENTED_EDGE('',*,*,#3240,.F.);
#463=ORIENTED_EDGE('',*,*,#3241,.F.);
#464=ORIENTED_EDGE('',*,*,#3242,.T.);
#465=ORIENTED_EDGE('',*,*,#3243,.T.);
#466=ORIENTED_EDGE('',*,*,#3244,.F.);
#467=ORIENTED_EDGE('',*,*,#3245,.F.);
#468=ORIENTED_EDGE('',*,*,#3246,.T.);
#469=ORIENTED_EDGE('',*,*,#3247,.T.);
#470=ORIENTED_EDGE('',*,*,#3248,.F.);
#471=ORIENTED_EDGE('',*,*,#3249,.F.);
#472=ORIENTED_EDGE('',*,*,#3250,.T.);
#473=ORIENTED_EDGE('',*,*,#3251,.T.);
#474=ORIENTED_EDGE('',*,*,#3252,.F.);
#475=ORIENTED_EDGE('',*,*,#3253,.F.);
#476=ORIENTED_EDGE('',*,*,#3254,.T.);
#477=ORIENTED_EDGE('',*,*,#3255,.T.);
#478=ORIENTED_EDGE('',*,*,#3256,.F.);
#479=ORIENTED_EDGE('',*,*,#3257,.F.);
#480=ORIENTED_EDGE('',*,*,#3258,.T.);
#481=ORIENTED_EDGE('',*,*,#3259,.T.);
#482=ORIENTED_EDGE('',*,*,#3260,.F.);
#483=ORIENTED_EDGE('',*,*,#3261,.F.);
#484=ORIENTED_EDGE('',*,*,#3262,.T.);
#485=ORIENTED_EDGE('',*,*,#3263,.T.);
#486=ORIENTED_EDGE('',*,*,#3264,.F.);
#487=ORIENTED_EDGE('',*,*,#3265,.F.);
#488=ORIENTED_EDGE('',*,*,#3266,.T.);
#489=ORIENTED_EDGE('',*,*,#3267,.T.);
#490=ORIENTED_EDGE('',*,*,#3268,.F.);
#491=ORIENTED_EDGE('',*,*,#3269,.F.);
#492=ORIENTED_EDGE('',*,*,#3270,.T.);
#493=ORIENTED_EDGE('',*,*,#3271,.T.);
#494=ORIENTED_EDGE('',*,*,#3272,.F.);
#495=ORIENTED_EDGE('',*,*,#3273,.F.);
#496=ORIENTED_EDGE('',*,*,#3274,.T.);
#497=ORIENTED_EDGE('',*,*,#3275,.T.);
#498=ORIENTED_EDGE('',*,*,#3276,.F.);
#499=ORIENTED_EDGE('',*,*,#3277,.F.);
#500=ORIENTED_EDGE('',*,*,#3278,.T.);
#501=ORIENTED_EDGE('',*,*,#3279,.F.);
#502=ORIENTED_EDGE('',*,*,#3280,.T.);
#503=ORIENTED_EDGE('',*,*,#3281,.T.);
#504=ORIENTED_EDGE('',*,*,#3282,.T.);
#505=ORIENTED_EDGE('',*,*,#3283,.F.);
#506=ORIENTED_EDGE('',*,*,#3284,.T.);
#507=ORIENTED_EDGE('',*,*,#3285,.T.);
#508=ORIENTED_EDGE('',*,*,#3286,.T.);
#509=ORIENTED_EDGE('',*,*,#3287,.F.);
#510=ORIENTED_EDGE('',*,*,#3288,.T.);
#511=ORIENTED_EDGE('',*,*,#3289,.T.);
#512=ORIENTED_EDGE('',*,*,#3290,.T.);
#513=ORIENTED_EDGE('',*,*,#3291,.F.);
#514=ORIENTED_EDGE('',*,*,#3292,.T.);
#515=ORIENTED_EDGE('',*,*,#3293,.T.);
#516=ORIENTED_EDGE('',*,*,#3294,.T.);
#517=ORIENTED_EDGE('',*,*,#3295,.F.);
#518=ORIENTED_EDGE('',*,*,#3296,.T.);
#519=ORIENTED_EDGE('',*,*,#3297,.T.);
#520=ORIENTED_EDGE('',*,*,#3298,.T.);
#521=ORIENTED_EDGE('',*,*,#3299,.F.);
#522=ORIENTED_EDGE('',*,*,#3300,.T.);
#523=ORIENTED_EDGE('',*,*,#3301,.T.);
#524=ORIENTED_EDGE('',*,*,#3302,.T.);
#525=ORIENTED_EDGE('',*,*,#3303,.F.);
#526=ORIENTED_EDGE('',*,*,#3304,.T.);
#527=ORIENTED_EDGE('',*,*,#3305,.F.);
#528=ORIENTED_EDGE('',*,*,#3230,.F.);
#529=ORIENTED_EDGE('',*,*,#3306,.F.);
#530=ORIENTED_EDGE('',*,*,#3307,.F.);
#531=ORIENTED_EDGE('',*,*,#3308,.F.);
#532=ORIENTED_EDGE('',*,*,#3309,.T.);
#533=ORIENTED_EDGE('',*,*,#3310,.F.);
#534=ORIENTED_EDGE('',*,*,#3311,.F.);
#535=ORIENTED_EDGE('',*,*,#3312,.F.);
#536=ORIENTED_EDGE('',*,*,#3313,.T.);
#537=ORIENTED_EDGE('',*,*,#3314,.F.);
#538=ORIENTED_EDGE('',*,*,#3315,.F.);
#539=ORIENTED_EDGE('',*,*,#3316,.F.);
#540=ORIENTED_EDGE('',*,*,#3317,.T.);
#541=ORIENTED_EDGE('',*,*,#3318,.F.);
#542=ORIENTED_EDGE('',*,*,#3319,.F.);
#543=ORIENTED_EDGE('',*,*,#3320,.F.);
#544=ORIENTED_EDGE('',*,*,#3321,.T.);
#545=ORIENTED_EDGE('',*,*,#3322,.F.);
#546=ORIENTED_EDGE('',*,*,#3323,.F.);
#547=ORIENTED_EDGE('',*,*,#3324,.F.);
#548=ORIENTED_EDGE('',*,*,#3325,.T.);
#549=ORIENTED_EDGE('',*,*,#3326,.F.);
#550=ORIENTED_EDGE('',*,*,#3327,.F.);
#551=ORIENTED_EDGE('',*,*,#3328,.F.);
#552=ORIENTED_EDGE('',*,*,#3329,.T.);
#553=ORIENTED_EDGE('',*,*,#3330,.F.);
#554=ORIENTED_EDGE('',*,*,#3331,.F.);
#555=ORIENTED_EDGE('',*,*,#3332,.F.);
#556=ORIENTED_EDGE('',*,*,#3333,.T.);
#557=ORIENTED_EDGE('',*,*,#3334,.F.);
#558=ORIENTED_EDGE('',*,*,#3335,.F.);
#559=ORIENTED_EDGE('',*,*,#3336,.F.);
#560=ORIENTED_EDGE('',*,*,#3337,.T.);
#561=ORIENTED_EDGE('',*,*,#3338,.F.);
#562=ORIENTED_EDGE('',*,*,#3339,.F.);
#563=ORIENTED_EDGE('',*,*,#3340,.F.);
#564=ORIENTED_EDGE('',*,*,#3341,.T.);
#565=ORIENTED_EDGE('',*,*,#3342,.F.);
#566=ORIENTED_EDGE('',*,*,#3343,.F.);
#567=ORIENTED_EDGE('',*,*,#3344,.F.);
#568=ORIENTED_EDGE('',*,*,#3345,.T.);
#569=ORIENTED_EDGE('',*,*,#3346,.F.);
#570=ORIENTED_EDGE('',*,*,#3347,.F.);
#571=ORIENTED_EDGE('',*,*,#3348,.F.);
#572=ORIENTED_EDGE('',*,*,#3349,.T.);
#573=ORIENTED_EDGE('',*,*,#3350,.T.);
#574=ORIENTED_EDGE('',*,*,#3351,.F.);
#575=ORIENTED_EDGE('',*,*,#3352,.F.);
#576=ORIENTED_EDGE('',*,*,#3353,.T.);
#577=ORIENTED_EDGE('',*,*,#3354,.F.);
#578=ORIENTED_EDGE('',*,*,#3304,.F.);
#579=ORIENTED_EDGE('',*,*,#3355,.F.);
#580=ORIENTED_EDGE('',*,*,#3356,.T.);
#581=ORIENTED_EDGE('',*,*,#3240,.T.);
#582=ORIENTED_EDGE('',*,*,#3357,.T.);
#583=ORIENTED_EDGE('',*,*,#3358,.T.);
#584=ORIENTED_EDGE('',*,*,#3359,.F.);
#585=ORIENTED_EDGE('',*,*,#3358,.F.);
#586=ORIENTED_EDGE('',*,*,#3360,.T.);
#587=ORIENTED_EDGE('',*,*,#3361,.T.);
#588=ORIENTED_EDGE('',*,*,#3362,.F.);
#589=ORIENTED_EDGE('',*,*,#3244,.T.);
#590=ORIENTED_EDGE('',*,*,#3363,.T.);
#591=ORIENTED_EDGE('',*,*,#3364,.T.);
#592=ORIENTED_EDGE('',*,*,#3365,.F.);
#593=ORIENTED_EDGE('',*,*,#3364,.F.);
#594=ORIENTED_EDGE('',*,*,#3366,.T.);
#595=ORIENTED_EDGE('',*,*,#3367,.T.);
#596=ORIENTED_EDGE('',*,*,#3368,.F.);
#597=ORIENTED_EDGE('',*,*,#3248,.T.);
#598=ORIENTED_EDGE('',*,*,#3369,.T.);
#599=ORIENTED_EDGE('',*,*,#3370,.T.);
#600=ORIENTED_EDGE('',*,*,#3371,.F.);
#601=ORIENTED_EDGE('',*,*,#3370,.F.);
#602=ORIENTED_EDGE('',*,*,#3372,.T.);
#603=ORIENTED_EDGE('',*,*,#3373,.T.);
#604=ORIENTED_EDGE('',*,*,#3374,.F.);
#605=ORIENTED_EDGE('',*,*,#3252,.T.);
#606=ORIENTED_EDGE('',*,*,#3375,.T.);
#607=ORIENTED_EDGE('',*,*,#3376,.T.);
#608=ORIENTED_EDGE('',*,*,#3377,.F.);
#609=ORIENTED_EDGE('',*,*,#3376,.F.);
#610=ORIENTED_EDGE('',*,*,#3378,.T.);
#611=ORIENTED_EDGE('',*,*,#3379,.T.);
#612=ORIENTED_EDGE('',*,*,#3380,.F.);
#613=ORIENTED_EDGE('',*,*,#3256,.T.);
#614=ORIENTED_EDGE('',*,*,#3381,.T.);
#615=ORIENTED_EDGE('',*,*,#3382,.T.);
#616=ORIENTED_EDGE('',*,*,#3383,.F.);
#617=ORIENTED_EDGE('',*,*,#3382,.F.);
#618=ORIENTED_EDGE('',*,*,#3384,.T.);
#619=ORIENTED_EDGE('',*,*,#3385,.T.);
#620=ORIENTED_EDGE('',*,*,#3386,.F.);
#621=ORIENTED_EDGE('',*,*,#3260,.T.);
#622=ORIENTED_EDGE('',*,*,#3387,.T.);
#623=ORIENTED_EDGE('',*,*,#3388,.T.);
#624=ORIENTED_EDGE('',*,*,#3389,.F.);
#625=ORIENTED_EDGE('',*,*,#3388,.F.);
#626=ORIENTED_EDGE('',*,*,#3390,.T.);
#627=ORIENTED_EDGE('',*,*,#3391,.T.);
#628=ORIENTED_EDGE('',*,*,#3392,.F.);
#629=ORIENTED_EDGE('',*,*,#3264,.T.);
#630=ORIENTED_EDGE('',*,*,#3393,.T.);
#631=ORIENTED_EDGE('',*,*,#3394,.T.);
#632=ORIENTED_EDGE('',*,*,#3395,.F.);
#633=ORIENTED_EDGE('',*,*,#3394,.F.);
#634=ORIENTED_EDGE('',*,*,#3396,.T.);
#635=ORIENTED_EDGE('',*,*,#3397,.T.);
#636=ORIENTED_EDGE('',*,*,#3398,.F.);
#637=ORIENTED_EDGE('',*,*,#3268,.T.);
#638=ORIENTED_EDGE('',*,*,#3399,.T.);
#639=ORIENTED_EDGE('',*,*,#3400,.T.);
#640=ORIENTED_EDGE('',*,*,#3401,.F.);
#641=ORIENTED_EDGE('',*,*,#3400,.F.);
#642=ORIENTED_EDGE('',*,*,#3402,.T.);
#643=ORIENTED_EDGE('',*,*,#3403,.T.);
#644=ORIENTED_EDGE('',*,*,#3404,.F.);
#645=ORIENTED_EDGE('',*,*,#3272,.T.);
#646=ORIENTED_EDGE('',*,*,#3405,.T.);
#647=ORIENTED_EDGE('',*,*,#3406,.T.);
#648=ORIENTED_EDGE('',*,*,#3407,.F.);
#649=ORIENTED_EDGE('',*,*,#3406,.F.);
#650=ORIENTED_EDGE('',*,*,#3408,.T.);
#651=ORIENTED_EDGE('',*,*,#3409,.T.);
#652=ORIENTED_EDGE('',*,*,#3410,.F.);
#653=ORIENTED_EDGE('',*,*,#3276,.T.);
#654=ORIENTED_EDGE('',*,*,#3411,.T.);
#655=ORIENTED_EDGE('',*,*,#3412,.T.);
#656=ORIENTED_EDGE('',*,*,#3413,.F.);
#657=ORIENTED_EDGE('',*,*,#3412,.F.);
#658=ORIENTED_EDGE('',*,*,#3414,.T.);
#659=ORIENTED_EDGE('',*,*,#3415,.T.);
#660=ORIENTED_EDGE('',*,*,#3416,.F.);
#661=ORIENTED_EDGE('',*,*,#3228,.T.);
#662=ORIENTED_EDGE('',*,*,#3417,.T.);
#663=ORIENTED_EDGE('',*,*,#3418,.T.);
#664=ORIENTED_EDGE('',*,*,#3419,.F.);
#665=ORIENTED_EDGE('',*,*,#3418,.F.);
#666=ORIENTED_EDGE('',*,*,#3420,.T.);
#667=ORIENTED_EDGE('',*,*,#3421,.T.);
#668=ORIENTED_EDGE('',*,*,#3422,.F.);
#669=ORIENTED_EDGE('',*,*,#3423,.F.);
#670=ORIENTED_EDGE('',*,*,#3278,.F.);
#671=ORIENTED_EDGE('',*,*,#3424,.F.);
#672=ORIENTED_EDGE('',*,*,#3307,.T.);
#673=ORIENTED_EDGE('',*,*,#3425,.F.);
#674=ORIENTED_EDGE('',*,*,#3274,.F.);
#675=ORIENTED_EDGE('',*,*,#3426,.F.);
#676=ORIENTED_EDGE('',*,*,#3311,.T.);
#677=ORIENTED_EDGE('',*,*,#3427,.F.);
#678=ORIENTED_EDGE('',*,*,#3270,.F.);
#679=ORIENTED_EDGE('',*,*,#3428,.F.);
#680=ORIENTED_EDGE('',*,*,#3315,.T.);
#681=ORIENTED_EDGE('',*,*,#3429,.F.);
#682=ORIENTED_EDGE('',*,*,#3266,.F.);
#683=ORIENTED_EDGE('',*,*,#3430,.F.);
#684=ORIENTED_EDGE('',*,*,#3319,.T.);
#685=ORIENTED_EDGE('',*,*,#3431,.F.);
#686=ORIENTED_EDGE('',*,*,#3262,.F.);
#687=ORIENTED_EDGE('',*,*,#3432,.F.);
#688=ORIENTED_EDGE('',*,*,#3323,.T.);
#689=ORIENTED_EDGE('',*,*,#3433,.F.);
#690=ORIENTED_EDGE('',*,*,#3258,.F.);
#691=ORIENTED_EDGE('',*,*,#3434,.F.);
#692=ORIENTED_EDGE('',*,*,#3327,.T.);
#693=ORIENTED_EDGE('',*,*,#3435,.F.);
#694=ORIENTED_EDGE('',*,*,#3254,.F.);
#695=ORIENTED_EDGE('',*,*,#3436,.F.);
#696=ORIENTED_EDGE('',*,*,#3331,.T.);
#697=ORIENTED_EDGE('',*,*,#3437,.F.);
#698=ORIENTED_EDGE('',*,*,#3250,.F.);
#699=ORIENTED_EDGE('',*,*,#3438,.F.);
#700=ORIENTED_EDGE('',*,*,#3335,.T.);
#701=ORIENTED_EDGE('',*,*,#3439,.F.);
#702=ORIENTED_EDGE('',*,*,#3246,.F.);
#703=ORIENTED_EDGE('',*,*,#3440,.F.);
#704=ORIENTED_EDGE('',*,*,#3339,.T.);
#705=ORIENTED_EDGE('',*,*,#3441,.F.);
#706=ORIENTED_EDGE('',*,*,#3242,.F.);
#707=ORIENTED_EDGE('',*,*,#3442,.F.);
#708=ORIENTED_EDGE('',*,*,#3343,.T.);
#709=ORIENTED_EDGE('',*,*,#3443,.F.);
#710=ORIENTED_EDGE('',*,*,#3238,.F.);
#711=ORIENTED_EDGE('',*,*,#3444,.F.);
#712=ORIENTED_EDGE('',*,*,#3347,.T.);
#713=ORIENTED_EDGE('',*,*,#3445,.T.);
#714=ORIENTED_EDGE('',*,*,#3446,.T.);
#715=ORIENTED_EDGE('',*,*,#3447,.T.);
#716=ORIENTED_EDGE('',*,*,#3448,.T.);
#717=ORIENTED_EDGE('',*,*,#3449,.T.);
#718=ORIENTED_EDGE('',*,*,#3356,.F.);
#719=ORIENTED_EDGE('',*,*,#3447,.F.);
#720=ORIENTED_EDGE('',*,*,#3450,.T.);
#721=ORIENTED_EDGE('',*,*,#3451,.T.);
#722=ORIENTED_EDGE('',*,*,#3452,.T.);
#723=ORIENTED_EDGE('',*,*,#3453,.F.);
#724=ORIENTED_EDGE('',*,*,#3454,.T.);
#725=ORIENTED_EDGE('',*,*,#3451,.F.);
#726=ORIENTED_EDGE('',*,*,#3455,.T.);
#727=ORIENTED_EDGE('',*,*,#3456,.T.);
#728=ORIENTED_EDGE('',*,*,#3457,.T.);
#729=ORIENTED_EDGE('',*,*,#3458,.T.);
#730=ORIENTED_EDGE('',*,*,#3459,.T.);
#731=ORIENTED_EDGE('',*,*,#3460,.T.);
#732=ORIENTED_EDGE('',*,*,#3309,.F.);
#733=ORIENTED_EDGE('',*,*,#3458,.F.);
#734=ORIENTED_EDGE('',*,*,#3461,.T.);
#735=ORIENTED_EDGE('',*,*,#3462,.T.);
#736=ORIENTED_EDGE('',*,*,#3463,.T.);
#737=ORIENTED_EDGE('',*,*,#3464,.F.);
#738=ORIENTED_EDGE('',*,*,#3465,.T.);
#739=ORIENTED_EDGE('',*,*,#3462,.F.);
#740=ORIENTED_EDGE('',*,*,#3466,.T.);
#741=ORIENTED_EDGE('',*,*,#3467,.T.);
#742=ORIENTED_EDGE('',*,*,#3468,.T.);
#743=ORIENTED_EDGE('',*,*,#3469,.T.);
#744=ORIENTED_EDGE('',*,*,#3470,.T.);
#745=ORIENTED_EDGE('',*,*,#3471,.T.);
#746=ORIENTED_EDGE('',*,*,#3313,.F.);
#747=ORIENTED_EDGE('',*,*,#3469,.F.);
#748=ORIENTED_EDGE('',*,*,#3472,.T.);
#749=ORIENTED_EDGE('',*,*,#3473,.T.);
#750=ORIENTED_EDGE('',*,*,#3474,.T.);
#751=ORIENTED_EDGE('',*,*,#3475,.F.);
#752=ORIENTED_EDGE('',*,*,#3476,.T.);
#753=ORIENTED_EDGE('',*,*,#3473,.F.);
#754=ORIENTED_EDGE('',*,*,#3477,.T.);
#755=ORIENTED_EDGE('',*,*,#3478,.T.);
#756=ORIENTED_EDGE('',*,*,#3479,.T.);
#757=ORIENTED_EDGE('',*,*,#3480,.T.);
#758=ORIENTED_EDGE('',*,*,#3481,.T.);
#759=ORIENTED_EDGE('',*,*,#3482,.T.);
#760=ORIENTED_EDGE('',*,*,#3317,.F.);
#761=ORIENTED_EDGE('',*,*,#3480,.F.);
#762=ORIENTED_EDGE('',*,*,#3483,.T.);
#763=ORIENTED_EDGE('',*,*,#3484,.T.);
#764=ORIENTED_EDGE('',*,*,#3485,.T.);
#765=ORIENTED_EDGE('',*,*,#3486,.F.);
#766=ORIENTED_EDGE('',*,*,#3487,.T.);
#767=ORIENTED_EDGE('',*,*,#3484,.F.);
#768=ORIENTED_EDGE('',*,*,#3488,.T.);
#769=ORIENTED_EDGE('',*,*,#3489,.T.);
#770=ORIENTED_EDGE('',*,*,#3490,.T.);
#771=ORIENTED_EDGE('',*,*,#3491,.T.);
#772=ORIENTED_EDGE('',*,*,#3492,.T.);
#773=ORIENTED_EDGE('',*,*,#3493,.T.);
#774=ORIENTED_EDGE('',*,*,#3321,.F.);
#775=ORIENTED_EDGE('',*,*,#3491,.F.);
#776=ORIENTED_EDGE('',*,*,#3494,.T.);
#777=ORIENTED_EDGE('',*,*,#3495,.T.);
#778=ORIENTED_EDGE('',*,*,#3496,.T.);
#779=ORIENTED_EDGE('',*,*,#3497,.F.);
#780=ORIENTED_EDGE('',*,*,#3498,.T.);
#781=ORIENTED_EDGE('',*,*,#3495,.F.);
#782=ORIENTED_EDGE('',*,*,#3499,.T.);
#783=ORIENTED_EDGE('',*,*,#3500,.T.);
#784=ORIENTED_EDGE('',*,*,#3501,.T.);
#785=ORIENTED_EDGE('',*,*,#3502,.T.);
#786=ORIENTED_EDGE('',*,*,#3503,.T.);
#787=ORIENTED_EDGE('',*,*,#3504,.T.);
#788=ORIENTED_EDGE('',*,*,#3325,.F.);
#789=ORIENTED_EDGE('',*,*,#3502,.F.);
#790=ORIENTED_EDGE('',*,*,#3505,.T.);
#791=ORIENTED_EDGE('',*,*,#3506,.T.);
#792=ORIENTED_EDGE('',*,*,#3507,.T.);
#793=ORIENTED_EDGE('',*,*,#3508,.F.);
#794=ORIENTED_EDGE('',*,*,#3509,.T.);
#795=ORIENTED_EDGE('',*,*,#3506,.F.);
#796=ORIENTED_EDGE('',*,*,#3510,.T.);
#797=ORIENTED_EDGE('',*,*,#3511,.T.);
#798=ORIENTED_EDGE('',*,*,#3512,.T.);
#799=ORIENTED_EDGE('',*,*,#3513,.T.);
#800=ORIENTED_EDGE('',*,*,#3514,.T.);
#801=ORIENTED_EDGE('',*,*,#3515,.T.);
#802=ORIENTED_EDGE('',*,*,#3329,.F.);
#803=ORIENTED_EDGE('',*,*,#3513,.F.);
#804=ORIENTED_EDGE('',*,*,#3516,.T.);
#805=ORIENTED_EDGE('',*,*,#3517,.T.);
#806=ORIENTED_EDGE('',*,*,#3518,.T.);
#807=ORIENTED_EDGE('',*,*,#3519,.F.);
#808=ORIENTED_EDGE('',*,*,#3520,.T.);
#809=ORIENTED_EDGE('',*,*,#3517,.F.);
#810=ORIENTED_EDGE('',*,*,#3521,.T.);
#811=ORIENTED_EDGE('',*,*,#3522,.T.);
#812=ORIENTED_EDGE('',*,*,#3523,.T.);
#813=ORIENTED_EDGE('',*,*,#3524,.T.);
#814=ORIENTED_EDGE('',*,*,#3525,.T.);
#815=ORIENTED_EDGE('',*,*,#3526,.T.);
#816=ORIENTED_EDGE('',*,*,#3333,.F.);
#817=ORIENTED_EDGE('',*,*,#3524,.F.);
#818=ORIENTED_EDGE('',*,*,#3527,.T.);
#819=ORIENTED_EDGE('',*,*,#3528,.T.);
#820=ORIENTED_EDGE('',*,*,#3529,.T.);
#821=ORIENTED_EDGE('',*,*,#3530,.F.);
#822=ORIENTED_EDGE('',*,*,#3531,.T.);
#823=ORIENTED_EDGE('',*,*,#3528,.F.);
#824=ORIENTED_EDGE('',*,*,#3532,.T.);
#825=ORIENTED_EDGE('',*,*,#3533,.T.);
#826=ORIENTED_EDGE('',*,*,#3534,.T.);
#827=ORIENTED_EDGE('',*,*,#3535,.T.);
#828=ORIENTED_EDGE('',*,*,#3536,.T.);
#829=ORIENTED_EDGE('',*,*,#3537,.T.);
#830=ORIENTED_EDGE('',*,*,#3337,.F.);
#831=ORIENTED_EDGE('',*,*,#3535,.F.);
#832=ORIENTED_EDGE('',*,*,#3538,.T.);
#833=ORIENTED_EDGE('',*,*,#3539,.T.);
#834=ORIENTED_EDGE('',*,*,#3540,.T.);
#835=ORIENTED_EDGE('',*,*,#3541,.F.);
#836=ORIENTED_EDGE('',*,*,#3542,.T.);
#837=ORIENTED_EDGE('',*,*,#3539,.F.);
#838=ORIENTED_EDGE('',*,*,#3543,.T.);
#839=ORIENTED_EDGE('',*,*,#3544,.T.);
#840=ORIENTED_EDGE('',*,*,#3545,.T.);
#841=ORIENTED_EDGE('',*,*,#3546,.T.);
#842=ORIENTED_EDGE('',*,*,#3547,.T.);
#843=ORIENTED_EDGE('',*,*,#3548,.T.);
#844=ORIENTED_EDGE('',*,*,#3341,.F.);
#845=ORIENTED_EDGE('',*,*,#3546,.F.);
#846=ORIENTED_EDGE('',*,*,#3549,.T.);
#847=ORIENTED_EDGE('',*,*,#3550,.T.);
#848=ORIENTED_EDGE('',*,*,#3551,.T.);
#849=ORIENTED_EDGE('',*,*,#3552,.F.);
#850=ORIENTED_EDGE('',*,*,#3553,.T.);
#851=ORIENTED_EDGE('',*,*,#3550,.F.);
#852=ORIENTED_EDGE('',*,*,#3554,.T.);
#853=ORIENTED_EDGE('',*,*,#3555,.T.);
#854=ORIENTED_EDGE('',*,*,#3556,.T.);
#855=ORIENTED_EDGE('',*,*,#3557,.T.);
#856=ORIENTED_EDGE('',*,*,#3558,.T.);
#857=ORIENTED_EDGE('',*,*,#3559,.T.);
#858=ORIENTED_EDGE('',*,*,#3345,.F.);
#859=ORIENTED_EDGE('',*,*,#3557,.F.);
#860=ORIENTED_EDGE('',*,*,#3560,.T.);
#861=ORIENTED_EDGE('',*,*,#3561,.T.);
#862=ORIENTED_EDGE('',*,*,#3562,.T.);
#863=ORIENTED_EDGE('',*,*,#3563,.F.);
#864=ORIENTED_EDGE('',*,*,#3564,.T.);
#865=ORIENTED_EDGE('',*,*,#3561,.F.);
#866=ORIENTED_EDGE('',*,*,#3565,.T.);
#867=ORIENTED_EDGE('',*,*,#3232,.T.);
#868=ORIENTED_EDGE('',*,*,#3566,.T.);
#869=ORIENTED_EDGE('',*,*,#3567,.T.);
#870=ORIENTED_EDGE('',*,*,#3568,.F.);
#871=ORIENTED_EDGE('',*,*,#3567,.F.);
#872=ORIENTED_EDGE('',*,*,#3569,.T.);
#873=ORIENTED_EDGE('',*,*,#3570,.T.);
#874=ORIENTED_EDGE('',*,*,#3571,.F.);
#875=ORIENTED_EDGE('',*,*,#3572,.F.);
#876=ORIENTED_EDGE('',*,*,#3351,.T.);
#877=ORIENTED_EDGE('',*,*,#3573,.T.);
#878=ORIENTED_EDGE('',*,*,#3234,.F.);
#879=ORIENTED_EDGE('',*,*,#3574,.T.);
#880=ORIENTED_EDGE('',*,*,#3575,.T.);
#881=ORIENTED_EDGE('',*,*,#3576,.T.);
#882=ORIENTED_EDGE('',*,*,#3577,.T.);
#883=ORIENTED_EDGE('',*,*,#3578,.T.);
#884=ORIENTED_EDGE('',*,*,#3353,.F.);
#885=ORIENTED_EDGE('',*,*,#3576,.F.);
#886=ORIENTED_EDGE('',*,*,#3579,.T.);
#887=ORIENTED_EDGE('',*,*,#3580,.T.);
#888=ORIENTED_EDGE('',*,*,#3581,.T.);
#889=ORIENTED_EDGE('',*,*,#3582,.F.);
#890=ORIENTED_EDGE('',*,*,#3583,.T.);
#891=ORIENTED_EDGE('',*,*,#3580,.F.);
#892=ORIENTED_EDGE('',*,*,#3584,.T.);
#893=ORIENTED_EDGE('',*,*,#3361,.F.);
#894=ORIENTED_EDGE('',*,*,#3585,.F.);
#895=ORIENTED_EDGE('',*,*,#3563,.T.);
#896=ORIENTED_EDGE('',*,*,#3586,.T.);
#897=ORIENTED_EDGE('',*,*,#3367,.F.);
#898=ORIENTED_EDGE('',*,*,#3587,.F.);
#899=ORIENTED_EDGE('',*,*,#3552,.T.);
#900=ORIENTED_EDGE('',*,*,#3588,.T.);
#901=ORIENTED_EDGE('',*,*,#3373,.F.);
#902=ORIENTED_EDGE('',*,*,#3589,.F.);
#903=ORIENTED_EDGE('',*,*,#3541,.T.);
#904=ORIENTED_EDGE('',*,*,#3590,.T.);
#905=ORIENTED_EDGE('',*,*,#3379,.F.);
#906=ORIENTED_EDGE('',*,*,#3591,.F.);
#907=ORIENTED_EDGE('',*,*,#3530,.T.);
#908=ORIENTED_EDGE('',*,*,#3592,.T.);
#909=ORIENTED_EDGE('',*,*,#3385,.F.);
#910=ORIENTED_EDGE('',*,*,#3593,.F.);
#911=ORIENTED_EDGE('',*,*,#3519,.T.);
#912=ORIENTED_EDGE('',*,*,#3594,.T.);
#913=ORIENTED_EDGE('',*,*,#3391,.F.);
#914=ORIENTED_EDGE('',*,*,#3595,.F.);
#915=ORIENTED_EDGE('',*,*,#3508,.T.);
#916=ORIENTED_EDGE('',*,*,#3596,.T.);
#917=ORIENTED_EDGE('',*,*,#3397,.F.);
#918=ORIENTED_EDGE('',*,*,#3597,.F.);
#919=ORIENTED_EDGE('',*,*,#3497,.T.);
#920=ORIENTED_EDGE('',*,*,#3598,.T.);
#921=ORIENTED_EDGE('',*,*,#3403,.F.);
#922=ORIENTED_EDGE('',*,*,#3599,.F.);
#923=ORIENTED_EDGE('',*,*,#3486,.T.);
#924=ORIENTED_EDGE('',*,*,#3600,.T.);
#925=ORIENTED_EDGE('',*,*,#3409,.F.);
#926=ORIENTED_EDGE('',*,*,#3601,.F.);
#927=ORIENTED_EDGE('',*,*,#3475,.T.);
#928=ORIENTED_EDGE('',*,*,#3602,.T.);
#929=ORIENTED_EDGE('',*,*,#3415,.F.);
#930=ORIENTED_EDGE('',*,*,#3603,.F.);
#931=ORIENTED_EDGE('',*,*,#3464,.T.);
#932=ORIENTED_EDGE('',*,*,#3604,.T.);
#933=ORIENTED_EDGE('',*,*,#3421,.F.);
#934=ORIENTED_EDGE('',*,*,#3605,.F.);
#935=ORIENTED_EDGE('',*,*,#3453,.T.);
#936=ORIENTED_EDGE('',*,*,#3606,.T.);
#937=ORIENTED_EDGE('',*,*,#3570,.F.);
#938=ORIENTED_EDGE('',*,*,#3607,.F.);
#939=ORIENTED_EDGE('',*,*,#3582,.T.);
#940=ORIENTED_EDGE('',*,*,#3608,.T.);
#941=ORIENTED_EDGE('',*,*,#3609,.F.);
#942=ORIENTED_EDGE('',*,*,#3610,.T.);
#943=ORIENTED_EDGE('',*,*,#3611,.F.);
#944=ORIENTED_EDGE('',*,*,#3612,.F.);
#945=ORIENTED_EDGE('',*,*,#3613,.F.);
#946=ORIENTED_EDGE('',*,*,#3614,.T.);
#947=ORIENTED_EDGE('',*,*,#3615,.F.);
#948=ORIENTED_EDGE('',*,*,#3616,.F.);
#949=ORIENTED_EDGE('',*,*,#3617,.F.);
#950=ORIENTED_EDGE('',*,*,#3618,.T.);
#951=ORIENTED_EDGE('',*,*,#3619,.F.);
#952=ORIENTED_EDGE('',*,*,#3620,.F.);
#953=ORIENTED_EDGE('',*,*,#3621,.F.);
#954=ORIENTED_EDGE('',*,*,#3622,.T.);
#955=ORIENTED_EDGE('',*,*,#3623,.F.);
#956=ORIENTED_EDGE('',*,*,#3624,.F.);
#957=ORIENTED_EDGE('',*,*,#3625,.F.);
#958=ORIENTED_EDGE('',*,*,#3626,.T.);
#959=ORIENTED_EDGE('',*,*,#3627,.F.);
#960=ORIENTED_EDGE('',*,*,#3628,.F.);
#961=ORIENTED_EDGE('',*,*,#3629,.F.);
#962=ORIENTED_EDGE('',*,*,#3630,.T.);
#963=ORIENTED_EDGE('',*,*,#3631,.F.);
#964=ORIENTED_EDGE('',*,*,#3632,.F.);
#965=ORIENTED_EDGE('',*,*,#3633,.F.);
#966=ORIENTED_EDGE('',*,*,#3634,.T.);
#967=ORIENTED_EDGE('',*,*,#3635,.F.);
#968=ORIENTED_EDGE('',*,*,#3636,.F.);
#969=ORIENTED_EDGE('',*,*,#3637,.F.);
#970=ORIENTED_EDGE('',*,*,#3638,.T.);
#971=ORIENTED_EDGE('',*,*,#3639,.F.);
#972=ORIENTED_EDGE('',*,*,#3640,.F.);
#973=ORIENTED_EDGE('',*,*,#3641,.F.);
#974=ORIENTED_EDGE('',*,*,#3642,.T.);
#975=ORIENTED_EDGE('',*,*,#3643,.F.);
#976=ORIENTED_EDGE('',*,*,#3644,.F.);
#977=ORIENTED_EDGE('',*,*,#3645,.F.);
#978=ORIENTED_EDGE('',*,*,#3646,.T.);
#979=ORIENTED_EDGE('',*,*,#3647,.F.);
#980=ORIENTED_EDGE('',*,*,#3648,.F.);
#981=ORIENTED_EDGE('',*,*,#3649,.F.);
#982=ORIENTED_EDGE('',*,*,#3650,.T.);
#983=ORIENTED_EDGE('',*,*,#3651,.F.);
#984=ORIENTED_EDGE('',*,*,#3652,.F.);
#985=ORIENTED_EDGE('',*,*,#3653,.F.);
#986=ORIENTED_EDGE('',*,*,#3654,.T.);
#987=ORIENTED_EDGE('',*,*,#3655,.F.);
#988=ORIENTED_EDGE('',*,*,#3656,.F.);
#989=ORIENTED_EDGE('',*,*,#3657,.T.);
#990=ORIENTED_EDGE('',*,*,#3658,.T.);
#991=ORIENTED_EDGE('',*,*,#3659,.F.);
#992=ORIENTED_EDGE('',*,*,#3660,.F.);
#993=ORIENTED_EDGE('',*,*,#3661,.T.);
#994=ORIENTED_EDGE('',*,*,#3662,.T.);
#995=ORIENTED_EDGE('',*,*,#3663,.F.);
#996=ORIENTED_EDGE('',*,*,#3664,.F.);
#997=ORIENTED_EDGE('',*,*,#3665,.T.);
#998=ORIENTED_EDGE('',*,*,#3666,.T.);
#999=ORIENTED_EDGE('',*,*,#3667,.F.);
#1000=ORIENTED_EDGE('',*,*,#3668,.F.);
#1001=ORIENTED_EDGE('',*,*,#3669,.T.);
#1002=ORIENTED_EDGE('',*,*,#3670,.T.);
#1003=ORIENTED_EDGE('',*,*,#3671,.F.);
#1004=ORIENTED_EDGE('',*,*,#3672,.F.);
#1005=ORIENTED_EDGE('',*,*,#3673,.T.);
#1006=ORIENTED_EDGE('',*,*,#3674,.T.);
#1007=ORIENTED_EDGE('',*,*,#3675,.F.);
#1008=ORIENTED_EDGE('',*,*,#3676,.F.);
#1009=ORIENTED_EDGE('',*,*,#3677,.T.);
#1010=ORIENTED_EDGE('',*,*,#3678,.T.);
#1011=ORIENTED_EDGE('',*,*,#3679,.F.);
#1012=ORIENTED_EDGE('',*,*,#3680,.F.);
#1013=ORIENTED_EDGE('',*,*,#3681,.T.);
#1014=ORIENTED_EDGE('',*,*,#3682,.T.);
#1015=ORIENTED_EDGE('',*,*,#3683,.F.);
#1016=ORIENTED_EDGE('',*,*,#3684,.F.);
#1017=ORIENTED_EDGE('',*,*,#3685,.T.);
#1018=ORIENTED_EDGE('',*,*,#3686,.T.);
#1019=ORIENTED_EDGE('',*,*,#3687,.F.);
#1020=ORIENTED_EDGE('',*,*,#3688,.F.);
#1021=ORIENTED_EDGE('',*,*,#3689,.T.);
#1022=ORIENTED_EDGE('',*,*,#3690,.T.);
#1023=ORIENTED_EDGE('',*,*,#3691,.F.);
#1024=ORIENTED_EDGE('',*,*,#3692,.F.);
#1025=ORIENTED_EDGE('',*,*,#3693,.T.);
#1026=ORIENTED_EDGE('',*,*,#3694,.T.);
#1027=ORIENTED_EDGE('',*,*,#3695,.F.);
#1028=ORIENTED_EDGE('',*,*,#3696,.F.);
#1029=ORIENTED_EDGE('',*,*,#3697,.T.);
#1030=ORIENTED_EDGE('',*,*,#3698,.T.);
#1031=ORIENTED_EDGE('',*,*,#3699,.F.);
#1032=ORIENTED_EDGE('',*,*,#3700,.F.);
#1033=ORIENTED_EDGE('',*,*,#3701,.T.);
#1034=ORIENTED_EDGE('',*,*,#3702,.T.);
#1035=ORIENTED_EDGE('',*,*,#3703,.F.);
#1036=ORIENTED_EDGE('',*,*,#3704,.T.);
#1037=ORIENTED_EDGE('',*,*,#3705,.F.);
#1038=ORIENTED_EDGE('',*,*,#3706,.T.);
#1039=ORIENTED_EDGE('',*,*,#3707,.F.);
#1040=ORIENTED_EDGE('',*,*,#3708,.F.);
#1041=ORIENTED_EDGE('',*,*,#3709,.F.);
#1042=ORIENTED_EDGE('',*,*,#3710,.T.);
#1043=ORIENTED_EDGE('',*,*,#3711,.F.);
#1044=ORIENTED_EDGE('',*,*,#3712,.F.);
#1045=ORIENTED_EDGE('',*,*,#3713,.F.);
#1046=ORIENTED_EDGE('',*,*,#3714,.T.);
#1047=ORIENTED_EDGE('',*,*,#3715,.F.);
#1048=ORIENTED_EDGE('',*,*,#3716,.F.);
#1049=ORIENTED_EDGE('',*,*,#3717,.F.);
#1050=ORIENTED_EDGE('',*,*,#3718,.T.);
#1051=ORIENTED_EDGE('',*,*,#3719,.F.);
#1052=ORIENTED_EDGE('',*,*,#3720,.F.);
#1053=ORIENTED_EDGE('',*,*,#3721,.F.);
#1054=ORIENTED_EDGE('',*,*,#3722,.T.);
#1055=ORIENTED_EDGE('',*,*,#3723,.F.);
#1056=ORIENTED_EDGE('',*,*,#3724,.F.);
#1057=ORIENTED_EDGE('',*,*,#3725,.F.);
#1058=ORIENTED_EDGE('',*,*,#3726,.T.);
#1059=ORIENTED_EDGE('',*,*,#3727,.F.);
#1060=ORIENTED_EDGE('',*,*,#3728,.F.);
#1061=ORIENTED_EDGE('',*,*,#3729,.F.);
#1062=ORIENTED_EDGE('',*,*,#3730,.T.);
#1063=ORIENTED_EDGE('',*,*,#3731,.F.);
#1064=ORIENTED_EDGE('',*,*,#3732,.F.);
#1065=ORIENTED_EDGE('',*,*,#3733,.F.);
#1066=ORIENTED_EDGE('',*,*,#3734,.T.);
#1067=ORIENTED_EDGE('',*,*,#3735,.F.);
#1068=ORIENTED_EDGE('',*,*,#3736,.F.);
#1069=ORIENTED_EDGE('',*,*,#3737,.F.);
#1070=ORIENTED_EDGE('',*,*,#3738,.T.);
#1071=ORIENTED_EDGE('',*,*,#3739,.F.);
#1072=ORIENTED_EDGE('',*,*,#3740,.F.);
#1073=ORIENTED_EDGE('',*,*,#3741,.F.);
#1074=ORIENTED_EDGE('',*,*,#3742,.T.);
#1075=ORIENTED_EDGE('',*,*,#3743,.F.);
#1076=ORIENTED_EDGE('',*,*,#3744,.F.);
#1077=ORIENTED_EDGE('',*,*,#3745,.F.);
#1078=ORIENTED_EDGE('',*,*,#3746,.T.);
#1079=ORIENTED_EDGE('',*,*,#3747,.F.);
#1080=ORIENTED_EDGE('',*,*,#3748,.F.);
#1081=ORIENTED_EDGE('',*,*,#3749,.F.);
#1082=ORIENTED_EDGE('',*,*,#3750,.T.);
#1083=ORIENTED_EDGE('',*,*,#3751,.F.);
#1084=ORIENTED_EDGE('',*,*,#3752,.F.);
#1085=ORIENTED_EDGE('',*,*,#3753,.F.);
#1086=ORIENTED_EDGE('',*,*,#3754,.F.);
#1087=ORIENTED_EDGE('',*,*,#3755,.T.);
#1088=ORIENTED_EDGE('',*,*,#3756,.F.);
#1089=ORIENTED_EDGE('',*,*,#3757,.T.);
#1090=ORIENTED_EDGE('',*,*,#3758,.F.);
#1091=ORIENTED_EDGE('',*,*,#3759,.F.);
#1092=ORIENTED_EDGE('',*,*,#3760,.T.);
#1093=ORIENTED_EDGE('',*,*,#3761,.F.);
#1094=ORIENTED_EDGE('',*,*,#3762,.F.);
#1095=ORIENTED_EDGE('',*,*,#3763,.T.);
#1096=ORIENTED_EDGE('',*,*,#3758,.T.);
#1097=ORIENTED_EDGE('',*,*,#3764,.T.);
#1098=ORIENTED_EDGE('',*,*,#3765,.F.);
#1099=ORIENTED_EDGE('',*,*,#3766,.F.);
#1100=ORIENTED_EDGE('',*,*,#3762,.T.);
#1101=ORIENTED_EDGE('',*,*,#3767,.F.);
#1102=ORIENTED_EDGE('',*,*,#3768,.F.);
#1103=ORIENTED_EDGE('',*,*,#3769,.T.);
#1104=ORIENTED_EDGE('',*,*,#3765,.T.);
#1105=ORIENTED_EDGE('',*,*,#3661,.F.);
#1106=ORIENTED_EDGE('',*,*,#3770,.T.);
#1107=ORIENTED_EDGE('',*,*,#3771,.F.);
#1108=ORIENTED_EDGE('',*,*,#3772,.F.);
#1109=ORIENTED_EDGE('',*,*,#3657,.F.);
#1110=ORIENTED_EDGE('',*,*,#3773,.T.);
#1111=ORIENTED_EDGE('',*,*,#3774,.F.);
#1112=ORIENTED_EDGE('',*,*,#3775,.F.);
#1113=ORIENTED_EDGE('',*,*,#3768,.T.);
#1114=ORIENTED_EDGE('',*,*,#3776,.T.);
#1115=ORIENTED_EDGE('',*,*,#3777,.F.);
#1116=ORIENTED_EDGE('',*,*,#3778,.F.);
#1117=ORIENTED_EDGE('',*,*,#3701,.F.);
#1118=ORIENTED_EDGE('',*,*,#3779,.T.);
#1119=ORIENTED_EDGE('',*,*,#3780,.F.);
#1120=ORIENTED_EDGE('',*,*,#3781,.F.);
#1121=ORIENTED_EDGE('',*,*,#3697,.F.);
#1122=ORIENTED_EDGE('',*,*,#3782,.T.);
#1123=ORIENTED_EDGE('',*,*,#3783,.F.);
#1124=ORIENTED_EDGE('',*,*,#3784,.F.);
#1125=ORIENTED_EDGE('',*,*,#3693,.F.);
#1126=ORIENTED_EDGE('',*,*,#3785,.T.);
#1127=ORIENTED_EDGE('',*,*,#3786,.F.);
#1128=ORIENTED_EDGE('',*,*,#3787,.F.);
#1129=ORIENTED_EDGE('',*,*,#3689,.F.);
#1130=ORIENTED_EDGE('',*,*,#3788,.T.);
#1131=ORIENTED_EDGE('',*,*,#3789,.F.);
#1132=ORIENTED_EDGE('',*,*,#3790,.F.);
#1133=ORIENTED_EDGE('',*,*,#3685,.F.);
#1134=ORIENTED_EDGE('',*,*,#3791,.T.);
#1135=ORIENTED_EDGE('',*,*,#3792,.F.);
#1136=ORIENTED_EDGE('',*,*,#3793,.F.);
#1137=ORIENTED_EDGE('',*,*,#3681,.F.);
#1138=ORIENTED_EDGE('',*,*,#3794,.T.);
#1139=ORIENTED_EDGE('',*,*,#3795,.F.);
#1140=ORIENTED_EDGE('',*,*,#3796,.F.);
#1141=ORIENTED_EDGE('',*,*,#3677,.F.);
#1142=ORIENTED_EDGE('',*,*,#3797,.T.);
#1143=ORIENTED_EDGE('',*,*,#3798,.F.);
#1144=ORIENTED_EDGE('',*,*,#3799,.F.);
#1145=ORIENTED_EDGE('',*,*,#3673,.F.);
#1146=ORIENTED_EDGE('',*,*,#3800,.T.);
#1147=ORIENTED_EDGE('',*,*,#3801,.F.);
#1148=ORIENTED_EDGE('',*,*,#3802,.F.);
#1149=ORIENTED_EDGE('',*,*,#3669,.F.);
#1150=ORIENTED_EDGE('',*,*,#3803,.T.);
#1151=ORIENTED_EDGE('',*,*,#3804,.F.);
#1152=ORIENTED_EDGE('',*,*,#3805,.F.);
#1153=ORIENTED_EDGE('',*,*,#3665,.F.);
#1154=ORIENTED_EDGE('',*,*,#3806,.T.);
#1155=ORIENTED_EDGE('',*,*,#3807,.F.);
#1156=ORIENTED_EDGE('',*,*,#3808,.F.);
#1157=ORIENTED_EDGE('',*,*,#3751,.T.);
#1158=ORIENTED_EDGE('',*,*,#3809,.F.);
#1159=ORIENTED_EDGE('',*,*,#3810,.T.);
#1160=ORIENTED_EDGE('',*,*,#3811,.T.);
#1161=ORIENTED_EDGE('',*,*,#3747,.T.);
#1162=ORIENTED_EDGE('',*,*,#3812,.F.);
#1163=ORIENTED_EDGE('',*,*,#3813,.T.);
#1164=ORIENTED_EDGE('',*,*,#3814,.T.);
#1165=ORIENTED_EDGE('',*,*,#3743,.T.);
#1166=ORIENTED_EDGE('',*,*,#3815,.F.);
#1167=ORIENTED_EDGE('',*,*,#3816,.T.);
#1168=ORIENTED_EDGE('',*,*,#3817,.T.);
#1169=ORIENTED_EDGE('',*,*,#3739,.T.);
#1170=ORIENTED_EDGE('',*,*,#3818,.F.);
#1171=ORIENTED_EDGE('',*,*,#3819,.T.);
#1172=ORIENTED_EDGE('',*,*,#3820,.T.);
#1173=ORIENTED_EDGE('',*,*,#3735,.T.);
#1174=ORIENTED_EDGE('',*,*,#3821,.F.);
#1175=ORIENTED_EDGE('',*,*,#3822,.T.);
#1176=ORIENTED_EDGE('',*,*,#3823,.T.);
#1177=ORIENTED_EDGE('',*,*,#3731,.T.);
#1178=ORIENTED_EDGE('',*,*,#3824,.F.);
#1179=ORIENTED_EDGE('',*,*,#3825,.T.);
#1180=ORIENTED_EDGE('',*,*,#3826,.T.);
#1181=ORIENTED_EDGE('',*,*,#3727,.T.);
#1182=ORIENTED_EDGE('',*,*,#3827,.F.);
#1183=ORIENTED_EDGE('',*,*,#3828,.T.);
#1184=ORIENTED_EDGE('',*,*,#3829,.T.);
#1185=ORIENTED_EDGE('',*,*,#3723,.T.);
#1186=ORIENTED_EDGE('',*,*,#3830,.F.);
#1187=ORIENTED_EDGE('',*,*,#3831,.T.);
#1188=ORIENTED_EDGE('',*,*,#3832,.T.);
#1189=ORIENTED_EDGE('',*,*,#3719,.T.);
#1190=ORIENTED_EDGE('',*,*,#3833,.F.);
#1191=ORIENTED_EDGE('',*,*,#3834,.T.);
#1192=ORIENTED_EDGE('',*,*,#3835,.T.);
#1193=ORIENTED_EDGE('',*,*,#3715,.T.);
#1194=ORIENTED_EDGE('',*,*,#3836,.F.);
#1195=ORIENTED_EDGE('',*,*,#3837,.T.);
#1196=ORIENTED_EDGE('',*,*,#3838,.T.);
#1197=ORIENTED_EDGE('',*,*,#3711,.T.);
#1198=ORIENTED_EDGE('',*,*,#3839,.F.);
#1199=ORIENTED_EDGE('',*,*,#3840,.T.);
#1200=ORIENTED_EDGE('',*,*,#3841,.T.);
#1201=ORIENTED_EDGE('',*,*,#3707,.T.);
#1202=ORIENTED_EDGE('',*,*,#3842,.F.);
#1203=ORIENTED_EDGE('',*,*,#3843,.T.);
#1204=ORIENTED_EDGE('',*,*,#3844,.T.);
#1205=ORIENTED_EDGE('',*,*,#3845,.F.);
#1206=ORIENTED_EDGE('',*,*,#3846,.F.);
#1207=ORIENTED_EDGE('',*,*,#3847,.T.);
#1208=ORIENTED_EDGE('',*,*,#3848,.T.);
#1209=ORIENTED_EDGE('',*,*,#3849,.T.);
#1210=ORIENTED_EDGE('',*,*,#3349,.F.);
#1211=ORIENTED_EDGE('',*,*,#3850,.F.);
#1212=ORIENTED_EDGE('',*,*,#3845,.T.);
#1213=ORIENTED_EDGE('',*,*,#3851,.T.);
#1214=ORIENTED_EDGE('',*,*,#3852,.F.);
#1215=ORIENTED_EDGE('',*,*,#3853,.F.);
#1216=ORIENTED_EDGE('',*,*,#3236,.T.);
#1217=ORIENTED_EDGE('',*,*,#3854,.T.);
#1218=ORIENTED_EDGE('',*,*,#3760,.F.);
#1219=ORIENTED_EDGE('',*,*,#3855,.F.);
#1220=ORIENTED_EDGE('',*,*,#3852,.T.);
#1221=ORIENTED_EDGE('',*,*,#3704,.F.);
#1222=ORIENTED_EDGE('',*,*,#3856,.F.);
#1223=ORIENTED_EDGE('',*,*,#3857,.F.);
#1224=ORIENTED_EDGE('',*,*,#3858,.F.);
#1225=ORIENTED_EDGE('',*,*,#3776,.F.);
#1226=ORIENTED_EDGE('',*,*,#3767,.T.);
#1227=ORIENTED_EDGE('',*,*,#3764,.F.);
#1228=ORIENTED_EDGE('',*,*,#3761,.T.);
#1229=ORIENTED_EDGE('',*,*,#3757,.F.);
#1230=ORIENTED_EDGE('',*,*,#3854,.F.);
#1231=ORIENTED_EDGE('',*,*,#3851,.F.);
#1232=ORIENTED_EDGE('',*,*,#3235,.F.);
#1233=ORIENTED_EDGE('',*,*,#3573,.F.);
#1234=ORIENTED_EDGE('',*,*,#3350,.F.);
#1235=ORIENTED_EDGE('',*,*,#3849,.F.);
#1236=ORIENTED_EDGE('',*,*,#3844,.F.);
#1237=ORIENTED_EDGE('',*,*,#3859,.F.);
#1238=ORIENTED_EDGE('',*,*,#3860,.F.);
#1239=ORIENTED_EDGE('',*,*,#3861,.F.);
#1240=ORIENTED_EDGE('',*,*,#3860,.T.);
#1241=ORIENTED_EDGE('',*,*,#3862,.F.);
#1242=ORIENTED_EDGE('',*,*,#3863,.F.);
#1243=ORIENTED_EDGE('',*,*,#3864,.T.);
#1244=ORIENTED_EDGE('',*,*,#3859,.T.);
#1245=ORIENTED_EDGE('',*,*,#3843,.F.);
#1246=ORIENTED_EDGE('',*,*,#3865,.F.);
#1247=ORIENTED_EDGE('',*,*,#3862,.T.);
#1248=ORIENTED_EDGE('',*,*,#3706,.F.);
#1249=ORIENTED_EDGE('',*,*,#3866,.T.);
#1250=ORIENTED_EDGE('',*,*,#3863,.T.);
#1251=ORIENTED_EDGE('',*,*,#3865,.T.);
#1252=ORIENTED_EDGE('',*,*,#3842,.T.);
#1253=ORIENTED_EDGE('',*,*,#3866,.F.);
#1254=ORIENTED_EDGE('',*,*,#3705,.T.);
#1255=ORIENTED_EDGE('',*,*,#3861,.T.);
#1256=ORIENTED_EDGE('',*,*,#3864,.F.);
#1257=ORIENTED_EDGE('',*,*,#3702,.F.);
#1258=ORIENTED_EDGE('',*,*,#3778,.T.);
#1259=ORIENTED_EDGE('',*,*,#3867,.T.);
#1260=ORIENTED_EDGE('',*,*,#3868,.T.);
#1261=ORIENTED_EDGE('',*,*,#3869,.T.);
#1262=ORIENTED_EDGE('',*,*,#3856,.T.);
#1263=ORIENTED_EDGE('',*,*,#3703,.T.);
#1264=ORIENTED_EDGE('',*,*,#3869,.F.);
#1265=ORIENTED_EDGE('',*,*,#3870,.T.);
#1266=ORIENTED_EDGE('',*,*,#3858,.T.);
#1267=ORIENTED_EDGE('',*,*,#3871,.F.);
#1268=ORIENTED_EDGE('',*,*,#3867,.F.);
#1269=ORIENTED_EDGE('',*,*,#3777,.T.);
#1270=ORIENTED_EDGE('',*,*,#3857,.T.);
#1271=ORIENTED_EDGE('',*,*,#3870,.F.);
#1272=ORIENTED_EDGE('',*,*,#3868,.F.);
#1273=ORIENTED_EDGE('',*,*,#3871,.T.);
#1274=ORIENTED_EDGE('',*,*,#3872,.T.);
#1275=ORIENTED_EDGE('',*,*,#3873,.F.);
#1276=ORIENTED_EDGE('',*,*,#3874,.F.);
#1277=ORIENTED_EDGE('',*,*,#3875,.T.);
#1278=ORIENTED_EDGE('',*,*,#3876,.T.);
#1279=ORIENTED_EDGE('',*,*,#3840,.F.);
#1280=ORIENTED_EDGE('',*,*,#3877,.F.);
#1281=ORIENTED_EDGE('',*,*,#3873,.T.);
#1282=ORIENTED_EDGE('',*,*,#3710,.F.);
#1283=ORIENTED_EDGE('',*,*,#3878,.T.);
#1284=ORIENTED_EDGE('',*,*,#3874,.T.);
#1285=ORIENTED_EDGE('',*,*,#3877,.T.);
#1286=ORIENTED_EDGE('',*,*,#3839,.T.);
#1287=ORIENTED_EDGE('',*,*,#3879,.F.);
#1288=ORIENTED_EDGE('',*,*,#3708,.T.);
#1289=ORIENTED_EDGE('',*,*,#3841,.F.);
#1290=ORIENTED_EDGE('',*,*,#3876,.F.);
#1291=ORIENTED_EDGE('',*,*,#3872,.F.);
#1292=ORIENTED_EDGE('',*,*,#3878,.F.);
#1293=ORIENTED_EDGE('',*,*,#3709,.T.);
#1294=ORIENTED_EDGE('',*,*,#3879,.T.);
#1295=ORIENTED_EDGE('',*,*,#3875,.F.);
#1296=ORIENTED_EDGE('',*,*,#3880,.T.);
#1297=ORIENTED_EDGE('',*,*,#3699,.T.);
#1298=ORIENTED_EDGE('',*,*,#3881,.F.);
#1299=ORIENTED_EDGE('',*,*,#3882,.T.);
#1300=ORIENTED_EDGE('',*,*,#3698,.F.);
#1301=ORIENTED_EDGE('',*,*,#3781,.T.);
#1302=ORIENTED_EDGE('',*,*,#3883,.T.);
#1303=ORIENTED_EDGE('',*,*,#3884,.T.);
#1304=ORIENTED_EDGE('',*,*,#3881,.T.);
#1305=ORIENTED_EDGE('',*,*,#3779,.F.);
#1306=ORIENTED_EDGE('',*,*,#3700,.T.);
#1307=ORIENTED_EDGE('',*,*,#3880,.F.);
#1308=ORIENTED_EDGE('',*,*,#3885,.F.);
#1309=ORIENTED_EDGE('',*,*,#3886,.F.);
#1310=ORIENTED_EDGE('',*,*,#3886,.T.);
#1311=ORIENTED_EDGE('',*,*,#3887,.F.);
#1312=ORIENTED_EDGE('',*,*,#3883,.F.);
#1313=ORIENTED_EDGE('',*,*,#3780,.T.);
#1314=ORIENTED_EDGE('',*,*,#3885,.T.);
#1315=ORIENTED_EDGE('',*,*,#3882,.F.);
#1316=ORIENTED_EDGE('',*,*,#3884,.F.);
#1317=ORIENTED_EDGE('',*,*,#3887,.T.);
#1318=ORIENTED_EDGE('',*,*,#3888,.T.);
#1319=ORIENTED_EDGE('',*,*,#3889,.F.);
#1320=ORIENTED_EDGE('',*,*,#3890,.F.);
#1321=ORIENTED_EDGE('',*,*,#3891,.T.);
#1322=ORIENTED_EDGE('',*,*,#3892,.T.);
#1323=ORIENTED_EDGE('',*,*,#3837,.F.);
#1324=ORIENTED_EDGE('',*,*,#3893,.F.);
#1325=ORIENTED_EDGE('',*,*,#3889,.T.);
#1326=ORIENTED_EDGE('',*,*,#3714,.F.);
#1327=ORIENTED_EDGE('',*,*,#3894,.T.);
#1328=ORIENTED_EDGE('',*,*,#3890,.T.);
#1329=ORIENTED_EDGE('',*,*,#3893,.T.);
#1330=ORIENTED_EDGE('',*,*,#3836,.T.);
#1331=ORIENTED_EDGE('',*,*,#3895,.F.);
#1332=ORIENTED_EDGE('',*,*,#3712,.T.);
#1333=ORIENTED_EDGE('',*,*,#3838,.F.);
#1334=ORIENTED_EDGE('',*,*,#3892,.F.);
#1335=ORIENTED_EDGE('',*,*,#3888,.F.);
#1336=ORIENTED_EDGE('',*,*,#3894,.F.);
#1337=ORIENTED_EDGE('',*,*,#3713,.T.);
#1338=ORIENTED_EDGE('',*,*,#3895,.T.);
#1339=ORIENTED_EDGE('',*,*,#3891,.F.);
#1340=ORIENTED_EDGE('',*,*,#3896,.T.);
#1341=ORIENTED_EDGE('',*,*,#3695,.T.);
#1342=ORIENTED_EDGE('',*,*,#3897,.F.);
#1343=ORIENTED_EDGE('',*,*,#3898,.T.);
#1344=ORIENTED_EDGE('',*,*,#3694,.F.);
#1345=ORIENTED_EDGE('',*,*,#3784,.T.);
#1346=ORIENTED_EDGE('',*,*,#3899,.T.);
#1347=ORIENTED_EDGE('',*,*,#3900,.T.);
#1348=ORIENTED_EDGE('',*,*,#3897,.T.);
#1349=ORIENTED_EDGE('',*,*,#3782,.F.);
#1350=ORIENTED_EDGE('',*,*,#3696,.T.);
#1351=ORIENTED_EDGE('',*,*,#3896,.F.);
#1352=ORIENTED_EDGE('',*,*,#3901,.F.);
#1353=ORIENTED_EDGE('',*,*,#3902,.F.);
#1354=ORIENTED_EDGE('',*,*,#3902,.T.);
#1355=ORIENTED_EDGE('',*,*,#3903,.F.);
#1356=ORIENTED_EDGE('',*,*,#3899,.F.);
#1357=ORIENTED_EDGE('',*,*,#3783,.T.);
#1358=ORIENTED_EDGE('',*,*,#3901,.T.);
#1359=ORIENTED_EDGE('',*,*,#3898,.F.);
#1360=ORIENTED_EDGE('',*,*,#3900,.F.);
#1361=ORIENTED_EDGE('',*,*,#3903,.T.);
#1362=ORIENTED_EDGE('',*,*,#3904,.T.);
#1363=ORIENTED_EDGE('',*,*,#3905,.F.);
#1364=ORIENTED_EDGE('',*,*,#3906,.F.);
#1365=ORIENTED_EDGE('',*,*,#3907,.T.);
#1366=ORIENTED_EDGE('',*,*,#3908,.T.);
#1367=ORIENTED_EDGE('',*,*,#3834,.F.);
#1368=ORIENTED_EDGE('',*,*,#3909,.F.);
#1369=ORIENTED_EDGE('',*,*,#3905,.T.);
#1370=ORIENTED_EDGE('',*,*,#3718,.F.);
#1371=ORIENTED_EDGE('',*,*,#3910,.T.);
#1372=ORIENTED_EDGE('',*,*,#3906,.T.);
#1373=ORIENTED_EDGE('',*,*,#3909,.T.);
#1374=ORIENTED_EDGE('',*,*,#3833,.T.);
#1375=ORIENTED_EDGE('',*,*,#3911,.F.);
#1376=ORIENTED_EDGE('',*,*,#3716,.T.);
#1377=ORIENTED_EDGE('',*,*,#3835,.F.);
#1378=ORIENTED_EDGE('',*,*,#3908,.F.);
#1379=ORIENTED_EDGE('',*,*,#3904,.F.);
#1380=ORIENTED_EDGE('',*,*,#3910,.F.);
#1381=ORIENTED_EDGE('',*,*,#3717,.T.);
#1382=ORIENTED_EDGE('',*,*,#3911,.T.);
#1383=ORIENTED_EDGE('',*,*,#3907,.F.);
#1384=ORIENTED_EDGE('',*,*,#3912,.T.);
#1385=ORIENTED_EDGE('',*,*,#3691,.T.);
#1386=ORIENTED_EDGE('',*,*,#3913,.F.);
#1387=ORIENTED_EDGE('',*,*,#3914,.T.);
#1388=ORIENTED_EDGE('',*,*,#3690,.F.);
#1389=ORIENTED_EDGE('',*,*,#3787,.T.);
#1390=ORIENTED_EDGE('',*,*,#3915,.T.);
#1391=ORIENTED_EDGE('',*,*,#3916,.T.);
#1392=ORIENTED_EDGE('',*,*,#3913,.T.);
#1393=ORIENTED_EDGE('',*,*,#3785,.F.);
#1394=ORIENTED_EDGE('',*,*,#3692,.T.);
#1395=ORIENTED_EDGE('',*,*,#3912,.F.);
#1396=ORIENTED_EDGE('',*,*,#3917,.F.);
#1397=ORIENTED_EDGE('',*,*,#3918,.F.);
#1398=ORIENTED_EDGE('',*,*,#3918,.T.);
#1399=ORIENTED_EDGE('',*,*,#3919,.F.);
#1400=ORIENTED_EDGE('',*,*,#3915,.F.);
#1401=ORIENTED_EDGE('',*,*,#3786,.T.);
#1402=ORIENTED_EDGE('',*,*,#3917,.T.);
#1403=ORIENTED_EDGE('',*,*,#3914,.F.);
#1404=ORIENTED_EDGE('',*,*,#3916,.F.);
#1405=ORIENTED_EDGE('',*,*,#3919,.T.);
#1406=ORIENTED_EDGE('',*,*,#3920,.T.);
#1407=ORIENTED_EDGE('',*,*,#3921,.F.);
#1408=ORIENTED_EDGE('',*,*,#3922,.F.);
#1409=ORIENTED_EDGE('',*,*,#3923,.T.);
#1410=ORIENTED_EDGE('',*,*,#3924,.T.);
#1411=ORIENTED_EDGE('',*,*,#3831,.F.);
#1412=ORIENTED_EDGE('',*,*,#3925,.F.);
#1413=ORIENTED_EDGE('',*,*,#3921,.T.);
#1414=ORIENTED_EDGE('',*,*,#3722,.F.);
#1415=ORIENTED_EDGE('',*,*,#3926,.T.);
#1416=ORIENTED_EDGE('',*,*,#3922,.T.);
#1417=ORIENTED_EDGE('',*,*,#3925,.T.);
#1418=ORIENTED_EDGE('',*,*,#3830,.T.);
#1419=ORIENTED_EDGE('',*,*,#3927,.F.);
#1420=ORIENTED_EDGE('',*,*,#3720,.T.);
#1421=ORIENTED_EDGE('',*,*,#3832,.F.);
#1422=ORIENTED_EDGE('',*,*,#3924,.F.);
#1423=ORIENTED_EDGE('',*,*,#3920,.F.);
#1424=ORIENTED_EDGE('',*,*,#3926,.F.);
#1425=ORIENTED_EDGE('',*,*,#3721,.T.);
#1426=ORIENTED_EDGE('',*,*,#3927,.T.);
#1427=ORIENTED_EDGE('',*,*,#3923,.F.);
#1428=ORIENTED_EDGE('',*,*,#3928,.T.);
#1429=ORIENTED_EDGE('',*,*,#3687,.T.);
#1430=ORIENTED_EDGE('',*,*,#3929,.F.);
#1431=ORIENTED_EDGE('',*,*,#3930,.T.);
#1432=ORIENTED_EDGE('',*,*,#3686,.F.);
#1433=ORIENTED_EDGE('',*,*,#3790,.T.);
#1434=ORIENTED_EDGE('',*,*,#3931,.T.);
#1435=ORIENTED_EDGE('',*,*,#3932,.T.);
#1436=ORIENTED_EDGE('',*,*,#3929,.T.);
#1437=ORIENTED_EDGE('',*,*,#3788,.F.);
#1438=ORIENTED_EDGE('',*,*,#3688,.T.);
#1439=ORIENTED_EDGE('',*,*,#3928,.F.);
#1440=ORIENTED_EDGE('',*,*,#3933,.F.);
#1441=ORIENTED_EDGE('',*,*,#3934,.F.);
#1442=ORIENTED_EDGE('',*,*,#3934,.T.);
#1443=ORIENTED_EDGE('',*,*,#3935,.F.);
#1444=ORIENTED_EDGE('',*,*,#3931,.F.);
#1445=ORIENTED_EDGE('',*,*,#3789,.T.);
#1446=ORIENTED_EDGE('',*,*,#3933,.T.);
#1447=ORIENTED_EDGE('',*,*,#3930,.F.);
#1448=ORIENTED_EDGE('',*,*,#3932,.F.);
#1449=ORIENTED_EDGE('',*,*,#3935,.T.);
#1450=ORIENTED_EDGE('',*,*,#3936,.T.);
#1451=ORIENTED_EDGE('',*,*,#3937,.F.);
#1452=ORIENTED_EDGE('',*,*,#3938,.F.);
#1453=ORIENTED_EDGE('',*,*,#3939,.T.);
#1454=ORIENTED_EDGE('',*,*,#3940,.T.);
#1455=ORIENTED_EDGE('',*,*,#3828,.F.);
#1456=ORIENTED_EDGE('',*,*,#3941,.F.);
#1457=ORIENTED_EDGE('',*,*,#3937,.T.);
#1458=ORIENTED_EDGE('',*,*,#3726,.F.);
#1459=ORIENTED_EDGE('',*,*,#3942,.T.);
#1460=ORIENTED_EDGE('',*,*,#3938,.T.);
#1461=ORIENTED_EDGE('',*,*,#3941,.T.);
#1462=ORIENTED_EDGE('',*,*,#3827,.T.);
#1463=ORIENTED_EDGE('',*,*,#3943,.F.);
#1464=ORIENTED_EDGE('',*,*,#3724,.T.);
#1465=ORIENTED_EDGE('',*,*,#3829,.F.);
#1466=ORIENTED_EDGE('',*,*,#3940,.F.);
#1467=ORIENTED_EDGE('',*,*,#3936,.F.);
#1468=ORIENTED_EDGE('',*,*,#3942,.F.);
#1469=ORIENTED_EDGE('',*,*,#3725,.T.);
#1470=ORIENTED_EDGE('',*,*,#3943,.T.);
#1471=ORIENTED_EDGE('',*,*,#3939,.F.);
#1472=ORIENTED_EDGE('',*,*,#3944,.T.);
#1473=ORIENTED_EDGE('',*,*,#3683,.T.);
#1474=ORIENTED_EDGE('',*,*,#3945,.F.);
#1475=ORIENTED_EDGE('',*,*,#3946,.T.);
#1476=ORIENTED_EDGE('',*,*,#3682,.F.);
#1477=ORIENTED_EDGE('',*,*,#3793,.T.);
#1478=ORIENTED_EDGE('',*,*,#3947,.T.);
#1479=ORIENTED_EDGE('',*,*,#3948,.T.);
#1480=ORIENTED_EDGE('',*,*,#3945,.T.);
#1481=ORIENTED_EDGE('',*,*,#3791,.F.);
#1482=ORIENTED_EDGE('',*,*,#3684,.T.);
#1483=ORIENTED_EDGE('',*,*,#3944,.F.);
#1484=ORIENTED_EDGE('',*,*,#3949,.F.);
#1485=ORIENTED_EDGE('',*,*,#3950,.F.);
#1486=ORIENTED_EDGE('',*,*,#3950,.T.);
#1487=ORIENTED_EDGE('',*,*,#3951,.F.);
#1488=ORIENTED_EDGE('',*,*,#3947,.F.);
#1489=ORIENTED_EDGE('',*,*,#3792,.T.);
#1490=ORIENTED_EDGE('',*,*,#3949,.T.);
#1491=ORIENTED_EDGE('',*,*,#3946,.F.);
#1492=ORIENTED_EDGE('',*,*,#3948,.F.);
#1493=ORIENTED_EDGE('',*,*,#3951,.T.);
#1494=ORIENTED_EDGE('',*,*,#3952,.T.);
#1495=ORIENTED_EDGE('',*,*,#3953,.F.);
#1496=ORIENTED_EDGE('',*,*,#3954,.F.);
#1497=ORIENTED_EDGE('',*,*,#3955,.T.);
#1498=ORIENTED_EDGE('',*,*,#3956,.T.);
#1499=ORIENTED_EDGE('',*,*,#3825,.F.);
#1500=ORIENTED_EDGE('',*,*,#3957,.F.);
#1501=ORIENTED_EDGE('',*,*,#3953,.T.);
#1502=ORIENTED_EDGE('',*,*,#3730,.F.);
#1503=ORIENTED_EDGE('',*,*,#3958,.T.);
#1504=ORIENTED_EDGE('',*,*,#3954,.T.);
#1505=ORIENTED_EDGE('',*,*,#3957,.T.);
#1506=ORIENTED_EDGE('',*,*,#3824,.T.);
#1507=ORIENTED_EDGE('',*,*,#3959,.F.);
#1508=ORIENTED_EDGE('',*,*,#3728,.T.);
#1509=ORIENTED_EDGE('',*,*,#3826,.F.);
#1510=ORIENTED_EDGE('',*,*,#3956,.F.);
#1511=ORIENTED_EDGE('',*,*,#3952,.F.);
#1512=ORIENTED_EDGE('',*,*,#3958,.F.);
#1513=ORIENTED_EDGE('',*,*,#3729,.T.);
#1514=ORIENTED_EDGE('',*,*,#3959,.T.);
#1515=ORIENTED_EDGE('',*,*,#3955,.F.);
#1516=ORIENTED_EDGE('',*,*,#3960,.T.);
#1517=ORIENTED_EDGE('',*,*,#3679,.T.);
#1518=ORIENTED_EDGE('',*,*,#3961,.F.);
#1519=ORIENTED_EDGE('',*,*,#3962,.T.);
#1520=ORIENTED_EDGE('',*,*,#3678,.F.);
#1521=ORIENTED_EDGE('',*,*,#3796,.T.);
#1522=ORIENTED_EDGE('',*,*,#3963,.T.);
#1523=ORIENTED_EDGE('',*,*,#3964,.T.);
#1524=ORIENTED_EDGE('',*,*,#3961,.T.);
#1525=ORIENTED_EDGE('',*,*,#3794,.F.);
#1526=ORIENTED_EDGE('',*,*,#3680,.T.);
#1527=ORIENTED_EDGE('',*,*,#3960,.F.);
#1528=ORIENTED_EDGE('',*,*,#3965,.F.);
#1529=ORIENTED_EDGE('',*,*,#3966,.F.);
#1530=ORIENTED_EDGE('',*,*,#3966,.T.);
#1531=ORIENTED_EDGE('',*,*,#3967,.F.);
#1532=ORIENTED_EDGE('',*,*,#3963,.F.);
#1533=ORIENTED_EDGE('',*,*,#3795,.T.);
#1534=ORIENTED_EDGE('',*,*,#3965,.T.);
#1535=ORIENTED_EDGE('',*,*,#3962,.F.);
#1536=ORIENTED_EDGE('',*,*,#3964,.F.);
#1537=ORIENTED_EDGE('',*,*,#3967,.T.);
#1538=ORIENTED_EDGE('',*,*,#3968,.T.);
#1539=ORIENTED_EDGE('',*,*,#3969,.F.);
#1540=ORIENTED_EDGE('',*,*,#3970,.F.);
#1541=ORIENTED_EDGE('',*,*,#3971,.T.);
#1542=ORIENTED_EDGE('',*,*,#3972,.T.);
#1543=ORIENTED_EDGE('',*,*,#3822,.F.);
#1544=ORIENTED_EDGE('',*,*,#3973,.F.);
#1545=ORIENTED_EDGE('',*,*,#3969,.T.);
#1546=ORIENTED_EDGE('',*,*,#3734,.F.);
#1547=ORIENTED_EDGE('',*,*,#3974,.T.);
#1548=ORIENTED_EDGE('',*,*,#3970,.T.);
#1549=ORIENTED_EDGE('',*,*,#3973,.T.);
#1550=ORIENTED_EDGE('',*,*,#3821,.T.);
#1551=ORIENTED_EDGE('',*,*,#3975,.F.);
#1552=ORIENTED_EDGE('',*,*,#3732,.T.);
#1553=ORIENTED_EDGE('',*,*,#3823,.F.);
#1554=ORIENTED_EDGE('',*,*,#3972,.F.);
#1555=ORIENTED_EDGE('',*,*,#3968,.F.);
#1556=ORIENTED_EDGE('',*,*,#3974,.F.);
#1557=ORIENTED_EDGE('',*,*,#3733,.T.);
#1558=ORIENTED_EDGE('',*,*,#3975,.T.);
#1559=ORIENTED_EDGE('',*,*,#3971,.F.);
#1560=ORIENTED_EDGE('',*,*,#3976,.T.);
#1561=ORIENTED_EDGE('',*,*,#3675,.T.);
#1562=ORIENTED_EDGE('',*,*,#3977,.F.);
#1563=ORIENTED_EDGE('',*,*,#3978,.T.);
#1564=ORIENTED_EDGE('',*,*,#3674,.F.);
#1565=ORIENTED_EDGE('',*,*,#3799,.T.);
#1566=ORIENTED_EDGE('',*,*,#3979,.T.);
#1567=ORIENTED_EDGE('',*,*,#3980,.T.);
#1568=ORIENTED_EDGE('',*,*,#3977,.T.);
#1569=ORIENTED_EDGE('',*,*,#3797,.F.);
#1570=ORIENTED_EDGE('',*,*,#3676,.T.);
#1571=ORIENTED_EDGE('',*,*,#3976,.F.);
#1572=ORIENTED_EDGE('',*,*,#3981,.F.);
#1573=ORIENTED_EDGE('',*,*,#3982,.F.);
#1574=ORIENTED_EDGE('',*,*,#3982,.T.);
#1575=ORIENTED_EDGE('',*,*,#3983,.F.);
#1576=ORIENTED_EDGE('',*,*,#3979,.F.);
#1577=ORIENTED_EDGE('',*,*,#3798,.T.);
#1578=ORIENTED_EDGE('',*,*,#3981,.T.);
#1579=ORIENTED_EDGE('',*,*,#3978,.F.);
#1580=ORIENTED_EDGE('',*,*,#3980,.F.);
#1581=ORIENTED_EDGE('',*,*,#3983,.T.);
#1582=ORIENTED_EDGE('',*,*,#3984,.T.);
#1583=ORIENTED_EDGE('',*,*,#3985,.F.);
#1584=ORIENTED_EDGE('',*,*,#3986,.F.);
#1585=ORIENTED_EDGE('',*,*,#3987,.T.);
#1586=ORIENTED_EDGE('',*,*,#3988,.T.);
#1587=ORIENTED_EDGE('',*,*,#3819,.F.);
#1588=ORIENTED_EDGE('',*,*,#3989,.F.);
#1589=ORIENTED_EDGE('',*,*,#3985,.T.);
#1590=ORIENTED_EDGE('',*,*,#3738,.F.);
#1591=ORIENTED_EDGE('',*,*,#3990,.T.);
#1592=ORIENTED_EDGE('',*,*,#3986,.T.);
#1593=ORIENTED_EDGE('',*,*,#3989,.T.);
#1594=ORIENTED_EDGE('',*,*,#3818,.T.);
#1595=ORIENTED_EDGE('',*,*,#3991,.F.);
#1596=ORIENTED_EDGE('',*,*,#3736,.T.);
#1597=ORIENTED_EDGE('',*,*,#3820,.F.);
#1598=ORIENTED_EDGE('',*,*,#3988,.F.);
#1599=ORIENTED_EDGE('',*,*,#3984,.F.);
#1600=ORIENTED_EDGE('',*,*,#3990,.F.);
#1601=ORIENTED_EDGE('',*,*,#3737,.T.);
#1602=ORIENTED_EDGE('',*,*,#3991,.T.);
#1603=ORIENTED_EDGE('',*,*,#3987,.F.);
#1604=ORIENTED_EDGE('',*,*,#3992,.T.);
#1605=ORIENTED_EDGE('',*,*,#3671,.T.);
#1606=ORIENTED_EDGE('',*,*,#3993,.F.);
#1607=ORIENTED_EDGE('',*,*,#3994,.T.);
#1608=ORIENTED_EDGE('',*,*,#3670,.F.);
#1609=ORIENTED_EDGE('',*,*,#3802,.T.);
#1610=ORIENTED_EDGE('',*,*,#3995,.T.);
#1611=ORIENTED_EDGE('',*,*,#3996,.T.);
#1612=ORIENTED_EDGE('',*,*,#3993,.T.);
#1613=ORIENTED_EDGE('',*,*,#3800,.F.);
#1614=ORIENTED_EDGE('',*,*,#3672,.T.);
#1615=ORIENTED_EDGE('',*,*,#3992,.F.);
#1616=ORIENTED_EDGE('',*,*,#3997,.F.);
#1617=ORIENTED_EDGE('',*,*,#3998,.F.);
#1618=ORIENTED_EDGE('',*,*,#3998,.T.);
#1619=ORIENTED_EDGE('',*,*,#3999,.F.);
#1620=ORIENTED_EDGE('',*,*,#3995,.F.);
#1621=ORIENTED_EDGE('',*,*,#3801,.T.);
#1622=ORIENTED_EDGE('',*,*,#3997,.T.);
#1623=ORIENTED_EDGE('',*,*,#3994,.F.);
#1624=ORIENTED_EDGE('',*,*,#3996,.F.);
#1625=ORIENTED_EDGE('',*,*,#3999,.T.);
#1626=ORIENTED_EDGE('',*,*,#4000,.T.);
#1627=ORIENTED_EDGE('',*,*,#4001,.F.);
#1628=ORIENTED_EDGE('',*,*,#4002,.F.);
#1629=ORIENTED_EDGE('',*,*,#4003,.T.);
#1630=ORIENTED_EDGE('',*,*,#4004,.T.);
#1631=ORIENTED_EDGE('',*,*,#3816,.F.);
#1632=ORIENTED_EDGE('',*,*,#4005,.F.);
#1633=ORIENTED_EDGE('',*,*,#4001,.T.);
#1634=ORIENTED_EDGE('',*,*,#3742,.F.);
#1635=ORIENTED_EDGE('',*,*,#4006,.T.);
#1636=ORIENTED_EDGE('',*,*,#4002,.T.);
#1637=ORIENTED_EDGE('',*,*,#4005,.T.);
#1638=ORIENTED_EDGE('',*,*,#3815,.T.);
#1639=ORIENTED_EDGE('',*,*,#4007,.F.);
#1640=ORIENTED_EDGE('',*,*,#3740,.T.);
#1641=ORIENTED_EDGE('',*,*,#3817,.F.);
#1642=ORIENTED_EDGE('',*,*,#4004,.F.);
#1643=ORIENTED_EDGE('',*,*,#4000,.F.);
#1644=ORIENTED_EDGE('',*,*,#4006,.F.);
#1645=ORIENTED_EDGE('',*,*,#3741,.T.);
#1646=ORIENTED_EDGE('',*,*,#4007,.T.);
#1647=ORIENTED_EDGE('',*,*,#4003,.F.);
#1648=ORIENTED_EDGE('',*,*,#4008,.T.);
#1649=ORIENTED_EDGE('',*,*,#3667,.T.);
#1650=ORIENTED_EDGE('',*,*,#4009,.F.);
#1651=ORIENTED_EDGE('',*,*,#4010,.T.);
#1652=ORIENTED_EDGE('',*,*,#3666,.F.);
#1653=ORIENTED_EDGE('',*,*,#3805,.T.);
#1654=ORIENTED_EDGE('',*,*,#4011,.T.);
#1655=ORIENTED_EDGE('',*,*,#4012,.T.);
#1656=ORIENTED_EDGE('',*,*,#4009,.T.);
#1657=ORIENTED_EDGE('',*,*,#3803,.F.);
#1658=ORIENTED_EDGE('',*,*,#3668,.T.);
#1659=ORIENTED_EDGE('',*,*,#4008,.F.);
#1660=ORIENTED_EDGE('',*,*,#4013,.F.);
#1661=ORIENTED_EDGE('',*,*,#4014,.F.);
#1662=ORIENTED_EDGE('',*,*,#4014,.T.);
#1663=ORIENTED_EDGE('',*,*,#4015,.F.);
#1664=ORIENTED_EDGE('',*,*,#4011,.F.);
#1665=ORIENTED_EDGE('',*,*,#3804,.T.);
#1666=ORIENTED_EDGE('',*,*,#4013,.T.);
#1667=ORIENTED_EDGE('',*,*,#4010,.F.);
#1668=ORIENTED_EDGE('',*,*,#4012,.F.);
#1669=ORIENTED_EDGE('',*,*,#4015,.T.);
#1670=ORIENTED_EDGE('',*,*,#4016,.T.);
#1671=ORIENTED_EDGE('',*,*,#4017,.F.);
#1672=ORIENTED_EDGE('',*,*,#4018,.F.);
#1673=ORIENTED_EDGE('',*,*,#4019,.T.);
#1674=ORIENTED_EDGE('',*,*,#4020,.T.);
#1675=ORIENTED_EDGE('',*,*,#3813,.F.);
#1676=ORIENTED_EDGE('',*,*,#4021,.F.);
#1677=ORIENTED_EDGE('',*,*,#4017,.T.);
#1678=ORIENTED_EDGE('',*,*,#3746,.F.);
#1679=ORIENTED_EDGE('',*,*,#4022,.T.);
#1680=ORIENTED_EDGE('',*,*,#4018,.T.);
#1681=ORIENTED_EDGE('',*,*,#4021,.T.);
#1682=ORIENTED_EDGE('',*,*,#3812,.T.);
#1683=ORIENTED_EDGE('',*,*,#4023,.F.);
#1684=ORIENTED_EDGE('',*,*,#3744,.T.);
#1685=ORIENTED_EDGE('',*,*,#3814,.F.);
#1686=ORIENTED_EDGE('',*,*,#4020,.F.);
#1687=ORIENTED_EDGE('',*,*,#4016,.F.);
#1688=ORIENTED_EDGE('',*,*,#4022,.F.);
#1689=ORIENTED_EDGE('',*,*,#3745,.T.);
#1690=ORIENTED_EDGE('',*,*,#4023,.T.);
#1691=ORIENTED_EDGE('',*,*,#4019,.F.);
#1692=ORIENTED_EDGE('',*,*,#4024,.T.);
#1693=ORIENTED_EDGE('',*,*,#3663,.T.);
#1694=ORIENTED_EDGE('',*,*,#4025,.F.);
#1695=ORIENTED_EDGE('',*,*,#4026,.T.);
#1696=ORIENTED_EDGE('',*,*,#3662,.F.);
#1697=ORIENTED_EDGE('',*,*,#3808,.T.);
#1698=ORIENTED_EDGE('',*,*,#4027,.T.);
#1699=ORIENTED_EDGE('',*,*,#4028,.T.);
#1700=ORIENTED_EDGE('',*,*,#4025,.T.);
#1701=ORIENTED_EDGE('',*,*,#3806,.F.);
#1702=ORIENTED_EDGE('',*,*,#3664,.T.);
#1703=ORIENTED_EDGE('',*,*,#4024,.F.);
#1704=ORIENTED_EDGE('',*,*,#4029,.F.);
#1705=ORIENTED_EDGE('',*,*,#4030,.F.);
#1706=ORIENTED_EDGE('',*,*,#4030,.T.);
#1707=ORIENTED_EDGE('',*,*,#4031,.F.);
#1708=ORIENTED_EDGE('',*,*,#4027,.F.);
#1709=ORIENTED_EDGE('',*,*,#3807,.T.);
#1710=ORIENTED_EDGE('',*,*,#4029,.T.);
#1711=ORIENTED_EDGE('',*,*,#4026,.F.);
#1712=ORIENTED_EDGE('',*,*,#4028,.F.);
#1713=ORIENTED_EDGE('',*,*,#4031,.T.);
#1714=ORIENTED_EDGE('',*,*,#4032,.T.);
#1715=ORIENTED_EDGE('',*,*,#4033,.F.);
#1716=ORIENTED_EDGE('',*,*,#4034,.F.);
#1717=ORIENTED_EDGE('',*,*,#4035,.T.);
#1718=ORIENTED_EDGE('',*,*,#4036,.T.);
#1719=ORIENTED_EDGE('',*,*,#3810,.F.);
#1720=ORIENTED_EDGE('',*,*,#4037,.F.);
#1721=ORIENTED_EDGE('',*,*,#4033,.T.);
#1722=ORIENTED_EDGE('',*,*,#3750,.F.);
#1723=ORIENTED_EDGE('',*,*,#4038,.T.);
#1724=ORIENTED_EDGE('',*,*,#4034,.T.);
#1725=ORIENTED_EDGE('',*,*,#4037,.T.);
#1726=ORIENTED_EDGE('',*,*,#3809,.T.);
#1727=ORIENTED_EDGE('',*,*,#4039,.F.);
#1728=ORIENTED_EDGE('',*,*,#3748,.T.);
#1729=ORIENTED_EDGE('',*,*,#3811,.F.);
#1730=ORIENTED_EDGE('',*,*,#4036,.F.);
#1731=ORIENTED_EDGE('',*,*,#4032,.F.);
#1732=ORIENTED_EDGE('',*,*,#4038,.F.);
#1733=ORIENTED_EDGE('',*,*,#3749,.T.);
#1734=ORIENTED_EDGE('',*,*,#4039,.T.);
#1735=ORIENTED_EDGE('',*,*,#4035,.F.);
#1736=ORIENTED_EDGE('',*,*,#4040,.T.);
#1737=ORIENTED_EDGE('',*,*,#3659,.T.);
#1738=ORIENTED_EDGE('',*,*,#4041,.F.);
#1739=ORIENTED_EDGE('',*,*,#4042,.T.);
#1740=ORIENTED_EDGE('',*,*,#3658,.F.);
#1741=ORIENTED_EDGE('',*,*,#3772,.T.);
#1742=ORIENTED_EDGE('',*,*,#4043,.T.);
#1743=ORIENTED_EDGE('',*,*,#4044,.T.);
#1744=ORIENTED_EDGE('',*,*,#4041,.T.);
#1745=ORIENTED_EDGE('',*,*,#3770,.F.);
#1746=ORIENTED_EDGE('',*,*,#3660,.T.);
#1747=ORIENTED_EDGE('',*,*,#4040,.F.);
#1748=ORIENTED_EDGE('',*,*,#4045,.F.);
#1749=ORIENTED_EDGE('',*,*,#4046,.F.);
#1750=ORIENTED_EDGE('',*,*,#4046,.T.);
#1751=ORIENTED_EDGE('',*,*,#4047,.F.);
#1752=ORIENTED_EDGE('',*,*,#4043,.F.);
#1753=ORIENTED_EDGE('',*,*,#3771,.T.);
#1754=ORIENTED_EDGE('',*,*,#4045,.T.);
#1755=ORIENTED_EDGE('',*,*,#4042,.F.);
#1756=ORIENTED_EDGE('',*,*,#4044,.F.);
#1757=ORIENTED_EDGE('',*,*,#4047,.T.);
#1758=ORIENTED_EDGE('',*,*,#3773,.F.);
#1759=ORIENTED_EDGE('',*,*,#3756,.T.);
#1760=ORIENTED_EDGE('',*,*,#4048,.F.);
#1761=ORIENTED_EDGE('',*,*,#4049,.F.);
#1762=ORIENTED_EDGE('',*,*,#4050,.F.);
#1763=ORIENTED_EDGE('',*,*,#4051,.F.);
#1764=ORIENTED_EDGE('',*,*,#3752,.T.);
#1765=ORIENTED_EDGE('',*,*,#3848,.F.);
#1766=ORIENTED_EDGE('',*,*,#4052,.F.);
#1767=ORIENTED_EDGE('',*,*,#4053,.F.);
#1768=ORIENTED_EDGE('',*,*,#4050,.T.);
#1769=ORIENTED_EDGE('',*,*,#4054,.F.);
#1770=ORIENTED_EDGE('',*,*,#4055,.F.);
#1771=ORIENTED_EDGE('',*,*,#3774,.T.);
#1772=ORIENTED_EDGE('',*,*,#4049,.T.);
#1773=ORIENTED_EDGE('',*,*,#4056,.F.);
#1774=ORIENTED_EDGE('',*,*,#4057,.F.);
#1775=ORIENTED_EDGE('',*,*,#4054,.T.);
#1776=ORIENTED_EDGE('',*,*,#4048,.T.);
#1777=ORIENTED_EDGE('',*,*,#3755,.F.);
#1778=ORIENTED_EDGE('',*,*,#4058,.F.);
#1779=ORIENTED_EDGE('',*,*,#4056,.T.);
#1780=ORIENTED_EDGE('',*,*,#4051,.T.);
#1781=ORIENTED_EDGE('',*,*,#4059,.F.);
#1782=ORIENTED_EDGE('',*,*,#4060,.F.);
#1783=ORIENTED_EDGE('',*,*,#3753,.T.);
#1784=ORIENTED_EDGE('',*,*,#4053,.T.);
#1785=ORIENTED_EDGE('',*,*,#4061,.F.);
#1786=ORIENTED_EDGE('',*,*,#4062,.F.);
#1787=ORIENTED_EDGE('',*,*,#4059,.T.);
#1788=ORIENTED_EDGE('',*,*,#4052,.T.);
#1789=ORIENTED_EDGE('',*,*,#3847,.F.);
#1790=ORIENTED_EDGE('',*,*,#4063,.F.);
#1791=ORIENTED_EDGE('',*,*,#4061,.T.);
#1792=ORIENTED_EDGE('',*,*,#3759,.T.);
#1793=ORIENTED_EDGE('',*,*,#3763,.F.);
#1794=ORIENTED_EDGE('',*,*,#3766,.T.);
#1795=ORIENTED_EDGE('',*,*,#3769,.F.);
#1796=ORIENTED_EDGE('',*,*,#3775,.T.);
#1797=ORIENTED_EDGE('',*,*,#4055,.T.);
#1798=ORIENTED_EDGE('',*,*,#4057,.T.);
#1799=ORIENTED_EDGE('',*,*,#4058,.T.);
#1800=ORIENTED_EDGE('',*,*,#3754,.T.);
#1801=ORIENTED_EDGE('',*,*,#4060,.T.);
#1802=ORIENTED_EDGE('',*,*,#4062,.T.);
#1803=ORIENTED_EDGE('',*,*,#4063,.T.);
#1804=ORIENTED_EDGE('',*,*,#3846,.T.);
#1805=ORIENTED_EDGE('',*,*,#3850,.T.);
#1806=ORIENTED_EDGE('',*,*,#3348,.T.);
#1807=ORIENTED_EDGE('',*,*,#3444,.T.);
#1808=ORIENTED_EDGE('',*,*,#3237,.T.);
#1809=ORIENTED_EDGE('',*,*,#3853,.T.);
#1810=ORIENTED_EDGE('',*,*,#3855,.T.);
#1811=ORIENTED_EDGE('',*,*,#4064,.T.);
#1812=ORIENTED_EDGE('',*,*,#3571,.T.);
#1813=ORIENTED_EDGE('',*,*,#3608,.F.);
#1814=ORIENTED_EDGE('',*,*,#3584,.F.);
#1815=ORIENTED_EDGE('',*,*,#3579,.F.);
#1816=ORIENTED_EDGE('',*,*,#3575,.F.);
#1817=ORIENTED_EDGE('',*,*,#3572,.T.);
#1818=ORIENTED_EDGE('',*,*,#3233,.T.);
#1819=ORIENTED_EDGE('',*,*,#3568,.T.);
#1820=ORIENTED_EDGE('',*,*,#4064,.F.);
#1821=ORIENTED_EDGE('',*,*,#3574,.F.);
#1822=ORIENTED_EDGE('',*,*,#3352,.T.);
#1823=ORIENTED_EDGE('',*,*,#3305,.T.);
#1824=ORIENTED_EDGE('',*,*,#3354,.T.);
#1825=ORIENTED_EDGE('',*,*,#3578,.F.);
#1826=ORIENTED_EDGE('',*,*,#4065,.T.);
#1827=ORIENTED_EDGE('',*,*,#3566,.F.);
#1828=ORIENTED_EDGE('',*,*,#3231,.F.);
#1829=ORIENTED_EDGE('',*,*,#3581,.F.);
#1830=ORIENTED_EDGE('',*,*,#3583,.F.);
#1831=ORIENTED_EDGE('',*,*,#3607,.T.);
#1832=ORIENTED_EDGE('',*,*,#3569,.F.);
#1833=ORIENTED_EDGE('',*,*,#4065,.F.);
#1834=ORIENTED_EDGE('',*,*,#3577,.F.);
#1835=ORIENTED_EDGE('',*,*,#4066,.T.);
#1836=ORIENTED_EDGE('',*,*,#3362,.T.);
#1837=ORIENTED_EDGE('',*,*,#3586,.F.);
#1838=ORIENTED_EDGE('',*,*,#3565,.F.);
#1839=ORIENTED_EDGE('',*,*,#3560,.F.);
#1840=ORIENTED_EDGE('',*,*,#3556,.F.);
#1841=ORIENTED_EDGE('',*,*,#3442,.T.);
#1842=ORIENTED_EDGE('',*,*,#3241,.T.);
#1843=ORIENTED_EDGE('',*,*,#3359,.T.);
#1844=ORIENTED_EDGE('',*,*,#4066,.F.);
#1845=ORIENTED_EDGE('',*,*,#3555,.F.);
#1846=ORIENTED_EDGE('',*,*,#3344,.T.);
#1847=ORIENTED_EDGE('',*,*,#3443,.T.);
#1848=ORIENTED_EDGE('',*,*,#3346,.T.);
#1849=ORIENTED_EDGE('',*,*,#3559,.F.);
#1850=ORIENTED_EDGE('',*,*,#4067,.T.);
#1851=ORIENTED_EDGE('',*,*,#3357,.F.);
#1852=ORIENTED_EDGE('',*,*,#3239,.F.);
#1853=ORIENTED_EDGE('',*,*,#3562,.F.);
#1854=ORIENTED_EDGE('',*,*,#3564,.F.);
#1855=ORIENTED_EDGE('',*,*,#3585,.T.);
#1856=ORIENTED_EDGE('',*,*,#3360,.F.);
#1857=ORIENTED_EDGE('',*,*,#4067,.F.);
#1858=ORIENTED_EDGE('',*,*,#3558,.F.);
#1859=ORIENTED_EDGE('',*,*,#4068,.T.);
#1860=ORIENTED_EDGE('',*,*,#3368,.T.);
#1861=ORIENTED_EDGE('',*,*,#3588,.F.);
#1862=ORIENTED_EDGE('',*,*,#3554,.F.);
#1863=ORIENTED_EDGE('',*,*,#3549,.F.);
#1864=ORIENTED_EDGE('',*,*,#3545,.F.);
#1865=ORIENTED_EDGE('',*,*,#3440,.T.);
#1866=ORIENTED_EDGE('',*,*,#3245,.T.);
#1867=ORIENTED_EDGE('',*,*,#3365,.T.);
#1868=ORIENTED_EDGE('',*,*,#4068,.F.);
#1869=ORIENTED_EDGE('',*,*,#3544,.F.);
#1870=ORIENTED_EDGE('',*,*,#3340,.T.);
#1871=ORIENTED_EDGE('',*,*,#3441,.T.);
#1872=ORIENTED_EDGE('',*,*,#3342,.T.);
#1873=ORIENTED_EDGE('',*,*,#3548,.F.);
#1874=ORIENTED_EDGE('',*,*,#4069,.T.);
#1875=ORIENTED_EDGE('',*,*,#3363,.F.);
#1876=ORIENTED_EDGE('',*,*,#3243,.F.);
#1877=ORIENTED_EDGE('',*,*,#3551,.F.);
#1878=ORIENTED_EDGE('',*,*,#3553,.F.);
#1879=ORIENTED_EDGE('',*,*,#3587,.T.);
#1880=ORIENTED_EDGE('',*,*,#3366,.F.);
#1881=ORIENTED_EDGE('',*,*,#4069,.F.);
#1882=ORIENTED_EDGE('',*,*,#3547,.F.);
#1883=ORIENTED_EDGE('',*,*,#4070,.T.);
#1884=ORIENTED_EDGE('',*,*,#3374,.T.);
#1885=ORIENTED_EDGE('',*,*,#3590,.F.);
#1886=ORIENTED_EDGE('',*,*,#3543,.F.);
#1887=ORIENTED_EDGE('',*,*,#3538,.F.);
#1888=ORIENTED_EDGE('',*,*,#3534,.F.);
#1889=ORIENTED_EDGE('',*,*,#3438,.T.);
#1890=ORIENTED_EDGE('',*,*,#3249,.T.);
#1891=ORIENTED_EDGE('',*,*,#3371,.T.);
#1892=ORIENTED_EDGE('',*,*,#4070,.F.);
#1893=ORIENTED_EDGE('',*,*,#3533,.F.);
#1894=ORIENTED_EDGE('',*,*,#3336,.T.);
#1895=ORIENTED_EDGE('',*,*,#3439,.T.);
#1896=ORIENTED_EDGE('',*,*,#3338,.T.);
#1897=ORIENTED_EDGE('',*,*,#3537,.F.);
#1898=ORIENTED_EDGE('',*,*,#4071,.T.);
#1899=ORIENTED_EDGE('',*,*,#3369,.F.);
#1900=ORIENTED_EDGE('',*,*,#3247,.F.);
#1901=ORIENTED_EDGE('',*,*,#3540,.F.);
#1902=ORIENTED_EDGE('',*,*,#3542,.F.);
#1903=ORIENTED_EDGE('',*,*,#3589,.T.);
#1904=ORIENTED_EDGE('',*,*,#3372,.F.);
#1905=ORIENTED_EDGE('',*,*,#4071,.F.);
#1906=ORIENTED_EDGE('',*,*,#3536,.F.);
#1907=ORIENTED_EDGE('',*,*,#4072,.T.);
#1908=ORIENTED_EDGE('',*,*,#3380,.T.);
#1909=ORIENTED_EDGE('',*,*,#3592,.F.);
#1910=ORIENTED_EDGE('',*,*,#3532,.F.);
#1911=ORIENTED_EDGE('',*,*,#3527,.F.);
#1912=ORIENTED_EDGE('',*,*,#3523,.F.);
#1913=ORIENTED_EDGE('',*,*,#3436,.T.);
#1914=ORIENTED_EDGE('',*,*,#3253,.T.);
#1915=ORIENTED_EDGE('',*,*,#3377,.T.);
#1916=ORIENTED_EDGE('',*,*,#4072,.F.);
#1917=ORIENTED_EDGE('',*,*,#3522,.F.);
#1918=ORIENTED_EDGE('',*,*,#3332,.T.);
#1919=ORIENTED_EDGE('',*,*,#3437,.T.);
#1920=ORIENTED_EDGE('',*,*,#3334,.T.);
#1921=ORIENTED_EDGE('',*,*,#3526,.F.);
#1922=ORIENTED_EDGE('',*,*,#4073,.T.);
#1923=ORIENTED_EDGE('',*,*,#3375,.F.);
#1924=ORIENTED_EDGE('',*,*,#3251,.F.);
#1925=ORIENTED_EDGE('',*,*,#3529,.F.);
#1926=ORIENTED_EDGE('',*,*,#3531,.F.);
#1927=ORIENTED_EDGE('',*,*,#3591,.T.);
#1928=ORIENTED_EDGE('',*,*,#3378,.F.);
#1929=ORIENTED_EDGE('',*,*,#4073,.F.);
#1930=ORIENTED_EDGE('',*,*,#3525,.F.);
#1931=ORIENTED_EDGE('',*,*,#4074,.T.);
#1932=ORIENTED_EDGE('',*,*,#3386,.T.);
#1933=ORIENTED_EDGE('',*,*,#3594,.F.);
#1934=ORIENTED_EDGE('',*,*,#3521,.F.);
#1935=ORIENTED_EDGE('',*,*,#3516,.F.);
#1936=ORIENTED_EDGE('',*,*,#3512,.F.);
#1937=ORIENTED_EDGE('',*,*,#3434,.T.);
#1938=ORIENTED_EDGE('',*,*,#3257,.T.);
#1939=ORIENTED_EDGE('',*,*,#3383,.T.);
#1940=ORIENTED_EDGE('',*,*,#4074,.F.);
#1941=ORIENTED_EDGE('',*,*,#3511,.F.);
#1942=ORIENTED_EDGE('',*,*,#3328,.T.);
#1943=ORIENTED_EDGE('',*,*,#3435,.T.);
#1944=ORIENTED_EDGE('',*,*,#3330,.T.);
#1945=ORIENTED_EDGE('',*,*,#3515,.F.);
#1946=ORIENTED_EDGE('',*,*,#4075,.T.);
#1947=ORIENTED_EDGE('',*,*,#3381,.F.);
#1948=ORIENTED_EDGE('',*,*,#3255,.F.);
#1949=ORIENTED_EDGE('',*,*,#3518,.F.);
#1950=ORIENTED_EDGE('',*,*,#3520,.F.);
#1951=ORIENTED_EDGE('',*,*,#3593,.T.);
#1952=ORIENTED_EDGE('',*,*,#3384,.F.);
#1953=ORIENTED_EDGE('',*,*,#4075,.F.);
#1954=ORIENTED_EDGE('',*,*,#3514,.F.);
#1955=ORIENTED_EDGE('',*,*,#4076,.T.);
#1956=ORIENTED_EDGE('',*,*,#3392,.T.);
#1957=ORIENTED_EDGE('',*,*,#3596,.F.);
#1958=ORIENTED_EDGE('',*,*,#3510,.F.);
#1959=ORIENTED_EDGE('',*,*,#3505,.F.);
#1960=ORIENTED_EDGE('',*,*,#3501,.F.);
#1961=ORIENTED_EDGE('',*,*,#3432,.T.);
#1962=ORIENTED_EDGE('',*,*,#3261,.T.);
#1963=ORIENTED_EDGE('',*,*,#3389,.T.);
#1964=ORIENTED_EDGE('',*,*,#4076,.F.);
#1965=ORIENTED_EDGE('',*,*,#3500,.F.);
#1966=ORIENTED_EDGE('',*,*,#3324,.T.);
#1967=ORIENTED_EDGE('',*,*,#3433,.T.);
#1968=ORIENTED_EDGE('',*,*,#3326,.T.);
#1969=ORIENTED_EDGE('',*,*,#3504,.F.);
#1970=ORIENTED_EDGE('',*,*,#4077,.T.);
#1971=ORIENTED_EDGE('',*,*,#3387,.F.);
#1972=ORIENTED_EDGE('',*,*,#3259,.F.);
#1973=ORIENTED_EDGE('',*,*,#3507,.F.);
#1974=ORIENTED_EDGE('',*,*,#3509,.F.);
#1975=ORIENTED_EDGE('',*,*,#3595,.T.);
#1976=ORIENTED_EDGE('',*,*,#3390,.F.);
#1977=ORIENTED_EDGE('',*,*,#4077,.F.);
#1978=ORIENTED_EDGE('',*,*,#3503,.F.);
#1979=ORIENTED_EDGE('',*,*,#4078,.T.);
#1980=ORIENTED_EDGE('',*,*,#3398,.T.);
#1981=ORIENTED_EDGE('',*,*,#3598,.F.);
#1982=ORIENTED_EDGE('',*,*,#3499,.F.);
#1983=ORIENTED_EDGE('',*,*,#3494,.F.);
#1984=ORIENTED_EDGE('',*,*,#3490,.F.);
#1985=ORIENTED_EDGE('',*,*,#3430,.T.);
#1986=ORIENTED_EDGE('',*,*,#3265,.T.);
#1987=ORIENTED_EDGE('',*,*,#3395,.T.);
#1988=ORIENTED_EDGE('',*,*,#4078,.F.);
#1989=ORIENTED_EDGE('',*,*,#3489,.F.);
#1990=ORIENTED_EDGE('',*,*,#3320,.T.);
#1991=ORIENTED_EDGE('',*,*,#3431,.T.);
#1992=ORIENTED_EDGE('',*,*,#3322,.T.);
#1993=ORIENTED_EDGE('',*,*,#3493,.F.);
#1994=ORIENTED_EDGE('',*,*,#4079,.T.);
#1995=ORIENTED_EDGE('',*,*,#3393,.F.);
#1996=ORIENTED_EDGE('',*,*,#3263,.F.);
#1997=ORIENTED_EDGE('',*,*,#3496,.F.);
#1998=ORIENTED_EDGE('',*,*,#3498,.F.);
#1999=ORIENTED_EDGE('',*,*,#3597,.T.);
#2000=ORIENTED_EDGE('',*,*,#3396,.F.);
#2001=ORIENTED_EDGE('',*,*,#4079,.F.);
#2002=ORIENTED_EDGE('',*,*,#3492,.F.);
#2003=ORIENTED_EDGE('',*,*,#4080,.T.);
#2004=ORIENTED_EDGE('',*,*,#3404,.T.);
#2005=ORIENTED_EDGE('',*,*,#3600,.F.);
#2006=ORIENTED_EDGE('',*,*,#3488,.F.);
#2007=ORIENTED_EDGE('',*,*,#3483,.F.);
#2008=ORIENTED_EDGE('',*,*,#3479,.F.);
#2009=ORIENTED_EDGE('',*,*,#3428,.T.);
#2010=ORIENTED_EDGE('',*,*,#3269,.T.);
#2011=ORIENTED_EDGE('',*,*,#3401,.T.);
#2012=ORIENTED_EDGE('',*,*,#4080,.F.);
#2013=ORIENTED_EDGE('',*,*,#3478,.F.);
#2014=ORIENTED_EDGE('',*,*,#3316,.T.);
#2015=ORIENTED_EDGE('',*,*,#3429,.T.);
#2016=ORIENTED_EDGE('',*,*,#3318,.T.);
#2017=ORIENTED_EDGE('',*,*,#3482,.F.);
#2018=ORIENTED_EDGE('',*,*,#4081,.T.);
#2019=ORIENTED_EDGE('',*,*,#3399,.F.);
#2020=ORIENTED_EDGE('',*,*,#3267,.F.);
#2021=ORIENTED_EDGE('',*,*,#3485,.F.);
#2022=ORIENTED_EDGE('',*,*,#3487,.F.);
#2023=ORIENTED_EDGE('',*,*,#3599,.T.);
#2024=ORIENTED_EDGE('',*,*,#3402,.F.);
#2025=ORIENTED_EDGE('',*,*,#4081,.F.);
#2026=ORIENTED_EDGE('',*,*,#3481,.F.);
#2027=ORIENTED_EDGE('',*,*,#4082,.T.);
#2028=ORIENTED_EDGE('',*,*,#3410,.T.);
#2029=ORIENTED_EDGE('',*,*,#3602,.F.);
#2030=ORIENTED_EDGE('',*,*,#3477,.F.);
#2031=ORIENTED_EDGE('',*,*,#3472,.F.);
#2032=ORIENTED_EDGE('',*,*,#3468,.F.);
#2033=ORIENTED_EDGE('',*,*,#3426,.T.);
#2034=ORIENTED_EDGE('',*,*,#3273,.T.);
#2035=ORIENTED_EDGE('',*,*,#3407,.T.);
#2036=ORIENTED_EDGE('',*,*,#4082,.F.);
#2037=ORIENTED_EDGE('',*,*,#3467,.F.);
#2038=ORIENTED_EDGE('',*,*,#3312,.T.);
#2039=ORIENTED_EDGE('',*,*,#3427,.T.);
#2040=ORIENTED_EDGE('',*,*,#3314,.T.);
#2041=ORIENTED_EDGE('',*,*,#3471,.F.);
#2042=ORIENTED_EDGE('',*,*,#4083,.T.);
#2043=ORIENTED_EDGE('',*,*,#3405,.F.);
#2044=ORIENTED_EDGE('',*,*,#3271,.F.);
#2045=ORIENTED_EDGE('',*,*,#3474,.F.);
#2046=ORIENTED_EDGE('',*,*,#3476,.F.);
#2047=ORIENTED_EDGE('',*,*,#3601,.T.);
#2048=ORIENTED_EDGE('',*,*,#3408,.F.);
#2049=ORIENTED_EDGE('',*,*,#4083,.F.);
#2050=ORIENTED_EDGE('',*,*,#3470,.F.);
#2051=ORIENTED_EDGE('',*,*,#4084,.T.);
#2052=ORIENTED_EDGE('',*,*,#3416,.T.);
#2053=ORIENTED_EDGE('',*,*,#3604,.F.);
#2054=ORIENTED_EDGE('',*,*,#3466,.F.);
#2055=ORIENTED_EDGE('',*,*,#3461,.F.);
#2056=ORIENTED_EDGE('',*,*,#3457,.F.);
#2057=ORIENTED_EDGE('',*,*,#3424,.T.);
#2058=ORIENTED_EDGE('',*,*,#3277,.T.);
#2059=ORIENTED_EDGE('',*,*,#3413,.T.);
#2060=ORIENTED_EDGE('',*,*,#4084,.F.);
#2061=ORIENTED_EDGE('',*,*,#3456,.F.);
#2062=ORIENTED_EDGE('',*,*,#3308,.T.);
#2063=ORIENTED_EDGE('',*,*,#3425,.T.);
#2064=ORIENTED_EDGE('',*,*,#3310,.T.);
#2065=ORIENTED_EDGE('',*,*,#3460,.F.);
#2066=ORIENTED_EDGE('',*,*,#4085,.T.);
#2067=ORIENTED_EDGE('',*,*,#3411,.F.);
#2068=ORIENTED_EDGE('',*,*,#3275,.F.);
#2069=ORIENTED_EDGE('',*,*,#3463,.F.);
#2070=ORIENTED_EDGE('',*,*,#3465,.F.);
#2071=ORIENTED_EDGE('',*,*,#3603,.T.);
#2072=ORIENTED_EDGE('',*,*,#3414,.F.);
#2073=ORIENTED_EDGE('',*,*,#4085,.F.);
#2074=ORIENTED_EDGE('',*,*,#3459,.F.);
#2075=ORIENTED_EDGE('',*,*,#4086,.T.);
#2076=ORIENTED_EDGE('',*,*,#3422,.T.);
#2077=ORIENTED_EDGE('',*,*,#3606,.F.);
#2078=ORIENTED_EDGE('',*,*,#3455,.F.);
#2079=ORIENTED_EDGE('',*,*,#3450,.F.);
#2080=ORIENTED_EDGE('',*,*,#3446,.F.);
#2081=ORIENTED_EDGE('',*,*,#3303,.T.);
#2082=ORIENTED_EDGE('',*,*,#3229,.T.);
#2083=ORIENTED_EDGE('',*,*,#3419,.T.);
#2084=ORIENTED_EDGE('',*,*,#4086,.F.);
#2085=ORIENTED_EDGE('',*,*,#3445,.F.);
#2086=ORIENTED_EDGE('',*,*,#3355,.T.);
#2087=ORIENTED_EDGE('',*,*,#3423,.T.);
#2088=ORIENTED_EDGE('',*,*,#3306,.T.);
#2089=ORIENTED_EDGE('',*,*,#3449,.F.);
#2090=ORIENTED_EDGE('',*,*,#4087,.T.);
#2091=ORIENTED_EDGE('',*,*,#3417,.F.);
#2092=ORIENTED_EDGE('',*,*,#3227,.F.);
#2093=ORIENTED_EDGE('',*,*,#3452,.F.);
#2094=ORIENTED_EDGE('',*,*,#3454,.F.);
#2095=ORIENTED_EDGE('',*,*,#3605,.T.);
#2096=ORIENTED_EDGE('',*,*,#3420,.F.);
#2097=ORIENTED_EDGE('',*,*,#4087,.F.);
#2098=ORIENTED_EDGE('',*,*,#3448,.F.);
#2099=ORIENTED_EDGE('',*,*,#4088,.F.);
#2100=ORIENTED_EDGE('',*,*,#3653,.T.);
#2101=ORIENTED_EDGE('',*,*,#4089,.T.);
#2102=ORIENTED_EDGE('',*,*,#4090,.F.);
#2103=ORIENTED_EDGE('',*,*,#4091,.T.);
#2104=ORIENTED_EDGE('',*,*,#3655,.T.);
#2105=ORIENTED_EDGE('',*,*,#4092,.F.);
#2106=ORIENTED_EDGE('',*,*,#4093,.T.);
#2107=ORIENTED_EDGE('',*,*,#3654,.F.);
#2108=ORIENTED_EDGE('',*,*,#4088,.T.);
#2109=ORIENTED_EDGE('',*,*,#4094,.T.);
#2110=ORIENTED_EDGE('',*,*,#4092,.T.);
#2111=ORIENTED_EDGE('',*,*,#4089,.F.);
#2112=ORIENTED_EDGE('',*,*,#3656,.T.);
#2113=ORIENTED_EDGE('',*,*,#4091,.F.);
#2114=ORIENTED_EDGE('',*,*,#4095,.F.);
#2115=ORIENTED_EDGE('',*,*,#4095,.T.);
#2116=ORIENTED_EDGE('',*,*,#4093,.F.);
#2117=ORIENTED_EDGE('',*,*,#4094,.F.);
#2118=ORIENTED_EDGE('',*,*,#4090,.T.);
#2119=ORIENTED_EDGE('',*,*,#4096,.F.);
#2120=ORIENTED_EDGE('',*,*,#3649,.T.);
#2121=ORIENTED_EDGE('',*,*,#4097,.T.);
#2122=ORIENTED_EDGE('',*,*,#4098,.F.);
#2123=ORIENTED_EDGE('',*,*,#4099,.T.);
#2124=ORIENTED_EDGE('',*,*,#3651,.T.);
#2125=ORIENTED_EDGE('',*,*,#4100,.F.);
#2126=ORIENTED_EDGE('',*,*,#4101,.T.);
#2127=ORIENTED_EDGE('',*,*,#3650,.F.);
#2128=ORIENTED_EDGE('',*,*,#4096,.T.);
#2129=ORIENTED_EDGE('',*,*,#4102,.T.);
#2130=ORIENTED_EDGE('',*,*,#4100,.T.);
#2131=ORIENTED_EDGE('',*,*,#4097,.F.);
#2132=ORIENTED_EDGE('',*,*,#3652,.T.);
#2133=ORIENTED_EDGE('',*,*,#4099,.F.);
#2134=ORIENTED_EDGE('',*,*,#4103,.F.);
#2135=ORIENTED_EDGE('',*,*,#4103,.T.);
#2136=ORIENTED_EDGE('',*,*,#4101,.F.);
#2137=ORIENTED_EDGE('',*,*,#4102,.F.);
#2138=ORIENTED_EDGE('',*,*,#4098,.T.);
#2139=ORIENTED_EDGE('',*,*,#4104,.F.);
#2140=ORIENTED_EDGE('',*,*,#3645,.T.);
#2141=ORIENTED_EDGE('',*,*,#4105,.T.);
#2142=ORIENTED_EDGE('',*,*,#4106,.F.);
#2143=ORIENTED_EDGE('',*,*,#4107,.T.);
#2144=ORIENTED_EDGE('',*,*,#3647,.T.);
#2145=ORIENTED_EDGE('',*,*,#4108,.F.);
#2146=ORIENTED_EDGE('',*,*,#4109,.T.);
#2147=ORIENTED_EDGE('',*,*,#3646,.F.);
#2148=ORIENTED_EDGE('',*,*,#4104,.T.);
#2149=ORIENTED_EDGE('',*,*,#4110,.T.);
#2150=ORIENTED_EDGE('',*,*,#4108,.T.);
#2151=ORIENTED_EDGE('',*,*,#4105,.F.);
#2152=ORIENTED_EDGE('',*,*,#3648,.T.);
#2153=ORIENTED_EDGE('',*,*,#4107,.F.);
#2154=ORIENTED_EDGE('',*,*,#4111,.F.);
#2155=ORIENTED_EDGE('',*,*,#4111,.T.);
#2156=ORIENTED_EDGE('',*,*,#4109,.F.);
#2157=ORIENTED_EDGE('',*,*,#4110,.F.);
#2158=ORIENTED_EDGE('',*,*,#4106,.T.);
#2159=ORIENTED_EDGE('',*,*,#4112,.F.);
#2160=ORIENTED_EDGE('',*,*,#3641,.T.);
#2161=ORIENTED_EDGE('',*,*,#4113,.T.);
#2162=ORIENTED_EDGE('',*,*,#4114,.F.);
#2163=ORIENTED_EDGE('',*,*,#4115,.T.);
#2164=ORIENTED_EDGE('',*,*,#3643,.T.);
#2165=ORIENTED_EDGE('',*,*,#4116,.F.);
#2166=ORIENTED_EDGE('',*,*,#4117,.T.);
#2167=ORIENTED_EDGE('',*,*,#3642,.F.);
#2168=ORIENTED_EDGE('',*,*,#4112,.T.);
#2169=ORIENTED_EDGE('',*,*,#4118,.T.);
#2170=ORIENTED_EDGE('',*,*,#4116,.T.);
#2171=ORIENTED_EDGE('',*,*,#4113,.F.);
#2172=ORIENTED_EDGE('',*,*,#3644,.T.);
#2173=ORIENTED_EDGE('',*,*,#4115,.F.);
#2174=ORIENTED_EDGE('',*,*,#4119,.F.);
#2175=ORIENTED_EDGE('',*,*,#4119,.T.);
#2176=ORIENTED_EDGE('',*,*,#4117,.F.);
#2177=ORIENTED_EDGE('',*,*,#4118,.F.);
#2178=ORIENTED_EDGE('',*,*,#4114,.T.);
#2179=ORIENTED_EDGE('',*,*,#4120,.F.);
#2180=ORIENTED_EDGE('',*,*,#3637,.T.);
#2181=ORIENTED_EDGE('',*,*,#4121,.T.);
#2182=ORIENTED_EDGE('',*,*,#4122,.F.);
#2183=ORIENTED_EDGE('',*,*,#4123,.T.);
#2184=ORIENTED_EDGE('',*,*,#3639,.T.);
#2185=ORIENTED_EDGE('',*,*,#4124,.F.);
#2186=ORIENTED_EDGE('',*,*,#4125,.T.);
#2187=ORIENTED_EDGE('',*,*,#3638,.F.);
#2188=ORIENTED_EDGE('',*,*,#4120,.T.);
#2189=ORIENTED_EDGE('',*,*,#4126,.T.);
#2190=ORIENTED_EDGE('',*,*,#4124,.T.);
#2191=ORIENTED_EDGE('',*,*,#4121,.F.);
#2192=ORIENTED_EDGE('',*,*,#3640,.T.);
#2193=ORIENTED_EDGE('',*,*,#4123,.F.);
#2194=ORIENTED_EDGE('',*,*,#4127,.F.);
#2195=ORIENTED_EDGE('',*,*,#4127,.T.);
#2196=ORIENTED_EDGE('',*,*,#4125,.F.);
#2197=ORIENTED_EDGE('',*,*,#4126,.F.);
#2198=ORIENTED_EDGE('',*,*,#4122,.T.);
#2199=ORIENTED_EDGE('',*,*,#4128,.F.);
#2200=ORIENTED_EDGE('',*,*,#3633,.T.);
#2201=ORIENTED_EDGE('',*,*,#4129,.T.);
#2202=ORIENTED_EDGE('',*,*,#4130,.F.);
#2203=ORIENTED_EDGE('',*,*,#4131,.T.);
#2204=ORIENTED_EDGE('',*,*,#3635,.T.);
#2205=ORIENTED_EDGE('',*,*,#4132,.F.);
#2206=ORIENTED_EDGE('',*,*,#4133,.T.);
#2207=ORIENTED_EDGE('',*,*,#3634,.F.);
#2208=ORIENTED_EDGE('',*,*,#4128,.T.);
#2209=ORIENTED_EDGE('',*,*,#4134,.T.);
#2210=ORIENTED_EDGE('',*,*,#4132,.T.);
#2211=ORIENTED_EDGE('',*,*,#4129,.F.);
#2212=ORIENTED_EDGE('',*,*,#3636,.T.);
#2213=ORIENTED_EDGE('',*,*,#4131,.F.);
#2214=ORIENTED_EDGE('',*,*,#4135,.F.);
#2215=ORIENTED_EDGE('',*,*,#4135,.T.);
#2216=ORIENTED_EDGE('',*,*,#4133,.F.);
#2217=ORIENTED_EDGE('',*,*,#4134,.F.);
#2218=ORIENTED_EDGE('',*,*,#4130,.T.);
#2219=ORIENTED_EDGE('',*,*,#4136,.F.);
#2220=ORIENTED_EDGE('',*,*,#3629,.T.);
#2221=ORIENTED_EDGE('',*,*,#4137,.T.);
#2222=ORIENTED_EDGE('',*,*,#4138,.F.);
#2223=ORIENTED_EDGE('',*,*,#4139,.T.);
#2224=ORIENTED_EDGE('',*,*,#3631,.T.);
#2225=ORIENTED_EDGE('',*,*,#4140,.F.);
#2226=ORIENTED_EDGE('',*,*,#4141,.T.);
#2227=ORIENTED_EDGE('',*,*,#3630,.F.);
#2228=ORIENTED_EDGE('',*,*,#4136,.T.);
#2229=ORIENTED_EDGE('',*,*,#4142,.T.);
#2230=ORIENTED_EDGE('',*,*,#4140,.T.);
#2231=ORIENTED_EDGE('',*,*,#4137,.F.);
#2232=ORIENTED_EDGE('',*,*,#3632,.T.);
#2233=ORIENTED_EDGE('',*,*,#4139,.F.);
#2234=ORIENTED_EDGE('',*,*,#4143,.F.);
#2235=ORIENTED_EDGE('',*,*,#4143,.T.);
#2236=ORIENTED_EDGE('',*,*,#4141,.F.);
#2237=ORIENTED_EDGE('',*,*,#4142,.F.);
#2238=ORIENTED_EDGE('',*,*,#4138,.T.);
#2239=ORIENTED_EDGE('',*,*,#4144,.F.);
#2240=ORIENTED_EDGE('',*,*,#3625,.T.);
#2241=ORIENTED_EDGE('',*,*,#4145,.T.);
#2242=ORIENTED_EDGE('',*,*,#4146,.F.);
#2243=ORIENTED_EDGE('',*,*,#4147,.T.);
#2244=ORIENTED_EDGE('',*,*,#3627,.T.);
#2245=ORIENTED_EDGE('',*,*,#4148,.F.);
#2246=ORIENTED_EDGE('',*,*,#4149,.T.);
#2247=ORIENTED_EDGE('',*,*,#3626,.F.);
#2248=ORIENTED_EDGE('',*,*,#4144,.T.);
#2249=ORIENTED_EDGE('',*,*,#4150,.T.);
#2250=ORIENTED_EDGE('',*,*,#4148,.T.);
#2251=ORIENTED_EDGE('',*,*,#4145,.F.);
#2252=ORIENTED_EDGE('',*,*,#3628,.T.);
#2253=ORIENTED_EDGE('',*,*,#4147,.F.);
#2254=ORIENTED_EDGE('',*,*,#4151,.F.);
#2255=ORIENTED_EDGE('',*,*,#4151,.T.);
#2256=ORIENTED_EDGE('',*,*,#4149,.F.);
#2257=ORIENTED_EDGE('',*,*,#4150,.F.);
#2258=ORIENTED_EDGE('',*,*,#4146,.T.);
#2259=ORIENTED_EDGE('',*,*,#4152,.F.);
#2260=ORIENTED_EDGE('',*,*,#3621,.T.);
#2261=ORIENTED_EDGE('',*,*,#4153,.T.);
#2262=ORIENTED_EDGE('',*,*,#4154,.F.);
#2263=ORIENTED_EDGE('',*,*,#4155,.T.);
#2264=ORIENTED_EDGE('',*,*,#3623,.T.);
#2265=ORIENTED_EDGE('',*,*,#4156,.F.);
#2266=ORIENTED_EDGE('',*,*,#4157,.T.);
#2267=ORIENTED_EDGE('',*,*,#3622,.F.);
#2268=ORIENTED_EDGE('',*,*,#4152,.T.);
#2269=ORIENTED_EDGE('',*,*,#4158,.T.);
#2270=ORIENTED_EDGE('',*,*,#4156,.T.);
#2271=ORIENTED_EDGE('',*,*,#4153,.F.);
#2272=ORIENTED_EDGE('',*,*,#3624,.T.);
#2273=ORIENTED_EDGE('',*,*,#4155,.F.);
#2274=ORIENTED_EDGE('',*,*,#4159,.F.);
#2275=ORIENTED_EDGE('',*,*,#4159,.T.);
#2276=ORIENTED_EDGE('',*,*,#4157,.F.);
#2277=ORIENTED_EDGE('',*,*,#4158,.F.);
#2278=ORIENTED_EDGE('',*,*,#4154,.T.);
#2279=ORIENTED_EDGE('',*,*,#4160,.F.);
#2280=ORIENTED_EDGE('',*,*,#3617,.T.);
#2281=ORIENTED_EDGE('',*,*,#4161,.T.);
#2282=ORIENTED_EDGE('',*,*,#4162,.F.);
#2283=ORIENTED_EDGE('',*,*,#4163,.T.);
#2284=ORIENTED_EDGE('',*,*,#3619,.T.);
#2285=ORIENTED_EDGE('',*,*,#4164,.F.);
#2286=ORIENTED_EDGE('',*,*,#4165,.T.);
#2287=ORIENTED_EDGE('',*,*,#3618,.F.);
#2288=ORIENTED_EDGE('',*,*,#4160,.T.);
#2289=ORIENTED_EDGE('',*,*,#4166,.T.);
#2290=ORIENTED_EDGE('',*,*,#4164,.T.);
#2291=ORIENTED_EDGE('',*,*,#4161,.F.);
#2292=ORIENTED_EDGE('',*,*,#3620,.T.);
#2293=ORIENTED_EDGE('',*,*,#4163,.F.);
#2294=ORIENTED_EDGE('',*,*,#4167,.F.);
#2295=ORIENTED_EDGE('',*,*,#4167,.T.);
#2296=ORIENTED_EDGE('',*,*,#4165,.F.);
#2297=ORIENTED_EDGE('',*,*,#4166,.F.);
#2298=ORIENTED_EDGE('',*,*,#4162,.T.);
#2299=ORIENTED_EDGE('',*,*,#4168,.F.);
#2300=ORIENTED_EDGE('',*,*,#3613,.T.);
#2301=ORIENTED_EDGE('',*,*,#4169,.T.);
#2302=ORIENTED_EDGE('',*,*,#4170,.F.);
#2303=ORIENTED_EDGE('',*,*,#4171,.T.);
#2304=ORIENTED_EDGE('',*,*,#3615,.T.);
#2305=ORIENTED_EDGE('',*,*,#4172,.F.);
#2306=ORIENTED_EDGE('',*,*,#4173,.T.);
#2307=ORIENTED_EDGE('',*,*,#3614,.F.);
#2308=ORIENTED_EDGE('',*,*,#4168,.T.);
#2309=ORIENTED_EDGE('',*,*,#4174,.T.);
#2310=ORIENTED_EDGE('',*,*,#4172,.T.);
#2311=ORIENTED_EDGE('',*,*,#4169,.F.);
#2312=ORIENTED_EDGE('',*,*,#3616,.T.);
#2313=ORIENTED_EDGE('',*,*,#4171,.F.);
#2314=ORIENTED_EDGE('',*,*,#4175,.F.);
#2315=ORIENTED_EDGE('',*,*,#4175,.T.);
#2316=ORIENTED_EDGE('',*,*,#4173,.F.);
#2317=ORIENTED_EDGE('',*,*,#4174,.F.);
#2318=ORIENTED_EDGE('',*,*,#4170,.T.);
#2319=ORIENTED_EDGE('',*,*,#4176,.F.);
#2320=ORIENTED_EDGE('',*,*,#3609,.T.);
#2321=ORIENTED_EDGE('',*,*,#4177,.T.);
#2322=ORIENTED_EDGE('',*,*,#4178,.F.);
#2323=ORIENTED_EDGE('',*,*,#4179,.T.);
#2324=ORIENTED_EDGE('',*,*,#3611,.T.);
#2325=ORIENTED_EDGE('',*,*,#4180,.F.);
#2326=ORIENTED_EDGE('',*,*,#4181,.T.);
#2327=ORIENTED_EDGE('',*,*,#3610,.F.);
#2328=ORIENTED_EDGE('',*,*,#4176,.T.);
#2329=ORIENTED_EDGE('',*,*,#4182,.T.);
#2330=ORIENTED_EDGE('',*,*,#4180,.T.);
#2331=ORIENTED_EDGE('',*,*,#4177,.F.);
#2332=ORIENTED_EDGE('',*,*,#3612,.T.);
#2333=ORIENTED_EDGE('',*,*,#4179,.F.);
#2334=ORIENTED_EDGE('',*,*,#4183,.F.);
#2335=ORIENTED_EDGE('',*,*,#4183,.T.);
#2336=ORIENTED_EDGE('',*,*,#4181,.F.);
#2337=ORIENTED_EDGE('',*,*,#4182,.F.);
#2338=ORIENTED_EDGE('',*,*,#4178,.T.);
#2339=ORIENTED_EDGE('',*,*,#3226,.F.);
#2340=ORIENTED_EDGE('',*,*,#4184,.F.);
#2341=ORIENTED_EDGE('',*,*,#4185,.F.);
#2342=ORIENTED_EDGE('',*,*,#4186,.T.);
#2343=ORIENTED_EDGE('',*,*,#4187,.F.);
#2344=ORIENTED_EDGE('',*,*,#4188,.F.);
#2345=ORIENTED_EDGE('',*,*,#4189,.F.);
#2346=ORIENTED_EDGE('',*,*,#3224,.F.);
#2347=ORIENTED_EDGE('',*,*,#4190,.T.);
#2348=ORIENTED_EDGE('',*,*,#4191,.T.);
#2349=ORIENTED_EDGE('',*,*,#4192,.T.);
#2350=ORIENTED_EDGE('',*,*,#4193,.T.);
#2351=ORIENTED_EDGE('',*,*,#3202,.F.);
#2352=ORIENTED_EDGE('',*,*,#4194,.F.);
#2353=ORIENTED_EDGE('',*,*,#4190,.F.);
#2354=ORIENTED_EDGE('',*,*,#3223,.T.);
#2355=ORIENTED_EDGE('',*,*,#4186,.F.);
#2356=ORIENTED_EDGE('',*,*,#4195,.F.);
#2357=ORIENTED_EDGE('',*,*,#4196,.F.);
#2358=ORIENTED_EDGE('',*,*,#4197,.F.);
#2359=ORIENTED_EDGE('',*,*,#4198,.F.);
#2360=ORIENTED_EDGE('',*,*,#4199,.F.);
#2361=ORIENTED_EDGE('',*,*,#4200,.T.);
#2362=ORIENTED_EDGE('',*,*,#4201,.T.);
#2363=ORIENTED_EDGE('',*,*,#4202,.T.);
#2364=ORIENTED_EDGE('',*,*,#4203,.T.);
#2365=ORIENTED_EDGE('',*,*,#4204,.T.);
#2366=ORIENTED_EDGE('',*,*,#4184,.T.);
#2367=ORIENTED_EDGE('',*,*,#3225,.F.);
#2368=ORIENTED_EDGE('',*,*,#4189,.T.);
#2369=ORIENTED_EDGE('',*,*,#4205,.F.);
#2370=ORIENTED_EDGE('',*,*,#4206,.T.);
#2371=ORIENTED_EDGE('',*,*,#4201,.F.);
#2372=ORIENTED_EDGE('',*,*,#4207,.F.);
#2373=ORIENTED_EDGE('',*,*,#4202,.F.);
#2374=ORIENTED_EDGE('',*,*,#4206,.F.);
#2375=ORIENTED_EDGE('',*,*,#4208,.F.);
#2376=ORIENTED_EDGE('',*,*,#4197,.T.);
#2377=ORIENTED_EDGE('',*,*,#4209,.T.);
#2378=ORIENTED_EDGE('',*,*,#4203,.F.);
#2379=ORIENTED_EDGE('',*,*,#4209,.F.);
#2380=ORIENTED_EDGE('',*,*,#4196,.T.);
#2381=ORIENTED_EDGE('',*,*,#4210,.T.);
#2382=ORIENTED_EDGE('',*,*,#4204,.F.);
#2383=ORIENTED_EDGE('',*,*,#4210,.F.);
#2384=ORIENTED_EDGE('',*,*,#4195,.T.);
#2385=ORIENTED_EDGE('',*,*,#4185,.T.);
#2386=ORIENTED_EDGE('',*,*,#4211,.F.);
#2387=ORIENTED_EDGE('',*,*,#4191,.F.);
#2388=ORIENTED_EDGE('',*,*,#4194,.T.);
#2389=ORIENTED_EDGE('',*,*,#3201,.T.);
#2390=ORIENTED_EDGE('',*,*,#4212,.F.);
#2391=ORIENTED_EDGE('',*,*,#4207,.T.);
#2392=ORIENTED_EDGE('',*,*,#4200,.F.);
#2393=ORIENTED_EDGE('',*,*,#3282,.F.);
#2394=ORIENTED_EDGE('',*,*,#4213,.F.);
#2395=ORIENTED_EDGE('',*,*,#4214,.F.);
#2396=ORIENTED_EDGE('',*,*,#4215,.T.);
#2397=ORIENTED_EDGE('',*,*,#4216,.F.);
#2398=ORIENTED_EDGE('',*,*,#4217,.F.);
#2399=ORIENTED_EDGE('',*,*,#4218,.F.);
#2400=ORIENTED_EDGE('',*,*,#3280,.F.);
#2401=ORIENTED_EDGE('',*,*,#4219,.T.);
#2402=ORIENTED_EDGE('',*,*,#4220,.T.);
#2403=ORIENTED_EDGE('',*,*,#4221,.T.);
#2404=ORIENTED_EDGE('',*,*,#4222,.T.);
#2405=ORIENTED_EDGE('',*,*,#3169,.F.);
#2406=ORIENTED_EDGE('',*,*,#4223,.F.);
#2407=ORIENTED_EDGE('',*,*,#4219,.F.);
#2408=ORIENTED_EDGE('',*,*,#3279,.T.);
#2409=ORIENTED_EDGE('',*,*,#4215,.F.);
#2410=ORIENTED_EDGE('',*,*,#4224,.F.);
#2411=ORIENTED_EDGE('',*,*,#4225,.F.);
#2412=ORIENTED_EDGE('',*,*,#4226,.F.);
#2413=ORIENTED_EDGE('',*,*,#4227,.F.);
#2414=ORIENTED_EDGE('',*,*,#4228,.F.);
#2415=ORIENTED_EDGE('',*,*,#4229,.T.);
#2416=ORIENTED_EDGE('',*,*,#4230,.T.);
#2417=ORIENTED_EDGE('',*,*,#4231,.T.);
#2418=ORIENTED_EDGE('',*,*,#4232,.T.);
#2419=ORIENTED_EDGE('',*,*,#4233,.T.);
#2420=ORIENTED_EDGE('',*,*,#4213,.T.);
#2421=ORIENTED_EDGE('',*,*,#3281,.F.);
#2422=ORIENTED_EDGE('',*,*,#4218,.T.);
#2423=ORIENTED_EDGE('',*,*,#4234,.F.);
#2424=ORIENTED_EDGE('',*,*,#4235,.T.);
#2425=ORIENTED_EDGE('',*,*,#4230,.F.);
#2426=ORIENTED_EDGE('',*,*,#4236,.F.);
#2427=ORIENTED_EDGE('',*,*,#4231,.F.);
#2428=ORIENTED_EDGE('',*,*,#4235,.F.);
#2429=ORIENTED_EDGE('',*,*,#4237,.F.);
#2430=ORIENTED_EDGE('',*,*,#4226,.T.);
#2431=ORIENTED_EDGE('',*,*,#4238,.T.);
#2432=ORIENTED_EDGE('',*,*,#4232,.F.);
#2433=ORIENTED_EDGE('',*,*,#4238,.F.);
#2434=ORIENTED_EDGE('',*,*,#4225,.T.);
#2435=ORIENTED_EDGE('',*,*,#4239,.T.);
#2436=ORIENTED_EDGE('',*,*,#4233,.F.);
#2437=ORIENTED_EDGE('',*,*,#4239,.F.);
#2438=ORIENTED_EDGE('',*,*,#4224,.T.);
#2439=ORIENTED_EDGE('',*,*,#4214,.T.);
#2440=ORIENTED_EDGE('',*,*,#4240,.F.);
#2441=ORIENTED_EDGE('',*,*,#4220,.F.);
#2442=ORIENTED_EDGE('',*,*,#4223,.T.);
#2443=ORIENTED_EDGE('',*,*,#3168,.T.);
#2444=ORIENTED_EDGE('',*,*,#4241,.F.);
#2445=ORIENTED_EDGE('',*,*,#4236,.T.);
#2446=ORIENTED_EDGE('',*,*,#4229,.F.);
#2447=ORIENTED_EDGE('',*,*,#3222,.F.);
#2448=ORIENTED_EDGE('',*,*,#4242,.F.);
#2449=ORIENTED_EDGE('',*,*,#4243,.F.);
#2450=ORIENTED_EDGE('',*,*,#4244,.T.);
#2451=ORIENTED_EDGE('',*,*,#4245,.F.);
#2452=ORIENTED_EDGE('',*,*,#4246,.F.);
#2453=ORIENTED_EDGE('',*,*,#4247,.F.);
#2454=ORIENTED_EDGE('',*,*,#3220,.F.);
#2455=ORIENTED_EDGE('',*,*,#4248,.T.);
#2456=ORIENTED_EDGE('',*,*,#4249,.T.);
#2457=ORIENTED_EDGE('',*,*,#4250,.T.);
#2458=ORIENTED_EDGE('',*,*,#4251,.T.);
#2459=ORIENTED_EDGE('',*,*,#3172,.F.);
#2460=ORIENTED_EDGE('',*,*,#4252,.F.);
#2461=ORIENTED_EDGE('',*,*,#4248,.F.);
#2462=ORIENTED_EDGE('',*,*,#3219,.T.);
#2463=ORIENTED_EDGE('',*,*,#4244,.F.);
#2464=ORIENTED_EDGE('',*,*,#4253,.F.);
#2465=ORIENTED_EDGE('',*,*,#4254,.F.);
#2466=ORIENTED_EDGE('',*,*,#4255,.F.);
#2467=ORIENTED_EDGE('',*,*,#4256,.F.);
#2468=ORIENTED_EDGE('',*,*,#4257,.F.);
#2469=ORIENTED_EDGE('',*,*,#4258,.T.);
#2470=ORIENTED_EDGE('',*,*,#4259,.T.);
#2471=ORIENTED_EDGE('',*,*,#4260,.T.);
#2472=ORIENTED_EDGE('',*,*,#4261,.T.);
#2473=ORIENTED_EDGE('',*,*,#4262,.T.);
#2474=ORIENTED_EDGE('',*,*,#4242,.T.);
#2475=ORIENTED_EDGE('',*,*,#3221,.F.);
#2476=ORIENTED_EDGE('',*,*,#4247,.T.);
#2477=ORIENTED_EDGE('',*,*,#4263,.F.);
#2478=ORIENTED_EDGE('',*,*,#4264,.T.);
#2479=ORIENTED_EDGE('',*,*,#4259,.F.);
#2480=ORIENTED_EDGE('',*,*,#4265,.F.);
#2481=ORIENTED_EDGE('',*,*,#4260,.F.);
#2482=ORIENTED_EDGE('',*,*,#4264,.F.);
#2483=ORIENTED_EDGE('',*,*,#4266,.F.);
#2484=ORIENTED_EDGE('',*,*,#4255,.T.);
#2485=ORIENTED_EDGE('',*,*,#4267,.T.);
#2486=ORIENTED_EDGE('',*,*,#4261,.F.);
#2487=ORIENTED_EDGE('',*,*,#4267,.F.);
#2488=ORIENTED_EDGE('',*,*,#4254,.T.);
#2489=ORIENTED_EDGE('',*,*,#4268,.T.);
#2490=ORIENTED_EDGE('',*,*,#4262,.F.);
#2491=ORIENTED_EDGE('',*,*,#4268,.F.);
#2492=ORIENTED_EDGE('',*,*,#4253,.T.);
#2493=ORIENTED_EDGE('',*,*,#4243,.T.);
#2494=ORIENTED_EDGE('',*,*,#4269,.F.);
#2495=ORIENTED_EDGE('',*,*,#4249,.F.);
#2496=ORIENTED_EDGE('',*,*,#4252,.T.);
#2497=ORIENTED_EDGE('',*,*,#3171,.T.);
#2498=ORIENTED_EDGE('',*,*,#4270,.F.);
#2499=ORIENTED_EDGE('',*,*,#4265,.T.);
#2500=ORIENTED_EDGE('',*,*,#4258,.F.);
#2501=ORIENTED_EDGE('',*,*,#3286,.F.);
#2502=ORIENTED_EDGE('',*,*,#4271,.F.);
#2503=ORIENTED_EDGE('',*,*,#4272,.F.);
#2504=ORIENTED_EDGE('',*,*,#4273,.T.);
#2505=ORIENTED_EDGE('',*,*,#4274,.F.);
#2506=ORIENTED_EDGE('',*,*,#4275,.F.);
#2507=ORIENTED_EDGE('',*,*,#4276,.F.);
#2508=ORIENTED_EDGE('',*,*,#3284,.F.);
#2509=ORIENTED_EDGE('',*,*,#4277,.T.);
#2510=ORIENTED_EDGE('',*,*,#4278,.T.);
#2511=ORIENTED_EDGE('',*,*,#4279,.T.);
#2512=ORIENTED_EDGE('',*,*,#4280,.T.);
#2513=ORIENTED_EDGE('',*,*,#3175,.F.);
#2514=ORIENTED_EDGE('',*,*,#4281,.F.);
#2515=ORIENTED_EDGE('',*,*,#4277,.F.);
#2516=ORIENTED_EDGE('',*,*,#3283,.T.);
#2517=ORIENTED_EDGE('',*,*,#4273,.F.);
#2518=ORIENTED_EDGE('',*,*,#4282,.F.);
#2519=ORIENTED_EDGE('',*,*,#4283,.F.);
#2520=ORIENTED_EDGE('',*,*,#4284,.F.);
#2521=ORIENTED_EDGE('',*,*,#4285,.F.);
#2522=ORIENTED_EDGE('',*,*,#4286,.F.);
#2523=ORIENTED_EDGE('',*,*,#4287,.T.);
#2524=ORIENTED_EDGE('',*,*,#4288,.T.);
#2525=ORIENTED_EDGE('',*,*,#4289,.T.);
#2526=ORIENTED_EDGE('',*,*,#4290,.T.);
#2527=ORIENTED_EDGE('',*,*,#4291,.T.);
#2528=ORIENTED_EDGE('',*,*,#4271,.T.);
#2529=ORIENTED_EDGE('',*,*,#3285,.F.);
#2530=ORIENTED_EDGE('',*,*,#4276,.T.);
#2531=ORIENTED_EDGE('',*,*,#4292,.F.);
#2532=ORIENTED_EDGE('',*,*,#4293,.T.);
#2533=ORIENTED_EDGE('',*,*,#4288,.F.);
#2534=ORIENTED_EDGE('',*,*,#4294,.F.);
#2535=ORIENTED_EDGE('',*,*,#4289,.F.);
#2536=ORIENTED_EDGE('',*,*,#4293,.F.);
#2537=ORIENTED_EDGE('',*,*,#4295,.F.);
#2538=ORIENTED_EDGE('',*,*,#4284,.T.);
#2539=ORIENTED_EDGE('',*,*,#4296,.T.);
#2540=ORIENTED_EDGE('',*,*,#4290,.F.);
#2541=ORIENTED_EDGE('',*,*,#4296,.F.);
#2542=ORIENTED_EDGE('',*,*,#4283,.T.);
#2543=ORIENTED_EDGE('',*,*,#4297,.T.);
#2544=ORIENTED_EDGE('',*,*,#4291,.F.);
#2545=ORIENTED_EDGE('',*,*,#4297,.F.);
#2546=ORIENTED_EDGE('',*,*,#4282,.T.);
#2547=ORIENTED_EDGE('',*,*,#4272,.T.);
#2548=ORIENTED_EDGE('',*,*,#4298,.F.);
#2549=ORIENTED_EDGE('',*,*,#4278,.F.);
#2550=ORIENTED_EDGE('',*,*,#4281,.T.);
#2551=ORIENTED_EDGE('',*,*,#3174,.T.);
#2552=ORIENTED_EDGE('',*,*,#4299,.F.);
#2553=ORIENTED_EDGE('',*,*,#4294,.T.);
#2554=ORIENTED_EDGE('',*,*,#4287,.F.);
#2555=ORIENTED_EDGE('',*,*,#3218,.F.);
#2556=ORIENTED_EDGE('',*,*,#4300,.F.);
#2557=ORIENTED_EDGE('',*,*,#4301,.F.);
#2558=ORIENTED_EDGE('',*,*,#4302,.T.);
#2559=ORIENTED_EDGE('',*,*,#4303,.F.);
#2560=ORIENTED_EDGE('',*,*,#4304,.F.);
#2561=ORIENTED_EDGE('',*,*,#4305,.F.);
#2562=ORIENTED_EDGE('',*,*,#3216,.F.);
#2563=ORIENTED_EDGE('',*,*,#4306,.T.);
#2564=ORIENTED_EDGE('',*,*,#4307,.T.);
#2565=ORIENTED_EDGE('',*,*,#4308,.T.);
#2566=ORIENTED_EDGE('',*,*,#4309,.T.);
#2567=ORIENTED_EDGE('',*,*,#3178,.F.);
#2568=ORIENTED_EDGE('',*,*,#4310,.F.);
#2569=ORIENTED_EDGE('',*,*,#4306,.F.);
#2570=ORIENTED_EDGE('',*,*,#3215,.T.);
#2571=ORIENTED_EDGE('',*,*,#4302,.F.);
#2572=ORIENTED_EDGE('',*,*,#4311,.F.);
#2573=ORIENTED_EDGE('',*,*,#4312,.F.);
#2574=ORIENTED_EDGE('',*,*,#4313,.F.);
#2575=ORIENTED_EDGE('',*,*,#4314,.F.);
#2576=ORIENTED_EDGE('',*,*,#4315,.F.);
#2577=ORIENTED_EDGE('',*,*,#4316,.T.);
#2578=ORIENTED_EDGE('',*,*,#4317,.T.);
#2579=ORIENTED_EDGE('',*,*,#4318,.T.);
#2580=ORIENTED_EDGE('',*,*,#4319,.T.);
#2581=ORIENTED_EDGE('',*,*,#4320,.T.);
#2582=ORIENTED_EDGE('',*,*,#4300,.T.);
#2583=ORIENTED_EDGE('',*,*,#3217,.F.);
#2584=ORIENTED_EDGE('',*,*,#4305,.T.);
#2585=ORIENTED_EDGE('',*,*,#4321,.F.);
#2586=ORIENTED_EDGE('',*,*,#4322,.T.);
#2587=ORIENTED_EDGE('',*,*,#4317,.F.);
#2588=ORIENTED_EDGE('',*,*,#4323,.F.);
#2589=ORIENTED_EDGE('',*,*,#4318,.F.);
#2590=ORIENTED_EDGE('',*,*,#4322,.F.);
#2591=ORIENTED_EDGE('',*,*,#4324,.F.);
#2592=ORIENTED_EDGE('',*,*,#4313,.T.);
#2593=ORIENTED_EDGE('',*,*,#4325,.T.);
#2594=ORIENTED_EDGE('',*,*,#4319,.F.);
#2595=ORIENTED_EDGE('',*,*,#4325,.F.);
#2596=ORIENTED_EDGE('',*,*,#4312,.T.);
#2597=ORIENTED_EDGE('',*,*,#4326,.T.);
#2598=ORIENTED_EDGE('',*,*,#4320,.F.);
#2599=ORIENTED_EDGE('',*,*,#4326,.F.);
#2600=ORIENTED_EDGE('',*,*,#4311,.T.);
#2601=ORIENTED_EDGE('',*,*,#4301,.T.);
#2602=ORIENTED_EDGE('',*,*,#4327,.F.);
#2603=ORIENTED_EDGE('',*,*,#4307,.F.);
#2604=ORIENTED_EDGE('',*,*,#4310,.T.);
#2605=ORIENTED_EDGE('',*,*,#3177,.T.);
#2606=ORIENTED_EDGE('',*,*,#4328,.F.);
#2607=ORIENTED_EDGE('',*,*,#4323,.T.);
#2608=ORIENTED_EDGE('',*,*,#4316,.F.);
#2609=ORIENTED_EDGE('',*,*,#3290,.F.);
#2610=ORIENTED_EDGE('',*,*,#4329,.F.);
#2611=ORIENTED_EDGE('',*,*,#4330,.F.);
#2612=ORIENTED_EDGE('',*,*,#4331,.T.);
#2613=ORIENTED_EDGE('',*,*,#4332,.F.);
#2614=ORIENTED_EDGE('',*,*,#4333,.F.);
#2615=ORIENTED_EDGE('',*,*,#4334,.F.);
#2616=ORIENTED_EDGE('',*,*,#3288,.F.);
#2617=ORIENTED_EDGE('',*,*,#4335,.T.);
#2618=ORIENTED_EDGE('',*,*,#4336,.T.);
#2619=ORIENTED_EDGE('',*,*,#4337,.T.);
#2620=ORIENTED_EDGE('',*,*,#4338,.T.);
#2621=ORIENTED_EDGE('',*,*,#3181,.F.);
#2622=ORIENTED_EDGE('',*,*,#4339,.F.);
#2623=ORIENTED_EDGE('',*,*,#4335,.F.);
#2624=ORIENTED_EDGE('',*,*,#3287,.T.);
#2625=ORIENTED_EDGE('',*,*,#4331,.F.);
#2626=ORIENTED_EDGE('',*,*,#4340,.F.);
#2627=ORIENTED_EDGE('',*,*,#4341,.F.);
#2628=ORIENTED_EDGE('',*,*,#4342,.F.);
#2629=ORIENTED_EDGE('',*,*,#4343,.F.);
#2630=ORIENTED_EDGE('',*,*,#4344,.F.);
#2631=ORIENTED_EDGE('',*,*,#4345,.T.);
#2632=ORIENTED_EDGE('',*,*,#4346,.T.);
#2633=ORIENTED_EDGE('',*,*,#4347,.T.);
#2634=ORIENTED_EDGE('',*,*,#4348,.T.);
#2635=ORIENTED_EDGE('',*,*,#4349,.T.);
#2636=ORIENTED_EDGE('',*,*,#4329,.T.);
#2637=ORIENTED_EDGE('',*,*,#3289,.F.);
#2638=ORIENTED_EDGE('',*,*,#4334,.T.);
#2639=ORIENTED_EDGE('',*,*,#4350,.F.);
#2640=ORIENTED_EDGE('',*,*,#4351,.T.);
#2641=ORIENTED_EDGE('',*,*,#4346,.F.);
#2642=ORIENTED_EDGE('',*,*,#4352,.F.);
#2643=ORIENTED_EDGE('',*,*,#4347,.F.);
#2644=ORIENTED_EDGE('',*,*,#4351,.F.);
#2645=ORIENTED_EDGE('',*,*,#4353,.F.);
#2646=ORIENTED_EDGE('',*,*,#4342,.T.);
#2647=ORIENTED_EDGE('',*,*,#4354,.T.);
#2648=ORIENTED_EDGE('',*,*,#4348,.F.);
#2649=ORIENTED_EDGE('',*,*,#4354,.F.);
#2650=ORIENTED_EDGE('',*,*,#4341,.T.);
#2651=ORIENTED_EDGE('',*,*,#4355,.T.);
#2652=ORIENTED_EDGE('',*,*,#4349,.F.);
#2653=ORIENTED_EDGE('',*,*,#4355,.F.);
#2654=ORIENTED_EDGE('',*,*,#4340,.T.);
#2655=ORIENTED_EDGE('',*,*,#4330,.T.);
#2656=ORIENTED_EDGE('',*,*,#4356,.F.);
#2657=ORIENTED_EDGE('',*,*,#4336,.F.);
#2658=ORIENTED_EDGE('',*,*,#4339,.T.);
#2659=ORIENTED_EDGE('',*,*,#3180,.T.);
#2660=ORIENTED_EDGE('',*,*,#4357,.F.);
#2661=ORIENTED_EDGE('',*,*,#4352,.T.);
#2662=ORIENTED_EDGE('',*,*,#4345,.F.);
#2663=ORIENTED_EDGE('',*,*,#3214,.F.);
#2664=ORIENTED_EDGE('',*,*,#4358,.F.);
#2665=ORIENTED_EDGE('',*,*,#4359,.F.);
#2666=ORIENTED_EDGE('',*,*,#4360,.T.);
#2667=ORIENTED_EDGE('',*,*,#4361,.F.);
#2668=ORIENTED_EDGE('',*,*,#4362,.F.);
#2669=ORIENTED_EDGE('',*,*,#4363,.F.);
#2670=ORIENTED_EDGE('',*,*,#3212,.F.);
#2671=ORIENTED_EDGE('',*,*,#4364,.T.);
#2672=ORIENTED_EDGE('',*,*,#4365,.T.);
#2673=ORIENTED_EDGE('',*,*,#4366,.T.);
#2674=ORIENTED_EDGE('',*,*,#4367,.T.);
#2675=ORIENTED_EDGE('',*,*,#3184,.F.);
#2676=ORIENTED_EDGE('',*,*,#4368,.F.);
#2677=ORIENTED_EDGE('',*,*,#4364,.F.);
#2678=ORIENTED_EDGE('',*,*,#3211,.T.);
#2679=ORIENTED_EDGE('',*,*,#4360,.F.);
#2680=ORIENTED_EDGE('',*,*,#4369,.F.);
#2681=ORIENTED_EDGE('',*,*,#4370,.F.);
#2682=ORIENTED_EDGE('',*,*,#4371,.F.);
#2683=ORIENTED_EDGE('',*,*,#4372,.F.);
#2684=ORIENTED_EDGE('',*,*,#4373,.F.);
#2685=ORIENTED_EDGE('',*,*,#4374,.T.);
#2686=ORIENTED_EDGE('',*,*,#4375,.T.);
#2687=ORIENTED_EDGE('',*,*,#4376,.T.);
#2688=ORIENTED_EDGE('',*,*,#4377,.T.);
#2689=ORIENTED_EDGE('',*,*,#4378,.T.);
#2690=ORIENTED_EDGE('',*,*,#4358,.T.);
#2691=ORIENTED_EDGE('',*,*,#3213,.F.);
#2692=ORIENTED_EDGE('',*,*,#4363,.T.);
#2693=ORIENTED_EDGE('',*,*,#4379,.F.);
#2694=ORIENTED_EDGE('',*,*,#4380,.T.);
#2695=ORIENTED_EDGE('',*,*,#4375,.F.);
#2696=ORIENTED_EDGE('',*,*,#4381,.F.);
#2697=ORIENTED_EDGE('',*,*,#4376,.F.);
#2698=ORIENTED_EDGE('',*,*,#4380,.F.);
#2699=ORIENTED_EDGE('',*,*,#4382,.F.);
#2700=ORIENTED_EDGE('',*,*,#4371,.T.);
#2701=ORIENTED_EDGE('',*,*,#4383,.T.);
#2702=ORIENTED_EDGE('',*,*,#4377,.F.);
#2703=ORIENTED_EDGE('',*,*,#4383,.F.);
#2704=ORIENTED_EDGE('',*,*,#4370,.T.);
#2705=ORIENTED_EDGE('',*,*,#4384,.T.);
#2706=ORIENTED_EDGE('',*,*,#4378,.F.);
#2707=ORIENTED_EDGE('',*,*,#4384,.F.);
#2708=ORIENTED_EDGE('',*,*,#4369,.T.);
#2709=ORIENTED_EDGE('',*,*,#4359,.T.);
#2710=ORIENTED_EDGE('',*,*,#4385,.F.);
#2711=ORIENTED_EDGE('',*,*,#4365,.F.);
#2712=ORIENTED_EDGE('',*,*,#4368,.T.);
#2713=ORIENTED_EDGE('',*,*,#3183,.T.);
#2714=ORIENTED_EDGE('',*,*,#4386,.F.);
#2715=ORIENTED_EDGE('',*,*,#4381,.T.);
#2716=ORIENTED_EDGE('',*,*,#4374,.F.);
#2717=ORIENTED_EDGE('',*,*,#3294,.F.);
#2718=ORIENTED_EDGE('',*,*,#4387,.F.);
#2719=ORIENTED_EDGE('',*,*,#4388,.F.);
#2720=ORIENTED_EDGE('',*,*,#4389,.T.);
#2721=ORIENTED_EDGE('',*,*,#4390,.F.);
#2722=ORIENTED_EDGE('',*,*,#4391,.F.);
#2723=ORIENTED_EDGE('',*,*,#4392,.F.);
#2724=ORIENTED_EDGE('',*,*,#3292,.F.);
#2725=ORIENTED_EDGE('',*,*,#4393,.T.);
#2726=ORIENTED_EDGE('',*,*,#4394,.T.);
#2727=ORIENTED_EDGE('',*,*,#4395,.T.);
#2728=ORIENTED_EDGE('',*,*,#4396,.T.);
#2729=ORIENTED_EDGE('',*,*,#3187,.F.);
#2730=ORIENTED_EDGE('',*,*,#4397,.F.);
#2731=ORIENTED_EDGE('',*,*,#4393,.F.);
#2732=ORIENTED_EDGE('',*,*,#3291,.T.);
#2733=ORIENTED_EDGE('',*,*,#4389,.F.);
#2734=ORIENTED_EDGE('',*,*,#4398,.F.);
#2735=ORIENTED_EDGE('',*,*,#4399,.F.);
#2736=ORIENTED_EDGE('',*,*,#4400,.F.);
#2737=ORIENTED_EDGE('',*,*,#4401,.F.);
#2738=ORIENTED_EDGE('',*,*,#4402,.F.);
#2739=ORIENTED_EDGE('',*,*,#4403,.T.);
#2740=ORIENTED_EDGE('',*,*,#4404,.T.);
#2741=ORIENTED_EDGE('',*,*,#4405,.T.);
#2742=ORIENTED_EDGE('',*,*,#4406,.T.);
#2743=ORIENTED_EDGE('',*,*,#4407,.T.);
#2744=ORIENTED_EDGE('',*,*,#4387,.T.);
#2745=ORIENTED_EDGE('',*,*,#3293,.F.);
#2746=ORIENTED_EDGE('',*,*,#4392,.T.);
#2747=ORIENTED_EDGE('',*,*,#4408,.F.);
#2748=ORIENTED_EDGE('',*,*,#4409,.T.);
#2749=ORIENTED_EDGE('',*,*,#4404,.F.);
#2750=ORIENTED_EDGE('',*,*,#4410,.F.);
#2751=ORIENTED_EDGE('',*,*,#4405,.F.);
#2752=ORIENTED_EDGE('',*,*,#4409,.F.);
#2753=ORIENTED_EDGE('',*,*,#4411,.F.);
#2754=ORIENTED_EDGE('',*,*,#4400,.T.);
#2755=ORIENTED_EDGE('',*,*,#4412,.T.);
#2756=ORIENTED_EDGE('',*,*,#4406,.F.);
#2757=ORIENTED_EDGE('',*,*,#4412,.F.);
#2758=ORIENTED_EDGE('',*,*,#4399,.T.);
#2759=ORIENTED_EDGE('',*,*,#4413,.T.);
#2760=ORIENTED_EDGE('',*,*,#4407,.F.);
#2761=ORIENTED_EDGE('',*,*,#4413,.F.);
#2762=ORIENTED_EDGE('',*,*,#4398,.T.);
#2763=ORIENTED_EDGE('',*,*,#4388,.T.);
#2764=ORIENTED_EDGE('',*,*,#4414,.F.);
#2765=ORIENTED_EDGE('',*,*,#4394,.F.);
#2766=ORIENTED_EDGE('',*,*,#4397,.T.);
#2767=ORIENTED_EDGE('',*,*,#3186,.T.);
#2768=ORIENTED_EDGE('',*,*,#4415,.F.);
#2769=ORIENTED_EDGE('',*,*,#4410,.T.);
#2770=ORIENTED_EDGE('',*,*,#4403,.F.);
#2771=ORIENTED_EDGE('',*,*,#3210,.F.);
#2772=ORIENTED_EDGE('',*,*,#4416,.F.);
#2773=ORIENTED_EDGE('',*,*,#4417,.F.);
#2774=ORIENTED_EDGE('',*,*,#4418,.T.);
#2775=ORIENTED_EDGE('',*,*,#4419,.F.);
#2776=ORIENTED_EDGE('',*,*,#4420,.F.);
#2777=ORIENTED_EDGE('',*,*,#4421,.F.);
#2778=ORIENTED_EDGE('',*,*,#3208,.F.);
#2779=ORIENTED_EDGE('',*,*,#4422,.T.);
#2780=ORIENTED_EDGE('',*,*,#4423,.T.);
#2781=ORIENTED_EDGE('',*,*,#4424,.T.);
#2782=ORIENTED_EDGE('',*,*,#4425,.T.);
#2783=ORIENTED_EDGE('',*,*,#3190,.F.);
#2784=ORIENTED_EDGE('',*,*,#4426,.F.);
#2785=ORIENTED_EDGE('',*,*,#4422,.F.);
#2786=ORIENTED_EDGE('',*,*,#3207,.T.);
#2787=ORIENTED_EDGE('',*,*,#4418,.F.);
#2788=ORIENTED_EDGE('',*,*,#4427,.F.);
#2789=ORIENTED_EDGE('',*,*,#4428,.F.);
#2790=ORIENTED_EDGE('',*,*,#4429,.F.);
#2791=ORIENTED_EDGE('',*,*,#4430,.F.);
#2792=ORIENTED_EDGE('',*,*,#4431,.F.);
#2793=ORIENTED_EDGE('',*,*,#4432,.T.);
#2794=ORIENTED_EDGE('',*,*,#4433,.T.);
#2795=ORIENTED_EDGE('',*,*,#4434,.T.);
#2796=ORIENTED_EDGE('',*,*,#4435,.T.);
#2797=ORIENTED_EDGE('',*,*,#4436,.T.);
#2798=ORIENTED_EDGE('',*,*,#4416,.T.);
#2799=ORIENTED_EDGE('',*,*,#3209,.F.);
#2800=ORIENTED_EDGE('',*,*,#4421,.T.);
#2801=ORIENTED_EDGE('',*,*,#4437,.F.);
#2802=ORIENTED_EDGE('',*,*,#4438,.T.);
#2803=ORIENTED_EDGE('',*,*,#4433,.F.);
#2804=ORIENTED_EDGE('',*,*,#4439,.F.);
#2805=ORIENTED_EDGE('',*,*,#4434,.F.);
#2806=ORIENTED_EDGE('',*,*,#4438,.F.);
#2807=ORIENTED_EDGE('',*,*,#4440,.F.);
#2808=ORIENTED_EDGE('',*,*,#4429,.T.);
#2809=ORIENTED_EDGE('',*,*,#4441,.T.);
#2810=ORIENTED_EDGE('',*,*,#4435,.F.);
#2811=ORIENTED_EDGE('',*,*,#4441,.F.);
#2812=ORIENTED_EDGE('',*,*,#4428,.T.);
#2813=ORIENTED_EDGE('',*,*,#4442,.T.);
#2814=ORIENTED_EDGE('',*,*,#4436,.F.);
#2815=ORIENTED_EDGE('',*,*,#4442,.F.);
#2816=ORIENTED_EDGE('',*,*,#4427,.T.);
#2817=ORIENTED_EDGE('',*,*,#4417,.T.);
#2818=ORIENTED_EDGE('',*,*,#4443,.F.);
#2819=ORIENTED_EDGE('',*,*,#4423,.F.);
#2820=ORIENTED_EDGE('',*,*,#4426,.T.);
#2821=ORIENTED_EDGE('',*,*,#3189,.T.);
#2822=ORIENTED_EDGE('',*,*,#4444,.F.);
#2823=ORIENTED_EDGE('',*,*,#4439,.T.);
#2824=ORIENTED_EDGE('',*,*,#4432,.F.);
#2825=ORIENTED_EDGE('',*,*,#3298,.F.);
#2826=ORIENTED_EDGE('',*,*,#4445,.F.);
#2827=ORIENTED_EDGE('',*,*,#4446,.F.);
#2828=ORIENTED_EDGE('',*,*,#4447,.T.);
#2829=ORIENTED_EDGE('',*,*,#4448,.F.);
#2830=ORIENTED_EDGE('',*,*,#4449,.F.);
#2831=ORIENTED_EDGE('',*,*,#4450,.F.);
#2832=ORIENTED_EDGE('',*,*,#3296,.F.);
#2833=ORIENTED_EDGE('',*,*,#4451,.T.);
#2834=ORIENTED_EDGE('',*,*,#4452,.T.);
#2835=ORIENTED_EDGE('',*,*,#4453,.T.);
#2836=ORIENTED_EDGE('',*,*,#4454,.T.);
#2837=ORIENTED_EDGE('',*,*,#3193,.F.);
#2838=ORIENTED_EDGE('',*,*,#4455,.F.);
#2839=ORIENTED_EDGE('',*,*,#4451,.F.);
#2840=ORIENTED_EDGE('',*,*,#3295,.T.);
#2841=ORIENTED_EDGE('',*,*,#4447,.F.);
#2842=ORIENTED_EDGE('',*,*,#4456,.F.);
#2843=ORIENTED_EDGE('',*,*,#4457,.F.);
#2844=ORIENTED_EDGE('',*,*,#4458,.F.);
#2845=ORIENTED_EDGE('',*,*,#4459,.F.);
#2846=ORIENTED_EDGE('',*,*,#4460,.F.);
#2847=ORIENTED_EDGE('',*,*,#4461,.T.);
#2848=ORIENTED_EDGE('',*,*,#4462,.T.);
#2849=ORIENTED_EDGE('',*,*,#4463,.T.);
#2850=ORIENTED_EDGE('',*,*,#4464,.T.);
#2851=ORIENTED_EDGE('',*,*,#4465,.T.);
#2852=ORIENTED_EDGE('',*,*,#4445,.T.);
#2853=ORIENTED_EDGE('',*,*,#3297,.F.);
#2854=ORIENTED_EDGE('',*,*,#4450,.T.);
#2855=ORIENTED_EDGE('',*,*,#4466,.F.);
#2856=ORIENTED_EDGE('',*,*,#4467,.T.);
#2857=ORIENTED_EDGE('',*,*,#4462,.F.);
#2858=ORIENTED_EDGE('',*,*,#4468,.F.);
#2859=ORIENTED_EDGE('',*,*,#4463,.F.);
#2860=ORIENTED_EDGE('',*,*,#4467,.F.);
#2861=ORIENTED_EDGE('',*,*,#4469,.F.);
#2862=ORIENTED_EDGE('',*,*,#4458,.T.);
#2863=ORIENTED_EDGE('',*,*,#4470,.T.);
#2864=ORIENTED_EDGE('',*,*,#4464,.F.);
#2865=ORIENTED_EDGE('',*,*,#4470,.F.);
#2866=ORIENTED_EDGE('',*,*,#4457,.T.);
#2867=ORIENTED_EDGE('',*,*,#4471,.T.);
#2868=ORIENTED_EDGE('',*,*,#4465,.F.);
#2869=ORIENTED_EDGE('',*,*,#4471,.F.);
#2870=ORIENTED_EDGE('',*,*,#4456,.T.);
#2871=ORIENTED_EDGE('',*,*,#4446,.T.);
#2872=ORIENTED_EDGE('',*,*,#4472,.F.);
#2873=ORIENTED_EDGE('',*,*,#4452,.F.);
#2874=ORIENTED_EDGE('',*,*,#4455,.T.);
#2875=ORIENTED_EDGE('',*,*,#3192,.T.);
#2876=ORIENTED_EDGE('',*,*,#4473,.F.);
#2877=ORIENTED_EDGE('',*,*,#4468,.T.);
#2878=ORIENTED_EDGE('',*,*,#4461,.F.);
#2879=ORIENTED_EDGE('',*,*,#3206,.F.);
#2880=ORIENTED_EDGE('',*,*,#4474,.F.);
#2881=ORIENTED_EDGE('',*,*,#4475,.F.);
#2882=ORIENTED_EDGE('',*,*,#4476,.T.);
#2883=ORIENTED_EDGE('',*,*,#4477,.F.);
#2884=ORIENTED_EDGE('',*,*,#4478,.F.);
#2885=ORIENTED_EDGE('',*,*,#4479,.F.);
#2886=ORIENTED_EDGE('',*,*,#3204,.F.);
#2887=ORIENTED_EDGE('',*,*,#4480,.T.);
#2888=ORIENTED_EDGE('',*,*,#4481,.T.);
#2889=ORIENTED_EDGE('',*,*,#4482,.T.);
#2890=ORIENTED_EDGE('',*,*,#4483,.T.);
#2891=ORIENTED_EDGE('',*,*,#3196,.F.);
#2892=ORIENTED_EDGE('',*,*,#4484,.F.);
#2893=ORIENTED_EDGE('',*,*,#4480,.F.);
#2894=ORIENTED_EDGE('',*,*,#3203,.T.);
#2895=ORIENTED_EDGE('',*,*,#4476,.F.);
#2896=ORIENTED_EDGE('',*,*,#4485,.F.);
#2897=ORIENTED_EDGE('',*,*,#4486,.F.);
#2898=ORIENTED_EDGE('',*,*,#4487,.F.);
#2899=ORIENTED_EDGE('',*,*,#4488,.F.);
#2900=ORIENTED_EDGE('',*,*,#4489,.F.);
#2901=ORIENTED_EDGE('',*,*,#4490,.T.);
#2902=ORIENTED_EDGE('',*,*,#4491,.T.);
#2903=ORIENTED_EDGE('',*,*,#4492,.T.);
#2904=ORIENTED_EDGE('',*,*,#4493,.T.);
#2905=ORIENTED_EDGE('',*,*,#4494,.T.);
#2906=ORIENTED_EDGE('',*,*,#4474,.T.);
#2907=ORIENTED_EDGE('',*,*,#3205,.F.);
#2908=ORIENTED_EDGE('',*,*,#4479,.T.);
#2909=ORIENTED_EDGE('',*,*,#4495,.F.);
#2910=ORIENTED_EDGE('',*,*,#4496,.T.);
#2911=ORIENTED_EDGE('',*,*,#4491,.F.);
#2912=ORIENTED_EDGE('',*,*,#4497,.F.);
#2913=ORIENTED_EDGE('',*,*,#4492,.F.);
#2914=ORIENTED_EDGE('',*,*,#4496,.F.);
#2915=ORIENTED_EDGE('',*,*,#4498,.F.);
#2916=ORIENTED_EDGE('',*,*,#4487,.T.);
#2917=ORIENTED_EDGE('',*,*,#4499,.T.);
#2918=ORIENTED_EDGE('',*,*,#4493,.F.);
#2919=ORIENTED_EDGE('',*,*,#4499,.F.);
#2920=ORIENTED_EDGE('',*,*,#4486,.T.);
#2921=ORIENTED_EDGE('',*,*,#4500,.T.);
#2922=ORIENTED_EDGE('',*,*,#4494,.F.);
#2923=ORIENTED_EDGE('',*,*,#4500,.F.);
#2924=ORIENTED_EDGE('',*,*,#4485,.T.);
#2925=ORIENTED_EDGE('',*,*,#4475,.T.);
#2926=ORIENTED_EDGE('',*,*,#4501,.F.);
#2927=ORIENTED_EDGE('',*,*,#4481,.F.);
#2928=ORIENTED_EDGE('',*,*,#4484,.T.);
#2929=ORIENTED_EDGE('',*,*,#3195,.T.);
#2930=ORIENTED_EDGE('',*,*,#4502,.F.);
#2931=ORIENTED_EDGE('',*,*,#4497,.T.);
#2932=ORIENTED_EDGE('',*,*,#4490,.F.);
#2933=ORIENTED_EDGE('',*,*,#3302,.F.);
#2934=ORIENTED_EDGE('',*,*,#4503,.F.);
#2935=ORIENTED_EDGE('',*,*,#4504,.F.);
#2936=ORIENTED_EDGE('',*,*,#4505,.T.);
#2937=ORIENTED_EDGE('',*,*,#4506,.F.);
#2938=ORIENTED_EDGE('',*,*,#4507,.F.);
#2939=ORIENTED_EDGE('',*,*,#4508,.F.);
#2940=ORIENTED_EDGE('',*,*,#3300,.F.);
#2941=ORIENTED_EDGE('',*,*,#4509,.T.);
#2942=ORIENTED_EDGE('',*,*,#4510,.T.);
#2943=ORIENTED_EDGE('',*,*,#4511,.T.);
#2944=ORIENTED_EDGE('',*,*,#4512,.T.);
#2945=ORIENTED_EDGE('',*,*,#3199,.F.);
#2946=ORIENTED_EDGE('',*,*,#4513,.F.);
#2947=ORIENTED_EDGE('',*,*,#4509,.F.);
#2948=ORIENTED_EDGE('',*,*,#3299,.T.);
#2949=ORIENTED_EDGE('',*,*,#4505,.F.);
#2950=ORIENTED_EDGE('',*,*,#4514,.F.);
#2951=ORIENTED_EDGE('',*,*,#4515,.F.);
#2952=ORIENTED_EDGE('',*,*,#4516,.F.);
#2953=ORIENTED_EDGE('',*,*,#4517,.F.);
#2954=ORIENTED_EDGE('',*,*,#4518,.F.);
#2955=ORIENTED_EDGE('',*,*,#4519,.T.);
#2956=ORIENTED_EDGE('',*,*,#4520,.T.);
#2957=ORIENTED_EDGE('',*,*,#4521,.T.);
#2958=ORIENTED_EDGE('',*,*,#4522,.T.);
#2959=ORIENTED_EDGE('',*,*,#4523,.T.);
#2960=ORIENTED_EDGE('',*,*,#4503,.T.);
#2961=ORIENTED_EDGE('',*,*,#3301,.F.);
#2962=ORIENTED_EDGE('',*,*,#4508,.T.);
#2963=ORIENTED_EDGE('',*,*,#4524,.F.);
#2964=ORIENTED_EDGE('',*,*,#4525,.T.);
#2965=ORIENTED_EDGE('',*,*,#4520,.F.);
#2966=ORIENTED_EDGE('',*,*,#4526,.F.);
#2967=ORIENTED_EDGE('',*,*,#4521,.F.);
#2968=ORIENTED_EDGE('',*,*,#4525,.F.);
#2969=ORIENTED_EDGE('',*,*,#4527,.F.);
#2970=ORIENTED_EDGE('',*,*,#4516,.T.);
#2971=ORIENTED_EDGE('',*,*,#4528,.T.);
#2972=ORIENTED_EDGE('',*,*,#4522,.F.);
#2973=ORIENTED_EDGE('',*,*,#4528,.F.);
#2974=ORIENTED_EDGE('',*,*,#4515,.T.);
#2975=ORIENTED_EDGE('',*,*,#4529,.T.);
#2976=ORIENTED_EDGE('',*,*,#4523,.F.);
#2977=ORIENTED_EDGE('',*,*,#4529,.F.);
#2978=ORIENTED_EDGE('',*,*,#4514,.T.);
#2979=ORIENTED_EDGE('',*,*,#4504,.T.);
#2980=ORIENTED_EDGE('',*,*,#4530,.F.);
#2981=ORIENTED_EDGE('',*,*,#4510,.F.);
#2982=ORIENTED_EDGE('',*,*,#4513,.T.);
#2983=ORIENTED_EDGE('',*,*,#3198,.T.);
#2984=ORIENTED_EDGE('',*,*,#4531,.F.);
#2985=ORIENTED_EDGE('',*,*,#4526,.T.);
#2986=ORIENTED_EDGE('',*,*,#4519,.F.);
#2987=ORIENTED_EDGE('',*,*,#4188,.T.);
#2988=ORIENTED_EDGE('',*,*,#4532,.T.);
#2989=ORIENTED_EDGE('',*,*,#4192,.F.);
#2990=ORIENTED_EDGE('',*,*,#4208,.T.);
#2991=ORIENTED_EDGE('',*,*,#4533,.F.);
#2992=ORIENTED_EDGE('',*,*,#4198,.T.);
#2993=ORIENTED_EDGE('',*,*,#4532,.F.);
#2994=ORIENTED_EDGE('',*,*,#4187,.T.);
#2995=ORIENTED_EDGE('',*,*,#4211,.T.);
#2996=ORIENTED_EDGE('',*,*,#3200,.T.);
#2997=ORIENTED_EDGE('',*,*,#4193,.F.);
#2998=ORIENTED_EDGE('',*,*,#4199,.T.);
#2999=ORIENTED_EDGE('',*,*,#4533,.T.);
#3000=ORIENTED_EDGE('',*,*,#4205,.T.);
#3001=ORIENTED_EDGE('',*,*,#4212,.T.);
#3002=ORIENTED_EDGE('',*,*,#4507,.T.);
#3003=ORIENTED_EDGE('',*,*,#4534,.T.);
#3004=ORIENTED_EDGE('',*,*,#4511,.F.);
#3005=ORIENTED_EDGE('',*,*,#4527,.T.);
#3006=ORIENTED_EDGE('',*,*,#4535,.F.);
#3007=ORIENTED_EDGE('',*,*,#4517,.T.);
#3008=ORIENTED_EDGE('',*,*,#4534,.F.);
#3009=ORIENTED_EDGE('',*,*,#4506,.T.);
#3010=ORIENTED_EDGE('',*,*,#4530,.T.);
#3011=ORIENTED_EDGE('',*,*,#3197,.T.);
#3012=ORIENTED_EDGE('',*,*,#4512,.F.);
#3013=ORIENTED_EDGE('',*,*,#4518,.T.);
#3014=ORIENTED_EDGE('',*,*,#4535,.T.);
#3015=ORIENTED_EDGE('',*,*,#4524,.T.);
#3016=ORIENTED_EDGE('',*,*,#4531,.T.);
#3017=ORIENTED_EDGE('',*,*,#4478,.T.);
#3018=ORIENTED_EDGE('',*,*,#4536,.T.);
#3019=ORIENTED_EDGE('',*,*,#4482,.F.);
#3020=ORIENTED_EDGE('',*,*,#4498,.T.);
#3021=ORIENTED_EDGE('',*,*,#4537,.F.);
#3022=ORIENTED_EDGE('',*,*,#4488,.T.);
#3023=ORIENTED_EDGE('',*,*,#4536,.F.);
#3024=ORIENTED_EDGE('',*,*,#4477,.T.);
#3025=ORIENTED_EDGE('',*,*,#4501,.T.);
#3026=ORIENTED_EDGE('',*,*,#3194,.T.);
#3027=ORIENTED_EDGE('',*,*,#4483,.F.);
#3028=ORIENTED_EDGE('',*,*,#4489,.T.);
#3029=ORIENTED_EDGE('',*,*,#4537,.T.);
#3030=ORIENTED_EDGE('',*,*,#4495,.T.);
#3031=ORIENTED_EDGE('',*,*,#4502,.T.);
#3032=ORIENTED_EDGE('',*,*,#4449,.T.);
#3033=ORIENTED_EDGE('',*,*,#4538,.T.);
#3034=ORIENTED_EDGE('',*,*,#4453,.F.);
#3035=ORIENTED_EDGE('',*,*,#4469,.T.);
#3036=ORIENTED_EDGE('',*,*,#4539,.F.);
#3037=ORIENTED_EDGE('',*,*,#4459,.T.);
#3038=ORIENTED_EDGE('',*,*,#4538,.F.);
#3039=ORIENTED_EDGE('',*,*,#4448,.T.);
#3040=ORIENTED_EDGE('',*,*,#4472,.T.);
#3041=ORIENTED_EDGE('',*,*,#3191,.T.);
#3042=ORIENTED_EDGE('',*,*,#4454,.F.);
#3043=ORIENTED_EDGE('',*,*,#4460,.T.);
#3044=ORIENTED_EDGE('',*,*,#4539,.T.);
#3045=ORIENTED_EDGE('',*,*,#4466,.T.);
#3046=ORIENTED_EDGE('',*,*,#4473,.T.);
#3047=ORIENTED_EDGE('',*,*,#4420,.T.);
#3048=ORIENTED_EDGE('',*,*,#4540,.T.);
#3049=ORIENTED_EDGE('',*,*,#4424,.F.);
#3050=ORIENTED_EDGE('',*,*,#4440,.T.);
#3051=ORIENTED_EDGE('',*,*,#4541,.F.);
#3052=ORIENTED_EDGE('',*,*,#4430,.T.);
#3053=ORIENTED_EDGE('',*,*,#4540,.F.);
#3054=ORIENTED_EDGE('',*,*,#4419,.T.);
#3055=ORIENTED_EDGE('',*,*,#4443,.T.);
#3056=ORIENTED_EDGE('',*,*,#3188,.T.);
#3057=ORIENTED_EDGE('',*,*,#4425,.F.);
#3058=ORIENTED_EDGE('',*,*,#4431,.T.);
#3059=ORIENTED_EDGE('',*,*,#4541,.T.);
#3060=ORIENTED_EDGE('',*,*,#4437,.T.);
#3061=ORIENTED_EDGE('',*,*,#4444,.T.);
#3062=ORIENTED_EDGE('',*,*,#4391,.T.);
#3063=ORIENTED_EDGE('',*,*,#4542,.T.);
#3064=ORIENTED_EDGE('',*,*,#4395,.F.);
#3065=ORIENTED_EDGE('',*,*,#4411,.T.);
#3066=ORIENTED_EDGE('',*,*,#4543,.F.);
#3067=ORIENTED_EDGE('',*,*,#4401,.T.);
#3068=ORIENTED_EDGE('',*,*,#4542,.F.);
#3069=ORIENTED_EDGE('',*,*,#4390,.T.);
#3070=ORIENTED_EDGE('',*,*,#4414,.T.);
#3071=ORIENTED_EDGE('',*,*,#3185,.T.);
#3072=ORIENTED_EDGE('',*,*,#4396,.F.);
#3073=ORIENTED_EDGE('',*,*,#4402,.T.);
#3074=ORIENTED_EDGE('',*,*,#4543,.T.);
#3075=ORIENTED_EDGE('',*,*,#4408,.T.);
#3076=ORIENTED_EDGE('',*,*,#4415,.T.);
#3077=ORIENTED_EDGE('',*,*,#4362,.T.);
#3078=ORIENTED_EDGE('',*,*,#4544,.T.);
#3079=ORIENTED_EDGE('',*,*,#4366,.F.);
#3080=ORIENTED_EDGE('',*,*,#4382,.T.);
#3081=ORIENTED_EDGE('',*,*,#4545,.F.);
#3082=ORIENTED_EDGE('',*,*,#4372,.T.);
#3083=ORIENTED_EDGE('',*,*,#4544,.F.);
#3084=ORIENTED_EDGE('',*,*,#4361,.T.);
#3085=ORIENTED_EDGE('',*,*,#4385,.T.);
#3086=ORIENTED_EDGE('',*,*,#3182,.T.);
#3087=ORIENTED_EDGE('',*,*,#4367,.F.);
#3088=ORIENTED_EDGE('',*,*,#4373,.T.);
#3089=ORIENTED_EDGE('',*,*,#4545,.T.);
#3090=ORIENTED_EDGE('',*,*,#4379,.T.);
#3091=ORIENTED_EDGE('',*,*,#4386,.T.);
#3092=ORIENTED_EDGE('',*,*,#4333,.T.);
#3093=ORIENTED_EDGE('',*,*,#4546,.T.);
#3094=ORIENTED_EDGE('',*,*,#4337,.F.);
#3095=ORIENTED_EDGE('',*,*,#4353,.T.);
#3096=ORIENTED_EDGE('',*,*,#4547,.F.);
#3097=ORIENTED_EDGE('',*,*,#4343,.T.);
#3098=ORIENTED_EDGE('',*,*,#4546,.F.);
#3099=ORIENTED_EDGE('',*,*,#4332,.T.);
#3100=ORIENTED_EDGE('',*,*,#4356,.T.);
#3101=ORIENTED_EDGE('',*,*,#3179,.T.);
#3102=ORIENTED_EDGE('',*,*,#4338,.F.);
#3103=ORIENTED_EDGE('',*,*,#4344,.T.);
#3104=ORIENTED_EDGE('',*,*,#4547,.T.);
#3105=ORIENTED_EDGE('',*,*,#4350,.T.);
#3106=ORIENTED_EDGE('',*,*,#4357,.T.);
#3107=ORIENTED_EDGE('',*,*,#4304,.T.);
#3108=ORIENTED_EDGE('',*,*,#4548,.T.);
#3109=ORIENTED_EDGE('',*,*,#4308,.F.);
#3110=ORIENTED_EDGE('',*,*,#4324,.T.);
#3111=ORIENTED_EDGE('',*,*,#4549,.F.);
#3112=ORIENTED_EDGE('',*,*,#4314,.T.);
#3113=ORIENTED_EDGE('',*,*,#4548,.F.);
#3114=ORIENTED_EDGE('',*,*,#4303,.T.);
#3115=ORIENTED_EDGE('',*,*,#4327,.T.);
#3116=ORIENTED_EDGE('',*,*,#3176,.T.);
#3117=ORIENTED_EDGE('',*,*,#4309,.F.);
#3118=ORIENTED_EDGE('',*,*,#4315,.T.);
#3119=ORIENTED_EDGE('',*,*,#4549,.T.);
#3120=ORIENTED_EDGE('',*,*,#4321,.T.);
#3121=ORIENTED_EDGE('',*,*,#4328,.T.);
#3122=ORIENTED_EDGE('',*,*,#4275,.T.);
#3123=ORIENTED_EDGE('',*,*,#4550,.T.);
#3124=ORIENTED_EDGE('',*,*,#4279,.F.);
#3125=ORIENTED_EDGE('',*,*,#4295,.T.);
#3126=ORIENTED_EDGE('',*,*,#4551,.F.);
#3127=ORIENTED_EDGE('',*,*,#4285,.T.);
#3128=ORIENTED_EDGE('',*,*,#4550,.F.);
#3129=ORIENTED_EDGE('',*,*,#4274,.T.);
#3130=ORIENTED_EDGE('',*,*,#4298,.T.);
#3131=ORIENTED_EDGE('',*,*,#3173,.T.);
#3132=ORIENTED_EDGE('',*,*,#4280,.F.);
#3133=ORIENTED_EDGE('',*,*,#4286,.T.);
#3134=ORIENTED_EDGE('',*,*,#4551,.T.);
#3135=ORIENTED_EDGE('',*,*,#4292,.T.);
#3136=ORIENTED_EDGE('',*,*,#4299,.T.);
#3137=ORIENTED_EDGE('',*,*,#4246,.T.);
#3138=ORIENTED_EDGE('',*,*,#4552,.T.);
#3139=ORIENTED_EDGE('',*,*,#4250,.F.);
#3140=ORIENTED_EDGE('',*,*,#4266,.T.);
#3141=ORIENTED_EDGE('',*,*,#4553,.F.);
#3142=ORIENTED_EDGE('',*,*,#4256,.T.);
#3143=ORIENTED_EDGE('',*,*,#4552,.F.);
#3144=ORIENTED_EDGE('',*,*,#4245,.T.);
#3145=ORIENTED_EDGE('',*,*,#4269,.T.);
#3146=ORIENTED_EDGE('',*,*,#3170,.T.);
#3147=ORIENTED_EDGE('',*,*,#4251,.F.);
#3148=ORIENTED_EDGE('',*,*,#4257,.T.);
#3149=ORIENTED_EDGE('',*,*,#4553,.T.);
#3150=ORIENTED_EDGE('',*,*,#4263,.T.);
#3151=ORIENTED_EDGE('',*,*,#4270,.T.);
#3152=ORIENTED_EDGE('',*,*,#4217,.T.);
#3153=ORIENTED_EDGE('',*,*,#4554,.T.);
#3154=ORIENTED_EDGE('',*,*,#4221,.F.);
#3155=ORIENTED_EDGE('',*,*,#4237,.T.);
#3156=ORIENTED_EDGE('',*,*,#4555,.F.);
#3157=ORIENTED_EDGE('',*,*,#4227,.T.);
#3158=ORIENTED_EDGE('',*,*,#4554,.F.);
#3159=ORIENTED_EDGE('',*,*,#4216,.T.);
#3160=ORIENTED_EDGE('',*,*,#4240,.T.);
#3161=ORIENTED_EDGE('',*,*,#3167,.T.);
#3162=ORIENTED_EDGE('',*,*,#4222,.F.);
#3163=ORIENTED_EDGE('',*,*,#4228,.T.);
#3164=ORIENTED_EDGE('',*,*,#4555,.T.);
#3165=ORIENTED_EDGE('',*,*,#4234,.T.);
#3166=ORIENTED_EDGE('',*,*,#4241,.T.);
#3167=EDGE_CURVE('',#4556,#4557,#5470,.T.);
#3168=EDGE_CURVE('',#4558,#4556,#5471,.T.);
#3169=EDGE_CURVE('',#4558,#4557,#5472,.T.);
#3170=EDGE_CURVE('',#4559,#4560,#5473,.T.);
#3171=EDGE_CURVE('',#4561,#4559,#5474,.T.);
#3172=EDGE_CURVE('',#4561,#4560,#5475,.T.);
#3173=EDGE_CURVE('',#4562,#4563,#5476,.T.);
#3174=EDGE_CURVE('',#4564,#4562,#5477,.T.);
#3175=EDGE_CURVE('',#4564,#4563,#5478,.T.);
#3176=EDGE_CURVE('',#4565,#4566,#5479,.T.);
#3177=EDGE_CURVE('',#4567,#4565,#5480,.T.);
#3178=EDGE_CURVE('',#4567,#4566,#5481,.T.);
#3179=EDGE_CURVE('',#4568,#4569,#5482,.T.);
#3180=EDGE_CURVE('',#4570,#4568,#5483,.T.);
#3181=EDGE_CURVE('',#4570,#4569,#5484,.T.);
#3182=EDGE_CURVE('',#4571,#4572,#5485,.T.);
#3183=EDGE_CURVE('',#4573,#4571,#5486,.T.);
#3184=EDGE_CURVE('',#4573,#4572,#5487,.T.);
#3185=EDGE_CURVE('',#4574,#4575,#5488,.T.);
#3186=EDGE_CURVE('',#4576,#4574,#5489,.T.);
#3187=EDGE_CURVE('',#4576,#4575,#5490,.T.);
#3188=EDGE_CURVE('',#4577,#4578,#5491,.T.);
#3189=EDGE_CURVE('',#4579,#4577,#5492,.T.);
#3190=EDGE_CURVE('',#4579,#4578,#5493,.T.);
#3191=EDGE_CURVE('',#4580,#4581,#5494,.T.);
#3192=EDGE_CURVE('',#4582,#4580,#5495,.T.);
#3193=EDGE_CURVE('',#4582,#4581,#5496,.T.);
#3194=EDGE_CURVE('',#4583,#4584,#5497,.T.);
#3195=EDGE_CURVE('',#4585,#4583,#5498,.T.);
#3196=EDGE_CURVE('',#4585,#4584,#5499,.T.);
#3197=EDGE_CURVE('',#4586,#4587,#5500,.T.);
#3198=EDGE_CURVE('',#4588,#4586,#5501,.T.);
#3199=EDGE_CURVE('',#4588,#4587,#5502,.T.);
#3200=EDGE_CURVE('',#4589,#4590,#5503,.T.);
#3201=EDGE_CURVE('',#4591,#4589,#5504,.T.);
#3202=EDGE_CURVE('',#4591,#4590,#5505,.T.);
#3203=EDGE_CURVE('',#4592,#4593,#5506,.T.);
#3204=EDGE_CURVE('',#4592,#4594,#5507,.T.);
#3205=EDGE_CURVE('',#4594,#4595,#5508,.T.);
#3206=EDGE_CURVE('',#4595,#4593,#5509,.T.);
#3207=EDGE_CURVE('',#4596,#4597,#5510,.T.);
#3208=EDGE_CURVE('',#4596,#4598,#5511,.T.);
#3209=EDGE_CURVE('',#4598,#4599,#5512,.T.);
#3210=EDGE_CURVE('',#4599,#4597,#5513,.T.);
#3211=EDGE_CURVE('',#4600,#4601,#5514,.T.);
#3212=EDGE_CURVE('',#4600,#4602,#5515,.T.);
#3213=EDGE_CURVE('',#4602,#4603,#5516,.T.);
#3214=EDGE_CURVE('',#4603,#4601,#5517,.T.);
#3215=EDGE_CURVE('',#4604,#4605,#5518,.T.);
#3216=EDGE_CURVE('',#4604,#4606,#5519,.T.);
#3217=EDGE_CURVE('',#4606,#4607,#5520,.T.);
#3218=EDGE_CURVE('',#4607,#4605,#5521,.T.);
#3219=EDGE_CURVE('',#4608,#4609,#5522,.T.);
#3220=EDGE_CURVE('',#4608,#4610,#5523,.T.);
#3221=EDGE_CURVE('',#4610,#4611,#5524,.T.);
#3222=EDGE_CURVE('',#4611,#4609,#5525,.T.);
#3223=EDGE_CURVE('',#4612,#4613,#5526,.T.);
#3224=EDGE_CURVE('',#4612,#4614,#5527,.T.);
#3225=EDGE_CURVE('',#4614,#4615,#5528,.T.);
#3226=EDGE_CURVE('',#4615,#4613,#5529,.T.);
#3227=EDGE_CURVE('',#4616,#4617,#5530,.T.);
#3228=EDGE_CURVE('',#4618,#4617,#219,.F.);
#3229=EDGE_CURVE('',#4619,#4618,#5531,.T.);
#3230=EDGE_CURVE('',#4619,#4620,#5532,.T.);
#3231=EDGE_CURVE('',#4620,#4621,#5533,.T.);
#3232=EDGE_CURVE('',#4622,#4621,#220,.F.);
#3233=EDGE_CURVE('',#4623,#4622,#5534,.T.);
#3234=EDGE_CURVE('',#4623,#4624,#5535,.T.);
#3235=EDGE_CURVE('',#4624,#4625,#5536,.T.);
#3236=EDGE_CURVE('',#4626,#4625,#5537,.T.);
#3237=EDGE_CURVE('',#4627,#4626,#5538,.T.);
#3238=EDGE_CURVE('',#4627,#4628,#5539,.T.);
#3239=EDGE_CURVE('',#4628,#4629,#5540,.T.);
#3240=EDGE_CURVE('',#4630,#4629,#221,.F.);
#3241=EDGE_CURVE('',#4631,#4630,#5541,.T.);
#3242=EDGE_CURVE('',#4631,#4632,#5542,.T.);
#3243=EDGE_CURVE('',#4632,#4633,#5543,.T.);
#3244=EDGE_CURVE('',#4634,#4633,#222,.F.);
#3245=EDGE_CURVE('',#4635,#4634,#5544,.T.);
#3246=EDGE_CURVE('',#4635,#4636,#5545,.T.);
#3247=EDGE_CURVE('',#4636,#4637,#5546,.T.);
#3248=EDGE_CURVE('',#4638,#4637,#223,.F.);
#3249=EDGE_CURVE('',#4639,#4638,#5547,.T.);
#3250=EDGE_CURVE('',#4639,#4640,#5548,.T.);
#3251=EDGE_CURVE('',#4640,#4641,#5549,.T.);
#3252=EDGE_CURVE('',#4642,#4641,#224,.F.);
#3253=EDGE_CURVE('',#4643,#4642,#5550,.T.);
#3254=EDGE_CURVE('',#4643,#4644,#5551,.T.);
#3255=EDGE_CURVE('',#4644,#4645,#5552,.T.);
#3256=EDGE_CURVE('',#4646,#4645,#225,.F.);
#3257=EDGE_CURVE('',#4647,#4646,#5553,.T.);
#3258=EDGE_CURVE('',#4647,#4648,#5554,.T.);
#3259=EDGE_CURVE('',#4648,#4649,#5555,.T.);
#3260=EDGE_CURVE('',#4650,#4649,#226,.F.);
#3261=EDGE_CURVE('',#4651,#4650,#5556,.T.);
#3262=EDGE_CURVE('',#4651,#4652,#5557,.T.);
#3263=EDGE_CURVE('',#4652,#4653,#5558,.T.);
#3264=EDGE_CURVE('',#4654,#4653,#227,.F.);
#3265=EDGE_CURVE('',#4655,#4654,#5559,.T.);
#3266=EDGE_CURVE('',#4655,#4656,#5560,.T.);
#3267=EDGE_CURVE('',#4656,#4657,#5561,.T.);
#3268=EDGE_CURVE('',#4658,#4657,#228,.F.);
#3269=EDGE_CURVE('',#4659,#4658,#5562,.T.);
#3270=EDGE_CURVE('',#4659,#4660,#5563,.T.);
#3271=EDGE_CURVE('',#4660,#4661,#5564,.T.);
#3272=EDGE_CURVE('',#4662,#4661,#229,.F.);
#3273=EDGE_CURVE('',#4663,#4662,#5565,.T.);
#3274=EDGE_CURVE('',#4663,#4664,#5566,.T.);
#3275=EDGE_CURVE('',#4664,#4665,#5567,.T.);
#3276=EDGE_CURVE('',#4666,#4665,#230,.F.);
#3277=EDGE_CURVE('',#4667,#4666,#5568,.T.);
#3278=EDGE_CURVE('',#4667,#4616,#5569,.T.);
#3279=EDGE_CURVE('',#4668,#4669,#5570,.T.);
#3280=EDGE_CURVE('',#4668,#4670,#5571,.T.);
#3281=EDGE_CURVE('',#4670,#4671,#5572,.T.);
#3282=EDGE_CURVE('',#4671,#4669,#5573,.T.);
#3283=EDGE_CURVE('',#4672,#4673,#5574,.T.);
#3284=EDGE_CURVE('',#4672,#4674,#5575,.T.);
#3285=EDGE_CURVE('',#4674,#4675,#5576,.T.);
#3286=EDGE_CURVE('',#4675,#4673,#5577,.T.);
#3287=EDGE_CURVE('',#4676,#4677,#5578,.T.);
#3288=EDGE_CURVE('',#4676,#4678,#5579,.T.);
#3289=EDGE_CURVE('',#4678,#4679,#5580,.T.);
#3290=EDGE_CURVE('',#4679,#4677,#5581,.T.);
#3291=EDGE_CURVE('',#4680,#4681,#5582,.T.);
#3292=EDGE_CURVE('',#4680,#4682,#5583,.T.);
#3293=EDGE_CURVE('',#4682,#4683,#5584,.T.);
#3294=EDGE_CURVE('',#4683,#4681,#5585,.T.);
#3295=EDGE_CURVE('',#4684,#4685,#5586,.T.);
#3296=EDGE_CURVE('',#4684,#4686,#5587,.T.);
#3297=EDGE_CURVE('',#4686,#4687,#5588,.T.);
#3298=EDGE_CURVE('',#4687,#4685,#5589,.T.);
#3299=EDGE_CURVE('',#4688,#4689,#5590,.T.);
#3300=EDGE_CURVE('',#4688,#4690,#5591,.T.);
#3301=EDGE_CURVE('',#4690,#4691,#5592,.T.);
#3302=EDGE_CURVE('',#4691,#4689,#5593,.T.);
#3303=EDGE_CURVE('',#4692,#4619,#92,.T.);
#3304=EDGE_CURVE('',#4692,#4693,#5594,.T.);
#3305=EDGE_CURVE('',#4620,#4693,#93,.T.);
#3306=EDGE_CURVE('',#4694,#4695,#5595,.T.);
#3307=EDGE_CURVE('',#4696,#4694,#5596,.T.);
#3308=EDGE_CURVE('',#4697,#4696,#5597,.T.);
#3309=EDGE_CURVE('',#4697,#4698,#231,.T.);
#3310=EDGE_CURVE('',#4699,#4698,#5598,.T.);
#3311=EDGE_CURVE('',#4700,#4699,#5599,.T.);
#3312=EDGE_CURVE('',#4701,#4700,#5600,.T.);
#3313=EDGE_CURVE('',#4701,#4702,#232,.T.);
#3314=EDGE_CURVE('',#4703,#4702,#5601,.T.);
#3315=EDGE_CURVE('',#4704,#4703,#5602,.T.);
#3316=EDGE_CURVE('',#4705,#4704,#5603,.T.);
#3317=EDGE_CURVE('',#4705,#4706,#233,.T.);
#3318=EDGE_CURVE('',#4707,#4706,#5604,.T.);
#3319=EDGE_CURVE('',#4708,#4707,#5605,.T.);
#3320=EDGE_CURVE('',#4709,#4708,#5606,.T.);
#3321=EDGE_CURVE('',#4709,#4710,#234,.T.);
#3322=EDGE_CURVE('',#4711,#4710,#5607,.T.);
#3323=EDGE_CURVE('',#4712,#4711,#5608,.T.);
#3324=EDGE_CURVE('',#4713,#4712,#5609,.T.);
#3325=EDGE_CURVE('',#4713,#4714,#235,.T.);
#3326=EDGE_CURVE('',#4715,#4714,#5610,.T.);
#3327=EDGE_CURVE('',#4716,#4715,#5611,.T.);
#3328=EDGE_CURVE('',#4717,#4716,#5612,.T.);
#3329=EDGE_CURVE('',#4717,#4718,#236,.T.);
#3330=EDGE_CURVE('',#4719,#4718,#5613,.T.);
#3331=EDGE_CURVE('',#4720,#4719,#5614,.T.);
#3332=EDGE_CURVE('',#4721,#4720,#5615,.T.);
#3333=EDGE_CURVE('',#4721,#4722,#237,.T.);
#3334=EDGE_CURVE('',#4723,#4722,#5616,.T.);
#3335=EDGE_CURVE('',#4724,#4723,#5617,.T.);
#3336=EDGE_CURVE('',#4725,#4724,#5618,.T.);
#3337=EDGE_CURVE('',#4725,#4726,#238,.T.);
#3338=EDGE_CURVE('',#4727,#4726,#5619,.T.);
#3339=EDGE_CURVE('',#4728,#4727,#5620,.T.);
#3340=EDGE_CURVE('',#4729,#4728,#5621,.T.);
#3341=EDGE_CURVE('',#4729,#4730,#239,.T.);
#3342=EDGE_CURVE('',#4731,#4730,#5622,.T.);
#3343=EDGE_CURVE('',#4732,#4731,#5623,.T.);
#3344=EDGE_CURVE('',#4733,#4732,#5624,.T.);
#3345=EDGE_CURVE('',#4733,#4734,#240,.T.);
#3346=EDGE_CURVE('',#4735,#4734,#5625,.T.);
#3347=EDGE_CURVE('',#4736,#4735,#5626,.T.);
#3348=EDGE_CURVE('',#4737,#4736,#5627,.T.);
#3349=EDGE_CURVE('',#4737,#4738,#5628,.T.);
#3350=EDGE_CURVE('',#4738,#4739,#5629,.T.);
#3351=EDGE_CURVE('',#4740,#4739,#5630,.T.);
#3352=EDGE_CURVE('',#4741,#4740,#5631,.T.);
#3353=EDGE_CURVE('',#4741,#4742,#241,.T.);
#3354=EDGE_CURVE('',#4693,#4742,#5632,.T.);
#3355=EDGE_CURVE('',#4743,#4692,#5633,.T.);
#3356=EDGE_CURVE('',#4743,#4695,#242,.T.);
#3357=EDGE_CURVE('',#4629,#4744,#5634,.T.);
#3358=EDGE_CURVE('',#4744,#4745,#243,.T.);
#3359=EDGE_CURVE('',#4630,#4745,#5635,.T.);
#3360=EDGE_CURVE('',#4744,#4746,#5636,.T.);
#3361=EDGE_CURVE('',#4746,#4747,#244,.T.);
#3362=EDGE_CURVE('',#4745,#4747,#5637,.T.);
#3363=EDGE_CURVE('',#4633,#4748,#5638,.T.);
#3364=EDGE_CURVE('',#4748,#4749,#245,.T.);
#3365=EDGE_CURVE('',#4634,#4749,#5639,.T.);
#3366=EDGE_CURVE('',#4748,#4750,#5640,.T.);
#3367=EDGE_CURVE('',#4750,#4751,#246,.T.);
#3368=EDGE_CURVE('',#4749,#4751,#5641,.T.);
#3369=EDGE_CURVE('',#4637,#4752,#5642,.T.);
#3370=EDGE_CURVE('',#4752,#4753,#247,.T.);
#3371=EDGE_CURVE('',#4638,#4753,#5643,.T.);
#3372=EDGE_CURVE('',#4752,#4754,#5644,.T.);
#3373=EDGE_CURVE('',#4754,#4755,#248,.T.);
#3374=EDGE_CURVE('',#4753,#4755,#5645,.T.);
#3375=EDGE_CURVE('',#4641,#4756,#5646,.T.);
#3376=EDGE_CURVE('',#4756,#4757,#249,.T.);
#3377=EDGE_CURVE('',#4642,#4757,#5647,.T.);
#3378=EDGE_CURVE('',#4756,#4758,#5648,.T.);
#3379=EDGE_CURVE('',#4758,#4759,#250,.T.);
#3380=EDGE_CURVE('',#4757,#4759,#5649,.T.);
#3381=EDGE_CURVE('',#4645,#4760,#5650,.T.);
#3382=EDGE_CURVE('',#4760,#4761,#251,.T.);
#3383=EDGE_CURVE('',#4646,#4761,#5651,.T.);
#3384=EDGE_CURVE('',#4760,#4762,#5652,.T.);
#3385=EDGE_CURVE('',#4762,#4763,#252,.T.);
#3386=EDGE_CURVE('',#4761,#4763,#5653,.T.);
#3387=EDGE_CURVE('',#4649,#4764,#5654,.T.);
#3388=EDGE_CURVE('',#4764,#4765,#253,.T.);
#3389=EDGE_CURVE('',#4650,#4765,#5655,.T.);
#3390=EDGE_CURVE('',#4764,#4766,#5656,.T.);
#3391=EDGE_CURVE('',#4766,#4767,#254,.T.);
#3392=EDGE_CURVE('',#4765,#4767,#5657,.T.);
#3393=EDGE_CURVE('',#4653,#4768,#5658,.T.);
#3394=EDGE_CURVE('',#4768,#4769,#255,.T.);
#3395=EDGE_CURVE('',#4654,#4769,#5659,.T.);
#3396=EDGE_CURVE('',#4768,#4770,#5660,.T.);
#3397=EDGE_CURVE('',#4770,#4771,#256,.T.);
#3398=EDGE_CURVE('',#4769,#4771,#5661,.T.);
#3399=EDGE_CURVE('',#4657,#4772,#5662,.T.);
#3400=EDGE_CURVE('',#4772,#4773,#257,.T.);
#3401=EDGE_CURVE('',#4658,#4773,#5663,.T.);
#3402=EDGE_CURVE('',#4772,#4774,#5664,.T.);
#3403=EDGE_CURVE('',#4774,#4775,#258,.T.);
#3404=EDGE_CURVE('',#4773,#4775,#5665,.T.);
#3405=EDGE_CURVE('',#4661,#4776,#5666,.T.);
#3406=EDGE_CURVE('',#4776,#4777,#259,.T.);
#3407=EDGE_CURVE('',#4662,#4777,#5667,.T.);
#3408=EDGE_CURVE('',#4776,#4778,#5668,.T.);
#3409=EDGE_CURVE('',#4778,#4779,#260,.T.);
#3410=EDGE_CURVE('',#4777,#4779,#5669,.T.);
#3411=EDGE_CURVE('',#4665,#4780,#5670,.T.);
#3412=EDGE_CURVE('',#4780,#4781,#261,.T.);
#3413=EDGE_CURVE('',#4666,#4781,#5671,.T.);
#3414=EDGE_CURVE('',#4780,#4782,#5672,.T.);
#3415=EDGE_CURVE('',#4782,#4783,#262,.T.);
#3416=EDGE_CURVE('',#4781,#4783,#5673,.T.);
#3417=EDGE_CURVE('',#4617,#4784,#5674,.T.);
#3418=EDGE_CURVE('',#4784,#4785,#263,.T.);
#3419=EDGE_CURVE('',#4618,#4785,#5675,.T.);
#3420=EDGE_CURVE('',#4784,#4786,#5676,.T.);
#3421=EDGE_CURVE('',#4786,#4787,#264,.T.);
#3422=EDGE_CURVE('',#4785,#4787,#5677,.T.);
#3423=EDGE_CURVE('',#4616,#4694,#94,.T.);
#3424=EDGE_CURVE('',#4696,#4667,#95,.T.);
#3425=EDGE_CURVE('',#4664,#4699,#96,.T.);
#3426=EDGE_CURVE('',#4700,#4663,#97,.T.);
#3427=EDGE_CURVE('',#4660,#4703,#98,.T.);
#3428=EDGE_CURVE('',#4704,#4659,#99,.T.);
#3429=EDGE_CURVE('',#4656,#4707,#100,.T.);
#3430=EDGE_CURVE('',#4708,#4655,#101,.T.);
#3431=EDGE_CURVE('',#4652,#4711,#102,.T.);
#3432=EDGE_CURVE('',#4712,#4651,#103,.T.);
#3433=EDGE_CURVE('',#4648,#4715,#104,.T.);
#3434=EDGE_CURVE('',#4716,#4647,#105,.T.);
#3435=EDGE_CURVE('',#4644,#4719,#106,.T.);
#3436=EDGE_CURVE('',#4720,#4643,#107,.T.);
#3437=EDGE_CURVE('',#4640,#4723,#108,.T.);
#3438=EDGE_CURVE('',#4724,#4639,#109,.T.);
#3439=EDGE_CURVE('',#4636,#4727,#110,.T.);
#3440=EDGE_CURVE('',#4728,#4635,#111,.T.);
#3441=EDGE_CURVE('',#4632,#4731,#112,.T.);
#3442=EDGE_CURVE('',#4732,#4631,#113,.T.);
#3443=EDGE_CURVE('',#4628,#4735,#114,.T.);
#3444=EDGE_CURVE('',#4736,#4627,#265,.T.);
#3445=EDGE_CURVE('',#4743,#4788,#20,.T.);
#3446=EDGE_CURVE('',#4788,#4789,#21,.T.);
#3447=EDGE_CURVE('',#4789,#4790,#266,.T.);
#3448=EDGE_CURVE('',#4790,#4791,#22,.T.);
#3449=EDGE_CURVE('',#4791,#4695,#23,.T.);
#3450=EDGE_CURVE('',#4789,#4792,#5678,.T.);
#3451=EDGE_CURVE('',#4792,#4793,#267,.T.);
#3452=EDGE_CURVE('',#4793,#4790,#5679,.F.);
#3453=EDGE_CURVE('',#4794,#4795,#5680,.T.);
#3454=EDGE_CURVE('',#4794,#4793,#5681,.T.);
#3455=EDGE_CURVE('',#4792,#4795,#5682,.T.);
#3456=EDGE_CURVE('',#4697,#4796,#24,.T.);
#3457=EDGE_CURVE('',#4796,#4797,#25,.T.);
#3458=EDGE_CURVE('',#4797,#4798,#268,.T.);
#3459=EDGE_CURVE('',#4798,#4799,#26,.T.);
#3460=EDGE_CURVE('',#4799,#4698,#27,.T.);
#3461=EDGE_CURVE('',#4797,#4800,#5683,.T.);
#3462=EDGE_CURVE('',#4800,#4801,#269,.T.);
#3463=EDGE_CURVE('',#4801,#4798,#5684,.F.);
#3464=EDGE_CURVE('',#4802,#4803,#5685,.T.);
#3465=EDGE_CURVE('',#4802,#4801,#5686,.T.);
#3466=EDGE_CURVE('',#4800,#4803,#5687,.T.);
#3467=EDGE_CURVE('',#4701,#4804,#28,.T.);
#3468=EDGE_CURVE('',#4804,#4805,#29,.T.);
#3469=EDGE_CURVE('',#4805,#4806,#270,.T.);
#3470=EDGE_CURVE('',#4806,#4807,#30,.T.);
#3471=EDGE_CURVE('',#4807,#4702,#31,.T.);
#3472=EDGE_CURVE('',#4805,#4808,#5688,.T.);
#3473=EDGE_CURVE('',#4808,#4809,#271,.T.);
#3474=EDGE_CURVE('',#4809,#4806,#5689,.F.);
#3475=EDGE_CURVE('',#4810,#4811,#5690,.T.);
#3476=EDGE_CURVE('',#4810,#4809,#5691,.T.);
#3477=EDGE_CURVE('',#4808,#4811,#5692,.T.);
#3478=EDGE_CURVE('',#4705,#4812,#32,.T.);
#3479=EDGE_CURVE('',#4812,#4813,#33,.T.);
#3480=EDGE_CURVE('',#4813,#4814,#272,.T.);
#3481=EDGE_CURVE('',#4814,#4815,#34,.T.);
#3482=EDGE_CURVE('',#4815,#4706,#35,.T.);
#3483=EDGE_CURVE('',#4813,#4816,#5693,.T.);
#3484=EDGE_CURVE('',#4816,#4817,#273,.T.);
#3485=EDGE_CURVE('',#4817,#4814,#5694,.F.);
#3486=EDGE_CURVE('',#4818,#4819,#5695,.T.);
#3487=EDGE_CURVE('',#4818,#4817,#5696,.T.);
#3488=EDGE_CURVE('',#4816,#4819,#5697,.T.);
#3489=EDGE_CURVE('',#4709,#4820,#36,.T.);
#3490=EDGE_CURVE('',#4820,#4821,#37,.T.);
#3491=EDGE_CURVE('',#4821,#4822,#274,.T.);
#3492=EDGE_CURVE('',#4822,#4823,#38,.T.);
#3493=EDGE_CURVE('',#4823,#4710,#39,.T.);
#3494=EDGE_CURVE('',#4821,#4824,#5698,.T.);
#3495=EDGE_CURVE('',#4824,#4825,#275,.T.);
#3496=EDGE_CURVE('',#4825,#4822,#5699,.F.);
#3497=EDGE_CURVE('',#4826,#4827,#5700,.T.);
#3498=EDGE_CURVE('',#4826,#4825,#5701,.T.);
#3499=EDGE_CURVE('',#4824,#4827,#5702,.T.);
#3500=EDGE_CURVE('',#4713,#4828,#40,.T.);
#3501=EDGE_CURVE('',#4828,#4829,#41,.T.);
#3502=EDGE_CURVE('',#4829,#4830,#276,.T.);
#3503=EDGE_CURVE('',#4830,#4831,#42,.T.);
#3504=EDGE_CURVE('',#4831,#4714,#43,.T.);
#3505=EDGE_CURVE('',#4829,#4832,#5703,.T.);
#3506=EDGE_CURVE('',#4832,#4833,#277,.T.);
#3507=EDGE_CURVE('',#4833,#4830,#5704,.F.);
#3508=EDGE_CURVE('',#4834,#4835,#5705,.T.);
#3509=EDGE_CURVE('',#4834,#4833,#5706,.T.);
#3510=EDGE_CURVE('',#4832,#4835,#5707,.T.);
#3511=EDGE_CURVE('',#4717,#4836,#44,.T.);
#3512=EDGE_CURVE('',#4836,#4837,#45,.T.);
#3513=EDGE_CURVE('',#4837,#4838,#278,.T.);
#3514=EDGE_CURVE('',#4838,#4839,#46,.T.);
#3515=EDGE_CURVE('',#4839,#4718,#47,.T.);
#3516=EDGE_CURVE('',#4837,#4840,#5708,.T.);
#3517=EDGE_CURVE('',#4840,#4841,#279,.T.);
#3518=EDGE_CURVE('',#4841,#4838,#5709,.F.);
#3519=EDGE_CURVE('',#4842,#4843,#5710,.T.);
#3520=EDGE_CURVE('',#4842,#4841,#5711,.T.);
#3521=EDGE_CURVE('',#4840,#4843,#5712,.T.);
#3522=EDGE_CURVE('',#4721,#4844,#48,.T.);
#3523=EDGE_CURVE('',#4844,#4845,#49,.T.);
#3524=EDGE_CURVE('',#4845,#4846,#280,.T.);
#3525=EDGE_CURVE('',#4846,#4847,#50,.T.);
#3526=EDGE_CURVE('',#4847,#4722,#51,.T.);
#3527=EDGE_CURVE('',#4845,#4848,#5713,.T.);
#3528=EDGE_CURVE('',#4848,#4849,#281,.T.);
#3529=EDGE_CURVE('',#4849,#4846,#5714,.F.);
#3530=EDGE_CURVE('',#4850,#4851,#5715,.T.);
#3531=EDGE_CURVE('',#4850,#4849,#5716,.T.);
#3532=EDGE_CURVE('',#4848,#4851,#5717,.T.);
#3533=EDGE_CURVE('',#4725,#4852,#52,.T.);
#3534=EDGE_CURVE('',#4852,#4853,#53,.T.);
#3535=EDGE_CURVE('',#4853,#4854,#282,.T.);
#3536=EDGE_CURVE('',#4854,#4855,#54,.T.);
#3537=EDGE_CURVE('',#4855,#4726,#55,.T.);
#3538=EDGE_CURVE('',#4853,#4856,#5718,.T.);
#3539=EDGE_CURVE('',#4856,#4857,#283,.T.);
#3540=EDGE_CURVE('',#4857,#4854,#5719,.F.);
#3541=EDGE_CURVE('',#4858,#4859,#5720,.T.);
#3542=EDGE_CURVE('',#4858,#4857,#5721,.T.);
#3543=EDGE_CURVE('',#4856,#4859,#5722,.T.);
#3544=EDGE_CURVE('',#4729,#4860,#56,.T.);
#3545=EDGE_CURVE('',#4860,#4861,#57,.T.);
#3546=EDGE_CURVE('',#4861,#4862,#284,.T.);
#3547=EDGE_CURVE('',#4862,#4863,#58,.T.);
#3548=EDGE_CURVE('',#4863,#4730,#59,.T.);
#3549=EDGE_CURVE('',#4861,#4864,#5723,.T.);
#3550=EDGE_CURVE('',#4864,#4865,#285,.T.);
#3551=EDGE_CURVE('',#4865,#4862,#5724,.F.);
#3552=EDGE_CURVE('',#4866,#4867,#5725,.T.);
#3553=EDGE_CURVE('',#4866,#4865,#5726,.T.);
#3554=EDGE_CURVE('',#4864,#4867,#5727,.T.);
#3555=EDGE_CURVE('',#4733,#4868,#60,.T.);
#3556=EDGE_CURVE('',#4868,#4869,#61,.T.);
#3557=EDGE_CURVE('',#4869,#4870,#286,.T.);
#3558=EDGE_CURVE('',#4870,#4871,#62,.T.);
#3559=EDGE_CURVE('',#4871,#4734,#63,.T.);
#3560=EDGE_CURVE('',#4869,#4872,#5728,.T.);
#3561=EDGE_CURVE('',#4872,#4873,#287,.T.);
#3562=EDGE_CURVE('',#4873,#4870,#5729,.F.);
#3563=EDGE_CURVE('',#4874,#4875,#5730,.T.);
#3564=EDGE_CURVE('',#4874,#4873,#5731,.T.);
#3565=EDGE_CURVE('',#4872,#4875,#5732,.T.);
#3566=EDGE_CURVE('',#4621,#4876,#5733,.T.);
#3567=EDGE_CURVE('',#4876,#4877,#288,.T.);
#3568=EDGE_CURVE('',#4622,#4877,#5734,.T.);
#3569=EDGE_CURVE('',#4876,#4878,#5735,.T.);
#3570=EDGE_CURVE('',#4878,#4879,#289,.T.);
#3571=EDGE_CURVE('',#4877,#4879,#5736,.T.);
#3572=EDGE_CURVE('',#4740,#4623,#115,.T.);
#3573=EDGE_CURVE('',#4739,#4624,#290,.T.);
#3574=EDGE_CURVE('',#4741,#4880,#64,.T.);
#3575=EDGE_CURVE('',#4880,#4881,#65,.T.);
#3576=EDGE_CURVE('',#4881,#4882,#291,.T.);
#3577=EDGE_CURVE('',#4882,#4883,#66,.T.);
#3578=EDGE_CURVE('',#4883,#4742,#67,.T.);
#3579=EDGE_CURVE('',#4881,#4884,#5737,.T.);
#3580=EDGE_CURVE('',#4884,#4885,#292,.T.);
#3581=EDGE_CURVE('',#4885,#4882,#5738,.F.);
#3582=EDGE_CURVE('',#4886,#4887,#5739,.T.);
#3583=EDGE_CURVE('',#4886,#4885,#5740,.T.);
#3584=EDGE_CURVE('',#4884,#4887,#5741,.T.);
#3585=EDGE_CURVE('',#4874,#4746,#5742,.T.);
#3586=EDGE_CURVE('',#4875,#4747,#5743,.T.);
#3587=EDGE_CURVE('',#4866,#4750,#5744,.T.);
#3588=EDGE_CURVE('',#4867,#4751,#5745,.T.);
#3589=EDGE_CURVE('',#4858,#4754,#5746,.T.);
#3590=EDGE_CURVE('',#4859,#4755,#5747,.T.);
#3591=EDGE_CURVE('',#4850,#4758,#5748,.T.);
#3592=EDGE_CURVE('',#4851,#4759,#5749,.T.);
#3593=EDGE_CURVE('',#4842,#4762,#5750,.T.);
#3594=EDGE_CURVE('',#4843,#4763,#5751,.T.);
#3595=EDGE_CURVE('',#4834,#4766,#5752,.T.);
#3596=EDGE_CURVE('',#4835,#4767,#5753,.T.);
#3597=EDGE_CURVE('',#4826,#4770,#5754,.T.);
#3598=EDGE_CURVE('',#4827,#4771,#5755,.T.);
#3599=EDGE_CURVE('',#4818,#4774,#5756,.T.);
#3600=EDGE_CURVE('',#4819,#4775,#5757,.T.);
#3601=EDGE_CURVE('',#4810,#4778,#5758,.T.);
#3602=EDGE_CURVE('',#4811,#4779,#5759,.T.);
#3603=EDGE_CURVE('',#4802,#4782,#5760,.T.);
#3604=EDGE_CURVE('',#4803,#4783,#5761,.T.);
#3605=EDGE_CURVE('',#4794,#4786,#5762,.T.);
#3606=EDGE_CURVE('',#4795,#4787,#5763,.T.);
#3607=EDGE_CURVE('',#4886,#4878,#5764,.T.);
#3608=EDGE_CURVE('',#4887,#4879,#5765,.T.);
#3609=EDGE_CURVE('',#4888,#4889,#5766,.T.);
#3610=EDGE_CURVE('',#4888,#4890,#5767,.T.);
#3611=EDGE_CURVE('',#4891,#4890,#5768,.T.);
#3612=EDGE_CURVE('',#4889,#4891,#5769,.T.);
#3613=EDGE_CURVE('',#4892,#4893,#5770,.T.);
#3614=EDGE_CURVE('',#4892,#4894,#5771,.T.);
#3615=EDGE_CURVE('',#4895,#4894,#5772,.T.);
#3616=EDGE_CURVE('',#4893,#4895,#5773,.T.);
#3617=EDGE_CURVE('',#4896,#4897,#5774,.T.);
#3618=EDGE_CURVE('',#4896,#4898,#5775,.T.);
#3619=EDGE_CURVE('',#4899,#4898,#5776,.T.);
#3620=EDGE_CURVE('',#4897,#4899,#5777,.T.);
#3621=EDGE_CURVE('',#4900,#4901,#5778,.T.);
#3622=EDGE_CURVE('',#4900,#4902,#5779,.T.);
#3623=EDGE_CURVE('',#4903,#4902,#5780,.T.);
#3624=EDGE_CURVE('',#4901,#4903,#5781,.T.);
#3625=EDGE_CURVE('',#4904,#4905,#5782,.T.);
#3626=EDGE_CURVE('',#4904,#4906,#5783,.T.);
#3627=EDGE_CURVE('',#4907,#4906,#5784,.T.);
#3628=EDGE_CURVE('',#4905,#4907,#5785,.T.);
#3629=EDGE_CURVE('',#4908,#4909,#5786,.T.);
#3630=EDGE_CURVE('',#4908,#4910,#5787,.T.);
#3631=EDGE_CURVE('',#4911,#4910,#5788,.T.);
#3632=EDGE_CURVE('',#4909,#4911,#5789,.T.);
#3633=EDGE_CURVE('',#4912,#4913,#5790,.T.);
#3634=EDGE_CURVE('',#4912,#4914,#5791,.T.);
#3635=EDGE_CURVE('',#4915,#4914,#5792,.T.);
#3636=EDGE_CURVE('',#4913,#4915,#5793,.T.);
#3637=EDGE_CURVE('',#4916,#4917,#5794,.T.);
#3638=EDGE_CURVE('',#4916,#4918,#5795,.T.);
#3639=EDGE_CURVE('',#4919,#4918,#5796,.T.);
#3640=EDGE_CURVE('',#4917,#4919,#5797,.T.);
#3641=EDGE_CURVE('',#4920,#4921,#5798,.T.);
#3642=EDGE_CURVE('',#4920,#4922,#5799,.T.);
#3643=EDGE_CURVE('',#4923,#4922,#5800,.T.);
#3644=EDGE_CURVE('',#4921,#4923,#5801,.T.);
#3645=EDGE_CURVE('',#4924,#4925,#5802,.T.);
#3646=EDGE_CURVE('',#4924,#4926,#5803,.T.);
#3647=EDGE_CURVE('',#4927,#4926,#5804,.T.);
#3648=EDGE_CURVE('',#4925,#4927,#5805,.T.);
#3649=EDGE_CURVE('',#4928,#4929,#5806,.T.);
#3650=EDGE_CURVE('',#4928,#4930,#5807,.T.);
#3651=EDGE_CURVE('',#4931,#4930,#5808,.T.);
#3652=EDGE_CURVE('',#4929,#4931,#5809,.T.);
#3653=EDGE_CURVE('',#4932,#4933,#5810,.T.);
#3654=EDGE_CURVE('',#4932,#4934,#5811,.T.);
#3655=EDGE_CURVE('',#4935,#4934,#5812,.T.);
#3656=EDGE_CURVE('',#4933,#4935,#5813,.T.);
#3657=EDGE_CURVE('',#4936,#4937,#5814,.T.);
#3658=EDGE_CURVE('',#4937,#4938,#5815,.T.);
#3659=EDGE_CURVE('',#4939,#4938,#5816,.T.);
#3660=EDGE_CURVE('',#4940,#4939,#5817,.T.);
#3661=EDGE_CURVE('',#4940,#4941,#5818,.T.);
#3662=EDGE_CURVE('',#4941,#4942,#5819,.T.);
#3663=EDGE_CURVE('',#4943,#4942,#5820,.T.);
#3664=EDGE_CURVE('',#4944,#4943,#5821,.T.);
#3665=EDGE_CURVE('',#4944,#4945,#5822,.T.);
#3666=EDGE_CURVE('',#4945,#4946,#5823,.T.);
#3667=EDGE_CURVE('',#4947,#4946,#5824,.T.);
#3668=EDGE_CURVE('',#4948,#4947,#5825,.T.);
#3669=EDGE_CURVE('',#4948,#4949,#5826,.T.);
#3670=EDGE_CURVE('',#4949,#4950,#5827,.T.);
#3671=EDGE_CURVE('',#4951,#4950,#5828,.T.);
#3672=EDGE_CURVE('',#4952,#4951,#5829,.T.);
#3673=EDGE_CURVE('',#4952,#4953,#5830,.T.);
#3674=EDGE_CURVE('',#4953,#4954,#5831,.T.);
#3675=EDGE_CURVE('',#4955,#4954,#5832,.T.);
#3676=EDGE_CURVE('',#4956,#4955,#5833,.T.);
#3677=EDGE_CURVE('',#4956,#4957,#5834,.T.);
#3678=EDGE_CURVE('',#4957,#4958,#5835,.T.);
#3679=EDGE_CURVE('',#4959,#4958,#5836,.T.);
#3680=EDGE_CURVE('',#4960,#4959,#5837,.T.);
#3681=EDGE_CURVE('',#4960,#4961,#5838,.T.);
#3682=EDGE_CURVE('',#4961,#4962,#5839,.T.);
#3683=EDGE_CURVE('',#4963,#4962,#5840,.T.);
#3684=EDGE_CURVE('',#4964,#4963,#5841,.T.);
#3685=EDGE_CURVE('',#4964,#4965,#5842,.T.);
#3686=EDGE_CURVE('',#4965,#4966,#5843,.T.);
#3687=EDGE_CURVE('',#4967,#4966,#5844,.T.);
#3688=EDGE_CURVE('',#4968,#4967,#5845,.T.);
#3689=EDGE_CURVE('',#4968,#4969,#5846,.T.);
#3690=EDGE_CURVE('',#4969,#4970,#5847,.T.);
#3691=EDGE_CURVE('',#4971,#4970,#5848,.T.);
#3692=EDGE_CURVE('',#4972,#4971,#5849,.T.);
#3693=EDGE_CURVE('',#4972,#4973,#5850,.T.);
#3694=EDGE_CURVE('',#4973,#4974,#5851,.T.);
#3695=EDGE_CURVE('',#4975,#4974,#5852,.T.);
#3696=EDGE_CURVE('',#4976,#4975,#5853,.T.);
#3697=EDGE_CURVE('',#4976,#4977,#5854,.T.);
#3698=EDGE_CURVE('',#4977,#4978,#5855,.T.);
#3699=EDGE_CURVE('',#4979,#4978,#5856,.T.);
#3700=EDGE_CURVE('',#4980,#4979,#5857,.T.);
#3701=EDGE_CURVE('',#4980,#4981,#5858,.T.);
#3702=EDGE_CURVE('',#4981,#4982,#5859,.T.);
#3703=EDGE_CURVE('',#4983,#4982,#5860,.T.);
#3704=EDGE_CURVE('',#4983,#4984,#5861,.T.);
#3705=EDGE_CURVE('',#4985,#4984,#5862,.T.);
#3706=EDGE_CURVE('',#4985,#4986,#5863,.T.);
#3707=EDGE_CURVE('',#4987,#4986,#5864,.T.);
#3708=EDGE_CURVE('',#4988,#4987,#5865,.T.);
#3709=EDGE_CURVE('',#4989,#4988,#5866,.T.);
#3710=EDGE_CURVE('',#4989,#4990,#5867,.T.);
#3711=EDGE_CURVE('',#4991,#4990,#5868,.T.);
#3712=EDGE_CURVE('',#4992,#4991,#5869,.T.);
#3713=EDGE_CURVE('',#4993,#4992,#5870,.T.);
#3714=EDGE_CURVE('',#4993,#4994,#5871,.T.);
#3715=EDGE_CURVE('',#4995,#4994,#5872,.T.);
#3716=EDGE_CURVE('',#4996,#4995,#5873,.T.);
#3717=EDGE_CURVE('',#4997,#4996,#5874,.T.);
#3718=EDGE_CURVE('',#4997,#4998,#5875,.T.);
#3719=EDGE_CURVE('',#4999,#4998,#5876,.T.);
#3720=EDGE_CURVE('',#5000,#4999,#5877,.T.);
#3721=EDGE_CURVE('',#5001,#5000,#5878,.T.);
#3722=EDGE_CURVE('',#5001,#5002,#5879,.T.);
#3723=EDGE_CURVE('',#5003,#5002,#5880,.T.);
#3724=EDGE_CURVE('',#5004,#5003,#5881,.T.);
#3725=EDGE_CURVE('',#5005,#5004,#5882,.T.);
#3726=EDGE_CURVE('',#5005,#5006,#5883,.T.);
#3727=EDGE_CURVE('',#5007,#5006,#5884,.T.);
#3728=EDGE_CURVE('',#5008,#5007,#5885,.T.);
#3729=EDGE_CURVE('',#5009,#5008,#5886,.T.);
#3730=EDGE_CURVE('',#5009,#5010,#5887,.T.);
#3731=EDGE_CURVE('',#5011,#5010,#5888,.T.);
#3732=EDGE_CURVE('',#5012,#5011,#5889,.T.);
#3733=EDGE_CURVE('',#5013,#5012,#5890,.T.);
#3734=EDGE_CURVE('',#5013,#5014,#5891,.T.);
#3735=EDGE_CURVE('',#5015,#5014,#5892,.T.);
#3736=EDGE_CURVE('',#5016,#5015,#5893,.T.);
#3737=EDGE_CURVE('',#5017,#5016,#5894,.T.);
#3738=EDGE_CURVE('',#5017,#5018,#5895,.T.);
#3739=EDGE_CURVE('',#5019,#5018,#5896,.T.);
#3740=EDGE_CURVE('',#5020,#5019,#5897,.T.);
#3741=EDGE_CURVE('',#5021,#5020,#5898,.T.);
#3742=EDGE_CURVE('',#5021,#5022,#5899,.T.);
#3743=EDGE_CURVE('',#5023,#5022,#5900,.T.);
#3744=EDGE_CURVE('',#5024,#5023,#5901,.T.);
#3745=EDGE_CURVE('',#5025,#5024,#5902,.T.);
#3746=EDGE_CURVE('',#5025,#5026,#5903,.T.);
#3747=EDGE_CURVE('',#5027,#5026,#5904,.T.);
#3748=EDGE_CURVE('',#5028,#5027,#5905,.T.);
#3749=EDGE_CURVE('',#5029,#5028,#5906,.T.);
#3750=EDGE_CURVE('',#5029,#5030,#5907,.T.);
#3751=EDGE_CURVE('',#5031,#5030,#5908,.T.);
#3752=EDGE_CURVE('',#5032,#5031,#5909,.T.);
#3753=EDGE_CURVE('',#5033,#5032,#5910,.T.);
#3754=EDGE_CURVE('',#5034,#5033,#5911,.T.);
#3755=EDGE_CURVE('',#5034,#5035,#5912,.T.);
#3756=EDGE_CURVE('',#4936,#5035,#5913,.T.);
#3757=EDGE_CURVE('',#5036,#5037,#5914,.T.);
#3758=EDGE_CURVE('',#5038,#5037,#5915,.T.);
#3759=EDGE_CURVE('',#5039,#5038,#5916,.T.);
#3760=EDGE_CURVE('',#5039,#5036,#5917,.T.);
#3761=EDGE_CURVE('',#5040,#5037,#293,.T.);
#3762=EDGE_CURVE('',#5041,#5040,#5918,.T.);
#3763=EDGE_CURVE('',#5041,#5038,#294,.T.);
#3764=EDGE_CURVE('',#5040,#5042,#5919,.T.);
#3765=EDGE_CURVE('',#5043,#5042,#5920,.T.);
#3766=EDGE_CURVE('',#5041,#5043,#5921,.T.);
#3767=EDGE_CURVE('',#5044,#5042,#295,.T.);
#3768=EDGE_CURVE('',#5045,#5044,#5922,.T.);
#3769=EDGE_CURVE('',#5045,#5043,#296,.T.);
#3770=EDGE_CURVE('',#4940,#5046,#5923,.T.);
#3771=EDGE_CURVE('',#5047,#5046,#5924,.T.);
#3772=EDGE_CURVE('',#4937,#5047,#5925,.T.);
#3773=EDGE_CURVE('',#4936,#5048,#5926,.T.);
#3774=EDGE_CURVE('',#5049,#5048,#5927,.T.);
#3775=EDGE_CURVE('',#5045,#5049,#5928,.T.);
#3776=EDGE_CURVE('',#5044,#5050,#5929,.T.);
#3777=EDGE_CURVE('',#5051,#5050,#5930,.T.);
#3778=EDGE_CURVE('',#4981,#5051,#5931,.T.);
#3779=EDGE_CURVE('',#4980,#5052,#5932,.T.);
#3780=EDGE_CURVE('',#5053,#5052,#5933,.T.);
#3781=EDGE_CURVE('',#4977,#5053,#5934,.T.);
#3782=EDGE_CURVE('',#4976,#5054,#5935,.T.);
#3783=EDGE_CURVE('',#5055,#5054,#5936,.T.);
#3784=EDGE_CURVE('',#4973,#5055,#5937,.T.);
#3785=EDGE_CURVE('',#4972,#5056,#5938,.T.);
#3786=EDGE_CURVE('',#5057,#5056,#5939,.T.);
#3787=EDGE_CURVE('',#4969,#5057,#5940,.T.);
#3788=EDGE_CURVE('',#4968,#5058,#5941,.T.);
#3789=EDGE_CURVE('',#5059,#5058,#5942,.T.);
#3790=EDGE_CURVE('',#4965,#5059,#5943,.T.);
#3791=EDGE_CURVE('',#4964,#5060,#5944,.T.);
#3792=EDGE_CURVE('',#5061,#5060,#5945,.T.);
#3793=EDGE_CURVE('',#4961,#5061,#5946,.T.);
#3794=EDGE_CURVE('',#4960,#5062,#5947,.T.);
#3795=EDGE_CURVE('',#5063,#5062,#5948,.T.);
#3796=EDGE_CURVE('',#4957,#5063,#5949,.T.);
#3797=EDGE_CURVE('',#4956,#5064,#5950,.T.);
#3798=EDGE_CURVE('',#5065,#5064,#5951,.T.);
#3799=EDGE_CURVE('',#4953,#5065,#5952,.T.);
#3800=EDGE_CURVE('',#4952,#5066,#5953,.T.);
#3801=EDGE_CURVE('',#5067,#5066,#5954,.T.);
#3802=EDGE_CURVE('',#4949,#5067,#5955,.T.);
#3803=EDGE_CURVE('',#4948,#5068,#5956,.T.);
#3804=EDGE_CURVE('',#5069,#5068,#5957,.T.);
#3805=EDGE_CURVE('',#4945,#5069,#5958,.T.);
#3806=EDGE_CURVE('',#4944,#5070,#5959,.T.);
#3807=EDGE_CURVE('',#5071,#5070,#5960,.T.);
#3808=EDGE_CURVE('',#4941,#5071,#5961,.T.);
#3809=EDGE_CURVE('',#5072,#5030,#5962,.T.);
#3810=EDGE_CURVE('',#5072,#5073,#5963,.T.);
#3811=EDGE_CURVE('',#5073,#5027,#5964,.T.);
#3812=EDGE_CURVE('',#5074,#5026,#5965,.T.);
#3813=EDGE_CURVE('',#5074,#5075,#5966,.T.);
#3814=EDGE_CURVE('',#5075,#5023,#5967,.T.);
#3815=EDGE_CURVE('',#5076,#5022,#5968,.T.);
#3816=EDGE_CURVE('',#5076,#5077,#5969,.T.);
#3817=EDGE_CURVE('',#5077,#5019,#5970,.T.);
#3818=EDGE_CURVE('',#5078,#5018,#5971,.T.);
#3819=EDGE_CURVE('',#5078,#5079,#5972,.T.);
#3820=EDGE_CURVE('',#5079,#5015,#5973,.T.);
#3821=EDGE_CURVE('',#5080,#5014,#5974,.T.);
#3822=EDGE_CURVE('',#5080,#5081,#5975,.T.);
#3823=EDGE_CURVE('',#5081,#5011,#5976,.T.);
#3824=EDGE_CURVE('',#5082,#5010,#5977,.T.);
#3825=EDGE_CURVE('',#5082,#5083,#5978,.T.);
#3826=EDGE_CURVE('',#5083,#5007,#5979,.T.);
#3827=EDGE_CURVE('',#5084,#5006,#5980,.T.);
#3828=EDGE_CURVE('',#5084,#5085,#5981,.T.);
#3829=EDGE_CURVE('',#5085,#5003,#5982,.T.);
#3830=EDGE_CURVE('',#5086,#5002,#5983,.T.);
#3831=EDGE_CURVE('',#5086,#5087,#5984,.T.);
#3832=EDGE_CURVE('',#5087,#4999,#5985,.T.);
#3833=EDGE_CURVE('',#5088,#4998,#5986,.T.);
#3834=EDGE_CURVE('',#5088,#5089,#5987,.T.);
#3835=EDGE_CURVE('',#5089,#4995,#5988,.T.);
#3836=EDGE_CURVE('',#5090,#4994,#5989,.T.);
#3837=EDGE_CURVE('',#5090,#5091,#5990,.T.);
#3838=EDGE_CURVE('',#5091,#4991,#5991,.T.);
#3839=EDGE_CURVE('',#5092,#4990,#5992,.T.);
#3840=EDGE_CURVE('',#5092,#5093,#5993,.T.);
#3841=EDGE_CURVE('',#5093,#4987,#5994,.T.);
#3842=EDGE_CURVE('',#5094,#4986,#5995,.T.);
#3843=EDGE_CURVE('',#5094,#5095,#5996,.T.);
#3844=EDGE_CURVE('',#5095,#5096,#5997,.T.);
#3845=EDGE_CURVE('',#5097,#5096,#5998,.T.);
#3846=EDGE_CURVE('',#5098,#5097,#5999,.T.);
#3847=EDGE_CURVE('',#5098,#5099,#6000,.T.);
#3848=EDGE_CURVE('',#5099,#5031,#6001,.T.);
#3849=EDGE_CURVE('',#5096,#4738,#297,.T.);
#3850=EDGE_CURVE('',#5097,#4737,#298,.T.);
#3851=EDGE_CURVE('',#4625,#5100,#299,.T.);
#3852=EDGE_CURVE('',#5101,#5100,#6002,.T.);
#3853=EDGE_CURVE('',#4626,#5101,#300,.T.);
#3854=EDGE_CURVE('',#5100,#5036,#6003,.T.);
#3855=EDGE_CURVE('',#5101,#5039,#6004,.T.);
#3856=EDGE_CURVE('',#5102,#4983,#6005,.T.);
#3857=EDGE_CURVE('',#5103,#5102,#6006,.T.);
#3858=EDGE_CURVE('',#5050,#5103,#301,.T.);
#3859=EDGE_CURVE('',#5104,#5095,#302,.T.);
#3860=EDGE_CURVE('',#5105,#5104,#6007,.T.);
#3861=EDGE_CURVE('',#4984,#5105,#6008,.T.);
#3862=EDGE_CURVE('',#5106,#5104,#6009,.T.);
#3863=EDGE_CURVE('',#5107,#5106,#6010,.T.);
#3864=EDGE_CURVE('',#5107,#5105,#6011,.T.);
#3865=EDGE_CURVE('',#5106,#5094,#303,.T.);
#3866=EDGE_CURVE('',#4985,#5107,#6012,.T.);
#3867=EDGE_CURVE('',#5051,#5108,#304,.T.);
#3868=EDGE_CURVE('',#5108,#5109,#6013,.T.);
#3869=EDGE_CURVE('',#5109,#4982,#6014,.T.);
#3870=EDGE_CURVE('',#5109,#5102,#6015,.T.);
#3871=EDGE_CURVE('',#5108,#5103,#6016,.T.);
#3872=EDGE_CURVE('',#5110,#5111,#6017,.T.);
#3873=EDGE_CURVE('',#5112,#5111,#6018,.T.);
#3874=EDGE_CURVE('',#5113,#5112,#6019,.T.);
#3875=EDGE_CURVE('',#5113,#5110,#6020,.T.);
#3876=EDGE_CURVE('',#5111,#5093,#305,.T.);
#3877=EDGE_CURVE('',#5112,#5092,#306,.T.);
#3878=EDGE_CURVE('',#4989,#5113,#6021,.T.);
#3879=EDGE_CURVE('',#4988,#5110,#6022,.T.);
#3880=EDGE_CURVE('',#5114,#4979,#6023,.T.);
#3881=EDGE_CURVE('',#5115,#4978,#6024,.T.);
#3882=EDGE_CURVE('',#5115,#5114,#6025,.T.);
#3883=EDGE_CURVE('',#5053,#5116,#307,.T.);
#3884=EDGE_CURVE('',#5116,#5115,#6026,.T.);
#3885=EDGE_CURVE('',#5117,#5114,#6027,.T.);
#3886=EDGE_CURVE('',#5052,#5117,#308,.T.);
#3887=EDGE_CURVE('',#5116,#5117,#6028,.T.);
#3888=EDGE_CURVE('',#5118,#5119,#6029,.T.);
#3889=EDGE_CURVE('',#5120,#5119,#6030,.T.);
#3890=EDGE_CURVE('',#5121,#5120,#6031,.T.);
#3891=EDGE_CURVE('',#5121,#5118,#6032,.T.);
#3892=EDGE_CURVE('',#5119,#5091,#309,.T.);
#3893=EDGE_CURVE('',#5120,#5090,#310,.T.);
#3894=EDGE_CURVE('',#4993,#5121,#6033,.T.);
#3895=EDGE_CURVE('',#4992,#5118,#6034,.T.);
#3896=EDGE_CURVE('',#5122,#4975,#6035,.T.);
#3897=EDGE_CURVE('',#5123,#4974,#6036,.T.);
#3898=EDGE_CURVE('',#5123,#5122,#6037,.T.);
#3899=EDGE_CURVE('',#5055,#5124,#311,.T.);
#3900=EDGE_CURVE('',#5124,#5123,#6038,.T.);
#3901=EDGE_CURVE('',#5125,#5122,#6039,.T.);
#3902=EDGE_CURVE('',#5054,#5125,#312,.T.);
#3903=EDGE_CURVE('',#5124,#5125,#6040,.T.);
#3904=EDGE_CURVE('',#5126,#5127,#6041,.T.);
#3905=EDGE_CURVE('',#5128,#5127,#6042,.T.);
#3906=EDGE_CURVE('',#5129,#5128,#6043,.T.);
#3907=EDGE_CURVE('',#5129,#5126,#6044,.T.);
#3908=EDGE_CURVE('',#5127,#5089,#313,.T.);
#3909=EDGE_CURVE('',#5128,#5088,#314,.T.);
#3910=EDGE_CURVE('',#4997,#5129,#6045,.T.);
#3911=EDGE_CURVE('',#4996,#5126,#6046,.T.);
#3912=EDGE_CURVE('',#5130,#4971,#6047,.T.);
#3913=EDGE_CURVE('',#5131,#4970,#6048,.T.);
#3914=EDGE_CURVE('',#5131,#5130,#6049,.T.);
#3915=EDGE_CURVE('',#5057,#5132,#315,.T.);
#3916=EDGE_CURVE('',#5132,#5131,#6050,.T.);
#3917=EDGE_CURVE('',#5133,#5130,#6051,.T.);
#3918=EDGE_CURVE('',#5056,#5133,#316,.T.);
#3919=EDGE_CURVE('',#5132,#5133,#6052,.T.);
#3920=EDGE_CURVE('',#5134,#5135,#6053,.T.);
#3921=EDGE_CURVE('',#5136,#5135,#6054,.T.);
#3922=EDGE_CURVE('',#5137,#5136,#6055,.T.);
#3923=EDGE_CURVE('',#5137,#5134,#6056,.T.);
#3924=EDGE_CURVE('',#5135,#5087,#317,.T.);
#3925=EDGE_CURVE('',#5136,#5086,#318,.T.);
#3926=EDGE_CURVE('',#5001,#5137,#6057,.T.);
#3927=EDGE_CURVE('',#5000,#5134,#6058,.T.);
#3928=EDGE_CURVE('',#5138,#4967,#6059,.T.);
#3929=EDGE_CURVE('',#5139,#4966,#6060,.T.);
#3930=EDGE_CURVE('',#5139,#5138,#6061,.T.);
#3931=EDGE_CURVE('',#5059,#5140,#319,.T.);
#3932=EDGE_CURVE('',#5140,#5139,#6062,.T.);
#3933=EDGE_CURVE('',#5141,#5138,#6063,.T.);
#3934=EDGE_CURVE('',#5058,#5141,#320,.T.);
#3935=EDGE_CURVE('',#5140,#5141,#6064,.T.);
#3936=EDGE_CURVE('',#5142,#5143,#6065,.T.);
#3937=EDGE_CURVE('',#5144,#5143,#6066,.T.);
#3938=EDGE_CURVE('',#5145,#5144,#6067,.T.);
#3939=EDGE_CURVE('',#5145,#5142,#6068,.T.);
#3940=EDGE_CURVE('',#5143,#5085,#321,.T.);
#3941=EDGE_CURVE('',#5144,#5084,#322,.T.);
#3942=EDGE_CURVE('',#5005,#5145,#6069,.T.);
#3943=EDGE_CURVE('',#5004,#5142,#6070,.T.);
#3944=EDGE_CURVE('',#5146,#4963,#6071,.T.);
#3945=EDGE_CURVE('',#5147,#4962,#6072,.T.);
#3946=EDGE_CURVE('',#5147,#5146,#6073,.T.);
#3947=EDGE_CURVE('',#5061,#5148,#323,.T.);
#3948=EDGE_CURVE('',#5148,#5147,#6074,.T.);
#3949=EDGE_CURVE('',#5149,#5146,#6075,.T.);
#3950=EDGE_CURVE('',#5060,#5149,#324,.T.);
#3951=EDGE_CURVE('',#5148,#5149,#6076,.T.);
#3952=EDGE_CURVE('',#5150,#5151,#6077,.T.);
#3953=EDGE_CURVE('',#5152,#5151,#6078,.T.);
#3954=EDGE_CURVE('',#5153,#5152,#6079,.T.);
#3955=EDGE_CURVE('',#5153,#5150,#6080,.T.);
#3956=EDGE_CURVE('',#5151,#5083,#325,.T.);
#3957=EDGE_CURVE('',#5152,#5082,#326,.T.);
#3958=EDGE_CURVE('',#5009,#5153,#6081,.T.);
#3959=EDGE_CURVE('',#5008,#5150,#6082,.T.);
#3960=EDGE_CURVE('',#5154,#4959,#6083,.T.);
#3961=EDGE_CURVE('',#5155,#4958,#6084,.T.);
#3962=EDGE_CURVE('',#5155,#5154,#6085,.T.);
#3963=EDGE_CURVE('',#5063,#5156,#327,.T.);
#3964=EDGE_CURVE('',#5156,#5155,#6086,.T.);
#3965=EDGE_CURVE('',#5157,#5154,#6087,.T.);
#3966=EDGE_CURVE('',#5062,#5157,#328,.T.);
#3967=EDGE_CURVE('',#5156,#5157,#6088,.T.);
#3968=EDGE_CURVE('',#5158,#5159,#6089,.T.);
#3969=EDGE_CURVE('',#5160,#5159,#6090,.T.);
#3970=EDGE_CURVE('',#5161,#5160,#6091,.T.);
#3971=EDGE_CURVE('',#5161,#5158,#6092,.T.);
#3972=EDGE_CURVE('',#5159,#5081,#329,.T.);
#3973=EDGE_CURVE('',#5160,#5080,#330,.T.);
#3974=EDGE_CURVE('',#5013,#5161,#6093,.T.);
#3975=EDGE_CURVE('',#5012,#5158,#6094,.T.);
#3976=EDGE_CURVE('',#5162,#4955,#6095,.T.);
#3977=EDGE_CURVE('',#5163,#4954,#6096,.T.);
#3978=EDGE_CURVE('',#5163,#5162,#6097,.T.);
#3979=EDGE_CURVE('',#5065,#5164,#331,.T.);
#3980=EDGE_CURVE('',#5164,#5163,#6098,.T.);
#3981=EDGE_CURVE('',#5165,#5162,#6099,.T.);
#3982=EDGE_CURVE('',#5064,#5165,#332,.T.);
#3983=EDGE_CURVE('',#5164,#5165,#6100,.T.);
#3984=EDGE_CURVE('',#5166,#5167,#6101,.T.);
#3985=EDGE_CURVE('',#5168,#5167,#6102,.T.);
#3986=EDGE_CURVE('',#5169,#5168,#6103,.T.);
#3987=EDGE_CURVE('',#5169,#5166,#6104,.T.);
#3988=EDGE_CURVE('',#5167,#5079,#333,.T.);
#3989=EDGE_CURVE('',#5168,#5078,#334,.T.);
#3990=EDGE_CURVE('',#5017,#5169,#6105,.T.);
#3991=EDGE_CURVE('',#5016,#5166,#6106,.T.);
#3992=EDGE_CURVE('',#5170,#4951,#6107,.T.);
#3993=EDGE_CURVE('',#5171,#4950,#6108,.T.);
#3994=EDGE_CURVE('',#5171,#5170,#6109,.T.);
#3995=EDGE_CURVE('',#5067,#5172,#335,.T.);
#3996=EDGE_CURVE('',#5172,#5171,#6110,.T.);
#3997=EDGE_CURVE('',#5173,#5170,#6111,.T.);
#3998=EDGE_CURVE('',#5066,#5173,#336,.T.);
#3999=EDGE_CURVE('',#5172,#5173,#6112,.T.);
#4000=EDGE_CURVE('',#5174,#5175,#6113,.T.);
#4001=EDGE_CURVE('',#5176,#5175,#6114,.T.);
#4002=EDGE_CURVE('',#5177,#5176,#6115,.T.);
#4003=EDGE_CURVE('',#5177,#5174,#6116,.T.);
#4004=EDGE_CURVE('',#5175,#5077,#337,.T.);
#4005=EDGE_CURVE('',#5176,#5076,#338,.T.);
#4006=EDGE_CURVE('',#5021,#5177,#6117,.T.);
#4007=EDGE_CURVE('',#5020,#5174,#6118,.T.);
#4008=EDGE_CURVE('',#5178,#4947,#6119,.T.);
#4009=EDGE_CURVE('',#5179,#4946,#6120,.T.);
#4010=EDGE_CURVE('',#5179,#5178,#6121,.T.);
#4011=EDGE_CURVE('',#5069,#5180,#339,.T.);
#4012=EDGE_CURVE('',#5180,#5179,#6122,.T.);
#4013=EDGE_CURVE('',#5181,#5178,#6123,.T.);
#4014=EDGE_CURVE('',#5068,#5181,#340,.T.);
#4015=EDGE_CURVE('',#5180,#5181,#6124,.T.);
#4016=EDGE_CURVE('',#5182,#5183,#6125,.T.);
#4017=EDGE_CURVE('',#5184,#5183,#6126,.T.);
#4018=EDGE_CURVE('',#5185,#5184,#6127,.T.);
#4019=EDGE_CURVE('',#5185,#5182,#6128,.T.);
#4020=EDGE_CURVE('',#5183,#5075,#341,.T.);
#4021=EDGE_CURVE('',#5184,#5074,#342,.T.);
#4022=EDGE_CURVE('',#5025,#5185,#6129,.T.);
#4023=EDGE_CURVE('',#5024,#5182,#6130,.T.);
#4024=EDGE_CURVE('',#5186,#4943,#6131,.T.);
#4025=EDGE_CURVE('',#5187,#4942,#6132,.T.);
#4026=EDGE_CURVE('',#5187,#5186,#6133,.T.);
#4027=EDGE_CURVE('',#5071,#5188,#343,.T.);
#4028=EDGE_CURVE('',#5188,#5187,#6134,.T.);
#4029=EDGE_CURVE('',#5189,#5186,#6135,.T.);
#4030=EDGE_CURVE('',#5070,#5189,#344,.T.);
#4031=EDGE_CURVE('',#5188,#5189,#6136,.T.);
#4032=EDGE_CURVE('',#5190,#5191,#6137,.T.);
#4033=EDGE_CURVE('',#5192,#5191,#6138,.T.);
#4034=EDGE_CURVE('',#5193,#5192,#6139,.T.);
#4035=EDGE_CURVE('',#5193,#5190,#6140,.T.);
#4036=EDGE_CURVE('',#5191,#5073,#345,.T.);
#4037=EDGE_CURVE('',#5192,#5072,#346,.T.);
#4038=EDGE_CURVE('',#5029,#5193,#6141,.T.);
#4039=EDGE_CURVE('',#5028,#5190,#6142,.T.);
#4040=EDGE_CURVE('',#5194,#4939,#6143,.T.);
#4041=EDGE_CURVE('',#5195,#4938,#6144,.T.);
#4042=EDGE_CURVE('',#5195,#5194,#6145,.T.);
#4043=EDGE_CURVE('',#5047,#5196,#347,.T.);
#4044=EDGE_CURVE('',#5196,#5195,#6146,.T.);
#4045=EDGE_CURVE('',#5197,#5194,#6147,.T.);
#4046=EDGE_CURVE('',#5046,#5197,#348,.T.);
#4047=EDGE_CURVE('',#5196,#5197,#6148,.T.);
#4048=EDGE_CURVE('',#5198,#5035,#6149,.T.);
#4049=EDGE_CURVE('',#5199,#5198,#6150,.T.);
#4050=EDGE_CURVE('',#5048,#5199,#349,.T.);
#4051=EDGE_CURVE('',#5032,#5200,#6151,.T.);
#4052=EDGE_CURVE('',#5201,#5099,#350,.T.);
#4053=EDGE_CURVE('',#5200,#5201,#6152,.T.);
#4054=EDGE_CURVE('',#5202,#5199,#6153,.T.);
#4055=EDGE_CURVE('',#5049,#5202,#351,.T.);
#4056=EDGE_CURVE('',#5203,#5198,#6154,.T.);
#4057=EDGE_CURVE('',#5202,#5203,#6155,.T.);
#4058=EDGE_CURVE('',#5203,#5034,#6156,.T.);
#4059=EDGE_CURVE('',#5204,#5200,#6157,.T.);
#4060=EDGE_CURVE('',#5033,#5204,#6158,.T.);
#4061=EDGE_CURVE('',#5205,#5201,#6159,.T.);
#4062=EDGE_CURVE('',#5204,#5205,#6160,.T.);
#4063=EDGE_CURVE('',#5205,#5098,#352,.T.);
#4064=EDGE_CURVE('',#4880,#4877,#6161,.T.);
#4065=EDGE_CURVE('',#4883,#4876,#6162,.T.);
#4066=EDGE_CURVE('',#4868,#4745,#6163,.T.);
#4067=EDGE_CURVE('',#4871,#4744,#6164,.T.);
#4068=EDGE_CURVE('',#4860,#4749,#6165,.T.);
#4069=EDGE_CURVE('',#4863,#4748,#6166,.T.);
#4070=EDGE_CURVE('',#4852,#4753,#6167,.T.);
#4071=EDGE_CURVE('',#4855,#4752,#6168,.T.);
#4072=EDGE_CURVE('',#4844,#4757,#6169,.T.);
#4073=EDGE_CURVE('',#4847,#4756,#6170,.T.);
#4074=EDGE_CURVE('',#4836,#4761,#6171,.T.);
#4075=EDGE_CURVE('',#4839,#4760,#6172,.T.);
#4076=EDGE_CURVE('',#4828,#4765,#6173,.T.);
#4077=EDGE_CURVE('',#4831,#4764,#6174,.T.);
#4078=EDGE_CURVE('',#4820,#4769,#6175,.T.);
#4079=EDGE_CURVE('',#4823,#4768,#6176,.T.);
#4080=EDGE_CURVE('',#4812,#4773,#6177,.T.);
#4081=EDGE_CURVE('',#4815,#4772,#6178,.T.);
#4082=EDGE_CURVE('',#4804,#4777,#6179,.T.);
#4083=EDGE_CURVE('',#4807,#4776,#6180,.T.);
#4084=EDGE_CURVE('',#4796,#4781,#6181,.T.);
#4085=EDGE_CURVE('',#4799,#4780,#6182,.T.);
#4086=EDGE_CURVE('',#4788,#4785,#6183,.T.);
#4087=EDGE_CURVE('',#4791,#4784,#6184,.T.);
#4088=EDGE_CURVE('',#4932,#5206,#6185,.T.);
#4089=EDGE_CURVE('',#4933,#5207,#6186,.T.);
#4090=EDGE_CURVE('',#5206,#5207,#6187,.T.);
#4091=EDGE_CURVE('',#5208,#4935,#6188,.T.);
#4092=EDGE_CURVE('',#5209,#4934,#6189,.T.);
#4093=EDGE_CURVE('',#5209,#5208,#6190,.T.);
#4094=EDGE_CURVE('',#5206,#5209,#6191,.T.);
#4095=EDGE_CURVE('',#5207,#5208,#6192,.T.);
#4096=EDGE_CURVE('',#4928,#5210,#6193,.T.);
#4097=EDGE_CURVE('',#4929,#5211,#6194,.T.);
#4098=EDGE_CURVE('',#5210,#5211,#6195,.T.);
#4099=EDGE_CURVE('',#5212,#4931,#6196,.T.);
#4100=EDGE_CURVE('',#5213,#4930,#6197,.T.);
#4101=EDGE_CURVE('',#5213,#5212,#6198,.T.);
#4102=EDGE_CURVE('',#5210,#5213,#6199,.T.);
#4103=EDGE_CURVE('',#5211,#5212,#6200,.T.);
#4104=EDGE_CURVE('',#4924,#5214,#6201,.T.);
#4105=EDGE_CURVE('',#4925,#5215,#6202,.T.);
#4106=EDGE_CURVE('',#5214,#5215,#6203,.T.);
#4107=EDGE_CURVE('',#5216,#4927,#6204,.T.);
#4108=EDGE_CURVE('',#5217,#4926,#6205,.T.);
#4109=EDGE_CURVE('',#5217,#5216,#6206,.T.);
#4110=EDGE_CURVE('',#5214,#5217,#6207,.T.);
#4111=EDGE_CURVE('',#5215,#5216,#6208,.T.);
#4112=EDGE_CURVE('',#4920,#5218,#6209,.T.);
#4113=EDGE_CURVE('',#4921,#5219,#6210,.T.);
#4114=EDGE_CURVE('',#5218,#5219,#6211,.T.);
#4115=EDGE_CURVE('',#5220,#4923,#6212,.T.);
#4116=EDGE_CURVE('',#5221,#4922,#6213,.T.);
#4117=EDGE_CURVE('',#5221,#5220,#6214,.T.);
#4118=EDGE_CURVE('',#5218,#5221,#6215,.T.);
#4119=EDGE_CURVE('',#5219,#5220,#6216,.T.);
#4120=EDGE_CURVE('',#4916,#5222,#6217,.T.);
#4121=EDGE_CURVE('',#4917,#5223,#6218,.T.);
#4122=EDGE_CURVE('',#5222,#5223,#6219,.T.);
#4123=EDGE_CURVE('',#5224,#4919,#6220,.T.);
#4124=EDGE_CURVE('',#5225,#4918,#6221,.T.);
#4125=EDGE_CURVE('',#5225,#5224,#6222,.T.);
#4126=EDGE_CURVE('',#5222,#5225,#6223,.T.);
#4127=EDGE_CURVE('',#5223,#5224,#6224,.T.);
#4128=EDGE_CURVE('',#4912,#5226,#6225,.T.);
#4129=EDGE_CURVE('',#4913,#5227,#6226,.T.);
#4130=EDGE_CURVE('',#5226,#5227,#6227,.T.);
#4131=EDGE_CURVE('',#5228,#4915,#6228,.T.);
#4132=EDGE_CURVE('',#5229,#4914,#6229,.T.);
#4133=EDGE_CURVE('',#5229,#5228,#6230,.T.);
#4134=EDGE_CURVE('',#5226,#5229,#6231,.T.);
#4135=EDGE_CURVE('',#5227,#5228,#6232,.T.);
#4136=EDGE_CURVE('',#4908,#5230,#6233,.T.);
#4137=EDGE_CURVE('',#4909,#5231,#6234,.T.);
#4138=EDGE_CURVE('',#5230,#5231,#6235,.T.);
#4139=EDGE_CURVE('',#5232,#4911,#6236,.T.);
#4140=EDGE_CURVE('',#5233,#4910,#6237,.T.);
#4141=EDGE_CURVE('',#5233,#5232,#6238,.T.);
#4142=EDGE_CURVE('',#5230,#5233,#6239,.T.);
#4143=EDGE_CURVE('',#5231,#5232,#6240,.T.);
#4144=EDGE_CURVE('',#4904,#5234,#6241,.T.);
#4145=EDGE_CURVE('',#4905,#5235,#6242,.T.);
#4146=EDGE_CURVE('',#5234,#5235,#6243,.T.);
#4147=EDGE_CURVE('',#5236,#4907,#6244,.T.);
#4148=EDGE_CURVE('',#5237,#4906,#6245,.T.);
#4149=EDGE_CURVE('',#5237,#5236,#6246,.T.);
#4150=EDGE_CURVE('',#5234,#5237,#6247,.T.);
#4151=EDGE_CURVE('',#5235,#5236,#6248,.T.);
#4152=EDGE_CURVE('',#4900,#5238,#6249,.T.);
#4153=EDGE_CURVE('',#4901,#5239,#6250,.T.);
#4154=EDGE_CURVE('',#5238,#5239,#6251,.T.);
#4155=EDGE_CURVE('',#5240,#4903,#6252,.T.);
#4156=EDGE_CURVE('',#5241,#4902,#6253,.T.);
#4157=EDGE_CURVE('',#5241,#5240,#6254,.T.);
#4158=EDGE_CURVE('',#5238,#5241,#6255,.T.);
#4159=EDGE_CURVE('',#5239,#5240,#6256,.T.);
#4160=EDGE_CURVE('',#4896,#5242,#6257,.T.);
#4161=EDGE_CURVE('',#4897,#5243,#6258,.T.);
#4162=EDGE_CURVE('',#5242,#5243,#6259,.T.);
#4163=EDGE_CURVE('',#5244,#4899,#6260,.T.);
#4164=EDGE_CURVE('',#5245,#4898,#6261,.T.);
#4165=EDGE_CURVE('',#5245,#5244,#6262,.T.);
#4166=EDGE_CURVE('',#5242,#5245,#6263,.T.);
#4167=EDGE_CURVE('',#5243,#5244,#6264,.T.);
#4168=EDGE_CURVE('',#4892,#5246,#6265,.T.);
#4169=EDGE_CURVE('',#4893,#5247,#6266,.T.);
#4170=EDGE_CURVE('',#5246,#5247,#6267,.T.);
#4171=EDGE_CURVE('',#5248,#4895,#6268,.T.);
#4172=EDGE_CURVE('',#5249,#4894,#6269,.T.);
#4173=EDGE_CURVE('',#5249,#5248,#6270,.T.);
#4174=EDGE_CURVE('',#5246,#5249,#6271,.T.);
#4175=EDGE_CURVE('',#5247,#5248,#6272,.T.);
#4176=EDGE_CURVE('',#4888,#5250,#6273,.T.);
#4177=EDGE_CURVE('',#4889,#5251,#6274,.T.);
#4178=EDGE_CURVE('',#5250,#5251,#6275,.T.);
#4179=EDGE_CURVE('',#5252,#4891,#6276,.T.);
#4180=EDGE_CURVE('',#5253,#4890,#6277,.T.);
#4181=EDGE_CURVE('',#5253,#5252,#6278,.T.);
#4182=EDGE_CURVE('',#5250,#5253,#6279,.T.);
#4183=EDGE_CURVE('',#5251,#5252,#6280,.T.);
#4184=EDGE_CURVE('',#5254,#4615,#6281,.T.);
#4185=EDGE_CURVE('',#5255,#5254,#6282,.T.);
#4186=EDGE_CURVE('',#5255,#4613,#6283,.T.);
#4187=EDGE_CURVE('',#5256,#5257,#6284,.T.);
#4188=EDGE_CURVE('',#5258,#5256,#6285,.T.);
#4189=EDGE_CURVE('',#4614,#5258,#6286,.T.);
#4190=EDGE_CURVE('',#4612,#5259,#6287,.T.);
#4191=EDGE_CURVE('',#5259,#5257,#6288,.T.);
#4192=EDGE_CURVE('',#5260,#5261,#6289,.T.);
#4193=EDGE_CURVE('',#5261,#4590,#6290,.T.);
#4194=EDGE_CURVE('',#5259,#4591,#353,.T.);
#4195=EDGE_CURVE('',#5262,#5255,#6291,.T.);
#4196=EDGE_CURVE('',#5263,#5262,#354,.T.);
#4197=EDGE_CURVE('',#5260,#5263,#6292,.T.);
#4198=EDGE_CURVE('',#5264,#5258,#6293,.T.);
#4199=EDGE_CURVE('',#5265,#5264,#6294,.T.);
#4200=EDGE_CURVE('',#5265,#5266,#6295,.T.);
#4201=EDGE_CURVE('',#5266,#5267,#6296,.T.);
#4202=EDGE_CURVE('',#5267,#5268,#6297,.T.);
#4203=EDGE_CURVE('',#5268,#5269,#355,.T.);
#4204=EDGE_CURVE('',#5269,#5254,#6298,.T.);
#4205=EDGE_CURVE('',#5270,#5271,#6299,.T.);
#4206=EDGE_CURVE('',#5270,#5267,#6300,.T.);
#4207=EDGE_CURVE('',#5271,#5266,#6301,.T.);
#4208=EDGE_CURVE('',#5260,#5270,#6302,.T.);
#4209=EDGE_CURVE('',#5263,#5268,#6303,.T.);
#4210=EDGE_CURVE('',#5262,#5269,#6304,.T.);
#4211=EDGE_CURVE('',#5257,#4589,#116,.F.);
#4212=EDGE_CURVE('',#5271,#5265,#6305,.T.);
#4213=EDGE_CURVE('',#5272,#4671,#6306,.T.);
#4214=EDGE_CURVE('',#5273,#5272,#6307,.T.);
#4215=EDGE_CURVE('',#5273,#4669,#6308,.T.);
#4216=EDGE_CURVE('',#5274,#5275,#6309,.T.);
#4217=EDGE_CURVE('',#5276,#5274,#6310,.T.);
#4218=EDGE_CURVE('',#4670,#5276,#6311,.T.);
#4219=EDGE_CURVE('',#4668,#5277,#6312,.T.);
#4220=EDGE_CURVE('',#5277,#5275,#6313,.T.);
#4221=EDGE_CURVE('',#5278,#5279,#6314,.T.);
#4222=EDGE_CURVE('',#5279,#4557,#6315,.T.);
#4223=EDGE_CURVE('',#5277,#4558,#356,.T.);
#4224=EDGE_CURVE('',#5280,#5273,#6316,.T.);
#4225=EDGE_CURVE('',#5281,#5280,#357,.T.);
#4226=EDGE_CURVE('',#5278,#5281,#6317,.T.);
#4227=EDGE_CURVE('',#5282,#5276,#6318,.T.);
#4228=EDGE_CURVE('',#5283,#5282,#6319,.T.);
#4229=EDGE_CURVE('',#5283,#5284,#6320,.T.);
#4230=EDGE_CURVE('',#5284,#5285,#6321,.T.);
#4231=EDGE_CURVE('',#5285,#5286,#6322,.T.);
#4232=EDGE_CURVE('',#5286,#5287,#358,.T.);
#4233=EDGE_CURVE('',#5287,#5272,#6323,.T.);
#4234=EDGE_CURVE('',#5288,#5289,#6324,.T.);
#4235=EDGE_CURVE('',#5288,#5285,#6325,.T.);
#4236=EDGE_CURVE('',#5289,#5284,#6326,.T.);
#4237=EDGE_CURVE('',#5278,#5288,#6327,.T.);
#4238=EDGE_CURVE('',#5281,#5286,#6328,.T.);
#4239=EDGE_CURVE('',#5280,#5287,#6329,.T.);
#4240=EDGE_CURVE('',#5275,#4556,#117,.F.);
#4241=EDGE_CURVE('',#5289,#5283,#6330,.T.);
#4242=EDGE_CURVE('',#5290,#4611,#6331,.T.);
#4243=EDGE_CURVE('',#5291,#5290,#6332,.T.);
#4244=EDGE_CURVE('',#5291,#4609,#6333,.T.);
#4245=EDGE_CURVE('',#5292,#5293,#6334,.T.);
#4246=EDGE_CURVE('',#5294,#5292,#6335,.T.);
#4247=EDGE_CURVE('',#4610,#5294,#6336,.T.);
#4248=EDGE_CURVE('',#4608,#5295,#6337,.T.);
#4249=EDGE_CURVE('',#5295,#5293,#6338,.T.);
#4250=EDGE_CURVE('',#5296,#5297,#6339,.T.);
#4251=EDGE_CURVE('',#5297,#4560,#6340,.T.);
#4252=EDGE_CURVE('',#5295,#4561,#359,.T.);
#4253=EDGE_CURVE('',#5298,#5291,#6341,.T.);
#4254=EDGE_CURVE('',#5299,#5298,#360,.T.);
#4255=EDGE_CURVE('',#5296,#5299,#6342,.T.);
#4256=EDGE_CURVE('',#5300,#5294,#6343,.T.);
#4257=EDGE_CURVE('',#5301,#5300,#6344,.T.);
#4258=EDGE_CURVE('',#5301,#5302,#6345,.T.);
#4259=EDGE_CURVE('',#5302,#5303,#6346,.T.);
#4260=EDGE_CURVE('',#5303,#5304,#6347,.T.);
#4261=EDGE_CURVE('',#5304,#5305,#361,.T.);
#4262=EDGE_CURVE('',#5305,#5290,#6348,.T.);
#4263=EDGE_CURVE('',#5306,#5307,#6349,.T.);
#4264=EDGE_CURVE('',#5306,#5303,#6350,.T.);
#4265=EDGE_CURVE('',#5307,#5302,#6351,.T.);
#4266=EDGE_CURVE('',#5296,#5306,#6352,.T.);
#4267=EDGE_CURVE('',#5299,#5304,#6353,.T.);
#4268=EDGE_CURVE('',#5298,#5305,#6354,.T.);
#4269=EDGE_CURVE('',#5293,#4559,#118,.F.);
#4270=EDGE_CURVE('',#5307,#5301,#6355,.T.);
#4271=EDGE_CURVE('',#5308,#4675,#6356,.T.);
#4272=EDGE_CURVE('',#5309,#5308,#6357,.T.);
#4273=EDGE_CURVE('',#5309,#4673,#6358,.T.);
#4274=EDGE_CURVE('',#5310,#5311,#6359,.T.);
#4275=EDGE_CURVE('',#5312,#5310,#6360,.T.);
#4276=EDGE_CURVE('',#4674,#5312,#6361,.T.);
#4277=EDGE_CURVE('',#4672,#5313,#6362,.T.);
#4278=EDGE_CURVE('',#5313,#5311,#6363,.T.);
#4279=EDGE_CURVE('',#5314,#5315,#6364,.T.);
#4280=EDGE_CURVE('',#5315,#4563,#6365,.T.);
#4281=EDGE_CURVE('',#5313,#4564,#362,.T.);
#4282=EDGE_CURVE('',#5316,#5309,#6366,.T.);
#4283=EDGE_CURVE('',#5317,#5316,#363,.T.);
#4284=EDGE_CURVE('',#5314,#5317,#6367,.T.);
#4285=EDGE_CURVE('',#5318,#5312,#6368,.T.);
#4286=EDGE_CURVE('',#5319,#5318,#6369,.T.);
#4287=EDGE_CURVE('',#5319,#5320,#6370,.T.);
#4288=EDGE_CURVE('',#5320,#5321,#6371,.T.);
#4289=EDGE_CURVE('',#5321,#5322,#6372,.T.);
#4290=EDGE_CURVE('',#5322,#5323,#364,.T.);
#4291=EDGE_CURVE('',#5323,#5308,#6373,.T.);
#4292=EDGE_CURVE('',#5324,#5325,#6374,.T.);
#4293=EDGE_CURVE('',#5324,#5321,#6375,.T.);
#4294=EDGE_CURVE('',#5325,#5320,#6376,.T.);
#4295=EDGE_CURVE('',#5314,#5324,#6377,.T.);
#4296=EDGE_CURVE('',#5317,#5322,#6378,.T.);
#4297=EDGE_CURVE('',#5316,#5323,#6379,.T.);
#4298=EDGE_CURVE('',#5311,#4562,#119,.F.);
#4299=EDGE_CURVE('',#5325,#5319,#6380,.T.);
#4300=EDGE_CURVE('',#5326,#4607,#6381,.T.);
#4301=EDGE_CURVE('',#5327,#5326,#6382,.T.);
#4302=EDGE_CURVE('',#5327,#4605,#6383,.T.);
#4303=EDGE_CURVE('',#5328,#5329,#6384,.T.);
#4304=EDGE_CURVE('',#5330,#5328,#6385,.T.);
#4305=EDGE_CURVE('',#4606,#5330,#6386,.T.);
#4306=EDGE_CURVE('',#4604,#5331,#6387,.T.);
#4307=EDGE_CURVE('',#5331,#5329,#6388,.T.);
#4308=EDGE_CURVE('',#5332,#5333,#6389,.T.);
#4309=EDGE_CURVE('',#5333,#4566,#6390,.T.);
#4310=EDGE_CURVE('',#5331,#4567,#365,.T.);
#4311=EDGE_CURVE('',#5334,#5327,#6391,.T.);
#4312=EDGE_CURVE('',#5335,#5334,#366,.T.);
#4313=EDGE_CURVE('',#5332,#5335,#6392,.T.);
#4314=EDGE_CURVE('',#5336,#5330,#6393,.T.);
#4315=EDGE_CURVE('',#5337,#5336,#6394,.T.);
#4316=EDGE_CURVE('',#5337,#5338,#6395,.T.);
#4317=EDGE_CURVE('',#5338,#5339,#6396,.T.);
#4318=EDGE_CURVE('',#5339,#5340,#6397,.T.);
#4319=EDGE_CURVE('',#5340,#5341,#367,.T.);
#4320=EDGE_CURVE('',#5341,#5326,#6398,.T.);
#4321=EDGE_CURVE('',#5342,#5343,#6399,.T.);
#4322=EDGE_CURVE('',#5342,#5339,#6400,.T.);
#4323=EDGE_CURVE('',#5343,#5338,#6401,.T.);
#4324=EDGE_CURVE('',#5332,#5342,#6402,.T.);
#4325=EDGE_CURVE('',#5335,#5340,#6403,.T.);
#4326=EDGE_CURVE('',#5334,#5341,#6404,.T.);
#4327=EDGE_CURVE('',#5329,#4565,#120,.F.);
#4328=EDGE_CURVE('',#5343,#5337,#6405,.T.);
#4329=EDGE_CURVE('',#5344,#4679,#6406,.T.);
#4330=EDGE_CURVE('',#5345,#5344,#6407,.T.);
#4331=EDGE_CURVE('',#5345,#4677,#6408,.T.);
#4332=EDGE_CURVE('',#5346,#5347,#6409,.T.);
#4333=EDGE_CURVE('',#5348,#5346,#6410,.T.);
#4334=EDGE_CURVE('',#4678,#5348,#6411,.T.);
#4335=EDGE_CURVE('',#4676,#5349,#6412,.T.);
#4336=EDGE_CURVE('',#5349,#5347,#6413,.T.);
#4337=EDGE_CURVE('',#5350,#5351,#6414,.T.);
#4338=EDGE_CURVE('',#5351,#4569,#6415,.T.);
#4339=EDGE_CURVE('',#5349,#4570,#368,.T.);
#4340=EDGE_CURVE('',#5352,#5345,#6416,.T.);
#4341=EDGE_CURVE('',#5353,#5352,#369,.T.);
#4342=EDGE_CURVE('',#5350,#5353,#6417,.T.);
#4343=EDGE_CURVE('',#5354,#5348,#6418,.T.);
#4344=EDGE_CURVE('',#5355,#5354,#6419,.T.);
#4345=EDGE_CURVE('',#5355,#5356,#6420,.T.);
#4346=EDGE_CURVE('',#5356,#5357,#6421,.T.);
#4347=EDGE_CURVE('',#5357,#5358,#6422,.T.);
#4348=EDGE_CURVE('',#5358,#5359,#370,.T.);
#4349=EDGE_CURVE('',#5359,#5344,#6423,.T.);
#4350=EDGE_CURVE('',#5360,#5361,#6424,.T.);
#4351=EDGE_CURVE('',#5360,#5357,#6425,.T.);
#4352=EDGE_CURVE('',#5361,#5356,#6426,.T.);
#4353=EDGE_CURVE('',#5350,#5360,#6427,.T.);
#4354=EDGE_CURVE('',#5353,#5358,#6428,.T.);
#4355=EDGE_CURVE('',#5352,#5359,#6429,.T.);
#4356=EDGE_CURVE('',#5347,#4568,#121,.F.);
#4357=EDGE_CURVE('',#5361,#5355,#6430,.T.);
#4358=EDGE_CURVE('',#5362,#4603,#6431,.T.);
#4359=EDGE_CURVE('',#5363,#5362,#6432,.T.);
#4360=EDGE_CURVE('',#5363,#4601,#6433,.T.);
#4361=EDGE_CURVE('',#5364,#5365,#6434,.T.);
#4362=EDGE_CURVE('',#5366,#5364,#6435,.T.);
#4363=EDGE_CURVE('',#4602,#5366,#6436,.T.);
#4364=EDGE_CURVE('',#4600,#5367,#6437,.T.);
#4365=EDGE_CURVE('',#5367,#5365,#6438,.T.);
#4366=EDGE_CURVE('',#5368,#5369,#6439,.T.);
#4367=EDGE_CURVE('',#5369,#4572,#6440,.T.);
#4368=EDGE_CURVE('',#5367,#4573,#371,.T.);
#4369=EDGE_CURVE('',#5370,#5363,#6441,.T.);
#4370=EDGE_CURVE('',#5371,#5370,#372,.T.);
#4371=EDGE_CURVE('',#5368,#5371,#6442,.T.);
#4372=EDGE_CURVE('',#5372,#5366,#6443,.T.);
#4373=EDGE_CURVE('',#5373,#5372,#6444,.T.);
#4374=EDGE_CURVE('',#5373,#5374,#6445,.T.);
#4375=EDGE_CURVE('',#5374,#5375,#6446,.T.);
#4376=EDGE_CURVE('',#5375,#5376,#6447,.T.);
#4377=EDGE_CURVE('',#5376,#5377,#373,.T.);
#4378=EDGE_CURVE('',#5377,#5362,#6448,.T.);
#4379=EDGE_CURVE('',#5378,#5379,#6449,.T.);
#4380=EDGE_CURVE('',#5378,#5375,#6450,.T.);
#4381=EDGE_CURVE('',#5379,#5374,#6451,.T.);
#4382=EDGE_CURVE('',#5368,#5378,#6452,.T.);
#4383=EDGE_CURVE('',#5371,#5376,#6453,.T.);
#4384=EDGE_CURVE('',#5370,#5377,#6454,.T.);
#4385=EDGE_CURVE('',#5365,#4571,#122,.F.);
#4386=EDGE_CURVE('',#5379,#5373,#6455,.T.);
#4387=EDGE_CURVE('',#5380,#4683,#6456,.T.);
#4388=EDGE_CURVE('',#5381,#5380,#6457,.T.);
#4389=EDGE_CURVE('',#5381,#4681,#6458,.T.);
#4390=EDGE_CURVE('',#5382,#5383,#6459,.T.);
#4391=EDGE_CURVE('',#5384,#5382,#6460,.T.);
#4392=EDGE_CURVE('',#4682,#5384,#6461,.T.);
#4393=EDGE_CURVE('',#4680,#5385,#6462,.T.);
#4394=EDGE_CURVE('',#5385,#5383,#6463,.T.);
#4395=EDGE_CURVE('',#5386,#5387,#6464,.T.);
#4396=EDGE_CURVE('',#5387,#4575,#6465,.T.);
#4397=EDGE_CURVE('',#5385,#4576,#374,.T.);
#4398=EDGE_CURVE('',#5388,#5381,#6466,.T.);
#4399=EDGE_CURVE('',#5389,#5388,#375,.T.);
#4400=EDGE_CURVE('',#5386,#5389,#6467,.T.);
#4401=EDGE_CURVE('',#5390,#5384,#6468,.T.);
#4402=EDGE_CURVE('',#5391,#5390,#6469,.T.);
#4403=EDGE_CURVE('',#5391,#5392,#6470,.T.);
#4404=EDGE_CURVE('',#5392,#5393,#6471,.T.);
#4405=EDGE_CURVE('',#5393,#5394,#6472,.T.);
#4406=EDGE_CURVE('',#5394,#5395,#376,.T.);
#4407=EDGE_CURVE('',#5395,#5380,#6473,.T.);
#4408=EDGE_CURVE('',#5396,#5397,#6474,.T.);
#4409=EDGE_CURVE('',#5396,#5393,#6475,.T.);
#4410=EDGE_CURVE('',#5397,#5392,#6476,.T.);
#4411=EDGE_CURVE('',#5386,#5396,#6477,.T.);
#4412=EDGE_CURVE('',#5389,#5394,#6478,.T.);
#4413=EDGE_CURVE('',#5388,#5395,#6479,.T.);
#4414=EDGE_CURVE('',#5383,#4574,#123,.F.);
#4415=EDGE_CURVE('',#5397,#5391,#6480,.T.);
#4416=EDGE_CURVE('',#5398,#4599,#6481,.T.);
#4417=EDGE_CURVE('',#5399,#5398,#6482,.T.);
#4418=EDGE_CURVE('',#5399,#4597,#6483,.T.);
#4419=EDGE_CURVE('',#5400,#5401,#6484,.T.);
#4420=EDGE_CURVE('',#5402,#5400,#6485,.T.);
#4421=EDGE_CURVE('',#4598,#5402,#6486,.T.);
#4422=EDGE_CURVE('',#4596,#5403,#6487,.T.);
#4423=EDGE_CURVE('',#5403,#5401,#6488,.T.);
#4424=EDGE_CURVE('',#5404,#5405,#6489,.T.);
#4425=EDGE_CURVE('',#5405,#4578,#6490,.T.);
#4426=EDGE_CURVE('',#5403,#4579,#377,.T.);
#4427=EDGE_CURVE('',#5406,#5399,#6491,.T.);
#4428=EDGE_CURVE('',#5407,#5406,#378,.T.);
#4429=EDGE_CURVE('',#5404,#5407,#6492,.T.);
#4430=EDGE_CURVE('',#5408,#5402,#6493,.T.);
#4431=EDGE_CURVE('',#5409,#5408,#6494,.T.);
#4432=EDGE_CURVE('',#5409,#5410,#6495,.T.);
#4433=EDGE_CURVE('',#5410,#5411,#6496,.T.);
#4434=EDGE_CURVE('',#5411,#5412,#6497,.T.);
#4435=EDGE_CURVE('',#5412,#5413,#379,.T.);
#4436=EDGE_CURVE('',#5413,#5398,#6498,.T.);
#4437=EDGE_CURVE('',#5414,#5415,#6499,.T.);
#4438=EDGE_CURVE('',#5414,#5411,#6500,.T.);
#4439=EDGE_CURVE('',#5415,#5410,#6501,.T.);
#4440=EDGE_CURVE('',#5404,#5414,#6502,.T.);
#4441=EDGE_CURVE('',#5407,#5412,#6503,.T.);
#4442=EDGE_CURVE('',#5406,#5413,#6504,.T.);
#4443=EDGE_CURVE('',#5401,#4577,#124,.F.);
#4444=EDGE_CURVE('',#5415,#5409,#6505,.T.);
#4445=EDGE_CURVE('',#5416,#4687,#6506,.T.);
#4446=EDGE_CURVE('',#5417,#5416,#6507,.T.);
#4447=EDGE_CURVE('',#5417,#4685,#6508,.T.);
#4448=EDGE_CURVE('',#5418,#5419,#6509,.T.);
#4449=EDGE_CURVE('',#5420,#5418,#6510,.T.);
#4450=EDGE_CURVE('',#4686,#5420,#6511,.T.);
#4451=EDGE_CURVE('',#4684,#5421,#6512,.T.);
#4452=EDGE_CURVE('',#5421,#5419,#6513,.T.);
#4453=EDGE_CURVE('',#5422,#5423,#6514,.T.);
#4454=EDGE_CURVE('',#5423,#4581,#6515,.T.);
#4455=EDGE_CURVE('',#5421,#4582,#380,.T.);
#4456=EDGE_CURVE('',#5424,#5417,#6516,.T.);
#4457=EDGE_CURVE('',#5425,#5424,#381,.T.);
#4458=EDGE_CURVE('',#5422,#5425,#6517,.T.);
#4459=EDGE_CURVE('',#5426,#5420,#6518,.T.);
#4460=EDGE_CURVE('',#5427,#5426,#6519,.T.);
#4461=EDGE_CURVE('',#5427,#5428,#6520,.T.);
#4462=EDGE_CURVE('',#5428,#5429,#6521,.T.);
#4463=EDGE_CURVE('',#5429,#5430,#6522,.T.);
#4464=EDGE_CURVE('',#5430,#5431,#382,.T.);
#4465=EDGE_CURVE('',#5431,#5416,#6523,.T.);
#4466=EDGE_CURVE('',#5432,#5433,#6524,.T.);
#4467=EDGE_CURVE('',#5432,#5429,#6525,.T.);
#4468=EDGE_CURVE('',#5433,#5428,#6526,.T.);
#4469=EDGE_CURVE('',#5422,#5432,#6527,.T.);
#4470=EDGE_CURVE('',#5425,#5430,#6528,.T.);
#4471=EDGE_CURVE('',#5424,#5431,#6529,.T.);
#4472=EDGE_CURVE('',#5419,#4580,#125,.F.);
#4473=EDGE_CURVE('',#5433,#5427,#6530,.T.);
#4474=EDGE_CURVE('',#5434,#4595,#6531,.T.);
#4475=EDGE_CURVE('',#5435,#5434,#6532,.T.);
#4476=EDGE_CURVE('',#5435,#4593,#6533,.T.);
#4477=EDGE_CURVE('',#5436,#5437,#6534,.T.);
#4478=EDGE_CURVE('',#5438,#5436,#6535,.T.);
#4479=EDGE_CURVE('',#4594,#5438,#6536,.T.);
#4480=EDGE_CURVE('',#4592,#5439,#6537,.T.);
#4481=EDGE_CURVE('',#5439,#5437,#6538,.T.);
#4482=EDGE_CURVE('',#5440,#5441,#6539,.T.);
#4483=EDGE_CURVE('',#5441,#4584,#6540,.T.);
#4484=EDGE_CURVE('',#5439,#4585,#383,.T.);
#4485=EDGE_CURVE('',#5442,#5435,#6541,.T.);
#4486=EDGE_CURVE('',#5443,#5442,#384,.T.);
#4487=EDGE_CURVE('',#5440,#5443,#6542,.T.);
#4488=EDGE_CURVE('',#5444,#5438,#6543,.T.);
#4489=EDGE_CURVE('',#5445,#5444,#6544,.T.);
#4490=EDGE_CURVE('',#5445,#5446,#6545,.T.);
#4491=EDGE_CURVE('',#5446,#5447,#6546,.T.);
#4492=EDGE_CURVE('',#5447,#5448,#6547,.T.);
#4493=EDGE_CURVE('',#5448,#5449,#385,.T.);
#4494=EDGE_CURVE('',#5449,#5434,#6548,.T.);
#4495=EDGE_CURVE('',#5450,#5451,#6549,.T.);
#4496=EDGE_CURVE('',#5450,#5447,#6550,.T.);
#4497=EDGE_CURVE('',#5451,#5446,#6551,.T.);
#4498=EDGE_CURVE('',#5440,#5450,#6552,.T.);
#4499=EDGE_CURVE('',#5443,#5448,#6553,.T.);
#4500=EDGE_CURVE('',#5442,#5449,#6554,.T.);
#4501=EDGE_CURVE('',#5437,#4583,#126,.F.);
#4502=EDGE_CURVE('',#5451,#5445,#6555,.T.);
#4503=EDGE_CURVE('',#5452,#4691,#6556,.T.);
#4504=EDGE_CURVE('',#5453,#5452,#6557,.T.);
#4505=EDGE_CURVE('',#5453,#4689,#6558,.T.);
#4506=EDGE_CURVE('',#5454,#5455,#6559,.T.);
#4507=EDGE_CURVE('',#5456,#5454,#6560,.T.);
#4508=EDGE_CURVE('',#4690,#5456,#6561,.T.);
#4509=EDGE_CURVE('',#4688,#5457,#6562,.T.);
#4510=EDGE_CURVE('',#5457,#5455,#6563,.T.);
#4511=EDGE_CURVE('',#5458,#5459,#6564,.T.);
#4512=EDGE_CURVE('',#5459,#4587,#6565,.T.);
#4513=EDGE_CURVE('',#5457,#4588,#386,.T.);
#4514=EDGE_CURVE('',#5460,#5453,#6566,.T.);
#4515=EDGE_CURVE('',#5461,#5460,#387,.T.);
#4516=EDGE_CURVE('',#5458,#5461,#6567,.T.);
#4517=EDGE_CURVE('',#5462,#5456,#6568,.T.);
#4518=EDGE_CURVE('',#5463,#5462,#6569,.T.);
#4519=EDGE_CURVE('',#5463,#5464,#6570,.T.);
#4520=EDGE_CURVE('',#5464,#5465,#6571,.T.);
#4521=EDGE_CURVE('',#5465,#5466,#6572,.T.);
#4522=EDGE_CURVE('',#5466,#5467,#388,.T.);
#4523=EDGE_CURVE('',#5467,#5452,#6573,.T.);
#4524=EDGE_CURVE('',#5468,#5469,#6574,.T.);
#4525=EDGE_CURVE('',#5468,#5465,#6575,.T.);
#4526=EDGE_CURVE('',#5469,#5464,#6576,.T.);
#4527=EDGE_CURVE('',#5458,#5468,#6577,.T.);
#4528=EDGE_CURVE('',#5461,#5466,#6578,.T.);
#4529=EDGE_CURVE('',#5460,#5467,#6579,.T.);
#4530=EDGE_CURVE('',#5455,#4586,#127,.F.);
#4531=EDGE_CURVE('',#5469,#5463,#6580,.T.);
#4532=EDGE_CURVE('',#5256,#5261,#6581,.T.);
#4533=EDGE_CURVE('',#5264,#5270,#6582,.T.);
#4534=EDGE_CURVE('',#5454,#5459,#6583,.T.);
#4535=EDGE_CURVE('',#5462,#5468,#6584,.T.);
#4536=EDGE_CURVE('',#5436,#5441,#6585,.T.);
#4537=EDGE_CURVE('',#5444,#5450,#6586,.T.);
#4538=EDGE_CURVE('',#5418,#5423,#6587,.T.);
#4539=EDGE_CURVE('',#5426,#5432,#6588,.T.);
#4540=EDGE_CURVE('',#5400,#5405,#6589,.T.);
#4541=EDGE_CURVE('',#5408,#5414,#6590,.T.);
#4542=EDGE_CURVE('',#5382,#5387,#6591,.T.);
#4543=EDGE_CURVE('',#5390,#5396,#6592,.T.);
#4544=EDGE_CURVE('',#5364,#5369,#6593,.T.);
#4545=EDGE_CURVE('',#5372,#5378,#6594,.T.);
#4546=EDGE_CURVE('',#5346,#5351,#6595,.T.);
#4547=EDGE_CURVE('',#5354,#5360,#6596,.T.);
#4548=EDGE_CURVE('',#5328,#5333,#6597,.T.);
#4549=EDGE_CURVE('',#5336,#5342,#6598,.T.);
#4550=EDGE_CURVE('',#5310,#5315,#6599,.T.);
#4551=EDGE_CURVE('',#5318,#5324,#6600,.T.);
#4552=EDGE_CURVE('',#5292,#5297,#6601,.T.);
#4553=EDGE_CURVE('',#5300,#5306,#6602,.T.);
#4554=EDGE_CURVE('',#5274,#5279,#6603,.T.);
#4555=EDGE_CURVE('',#5282,#5288,#6604,.T.);
#4556=VERTEX_POINT('',#16452);
#4557=VERTEX_POINT('',#16453);
#4558=VERTEX_POINT('',#16455);
#4559=VERTEX_POINT('',#16459);
#4560=VERTEX_POINT('',#16460);
#4561=VERTEX_POINT('',#16462);
#4562=VERTEX_POINT('',#16466);
#4563=VERTEX_POINT('',#16467);
#4564=VERTEX_POINT('',#16469);
#4565=VERTEX_POINT('',#16473);
#4566=VERTEX_POINT('',#16474);
#4567=VERTEX_POINT('',#16476);
#4568=VERTEX_POINT('',#16480);
#4569=VERTEX_POINT('',#16481);
#4570=VERTEX_POINT('',#16483);
#4571=VERTEX_POINT('',#16487);
#4572=VERTEX_POINT('',#16488);
#4573=VERTEX_POINT('',#16490);
#4574=VERTEX_POINT('',#16494);
#4575=VERTEX_POINT('',#16495);
#4576=VERTEX_POINT('',#16497);
#4577=VERTEX_POINT('',#16501);
#4578=VERTEX_POINT('',#16502);
#4579=VERTEX_POINT('',#16504);
#4580=VERTEX_POINT('',#16508);
#4581=VERTEX_POINT('',#16509);
#4582=VERTEX_POINT('',#16511);
#4583=VERTEX_POINT('',#16515);
#4584=VERTEX_POINT('',#16516);
#4585=VERTEX_POINT('',#16518);
#4586=VERTEX_POINT('',#16522);
#4587=VERTEX_POINT('',#16523);
#4588=VERTEX_POINT('',#16525);
#4589=VERTEX_POINT('',#16529);
#4590=VERTEX_POINT('',#16530);
#4591=VERTEX_POINT('',#16532);
#4592=VERTEX_POINT('',#16536);
#4593=VERTEX_POINT('',#16537);
#4594=VERTEX_POINT('',#16539);
#4595=VERTEX_POINT('',#16541);
#4596=VERTEX_POINT('',#16544);
#4597=VERTEX_POINT('',#16545);
#4598=VERTEX_POINT('',#16547);
#4599=VERTEX_POINT('',#16549);
#4600=VERTEX_POINT('',#16552);
#4601=VERTEX_POINT('',#16553);
#4602=VERTEX_POINT('',#16555);
#4603=VERTEX_POINT('',#16557);
#4604=VERTEX_POINT('',#16560);
#4605=VERTEX_POINT('',#16561);
#4606=VERTEX_POINT('',#16563);
#4607=VERTEX_POINT('',#16565);
#4608=VERTEX_POINT('',#16568);
#4609=VERTEX_POINT('',#16569);
#4610=VERTEX_POINT('',#16571);
#4611=VERTEX_POINT('',#16573);
#4612=VERTEX_POINT('',#16576);
#4613=VERTEX_POINT('',#16577);
#4614=VERTEX_POINT('',#16579);
#4615=VERTEX_POINT('',#16581);
#4616=VERTEX_POINT('',#16584);
#4617=VERTEX_POINT('',#16585);
#4618=VERTEX_POINT('',#16587);
#4619=VERTEX_POINT('',#16589);
#4620=VERTEX_POINT('',#16591);
#4621=VERTEX_POINT('',#16593);
#4622=VERTEX_POINT('',#16595);
#4623=VERTEX_POINT('',#16597);
#4624=VERTEX_POINT('',#16599);
#4625=VERTEX_POINT('',#16601);
#4626=VERTEX_POINT('',#16603);
#4627=VERTEX_POINT('',#16605);
#4628=VERTEX_POINT('',#16607);
#4629=VERTEX_POINT('',#16609);
#4630=VERTEX_POINT('',#16611);
#4631=VERTEX_POINT('',#16613);
#4632=VERTEX_POINT('',#16615);
#4633=VERTEX_POINT('',#16617);
#4634=VERTEX_POINT('',#16619);
#4635=VERTEX_POINT('',#16621);
#4636=VERTEX_POINT('',#16623);
#4637=VERTEX_POINT('',#16625);
#4638=VERTEX_POINT('',#16627);
#4639=VERTEX_POINT('',#16629);
#4640=VERTEX_POINT('',#16631);
#4641=VERTEX_POINT('',#16633);
#4642=VERTEX_POINT('',#16635);
#4643=VERTEX_POINT('',#16637);
#4644=VERTEX_POINT('',#16639);
#4645=VERTEX_POINT('',#16641);
#4646=VERTEX_POINT('',#16643);
#4647=VERTEX_POINT('',#16645);
#4648=VERTEX_POINT('',#16647);
#4649=VERTEX_POINT('',#16649);
#4650=VERTEX_POINT('',#16651);
#4651=VERTEX_POINT('',#16653);
#4652=VERTEX_POINT('',#16655);
#4653=VERTEX_POINT('',#16657);
#4654=VERTEX_POINT('',#16659);
#4655=VERTEX_POINT('',#16661);
#4656=VERTEX_POINT('',#16663);
#4657=VERTEX_POINT('',#16665);
#4658=VERTEX_POINT('',#16667);
#4659=VERTEX_POINT('',#16669);
#4660=VERTEX_POINT('',#16671);
#4661=VERTEX_POINT('',#16673);
#4662=VERTEX_POINT('',#16675);
#4663=VERTEX_POINT('',#16677);
#4664=VERTEX_POINT('',#16679);
#4665=VERTEX_POINT('',#16681);
#4666=VERTEX_POINT('',#16683);
#4667=VERTEX_POINT('',#16685);
#4668=VERTEX_POINT('',#16688);
#4669=VERTEX_POINT('',#16689);
#4670=VERTEX_POINT('',#16691);
#4671=VERTEX_POINT('',#16693);
#4672=VERTEX_POINT('',#16696);
#4673=VERTEX_POINT('',#16697);
#4674=VERTEX_POINT('',#16699);
#4675=VERTEX_POINT('',#16701);
#4676=VERTEX_POINT('',#16704);
#4677=VERTEX_POINT('',#16705);
#4678=VERTEX_POINT('',#16707);
#4679=VERTEX_POINT('',#16709);
#4680=VERTEX_POINT('',#16712);
#4681=VERTEX_POINT('',#16713);
#4682=VERTEX_POINT('',#16715);
#4683=VERTEX_POINT('',#16717);
#4684=VERTEX_POINT('',#16720);
#4685=VERTEX_POINT('',#16721);
#4686=VERTEX_POINT('',#16723);
#4687=VERTEX_POINT('',#16725);
#4688=VERTEX_POINT('',#16728);
#4689=VERTEX_POINT('',#16729);
#4690=VERTEX_POINT('',#16731);
#4691=VERTEX_POINT('',#16733);
#4692=VERTEX_POINT('',#16737);
#4693=VERTEX_POINT('',#16739);
#4694=VERTEX_POINT('',#16743);
#4695=VERTEX_POINT('',#16744);
#4696=VERTEX_POINT('',#16746);
#4697=VERTEX_POINT('',#16748);
#4698=VERTEX_POINT('',#16750);
#4699=VERTEX_POINT('',#16752);
#4700=VERTEX_POINT('',#16754);
#4701=VERTEX_POINT('',#16756);
#4702=VERTEX_POINT('',#16758);
#4703=VERTEX_POINT('',#16760);
#4704=VERTEX_POINT('',#16762);
#4705=VERTEX_POINT('',#16764);
#4706=VERTEX_POINT('',#16766);
#4707=VERTEX_POINT('',#16768);
#4708=VERTEX_POINT('',#16770);
#4709=VERTEX_POINT('',#16772);
#4710=VERTEX_POINT('',#16774);
#4711=VERTEX_POINT('',#16776);
#4712=VERTEX_POINT('',#16778);
#4713=VERTEX_POINT('',#16780);
#4714=VERTEX_POINT('',#16782);
#4715=VERTEX_POINT('',#16784);
#4716=VERTEX_POINT('',#16786);
#4717=VERTEX_POINT('',#16788);
#4718=VERTEX_POINT('',#16790);
#4719=VERTEX_POINT('',#16792);
#4720=VERTEX_POINT('',#16794);
#4721=VERTEX_POINT('',#16796);
#4722=VERTEX_POINT('',#16798);
#4723=VERTEX_POINT('',#16800);
#4724=VERTEX_POINT('',#16802);
#4725=VERTEX_POINT('',#16804);
#4726=VERTEX_POINT('',#16806);
#4727=VERTEX_POINT('',#16808);
#4728=VERTEX_POINT('',#16810);
#4729=VERTEX_POINT('',#16812);
#4730=VERTEX_POINT('',#16814);
#4731=VERTEX_POINT('',#16816);
#4732=VERTEX_POINT('',#16818);
#4733=VERTEX_POINT('',#16820);
#4734=VERTEX_POINT('',#16822);
#4735=VERTEX_POINT('',#16824);
#4736=VERTEX_POINT('',#16826);
#4737=VERTEX_POINT('',#16828);
#4738=VERTEX_POINT('',#16830);
#4739=VERTEX_POINT('',#16832);
#4740=VERTEX_POINT('',#16834);
#4741=VERTEX_POINT('',#16836);
#4742=VERTEX_POINT('',#16838);
#4743=VERTEX_POINT('',#16841);
#4744=VERTEX_POINT('',#16845);
#4745=VERTEX_POINT('',#16847);
#4746=VERTEX_POINT('',#16851);
#4747=VERTEX_POINT('',#16853);
#4748=VERTEX_POINT('',#16857);
#4749=VERTEX_POINT('',#16859);
#4750=VERTEX_POINT('',#16863);
#4751=VERTEX_POINT('',#16865);
#4752=VERTEX_POINT('',#16869);
#4753=VERTEX_POINT('',#16871);
#4754=VERTEX_POINT('',#16875);
#4755=VERTEX_POINT('',#16877);
#4756=VERTEX_POINT('',#16881);
#4757=VERTEX_POINT('',#16883);
#4758=VERTEX_POINT('',#16887);
#4759=VERTEX_POINT('',#16889);
#4760=VERTEX_POINT('',#16893);
#4761=VERTEX_POINT('',#16895);
#4762=VERTEX_POINT('',#16899);
#4763=VERTEX_POINT('',#16901);
#4764=VERTEX_POINT('',#16905);
#4765=VERTEX_POINT('',#16907);
#4766=VERTEX_POINT('',#16911);
#4767=VERTEX_POINT('',#16913);
#4768=VERTEX_POINT('',#16917);
#4769=VERTEX_POINT('',#16919);
#4770=VERTEX_POINT('',#16923);
#4771=VERTEX_POINT('',#16925);
#4772=VERTEX_POINT('',#16929);
#4773=VERTEX_POINT('',#16931);
#4774=VERTEX_POINT('',#16935);
#4775=VERTEX_POINT('',#16937);
#4776=VERTEX_POINT('',#16941);
#4777=VERTEX_POINT('',#16943);
#4778=VERTEX_POINT('',#16947);
#4779=VERTEX_POINT('',#16949);
#4780=VERTEX_POINT('',#16953);
#4781=VERTEX_POINT('',#16955);
#4782=VERTEX_POINT('',#16959);
#4783=VERTEX_POINT('',#16961);
#4784=VERTEX_POINT('',#16965);
#4785=VERTEX_POINT('',#16967);
#4786=VERTEX_POINT('',#16971);
#4787=VERTEX_POINT('',#16973);
#4788=VERTEX_POINT('',#17013);
#4789=VERTEX_POINT('',#17018);
#4790=VERTEX_POINT('',#17020);
#4791=VERTEX_POINT('',#17025);
#4792=VERTEX_POINT('',#17032);
#4793=VERTEX_POINT('',#17034);
#4794=VERTEX_POINT('',#17038);
#4795=VERTEX_POINT('',#17039);
#4796=VERTEX_POINT('',#17047);
#4797=VERTEX_POINT('',#17052);
#4798=VERTEX_POINT('',#17054);
#4799=VERTEX_POINT('',#17059);
#4800=VERTEX_POINT('',#17066);
#4801=VERTEX_POINT('',#17068);
#4802=VERTEX_POINT('',#17072);
#4803=VERTEX_POINT('',#17073);
#4804=VERTEX_POINT('',#17081);
#4805=VERTEX_POINT('',#17086);
#4806=VERTEX_POINT('',#17088);
#4807=VERTEX_POINT('',#17093);
#4808=VERTEX_POINT('',#17100);
#4809=VERTEX_POINT('',#17102);
#4810=VERTEX_POINT('',#17106);
#4811=VERTEX_POINT('',#17107);
#4812=VERTEX_POINT('',#17115);
#4813=VERTEX_POINT('',#17120);
#4814=VERTEX_POINT('',#17122);
#4815=VERTEX_POINT('',#17127);
#4816=VERTEX_POINT('',#17134);
#4817=VERTEX_POINT('',#17136);
#4818=VERTEX_POINT('',#17140);
#4819=VERTEX_POINT('',#17141);
#4820=VERTEX_POINT('',#17149);
#4821=VERTEX_POINT('',#17154);
#4822=VERTEX_POINT('',#17156);
#4823=VERTEX_POINT('',#17161);
#4824=VERTEX_POINT('',#17168);
#4825=VERTEX_POINT('',#17170);
#4826=VERTEX_POINT('',#17174);
#4827=VERTEX_POINT('',#17175);
#4828=VERTEX_POINT('',#17183);
#4829=VERTEX_POINT('',#17188);
#4830=VERTEX_POINT('',#17190);
#4831=VERTEX_POINT('',#17195);
#4832=VERTEX_POINT('',#17202);
#4833=VERTEX_POINT('',#17204);
#4834=VERTEX_POINT('',#17208);
#4835=VERTEX_POINT('',#17209);
#4836=VERTEX_POINT('',#17217);
#4837=VERTEX_POINT('',#17222);
#4838=VERTEX_POINT('',#17224);
#4839=VERTEX_POINT('',#17229);
#4840=VERTEX_POINT('',#17236);
#4841=VERTEX_POINT('',#17238);
#4842=VERTEX_POINT('',#17242);
#4843=VERTEX_POINT('',#17243);
#4844=VERTEX_POINT('',#17251);
#4845=VERTEX_POINT('',#17256);
#4846=VERTEX_POINT('',#17258);
#4847=VERTEX_POINT('',#17263);
#4848=VERTEX_POINT('',#17270);
#4849=VERTEX_POINT('',#17272);
#4850=VERTEX_POINT('',#17276);
#4851=VERTEX_POINT('',#17277);
#4852=VERTEX_POINT('',#17285);
#4853=VERTEX_POINT('',#17290);
#4854=VERTEX_POINT('',#17292);
#4855=VERTEX_POINT('',#17297);
#4856=VERTEX_POINT('',#17304);
#4857=VERTEX_POINT('',#17306);
#4858=VERTEX_POINT('',#17310);
#4859=VERTEX_POINT('',#17311);
#4860=VERTEX_POINT('',#17319);
#4861=VERTEX_POINT('',#17324);
#4862=VERTEX_POINT('',#17326);
#4863=VERTEX_POINT('',#17331);
#4864=VERTEX_POINT('',#17338);
#4865=VERTEX_POINT('',#17340);
#4866=VERTEX_POINT('',#17344);
#4867=VERTEX_POINT('',#17345);
#4868=VERTEX_POINT('',#17353);
#4869=VERTEX_POINT('',#17358);
#4870=VERTEX_POINT('',#17360);
#4871=VERTEX_POINT('',#17365);
#4872=VERTEX_POINT('',#17372);
#4873=VERTEX_POINT('',#17374);
#4874=VERTEX_POINT('',#17378);
#4875=VERTEX_POINT('',#17379);
#4876=VERTEX_POINT('',#17384);
#4877=VERTEX_POINT('',#17386);
#4878=VERTEX_POINT('',#17390);
#4879=VERTEX_POINT('',#17392);
#4880=VERTEX_POINT('',#17402);
#4881=VERTEX_POINT('',#17407);
#4882=VERTEX_POINT('',#17409);
#4883=VERTEX_POINT('',#17414);
#4884=VERTEX_POINT('',#17421);
#4885=VERTEX_POINT('',#17423);
#4886=VERTEX_POINT('',#17427);
#4887=VERTEX_POINT('',#17428);
#4888=VERTEX_POINT('',#17469);
#4889=VERTEX_POINT('',#17470);
#4890=VERTEX_POINT('',#17472);
#4891=VERTEX_POINT('',#17474);
#4892=VERTEX_POINT('',#17477);
#4893=VERTEX_POINT('',#17478);
#4894=VERTEX_POINT('',#17480);
#4895=VERTEX_POINT('',#17482);
#4896=VERTEX_POINT('',#17485);
#4897=VERTEX_POINT('',#17486);
#4898=VERTEX_POINT('',#17488);
#4899=VERTEX_POINT('',#17490);
#4900=VERTEX_POINT('',#17493);
#4901=VERTEX_POINT('',#17494);
#4902=VERTEX_POINT('',#17496);
#4903=VERTEX_POINT('',#17498);
#4904=VERTEX_POINT('',#17501);
#4905=VERTEX_POINT('',#17502);
#4906=VERTEX_POINT('',#17504);
#4907=VERTEX_POINT('',#17506);
#4908=VERTEX_POINT('',#17509);
#4909=VERTEX_POINT('',#17510);
#4910=VERTEX_POINT('',#17512);
#4911=VERTEX_POINT('',#17514);
#4912=VERTEX_POINT('',#17517);
#4913=VERTEX_POINT('',#17518);
#4914=VERTEX_POINT('',#17520);
#4915=VERTEX_POINT('',#17522);
#4916=VERTEX_POINT('',#17525);
#4917=VERTEX_POINT('',#17526);
#4918=VERTEX_POINT('',#17528);
#4919=VERTEX_POINT('',#17530);
#4920=VERTEX_POINT('',#17533);
#4921=VERTEX_POINT('',#17534);
#4922=VERTEX_POINT('',#17536);
#4923=VERTEX_POINT('',#17538);
#4924=VERTEX_POINT('',#17541);
#4925=VERTEX_POINT('',#17542);
#4926=VERTEX_POINT('',#17544);
#4927=VERTEX_POINT('',#17546);
#4928=VERTEX_POINT('',#17549);
#4929=VERTEX_POINT('',#17550);
#4930=VERTEX_POINT('',#17552);
#4931=VERTEX_POINT('',#17554);
#4932=VERTEX_POINT('',#17557);
#4933=VERTEX_POINT('',#17558);
#4934=VERTEX_POINT('',#17560);
#4935=VERTEX_POINT('',#17562);
#4936=VERTEX_POINT('',#17565);
#4937=VERTEX_POINT('',#17566);
#4938=VERTEX_POINT('',#17568);
#4939=VERTEX_POINT('',#17570);
#4940=VERTEX_POINT('',#17572);
#4941=VERTEX_POINT('',#17574);
#4942=VERTEX_POINT('',#17576);
#4943=VERTEX_POINT('',#17578);
#4944=VERTEX_POINT('',#17580);
#4945=VERTEX_POINT('',#17582);
#4946=VERTEX_POINT('',#17584);
#4947=VERTEX_POINT('',#17586);
#4948=VERTEX_POINT('',#17588);
#4949=VERTEX_POINT('',#17590);
#4950=VERTEX_POINT('',#17592);
#4951=VERTEX_POINT('',#17594);
#4952=VERTEX_POINT('',#17596);
#4953=VERTEX_POINT('',#17598);
#4954=VERTEX_POINT('',#17600);
#4955=VERTEX_POINT('',#17602);
#4956=VERTEX_POINT('',#17604);
#4957=VERTEX_POINT('',#17606);
#4958=VERTEX_POINT('',#17608);
#4959=VERTEX_POINT('',#17610);
#4960=VERTEX_POINT('',#17612);
#4961=VERTEX_POINT('',#17614);
#4962=VERTEX_POINT('',#17616);
#4963=VERTEX_POINT('',#17618);
#4964=VERTEX_POINT('',#17620);
#4965=VERTEX_POINT('',#17622);
#4966=VERTEX_POINT('',#17624);
#4967=VERTEX_POINT('',#17626);
#4968=VERTEX_POINT('',#17628);
#4969=VERTEX_POINT('',#17630);
#4970=VERTEX_POINT('',#17632);
#4971=VERTEX_POINT('',#17634);
#4972=VERTEX_POINT('',#17636);
#4973=VERTEX_POINT('',#17638);
#4974=VERTEX_POINT('',#17640);
#4975=VERTEX_POINT('',#17642);
#4976=VERTEX_POINT('',#17644);
#4977=VERTEX_POINT('',#17646);
#4978=VERTEX_POINT('',#17648);
#4979=VERTEX_POINT('',#17650);
#4980=VERTEX_POINT('',#17652);
#4981=VERTEX_POINT('',#17654);
#4982=VERTEX_POINT('',#17656);
#4983=VERTEX_POINT('',#17658);
#4984=VERTEX_POINT('',#17660);
#4985=VERTEX_POINT('',#17662);
#4986=VERTEX_POINT('',#17664);
#4987=VERTEX_POINT('',#17666);
#4988=VERTEX_POINT('',#17668);
#4989=VERTEX_POINT('',#17670);
#4990=VERTEX_POINT('',#17672);
#4991=VERTEX_POINT('',#17674);
#4992=VERTEX_POINT('',#17676);
#4993=VERTEX_POINT('',#17678);
#4994=VERTEX_POINT('',#17680);
#4995=VERTEX_POINT('',#17682);
#4996=VERTEX_POINT('',#17684);
#4997=VERTEX_POINT('',#17686);
#4998=VERTEX_POINT('',#17688);
#4999=VERTEX_POINT('',#17690);
#5000=VERTEX_POINT('',#17692);
#5001=VERTEX_POINT('',#17694);
#5002=VERTEX_POINT('',#17696);
#5003=VERTEX_POINT('',#17698);
#5004=VERTEX_POINT('',#17700);
#5005=VERTEX_POINT('',#17702);
#5006=VERTEX_POINT('',#17704);
#5007=VERTEX_POINT('',#17706);
#5008=VERTEX_POINT('',#17708);
#5009=VERTEX_POINT('',#17710);
#5010=VERTEX_POINT('',#17712);
#5011=VERTEX_POINT('',#17714);
#5012=VERTEX_POINT('',#17716);
#5013=VERTEX_POINT('',#17718);
#5014=VERTEX_POINT('',#17720);
#5015=VERTEX_POINT('',#17722);
#5016=VERTEX_POINT('',#17724);
#5017=VERTEX_POINT('',#17726);
#5018=VERTEX_POINT('',#17728);
#5019=VERTEX_POINT('',#17730);
#5020=VERTEX_POINT('',#17732);
#5021=VERTEX_POINT('',#17734);
#5022=VERTEX_POINT('',#17736);
#5023=VERTEX_POINT('',#17738);
#5024=VERTEX_POINT('',#17740);
#5025=VERTEX_POINT('',#17742);
#5026=VERTEX_POINT('',#17744);
#5027=VERTEX_POINT('',#17746);
#5028=VERTEX_POINT('',#17748);
#5029=VERTEX_POINT('',#17750);
#5030=VERTEX_POINT('',#17752);
#5031=VERTEX_POINT('',#17754);
#5032=VERTEX_POINT('',#17756);
#5033=VERTEX_POINT('',#17758);
#5034=VERTEX_POINT('',#17760);
#5035=VERTEX_POINT('',#17762);
#5036=VERTEX_POINT('',#17766);
#5037=VERTEX_POINT('',#17767);
#5038=VERTEX_POINT('',#17769);
#5039=VERTEX_POINT('',#17771);
#5040=VERTEX_POINT('',#17775);
#5041=VERTEX_POINT('',#17777);
#5042=VERTEX_POINT('',#17781);
#5043=VERTEX_POINT('',#17783);
#5044=VERTEX_POINT('',#17787);
#5045=VERTEX_POINT('',#17789);
#5046=VERTEX_POINT('',#17793);
#5047=VERTEX_POINT('',#17795);
#5048=VERTEX_POINT('',#17798);
#5049=VERTEX_POINT('',#17800);
#5050=VERTEX_POINT('',#17803);
#5051=VERTEX_POINT('',#17805);
#5052=VERTEX_POINT('',#17808);
#5053=VERTEX_POINT('',#17810);
#5054=VERTEX_POINT('',#17813);
#5055=VERTEX_POINT('',#17815);
#5056=VERTEX_POINT('',#17818);
#5057=VERTEX_POINT('',#17820);
#5058=VERTEX_POINT('',#17823);
#5059=VERTEX_POINT('',#17825);
#5060=VERTEX_POINT('',#17828);
#5061=VERTEX_POINT('',#17830);
#5062=VERTEX_POINT('',#17833);
#5063=VERTEX_POINT('',#17835);
#5064=VERTEX_POINT('',#17838);
#5065=VERTEX_POINT('',#17840);
#5066=VERTEX_POINT('',#17843);
#5067=VERTEX_POINT('',#17845);
#5068=VERTEX_POINT('',#17848);
#5069=VERTEX_POINT('',#17850);
#5070=VERTEX_POINT('',#17853);
#5071=VERTEX_POINT('',#17855);
#5072=VERTEX_POINT('',#17859);
#5073=VERTEX_POINT('',#17861);
#5074=VERTEX_POINT('',#17864);
#5075=VERTEX_POINT('',#17866);
#5076=VERTEX_POINT('',#17869);
#5077=VERTEX_POINT('',#17871);
#5078=VERTEX_POINT('',#17874);
#5079=VERTEX_POINT('',#17876);
#5080=VERTEX_POINT('',#17879);
#5081=VERTEX_POINT('',#17881);
#5082=VERTEX_POINT('',#17884);
#5083=VERTEX_POINT('',#17886);
#5084=VERTEX_POINT('',#17889);
#5085=VERTEX_POINT('',#17891);
#5086=VERTEX_POINT('',#17894);
#5087=VERTEX_POINT('',#17896);
#5088=VERTEX_POINT('',#17899);
#5089=VERTEX_POINT('',#17901);
#5090=VERTEX_POINT('',#17904);
#5091=VERTEX_POINT('',#17906);
#5092=VERTEX_POINT('',#17909);
#5093=VERTEX_POINT('',#17911);
#5094=VERTEX_POINT('',#17914);
#5095=VERTEX_POINT('',#17916);
#5096=VERTEX_POINT('',#17918);
#5097=VERTEX_POINT('',#17920);
#5098=VERTEX_POINT('',#17922);
#5099=VERTEX_POINT('',#17924);
#5100=VERTEX_POINT('',#17931);
#5101=VERTEX_POINT('',#17933);
#5102=VERTEX_POINT('',#17940);
#5103=VERTEX_POINT('',#17942);
#5104=VERTEX_POINT('',#17945);
#5105=VERTEX_POINT('',#17947);
#5106=VERTEX_POINT('',#17951);
#5107=VERTEX_POINT('',#17953);
#5108=VERTEX_POINT('',#17962);
#5109=VERTEX_POINT('',#17964);
#5110=VERTEX_POINT('',#17973);
#5111=VERTEX_POINT('',#17974);
#5112=VERTEX_POINT('',#17976);
#5113=VERTEX_POINT('',#17978);
#5114=VERTEX_POINT('',#17990);
#5115=VERTEX_POINT('',#17992);
#5116=VERTEX_POINT('',#17996);
#5117=VERTEX_POINT('',#18000);
#5118=VERTEX_POINT('',#18007);
#5119=VERTEX_POINT('',#18008);
#5120=VERTEX_POINT('',#18010);
#5121=VERTEX_POINT('',#18012);
#5122=VERTEX_POINT('',#18024);
#5123=VERTEX_POINT('',#18026);
#5124=VERTEX_POINT('',#18030);
#5125=VERTEX_POINT('',#18034);
#5126=VERTEX_POINT('',#18041);
#5127=VERTEX_POINT('',#18042);
#5128=VERTEX_POINT('',#18044);
#5129=VERTEX_POINT('',#18046);
#5130=VERTEX_POINT('',#18058);
#5131=VERTEX_POINT('',#18060);
#5132=VERTEX_POINT('',#18064);
#5133=VERTEX_POINT('',#18068);
#5134=VERTEX_POINT('',#18075);
#5135=VERTEX_POINT('',#18076);
#5136=VERTEX_POINT('',#18078);
#5137=VERTEX_POINT('',#18080);
#5138=VERTEX_POINT('',#18092);
#5139=VERTEX_POINT('',#18094);
#5140=VERTEX_POINT('',#18098);
#5141=VERTEX_POINT('',#18102);
#5142=VERTEX_POINT('',#18109);
#5143=VERTEX_POINT('',#18110);
#5144=VERTEX_POINT('',#18112);
#5145=VERTEX_POINT('',#18114);
#5146=VERTEX_POINT('',#18126);
#5147=VERTEX_POINT('',#18128);
#5148=VERTEX_POINT('',#18132);
#5149=VERTEX_POINT('',#18136);
#5150=VERTEX_POINT('',#18143);
#5151=VERTEX_POINT('',#18144);
#5152=VERTEX_POINT('',#18146);
#5153=VERTEX_POINT('',#18148);
#5154=VERTEX_POINT('',#18160);
#5155=VERTEX_POINT('',#18162);
#5156=VERTEX_POINT('',#18166);
#5157=VERTEX_POINT('',#18170);
#5158=VERTEX_POINT('',#18177);
#5159=VERTEX_POINT('',#18178);
#5160=VERTEX_POINT('',#18180);
#5161=VERTEX_POINT('',#18182);
#5162=VERTEX_POINT('',#18194);
#5163=VERTEX_POINT('',#18196);
#5164=VERTEX_POINT('',#18200);
#5165=VERTEX_POINT('',#18204);
#5166=VERTEX_POINT('',#18211);
#5167=VERTEX_POINT('',#18212);
#5168=VERTEX_POINT('',#18214);
#5169=VERTEX_POINT('',#18216);
#5170=VERTEX_POINT('',#18228);
#5171=VERTEX_POINT('',#18230);
#5172=VERTEX_POINT('',#18234);
#5173=VERTEX_POINT('',#18238);
#5174=VERTEX_POINT('',#18245);
#5175=VERTEX_POINT('',#18246);
#5176=VERTEX_POINT('',#18248);
#5177=VERTEX_POINT('',#18250);
#5178=VERTEX_POINT('',#18262);
#5179=VERTEX_POINT('',#18264);
#5180=VERTEX_POINT('',#18268);
#5181=VERTEX_POINT('',#18272);
#5182=VERTEX_POINT('',#18279);
#5183=VERTEX_POINT('',#18280);
#5184=VERTEX_POINT('',#18282);
#5185=VERTEX_POINT('',#18284);
#5186=VERTEX_POINT('',#18296);
#5187=VERTEX_POINT('',#18298);
#5188=VERTEX_POINT('',#18302);
#5189=VERTEX_POINT('',#18306);
#5190=VERTEX_POINT('',#18313);
#5191=VERTEX_POINT('',#18314);
#5192=VERTEX_POINT('',#18316);
#5193=VERTEX_POINT('',#18318);
#5194=VERTEX_POINT('',#18330);
#5195=VERTEX_POINT('',#18332);
#5196=VERTEX_POINT('',#18336);
#5197=VERTEX_POINT('',#18340);
#5198=VERTEX_POINT('',#18347);
#5199=VERTEX_POINT('',#18349);
#5200=VERTEX_POINT('',#18353);
#5201=VERTEX_POINT('',#18355);
#5202=VERTEX_POINT('',#18359);
#5203=VERTEX_POINT('',#18363);
#5204=VERTEX_POINT('',#18369);
#5205=VERTEX_POINT('',#18373);
#5206=VERTEX_POINT('',#18452);
#5207=VERTEX_POINT('',#18454);
#5208=VERTEX_POINT('',#18458);
#5209=VERTEX_POINT('',#18460);
#5210=VERTEX_POINT('',#18469);
#5211=VERTEX_POINT('',#18471);
#5212=VERTEX_POINT('',#18475);
#5213=VERTEX_POINT('',#18477);
#5214=VERTEX_POINT('',#18486);
#5215=VERTEX_POINT('',#18488);
#5216=VERTEX_POINT('',#18492);
#5217=VERTEX_POINT('',#18494);
#5218=VERTEX_POINT('',#18503);
#5219=VERTEX_POINT('',#18505);
#5220=VERTEX_POINT('',#18509);
#5221=VERTEX_POINT('',#18511);
#5222=VERTEX_POINT('',#18520);
#5223=VERTEX_POINT('',#18522);
#5224=VERTEX_POINT('',#18526);
#5225=VERTEX_POINT('',#18528);
#5226=VERTEX_POINT('',#18537);
#5227=VERTEX_POINT('',#18539);
#5228=VERTEX_POINT('',#18543);
#5229=VERTEX_POINT('',#18545);
#5230=VERTEX_POINT('',#18554);
#5231=VERTEX_POINT('',#18556);
#5232=VERTEX_POINT('',#18560);
#5233=VERTEX_POINT('',#18562);
#5234=VERTEX_POINT('',#18571);
#5235=VERTEX_POINT('',#18573);
#5236=VERTEX_POINT('',#18577);
#5237=VERTEX_POINT('',#18579);
#5238=VERTEX_POINT('',#18588);
#5239=VERTEX_POINT('',#18590);
#5240=VERTEX_POINT('',#18594);
#5241=VERTEX_POINT('',#18596);
#5242=VERTEX_POINT('',#18605);
#5243=VERTEX_POINT('',#18607);
#5244=VERTEX_POINT('',#18611);
#5245=VERTEX_POINT('',#18613);
#5246=VERTEX_POINT('',#18622);
#5247=VERTEX_POINT('',#18624);
#5248=VERTEX_POINT('',#18628);
#5249=VERTEX_POINT('',#18630);
#5250=VERTEX_POINT('',#18639);
#5251=VERTEX_POINT('',#18641);
#5252=VERTEX_POINT('',#18645);
#5253=VERTEX_POINT('',#18647);
#5254=VERTEX_POINT('',#18656);
#5255=VERTEX_POINT('',#18658);
#5256=VERTEX_POINT('',#18662);
#5257=VERTEX_POINT('',#18663);
#5258=VERTEX_POINT('',#18665);
#5259=VERTEX_POINT('',#18668);
#5260=VERTEX_POINT('',#18672);
#5261=VERTEX_POINT('',#18673);
#5262=VERTEX_POINT('',#18677);
#5263=VERTEX_POINT('',#18679);
#5264=VERTEX_POINT('',#18683);
#5265=VERTEX_POINT('',#18685);
#5266=VERTEX_POINT('',#18687);
#5267=VERTEX_POINT('',#18689);
#5268=VERTEX_POINT('',#18691);
#5269=VERTEX_POINT('',#18693);
#5270=VERTEX_POINT('',#18697);
#5271=VERTEX_POINT('',#18698);
#5272=VERTEX_POINT('',#18713);
#5273=VERTEX_POINT('',#18715);
#5274=VERTEX_POINT('',#18719);
#5275=VERTEX_POINT('',#18720);
#5276=VERTEX_POINT('',#18722);
#5277=VERTEX_POINT('',#18725);
#5278=VERTEX_POINT('',#18729);
#5279=VERTEX_POINT('',#18730);
#5280=VERTEX_POINT('',#18734);
#5281=VERTEX_POINT('',#18736);
#5282=VERTEX_POINT('',#18740);
#5283=VERTEX_POINT('',#18742);
#5284=VERTEX_POINT('',#18744);
#5285=VERTEX_POINT('',#18746);
#5286=VERTEX_POINT('',#18748);
#5287=VERTEX_POINT('',#18750);
#5288=VERTEX_POINT('',#18754);
#5289=VERTEX_POINT('',#18755);
#5290=VERTEX_POINT('',#18770);
#5291=VERTEX_POINT('',#18772);
#5292=VERTEX_POINT('',#18776);
#5293=VERTEX_POINT('',#18777);
#5294=VERTEX_POINT('',#18779);
#5295=VERTEX_POINT('',#18782);
#5296=VERTEX_POINT('',#18786);
#5297=VERTEX_POINT('',#18787);
#5298=VERTEX_POINT('',#18791);
#5299=VERTEX_POINT('',#18793);
#5300=VERTEX_POINT('',#18797);
#5301=VERTEX_POINT('',#18799);
#5302=VERTEX_POINT('',#18801);
#5303=VERTEX_POINT('',#18803);
#5304=VERTEX_POINT('',#18805);
#5305=VERTEX_POINT('',#18807);
#5306=VERTEX_POINT('',#18811);
#5307=VERTEX_POINT('',#18812);
#5308=VERTEX_POINT('',#18827);
#5309=VERTEX_POINT('',#18829);
#5310=VERTEX_POINT('',#18833);
#5311=VERTEX_POINT('',#18834);
#5312=VERTEX_POINT('',#18836);
#5313=VERTEX_POINT('',#18839);
#5314=VERTEX_POINT('',#18843);
#5315=VERTEX_POINT('',#18844);
#5316=VERTEX_POINT('',#18848);
#5317=VERTEX_POINT('',#18850);
#5318=VERTEX_POINT('',#18854);
#5319=VERTEX_POINT('',#18856);
#5320=VERTEX_POINT('',#18858);
#5321=VERTEX_POINT('',#18860);
#5322=VERTEX_POINT('',#18862);
#5323=VERTEX_POINT('',#18864);
#5324=VERTEX_POINT('',#18868);
#5325=VERTEX_POINT('',#18869);
#5326=VERTEX_POINT('',#18884);
#5327=VERTEX_POINT('',#18886);
#5328=VERTEX_POINT('',#18890);
#5329=VERTEX_POINT('',#18891);
#5330=VERTEX_POINT('',#18893);
#5331=VERTEX_POINT('',#18896);
#5332=VERTEX_POINT('',#18900);
#5333=VERTEX_POINT('',#18901);
#5334=VERTEX_POINT('',#18905);
#5335=VERTEX_POINT('',#18907);
#5336=VERTEX_POINT('',#18911);
#5337=VERTEX_POINT('',#18913);
#5338=VERTEX_POINT('',#18915);
#5339=VERTEX_POINT('',#18917);
#5340=VERTEX_POINT('',#18919);
#5341=VERTEX_POINT('',#18921);
#5342=VERTEX_POINT('',#18925);
#5343=VERTEX_POINT('',#18926);
#5344=VERTEX_POINT('',#18941);
#5345=VERTEX_POINT('',#18943);
#5346=VERTEX_POINT('',#18947);
#5347=VERTEX_POINT('',#18948);
#5348=VERTEX_POINT('',#18950);
#5349=VERTEX_POINT('',#18953);
#5350=VERTEX_POINT('',#18957);
#5351=VERTEX_POINT('',#18958);
#5352=VERTEX_POINT('',#18962);
#5353=VERTEX_POINT('',#18964);
#5354=VERTEX_POINT('',#18968);
#5355=VERTEX_POINT('',#18970);
#5356=VERTEX_POINT('',#18972);
#5357=VERTEX_POINT('',#18974);
#5358=VERTEX_POINT('',#18976);
#5359=VERTEX_POINT('',#18978);
#5360=VERTEX_POINT('',#18982);
#5361=VERTEX_POINT('',#18983);
#5362=VERTEX_POINT('',#18998);
#5363=VERTEX_POINT('',#19000);
#5364=VERTEX_POINT('',#19004);
#5365=VERTEX_POINT('',#19005);
#5366=VERTEX_POINT('',#19007);
#5367=VERTEX_POINT('',#19010);
#5368=VERTEX_POINT('',#19014);
#5369=VERTEX_POINT('',#19015);
#5370=VERTEX_POINT('',#19019);
#5371=VERTEX_POINT('',#19021);
#5372=VERTEX_POINT('',#19025);
#5373=VERTEX_POINT('',#19027);
#5374=VERTEX_POINT('',#19029);
#5375=VERTEX_POINT('',#19031);
#5376=VERTEX_POINT('',#19033);
#5377=VERTEX_POINT('',#19035);
#5378=VERTEX_POINT('',#19039);
#5379=VERTEX_POINT('',#19040);
#5380=VERTEX_POINT('',#19055);
#5381=VERTEX_POINT('',#19057);
#5382=VERTEX_POINT('',#19061);
#5383=VERTEX_POINT('',#19062);
#5384=VERTEX_POINT('',#19064);
#5385=VERTEX_POINT('',#19067);
#5386=VERTEX_POINT('',#19071);
#5387=VERTEX_POINT('',#19072);
#5388=VERTEX_POINT('',#19076);
#5389=VERTEX_POINT('',#19078);
#5390=VERTEX_POINT('',#19082);
#5391=VERTEX_POINT('',#19084);
#5392=VERTEX_POINT('',#19086);
#5393=VERTEX_POINT('',#19088);
#5394=VERTEX_POINT('',#19090);
#5395=VERTEX_POINT('',#19092);
#5396=VERTEX_POINT('',#19096);
#5397=VERTEX_POINT('',#19097);
#5398=VERTEX_POINT('',#19112);
#5399=VERTEX_POINT('',#19114);
#5400=VERTEX_POINT('',#19118);
#5401=VERTEX_POINT('',#19119);
#5402=VERTEX_POINT('',#19121);
#5403=VERTEX_POINT('',#19124);
#5404=VERTEX_POINT('',#19128);
#5405=VERTEX_POINT('',#19129);
#5406=VERTEX_POINT('',#19133);
#5407=VERTEX_POINT('',#19135);
#5408=VERTEX_POINT('',#19139);
#5409=VERTEX_POINT('',#19141);
#5410=VERTEX_POINT('',#19143);
#5411=VERTEX_POINT('',#19145);
#5412=VERTEX_POINT('',#19147);
#5413=VERTEX_POINT('',#19149);
#5414=VERTEX_POINT('',#19153);
#5415=VERTEX_POINT('',#19154);
#5416=VERTEX_POINT('',#19169);
#5417=VERTEX_POINT('',#19171);
#5418=VERTEX_POINT('',#19175);
#5419=VERTEX_POINT('',#19176);
#5420=VERTEX_POINT('',#19178);
#5421=VERTEX_POINT('',#19181);
#5422=VERTEX_POINT('',#19185);
#5423=VERTEX_POINT('',#19186);
#5424=VERTEX_POINT('',#19190);
#5425=VERTEX_POINT('',#19192);
#5426=VERTEX_POINT('',#19196);
#5427=VERTEX_POINT('',#19198);
#5428=VERTEX_POINT('',#19200);
#5429=VERTEX_POINT('',#19202);
#5430=VERTEX_POINT('',#19204);
#5431=VERTEX_POINT('',#19206);
#5432=VERTEX_POINT('',#19210);
#5433=VERTEX_POINT('',#19211);
#5434=VERTEX_POINT('',#19226);
#5435=VERTEX_POINT('',#19228);
#5436=VERTEX_POINT('',#19232);
#5437=VERTEX_POINT('',#19233);
#5438=VERTEX_POINT('',#19235);
#5439=VERTEX_POINT('',#19238);
#5440=VERTEX_POINT('',#19242);
#5441=VERTEX_POINT('',#19243);
#5442=VERTEX_POINT('',#19247);
#5443=VERTEX_POINT('',#19249);
#5444=VERTEX_POINT('',#19253);
#5445=VERTEX_POINT('',#19255);
#5446=VERTEX_POINT('',#19257);
#5447=VERTEX_POINT('',#19259);
#5448=VERTEX_POINT('',#19261);
#5449=VERTEX_POINT('',#19263);
#5450=VERTEX_POINT('',#19267);
#5451=VERTEX_POINT('',#19268);
#5452=VERTEX_POINT('',#19283);
#5453=VERTEX_POINT('',#19285);
#5454=VERTEX_POINT('',#19289);
#5455=VERTEX_POINT('',#19290);
#5456=VERTEX_POINT('',#19292);
#5457=VERTEX_POINT('',#19295);
#5458=VERTEX_POINT('',#19299);
#5459=VERTEX_POINT('',#19300);
#5460=VERTEX_POINT('',#19304);
#5461=VERTEX_POINT('',#19306);
#5462=VERTEX_POINT('',#19310);
#5463=VERTEX_POINT('',#19312);
#5464=VERTEX_POINT('',#19314);
#5465=VERTEX_POINT('',#19316);
#5466=VERTEX_POINT('',#19318);
#5467=VERTEX_POINT('',#19320);
#5468=VERTEX_POINT('',#19324);
#5469=VERTEX_POINT('',#19325);
#5470=LINE('',#16451,#6605);
#5471=LINE('',#16454,#6606);
#5472=LINE('',#16456,#6607);
#5473=LINE('',#16458,#6608);
#5474=LINE('',#16461,#6609);
#5475=LINE('',#16463,#6610);
#5476=LINE('',#16465,#6611);
#5477=LINE('',#16468,#6612);
#5478=LINE('',#16470,#6613);
#5479=LINE('',#16472,#6614);
#5480=LINE('',#16475,#6615);
#5481=LINE('',#16477,#6616);
#5482=LINE('',#16479,#6617);
#5483=LINE('',#16482,#6618);
#5484=LINE('',#16484,#6619);
#5485=LINE('',#16486,#6620);
#5486=LINE('',#16489,#6621);
#5487=LINE('',#16491,#6622);
#5488=LINE('',#16493,#6623);
#5489=LINE('',#16496,#6624);
#5490=LINE('',#16498,#6625);
#5491=LINE('',#16500,#6626);
#5492=LINE('',#16503,#6627);
#5493=LINE('',#16505,#6628);
#5494=LINE('',#16507,#6629);
#5495=LINE('',#16510,#6630);
#5496=LINE('',#16512,#6631);
#5497=LINE('',#16514,#6632);
#5498=LINE('',#16517,#6633);
#5499=LINE('',#16519,#6634);
#5500=LINE('',#16521,#6635);
#5501=LINE('',#16524,#6636);
#5502=LINE('',#16526,#6637);
#5503=LINE('',#16528,#6638);
#5504=LINE('',#16531,#6639);
#5505=LINE('',#16533,#6640);
#5506=LINE('',#16535,#6641);
#5507=LINE('',#16538,#6642);
#5508=LINE('',#16540,#6643);
#5509=LINE('',#16542,#6644);
#5510=LINE('',#16543,#6645);
#5511=LINE('',#16546,#6646);
#5512=LINE('',#16548,#6647);
#5513=LINE('',#16550,#6648);
#5514=LINE('',#16551,#6649);
#5515=LINE('',#16554,#6650);
#5516=LINE('',#16556,#6651);
#5517=LINE('',#16558,#6652);
#5518=LINE('',#16559,#6653);
#5519=LINE('',#16562,#6654);
#5520=LINE('',#16564,#6655);
#5521=LINE('',#16566,#6656);
#5522=LINE('',#16567,#6657);
#5523=LINE('',#16570,#6658);
#5524=LINE('',#16572,#6659);
#5525=LINE('',#16574,#6660);
#5526=LINE('',#16575,#6661);
#5527=LINE('',#16578,#6662);
#5528=LINE('',#16580,#6663);
#5529=LINE('',#16582,#6664);
#5530=LINE('',#16583,#6665);
#5531=LINE('',#16588,#6666);
#5532=LINE('',#16590,#6667);
#5533=LINE('',#16592,#6668);
#5534=LINE('',#16596,#6669);
#5535=LINE('',#16598,#6670);
#5536=LINE('',#16600,#6671);
#5537=LINE('',#16602,#6672);
#5538=LINE('',#16604,#6673);
#5539=LINE('',#16606,#6674);
#5540=LINE('',#16608,#6675);
#5541=LINE('',#16612,#6676);
#5542=LINE('',#16614,#6677);
#5543=LINE('',#16616,#6678);
#5544=LINE('',#16620,#6679);
#5545=LINE('',#16622,#6680);
#5546=LINE('',#16624,#6681);
#5547=LINE('',#16628,#6682);
#5548=LINE('',#16630,#6683);
#5549=LINE('',#16632,#6684);
#5550=LINE('',#16636,#6685);
#5551=LINE('',#16638,#6686);
#5552=LINE('',#16640,#6687);
#5553=LINE('',#16644,#6688);
#5554=LINE('',#16646,#6689);
#5555=LINE('',#16648,#6690);
#5556=LINE('',#16652,#6691);
#5557=LINE('',#16654,#6692);
#5558=LINE('',#16656,#6693);
#5559=LINE('',#16660,#6694);
#5560=LINE('',#16662,#6695);
#5561=LINE('',#16664,#6696);
#5562=LINE('',#16668,#6697);
#5563=LINE('',#16670,#6698);
#5564=LINE('',#16672,#6699);
#5565=LINE('',#16676,#6700);
#5566=LINE('',#16678,#6701);
#5567=LINE('',#16680,#6702);
#5568=LINE('',#16684,#6703);
#5569=LINE('',#16686,#6704);
#5570=LINE('',#16687,#6705);
#5571=LINE('',#16690,#6706);
#5572=LINE('',#16692,#6707);
#5573=LINE('',#16694,#6708);
#5574=LINE('',#16695,#6709);
#5575=LINE('',#16698,#6710);
#5576=LINE('',#16700,#6711);
#5577=LINE('',#16702,#6712);
#5578=LINE('',#16703,#6713);
#5579=LINE('',#16706,#6714);
#5580=LINE('',#16708,#6715);
#5581=LINE('',#16710,#6716);
#5582=LINE('',#16711,#6717);
#5583=LINE('',#16714,#6718);
#5584=LINE('',#16716,#6719);
#5585=LINE('',#16718,#6720);
#5586=LINE('',#16719,#6721);
#5587=LINE('',#16722,#6722);
#5588=LINE('',#16724,#6723);
#5589=LINE('',#16726,#6724);
#5590=LINE('',#16727,#6725);
#5591=LINE('',#16730,#6726);
#5592=LINE('',#16732,#6727);
#5593=LINE('',#16734,#6728);
#5594=LINE('',#16738,#6729);
#5595=LINE('',#16742,#6730);
#5596=LINE('',#16745,#6731);
#5597=LINE('',#16747,#6732);
#5598=LINE('',#16751,#6733);
#5599=LINE('',#16753,#6734);
#5600=LINE('',#16755,#6735);
#5601=LINE('',#16759,#6736);
#5602=LINE('',#16761,#6737);
#5603=LINE('',#16763,#6738);
#5604=LINE('',#16767,#6739);
#5605=LINE('',#16769,#6740);
#5606=LINE('',#16771,#6741);
#5607=LINE('',#16775,#6742);
#5608=LINE('',#16777,#6743);
#5609=LINE('',#16779,#6744);
#5610=LINE('',#16783,#6745);
#5611=LINE('',#16785,#6746);
#5612=LINE('',#16787,#6747);
#5613=LINE('',#16791,#6748);
#5614=LINE('',#16793,#6749);
#5615=LINE('',#16795,#6750);
#5616=LINE('',#16799,#6751);
#5617=LINE('',#16801,#6752);
#5618=LINE('',#16803,#6753);
#5619=LINE('',#16807,#6754);
#5620=LINE('',#16809,#6755);
#5621=LINE('',#16811,#6756);
#5622=LINE('',#16815,#6757);
#5623=LINE('',#16817,#6758);
#5624=LINE('',#16819,#6759);
#5625=LINE('',#16823,#6760);
#5626=LINE('',#16825,#6761);
#5627=LINE('',#16827,#6762);
#5628=LINE('',#16829,#6763);
#5629=LINE('',#16831,#6764);
#5630=LINE('',#16833,#6765);
#5631=LINE('',#16835,#6766);
#5632=LINE('',#16839,#6767);
#5633=LINE('',#16840,#6768);
#5634=LINE('',#16844,#6769);
#5635=LINE('',#16848,#6770);
#5636=LINE('',#16850,#6771);
#5637=LINE('',#16854,#6772);
#5638=LINE('',#16856,#6773);
#5639=LINE('',#16860,#6774);
#5640=LINE('',#16862,#6775);
#5641=LINE('',#16866,#6776);
#5642=LINE('',#16868,#6777);
#5643=LINE('',#16872,#6778);
#5644=LINE('',#16874,#6779);
#5645=LINE('',#16878,#6780);
#5646=LINE('',#16880,#6781);
#5647=LINE('',#16884,#6782);
#5648=LINE('',#16886,#6783);
#5649=LINE('',#16890,#6784);
#5650=LINE('',#16892,#6785);
#5651=LINE('',#16896,#6786);
#5652=LINE('',#16898,#6787);
#5653=LINE('',#16902,#6788);
#5654=LINE('',#16904,#6789);
#5655=LINE('',#16908,#6790);
#5656=LINE('',#16910,#6791);
#5657=LINE('',#16914,#6792);
#5658=LINE('',#16916,#6793);
#5659=LINE('',#16920,#6794);
#5660=LINE('',#16922,#6795);
#5661=LINE('',#16926,#6796);
#5662=LINE('',#16928,#6797);
#5663=LINE('',#16932,#6798);
#5664=LINE('',#16934,#6799);
#5665=LINE('',#16938,#6800);
#5666=LINE('',#16940,#6801);
#5667=LINE('',#16944,#6802);
#5668=LINE('',#16946,#6803);
#5669=LINE('',#16950,#6804);
#5670=LINE('',#16952,#6805);
#5671=LINE('',#16956,#6806);
#5672=LINE('',#16958,#6807);
#5673=LINE('',#16962,#6808);
#5674=LINE('',#16964,#6809);
#5675=LINE('',#16968,#6810);
#5676=LINE('',#16970,#6811);
#5677=LINE('',#16974,#6812);
#5678=LINE('',#17031,#6813);
#5679=LINE('',#17035,#6814);
#5680=LINE('',#17037,#6815);
#5681=LINE('',#17040,#6816);
#5682=LINE('',#17041,#6817);
#5683=LINE('',#17065,#6818);
#5684=LINE('',#17069,#6819);
#5685=LINE('',#17071,#6820);
#5686=LINE('',#17074,#6821);
#5687=LINE('',#17075,#6822);
#5688=LINE('',#17099,#6823);
#5689=LINE('',#17103,#6824);
#5690=LINE('',#17105,#6825);
#5691=LINE('',#17108,#6826);
#5692=LINE('',#17109,#6827);
#5693=LINE('',#17133,#6828);
#5694=LINE('',#17137,#6829);
#5695=LINE('',#17139,#6830);
#5696=LINE('',#17142,#6831);
#5697=LINE('',#17143,#6832);
#5698=LINE('',#17167,#6833);
#5699=LINE('',#17171,#6834);
#5700=LINE('',#17173,#6835);
#5701=LINE('',#17176,#6836);
#5702=LINE('',#17177,#6837);
#5703=LINE('',#17201,#6838);
#5704=LINE('',#17205,#6839);
#5705=LINE('',#17207,#6840);
#5706=LINE('',#17210,#6841);
#5707=LINE('',#17211,#6842);
#5708=LINE('',#17235,#6843);
#5709=LINE('',#17239,#6844);
#5710=LINE('',#17241,#6845);
#5711=LINE('',#17244,#6846);
#5712=LINE('',#17245,#6847);
#5713=LINE('',#17269,#6848);
#5714=LINE('',#17273,#6849);
#5715=LINE('',#17275,#6850);
#5716=LINE('',#17278,#6851);
#5717=LINE('',#17279,#6852);
#5718=LINE('',#17303,#6853);
#5719=LINE('',#17307,#6854);
#5720=LINE('',#17309,#6855);
#5721=LINE('',#17312,#6856);
#5722=LINE('',#17313,#6857);
#5723=LINE('',#17337,#6858);
#5724=LINE('',#17341,#6859);
#5725=LINE('',#17343,#6860);
#5726=LINE('',#17346,#6861);
#5727=LINE('',#17347,#6862);
#5728=LINE('',#17371,#6863);
#5729=LINE('',#17375,#6864);
#5730=LINE('',#17377,#6865);
#5731=LINE('',#17380,#6866);
#5732=LINE('',#17381,#6867);
#5733=LINE('',#17383,#6868);
#5734=LINE('',#17387,#6869);
#5735=LINE('',#17389,#6870);
#5736=LINE('',#17393,#6871);
#5737=LINE('',#17420,#6872);
#5738=LINE('',#17424,#6873);
#5739=LINE('',#17426,#6874);
#5740=LINE('',#17429,#6875);
#5741=LINE('',#17430,#6876);
#5742=LINE('',#17432,#6877);
#5743=LINE('',#17433,#6878);
#5744=LINE('',#17435,#6879);
#5745=LINE('',#17436,#6880);
#5746=LINE('',#17438,#6881);
#5747=LINE('',#17439,#6882);
#5748=LINE('',#17441,#6883);
#5749=LINE('',#17442,#6884);
#5750=LINE('',#17444,#6885);
#5751=LINE('',#17445,#6886);
#5752=LINE('',#17447,#6887);
#5753=LINE('',#17448,#6888);
#5754=LINE('',#17450,#6889);
#5755=LINE('',#17451,#6890);
#5756=LINE('',#17453,#6891);
#5757=LINE('',#17454,#6892);
#5758=LINE('',#17456,#6893);
#5759=LINE('',#17457,#6894);
#5760=LINE('',#17459,#6895);
#5761=LINE('',#17460,#6896);
#5762=LINE('',#17462,#6897);
#5763=LINE('',#17463,#6898);
#5764=LINE('',#17465,#6899);
#5765=LINE('',#17466,#6900);
#5766=LINE('',#17468,#6901);
#5767=LINE('',#17471,#6902);
#5768=LINE('',#17473,#6903);
#5769=LINE('',#17475,#6904);
#5770=LINE('',#17476,#6905);
#5771=LINE('',#17479,#6906);
#5772=LINE('',#17481,#6907);
#5773=LINE('',#17483,#6908);
#5774=LINE('',#17484,#6909);
#5775=LINE('',#17487,#6910);
#5776=LINE('',#17489,#6911);
#5777=LINE('',#17491,#6912);
#5778=LINE('',#17492,#6913);
#5779=LINE('',#17495,#6914);
#5780=LINE('',#17497,#6915);
#5781=LINE('',#17499,#6916);
#5782=LINE('',#17500,#6917);
#5783=LINE('',#17503,#6918);
#5784=LINE('',#17505,#6919);
#5785=LINE('',#17507,#6920);
#5786=LINE('',#17508,#6921);
#5787=LINE('',#17511,#6922);
#5788=LINE('',#17513,#6923);
#5789=LINE('',#17515,#6924);
#5790=LINE('',#17516,#6925);
#5791=LINE('',#17519,#6926);
#5792=LINE('',#17521,#6927);
#5793=LINE('',#17523,#6928);
#5794=LINE('',#17524,#6929);
#5795=LINE('',#17527,#6930);
#5796=LINE('',#17529,#6931);
#5797=LINE('',#17531,#6932);
#5798=LINE('',#17532,#6933);
#5799=LINE('',#17535,#6934);
#5800=LINE('',#17537,#6935);
#5801=LINE('',#17539,#6936);
#5802=LINE('',#17540,#6937);
#5803=LINE('',#17543,#6938);
#5804=LINE('',#17545,#6939);
#5805=LINE('',#17547,#6940);
#5806=LINE('',#17548,#6941);
#5807=LINE('',#17551,#6942);
#5808=LINE('',#17553,#6943);
#5809=LINE('',#17555,#6944);
#5810=LINE('',#17556,#6945);
#5811=LINE('',#17559,#6946);
#5812=LINE('',#17561,#6947);
#5813=LINE('',#17563,#6948);
#5814=LINE('',#17564,#6949);
#5815=LINE('',#17567,#6950);
#5816=LINE('',#17569,#6951);
#5817=LINE('',#17571,#6952);
#5818=LINE('',#17573,#6953);
#5819=LINE('',#17575,#6954);
#5820=LINE('',#17577,#6955);
#5821=LINE('',#17579,#6956);
#5822=LINE('',#17581,#6957);
#5823=LINE('',#17583,#6958);
#5824=LINE('',#17585,#6959);
#5825=LINE('',#17587,#6960);
#5826=LINE('',#17589,#6961);
#5827=LINE('',#17591,#6962);
#5828=LINE('',#17593,#6963);
#5829=LINE('',#17595,#6964);
#5830=LINE('',#17597,#6965);
#5831=LINE('',#17599,#6966);
#5832=LINE('',#17601,#6967);
#5833=LINE('',#17603,#6968);
#5834=LINE('',#17605,#6969);
#5835=LINE('',#17607,#6970);
#5836=LINE('',#17609,#6971);
#5837=LINE('',#17611,#6972);
#5838=LINE('',#17613,#6973);
#5839=LINE('',#17615,#6974);
#5840=LINE('',#17617,#6975);
#5841=LINE('',#17619,#6976);
#5842=LINE('',#17621,#6977);
#5843=LINE('',#17623,#6978);
#5844=LINE('',#17625,#6979);
#5845=LINE('',#17627,#6980);
#5846=LINE('',#17629,#6981);
#5847=LINE('',#17631,#6982);
#5848=LINE('',#17633,#6983);
#5849=LINE('',#17635,#6984);
#5850=LINE('',#17637,#6985);
#5851=LINE('',#17639,#6986);
#5852=LINE('',#17641,#6987);
#5853=LINE('',#17643,#6988);
#5854=LINE('',#17645,#6989);
#5855=LINE('',#17647,#6990);
#5856=LINE('',#17649,#6991);
#5857=LINE('',#17651,#6992);
#5858=LINE('',#17653,#6993);
#5859=LINE('',#17655,#6994);
#5860=LINE('',#17657,#6995);
#5861=LINE('',#17659,#6996);
#5862=LINE('',#17661,#6997);
#5863=LINE('',#17663,#6998);
#5864=LINE('',#17665,#6999);
#5865=LINE('',#17667,#7000);
#5866=LINE('',#17669,#7001);
#5867=LINE('',#17671,#7002);
#5868=LINE('',#17673,#7003);
#5869=LINE('',#17675,#7004);
#5870=LINE('',#17677,#7005);
#5871=LINE('',#17679,#7006);
#5872=LINE('',#17681,#7007);
#5873=LINE('',#17683,#7008);
#5874=LINE('',#17685,#7009);
#5875=LINE('',#17687,#7010);
#5876=LINE('',#17689,#7011);
#5877=LINE('',#17691,#7012);
#5878=LINE('',#17693,#7013);
#5879=LINE('',#17695,#7014);
#5880=LINE('',#17697,#7015);
#5881=LINE('',#17699,#7016);
#5882=LINE('',#17701,#7017);
#5883=LINE('',#17703,#7018);
#5884=LINE('',#17705,#7019);
#5885=LINE('',#17707,#7020);
#5886=LINE('',#17709,#7021);
#5887=LINE('',#17711,#7022);
#5888=LINE('',#17713,#7023);
#5889=LINE('',#17715,#7024);
#5890=LINE('',#17717,#7025);
#5891=LINE('',#17719,#7026);
#5892=LINE('',#17721,#7027);
#5893=LINE('',#17723,#7028);
#5894=LINE('',#17725,#7029);
#5895=LINE('',#17727,#7030);
#5896=LINE('',#17729,#7031);
#5897=LINE('',#17731,#7032);
#5898=LINE('',#17733,#7033);
#5899=LINE('',#17735,#7034);
#5900=LINE('',#17737,#7035);
#5901=LINE('',#17739,#7036);
#5902=LINE('',#17741,#7037);
#5903=LINE('',#17743,#7038);
#5904=LINE('',#17745,#7039);
#5905=LINE('',#17747,#7040);
#5906=LINE('',#17749,#7041);
#5907=LINE('',#17751,#7042);
#5908=LINE('',#17753,#7043);
#5909=LINE('',#17755,#7044);
#5910=LINE('',#17757,#7045);
#5911=LINE('',#17759,#7046);
#5912=LINE('',#17761,#7047);
#5913=LINE('',#17763,#7048);
#5914=LINE('',#17765,#7049);
#5915=LINE('',#17768,#7050);
#5916=LINE('',#17770,#7051);
#5917=LINE('',#17772,#7052);
#5918=LINE('',#17776,#7053);
#5919=LINE('',#17780,#7054);
#5920=LINE('',#17782,#7055);
#5921=LINE('',#17784,#7056);
#5922=LINE('',#17788,#7057);
#5923=LINE('',#17792,#7058);
#5924=LINE('',#17794,#7059);
#5925=LINE('',#17796,#7060);
#5926=LINE('',#17797,#7061);
#5927=LINE('',#17799,#7062);
#5928=LINE('',#17801,#7063);
#5929=LINE('',#17802,#7064);
#5930=LINE('',#17804,#7065);
#5931=LINE('',#17806,#7066);
#5932=LINE('',#17807,#7067);
#5933=LINE('',#17809,#7068);
#5934=LINE('',#17811,#7069);
#5935=LINE('',#17812,#7070);
#5936=LINE('',#17814,#7071);
#5937=LINE('',#17816,#7072);
#5938=LINE('',#17817,#7073);
#5939=LINE('',#17819,#7074);
#5940=LINE('',#17821,#7075);
#5941=LINE('',#17822,#7076);
#5942=LINE('',#17824,#7077);
#5943=LINE('',#17826,#7078);
#5944=LINE('',#17827,#7079);
#5945=LINE('',#17829,#7080);
#5946=LINE('',#17831,#7081);
#5947=LINE('',#17832,#7082);
#5948=LINE('',#17834,#7083);
#5949=LINE('',#17836,#7084);
#5950=LINE('',#17837,#7085);
#5951=LINE('',#17839,#7086);
#5952=LINE('',#17841,#7087);
#5953=LINE('',#17842,#7088);
#5954=LINE('',#17844,#7089);
#5955=LINE('',#17846,#7090);
#5956=LINE('',#17847,#7091);
#5957=LINE('',#17849,#7092);
#5958=LINE('',#17851,#7093);
#5959=LINE('',#17852,#7094);
#5960=LINE('',#17854,#7095);
#5961=LINE('',#17856,#7096);
#5962=LINE('',#17858,#7097);
#5963=LINE('',#17860,#7098);
#5964=LINE('',#17862,#7099);
#5965=LINE('',#17863,#7100);
#5966=LINE('',#17865,#7101);
#5967=LINE('',#17867,#7102);
#5968=LINE('',#17868,#7103);
#5969=LINE('',#17870,#7104);
#5970=LINE('',#17872,#7105);
#5971=LINE('',#17873,#7106);
#5972=LINE('',#17875,#7107);
#5973=LINE('',#17877,#7108);
#5974=LINE('',#17878,#7109);
#5975=LINE('',#17880,#7110);
#5976=LINE('',#17882,#7111);
#5977=LINE('',#17883,#7112);
#5978=LINE('',#17885,#7113);
#5979=LINE('',#17887,#7114);
#5980=LINE('',#17888,#7115);
#5981=LINE('',#17890,#7116);
#5982=LINE('',#17892,#7117);
#5983=LINE('',#17893,#7118);
#5984=LINE('',#17895,#7119);
#5985=LINE('',#17897,#7120);
#5986=LINE('',#17898,#7121);
#5987=LINE('',#17900,#7122);
#5988=LINE('',#17902,#7123);
#5989=LINE('',#17903,#7124);
#5990=LINE('',#17905,#7125);
#5991=LINE('',#17907,#7126);
#5992=LINE('',#17908,#7127);
#5993=LINE('',#17910,#7128);
#5994=LINE('',#17912,#7129);
#5995=LINE('',#17913,#7130);
#5996=LINE('',#17915,#7131);
#5997=LINE('',#17917,#7132);
#5998=LINE('',#17919,#7133);
#5999=LINE('',#17921,#7134);
#6000=LINE('',#17923,#7135);
#6001=LINE('',#17925,#7136);
#6002=LINE('',#17932,#7137);
#6003=LINE('',#17936,#7138);
#6004=LINE('',#17937,#7139);
#6005=LINE('',#17939,#7140);
#6006=LINE('',#17941,#7141);
#6007=LINE('',#17946,#7142);
#6008=LINE('',#17948,#7143);
#6009=LINE('',#17950,#7144);
#6010=LINE('',#17952,#7145);
#6011=LINE('',#17954,#7146);
#6012=LINE('',#17958,#7147);
#6013=LINE('',#17963,#7148);
#6014=LINE('',#17965,#7149);
#6015=LINE('',#17967,#7150);
#6016=LINE('',#17969,#7151);
#6017=LINE('',#17972,#7152);
#6018=LINE('',#17975,#7153);
#6019=LINE('',#17977,#7154);
#6020=LINE('',#17979,#7155);
#6021=LINE('',#17984,#7156);
#6022=LINE('',#17986,#7157);
#6023=LINE('',#17989,#7158);
#6024=LINE('',#17991,#7159);
#6025=LINE('',#17993,#7160);
#6026=LINE('',#17997,#7161);
#6027=LINE('',#17999,#7162);
#6028=LINE('',#18003,#7163);
#6029=LINE('',#18006,#7164);
#6030=LINE('',#18009,#7165);
#6031=LINE('',#18011,#7166);
#6032=LINE('',#18013,#7167);
#6033=LINE('',#18018,#7168);
#6034=LINE('',#18020,#7169);
#6035=LINE('',#18023,#7170);
#6036=LINE('',#18025,#7171);
#6037=LINE('',#18027,#7172);
#6038=LINE('',#18031,#7173);
#6039=LINE('',#18033,#7174);
#6040=LINE('',#18037,#7175);
#6041=LINE('',#18040,#7176);
#6042=LINE('',#18043,#7177);
#6043=LINE('',#18045,#7178);
#6044=LINE('',#18047,#7179);
#6045=LINE('',#18052,#7180);
#6046=LINE('',#18054,#7181);
#6047=LINE('',#18057,#7182);
#6048=LINE('',#18059,#7183);
#6049=LINE('',#18061,#7184);
#6050=LINE('',#18065,#7185);
#6051=LINE('',#18067,#7186);
#6052=LINE('',#18071,#7187);
#6053=LINE('',#18074,#7188);
#6054=LINE('',#18077,#7189);
#6055=LINE('',#18079,#7190);
#6056=LINE('',#18081,#7191);
#6057=LINE('',#18086,#7192);
#6058=LINE('',#18088,#7193);
#6059=LINE('',#18091,#7194);
#6060=LINE('',#18093,#7195);
#6061=LINE('',#18095,#7196);
#6062=LINE('',#18099,#7197);
#6063=LINE('',#18101,#7198);
#6064=LINE('',#18105,#7199);
#6065=LINE('',#18108,#7200);
#6066=LINE('',#18111,#7201);
#6067=LINE('',#18113,#7202);
#6068=LINE('',#18115,#7203);
#6069=LINE('',#18120,#7204);
#6070=LINE('',#18122,#7205);
#6071=LINE('',#18125,#7206);
#6072=LINE('',#18127,#7207);
#6073=LINE('',#18129,#7208);
#6074=LINE('',#18133,#7209);
#6075=LINE('',#18135,#7210);
#6076=LINE('',#18139,#7211);
#6077=LINE('',#18142,#7212);
#6078=LINE('',#18145,#7213);
#6079=LINE('',#18147,#7214);
#6080=LINE('',#18149,#7215);
#6081=LINE('',#18154,#7216);
#6082=LINE('',#18156,#7217);
#6083=LINE('',#18159,#7218);
#6084=LINE('',#18161,#7219);
#6085=LINE('',#18163,#7220);
#6086=LINE('',#18167,#7221);
#6087=LINE('',#18169,#7222);
#6088=LINE('',#18173,#7223);
#6089=LINE('',#18176,#7224);
#6090=LINE('',#18179,#7225);
#6091=LINE('',#18181,#7226);
#6092=LINE('',#18183,#7227);
#6093=LINE('',#18188,#7228);
#6094=LINE('',#18190,#7229);
#6095=LINE('',#18193,#7230);
#6096=LINE('',#18195,#7231);
#6097=LINE('',#18197,#7232);
#6098=LINE('',#18201,#7233);
#6099=LINE('',#18203,#7234);
#6100=LINE('',#18207,#7235);
#6101=LINE('',#18210,#7236);
#6102=LINE('',#18213,#7237);
#6103=LINE('',#18215,#7238);
#6104=LINE('',#18217,#7239);
#6105=LINE('',#18222,#7240);
#6106=LINE('',#18224,#7241);
#6107=LINE('',#18227,#7242);
#6108=LINE('',#18229,#7243);
#6109=LINE('',#18231,#7244);
#6110=LINE('',#18235,#7245);
#6111=LINE('',#18237,#7246);
#6112=LINE('',#18241,#7247);
#6113=LINE('',#18244,#7248);
#6114=LINE('',#18247,#7249);
#6115=LINE('',#18249,#7250);
#6116=LINE('',#18251,#7251);
#6117=LINE('',#18256,#7252);
#6118=LINE('',#18258,#7253);
#6119=LINE('',#18261,#7254);
#6120=LINE('',#18263,#7255);
#6121=LINE('',#18265,#7256);
#6122=LINE('',#18269,#7257);
#6123=LINE('',#18271,#7258);
#6124=LINE('',#18275,#7259);
#6125=LINE('',#18278,#7260);
#6126=LINE('',#18281,#7261);
#6127=LINE('',#18283,#7262);
#6128=LINE('',#18285,#7263);
#6129=LINE('',#18290,#7264);
#6130=LINE('',#18292,#7265);
#6131=LINE('',#18295,#7266);
#6132=LINE('',#18297,#7267);
#6133=LINE('',#18299,#7268);
#6134=LINE('',#18303,#7269);
#6135=LINE('',#18305,#7270);
#6136=LINE('',#18309,#7271);
#6137=LINE('',#18312,#7272);
#6138=LINE('',#18315,#7273);
#6139=LINE('',#18317,#7274);
#6140=LINE('',#18319,#7275);
#6141=LINE('',#18324,#7276);
#6142=LINE('',#18326,#7277);
#6143=LINE('',#18329,#7278);
#6144=LINE('',#18331,#7279);
#6145=LINE('',#18333,#7280);
#6146=LINE('',#18337,#7281);
#6147=LINE('',#18339,#7282);
#6148=LINE('',#18343,#7283);
#6149=LINE('',#18346,#7284);
#6150=LINE('',#18348,#7285);
#6151=LINE('',#18352,#7286);
#6152=LINE('',#18356,#7287);
#6153=LINE('',#18358,#7288);
#6154=LINE('',#18362,#7289);
#6155=LINE('',#18364,#7290);
#6156=LINE('',#18366,#7291);
#6157=LINE('',#18368,#7292);
#6158=LINE('',#18370,#7293);
#6159=LINE('',#18372,#7294);
#6160=LINE('',#18374,#7295);
#6161=LINE('',#18379,#7296);
#6162=LINE('',#18382,#7297);
#6163=LINE('',#18385,#7298);
#6164=LINE('',#18388,#7299);
#6165=LINE('',#18391,#7300);
#6166=LINE('',#18394,#7301);
#6167=LINE('',#18397,#7302);
#6168=LINE('',#18400,#7303);
#6169=LINE('',#18403,#7304);
#6170=LINE('',#18406,#7305);
#6171=LINE('',#18409,#7306);
#6172=LINE('',#18412,#7307);
#6173=LINE('',#18415,#7308);
#6174=LINE('',#18418,#7309);
#6175=LINE('',#18421,#7310);
#6176=LINE('',#18424,#7311);
#6177=LINE('',#18427,#7312);
#6178=LINE('',#18430,#7313);
#6179=LINE('',#18433,#7314);
#6180=LINE('',#18436,#7315);
#6181=LINE('',#18439,#7316);
#6182=LINE('',#18442,#7317);
#6183=LINE('',#18445,#7318);
#6184=LINE('',#18448,#7319);
#6185=LINE('',#18451,#7320);
#6186=LINE('',#18453,#7321);
#6187=LINE('',#18455,#7322);
#6188=LINE('',#18457,#7323);
#6189=LINE('',#18459,#7324);
#6190=LINE('',#18461,#7325);
#6191=LINE('',#18463,#7326);
#6192=LINE('',#18465,#7327);
#6193=LINE('',#18468,#7328);
#6194=LINE('',#18470,#7329);
#6195=LINE('',#18472,#7330);
#6196=LINE('',#18474,#7331);
#6197=LINE('',#18476,#7332);
#6198=LINE('',#18478,#7333);
#6199=LINE('',#18480,#7334);
#6200=LINE('',#18482,#7335);
#6201=LINE('',#18485,#7336);
#6202=LINE('',#18487,#7337);
#6203=LINE('',#18489,#7338);
#6204=LINE('',#18491,#7339);
#6205=LINE('',#18493,#7340);
#6206=LINE('',#18495,#7341);
#6207=LINE('',#18497,#7342);
#6208=LINE('',#18499,#7343);
#6209=LINE('',#18502,#7344);
#6210=LINE('',#18504,#7345);
#6211=LINE('',#18506,#7346);
#6212=LINE('',#18508,#7347);
#6213=LINE('',#18510,#7348);
#6214=LINE('',#18512,#7349);
#6215=LINE('',#18514,#7350);
#6216=LINE('',#18516,#7351);
#6217=LINE('',#18519,#7352);
#6218=LINE('',#18521,#7353);
#6219=LINE('',#18523,#7354);
#6220=LINE('',#18525,#7355);
#6221=LINE('',#18527,#7356);
#6222=LINE('',#18529,#7357);
#6223=LINE('',#18531,#7358);
#6224=LINE('',#18533,#7359);
#6225=LINE('',#18536,#7360);
#6226=LINE('',#18538,#7361);
#6227=LINE('',#18540,#7362);
#6228=LINE('',#18542,#7363);
#6229=LINE('',#18544,#7364);
#6230=LINE('',#18546,#7365);
#6231=LINE('',#18548,#7366);
#6232=LINE('',#18550,#7367);
#6233=LINE('',#18553,#7368);
#6234=LINE('',#18555,#7369);
#6235=LINE('',#18557,#7370);
#6236=LINE('',#18559,#7371);
#6237=LINE('',#18561,#7372);
#6238=LINE('',#18563,#7373);
#6239=LINE('',#18565,#7374);
#6240=LINE('',#18567,#7375);
#6241=LINE('',#18570,#7376);
#6242=LINE('',#18572,#7377);
#6243=LINE('',#18574,#7378);
#6244=LINE('',#18576,#7379);
#6245=LINE('',#18578,#7380);
#6246=LINE('',#18580,#7381);
#6247=LINE('',#18582,#7382);
#6248=LINE('',#18584,#7383);
#6249=LINE('',#18587,#7384);
#6250=LINE('',#18589,#7385);
#6251=LINE('',#18591,#7386);
#6252=LINE('',#18593,#7387);
#6253=LINE('',#18595,#7388);
#6254=LINE('',#18597,#7389);
#6255=LINE('',#18599,#7390);
#6256=LINE('',#18601,#7391);
#6257=LINE('',#18604,#7392);
#6258=LINE('',#18606,#7393);
#6259=LINE('',#18608,#7394);
#6260=LINE('',#18610,#7395);
#6261=LINE('',#18612,#7396);
#6262=LINE('',#18614,#7397);
#6263=LINE('',#18616,#7398);
#6264=LINE('',#18618,#7399);
#6265=LINE('',#18621,#7400);
#6266=LINE('',#18623,#7401);
#6267=LINE('',#18625,#7402);
#6268=LINE('',#18627,#7403);
#6269=LINE('',#18629,#7404);
#6270=LINE('',#18631,#7405);
#6271=LINE('',#18633,#7406);
#6272=LINE('',#18635,#7407);
#6273=LINE('',#18638,#7408);
#6274=LINE('',#18640,#7409);
#6275=LINE('',#18642,#7410);
#6276=LINE('',#18644,#7411);
#6277=LINE('',#18646,#7412);
#6278=LINE('',#18648,#7413);
#6279=LINE('',#18650,#7414);
#6280=LINE('',#18652,#7415);
#6281=LINE('',#18655,#7416);
#6282=LINE('',#18657,#7417);
#6283=LINE('',#18659,#7418);
#6284=LINE('',#18661,#7419);
#6285=LINE('',#18664,#7420);
#6286=LINE('',#18666,#7421);
#6287=LINE('',#18667,#7422);
#6288=LINE('',#18669,#7423);
#6289=LINE('',#18671,#7424);
#6290=LINE('',#18674,#7425);
#6291=LINE('',#18676,#7426);
#6292=LINE('',#18680,#7427);
#6293=LINE('',#18682,#7428);
#6294=LINE('',#18684,#7429);
#6295=LINE('',#18686,#7430);
#6296=LINE('',#18688,#7431);
#6297=LINE('',#18690,#7432);
#6298=LINE('',#18694,#7433);
#6299=LINE('',#18696,#7434);
#6300=LINE('',#18699,#7435);
#6301=LINE('',#18700,#7436);
#6302=LINE('',#18702,#7437);
#6303=LINE('',#18703,#7438);
#6304=LINE('',#18705,#7439);
#6305=LINE('',#18710,#7440);
#6306=LINE('',#18712,#7441);
#6307=LINE('',#18714,#7442);
#6308=LINE('',#18716,#7443);
#6309=LINE('',#18718,#7444);
#6310=LINE('',#18721,#7445);
#6311=LINE('',#18723,#7446);
#6312=LINE('',#18724,#7447);
#6313=LINE('',#18726,#7448);
#6314=LINE('',#18728,#7449);
#6315=LINE('',#18731,#7450);
#6316=LINE('',#18733,#7451);
#6317=LINE('',#18737,#7452);
#6318=LINE('',#18739,#7453);
#6319=LINE('',#18741,#7454);
#6320=LINE('',#18743,#7455);
#6321=LINE('',#18745,#7456);
#6322=LINE('',#18747,#7457);
#6323=LINE('',#18751,#7458);
#6324=LINE('',#18753,#7459);
#6325=LINE('',#18756,#7460);
#6326=LINE('',#18757,#7461);
#6327=LINE('',#18759,#7462);
#6328=LINE('',#18760,#7463);
#6329=LINE('',#18762,#7464);
#6330=LINE('',#18767,#7465);
#6331=LINE('',#18769,#7466);
#6332=LINE('',#18771,#7467);
#6333=LINE('',#18773,#7468);
#6334=LINE('',#18775,#7469);
#6335=LINE('',#18778,#7470);
#6336=LINE('',#18780,#7471);
#6337=LINE('',#18781,#7472);
#6338=LINE('',#18783,#7473);
#6339=LINE('',#18785,#7474);
#6340=LINE('',#18788,#7475);
#6341=LINE('',#18790,#7476);
#6342=LINE('',#18794,#7477);
#6343=LINE('',#18796,#7478);
#6344=LINE('',#18798,#7479);
#6345=LINE('',#18800,#7480);
#6346=LINE('',#18802,#7481);
#6347=LINE('',#18804,#7482);
#6348=LINE('',#18808,#7483);
#6349=LINE('',#18810,#7484);
#6350=LINE('',#18813,#7485);
#6351=LINE('',#18814,#7486);
#6352=LINE('',#18816,#7487);
#6353=LINE('',#18817,#7488);
#6354=LINE('',#18819,#7489);
#6355=LINE('',#18824,#7490);
#6356=LINE('',#18826,#7491);
#6357=LINE('',#18828,#7492);
#6358=LINE('',#18830,#7493);
#6359=LINE('',#18832,#7494);
#6360=LINE('',#18835,#7495);
#6361=LINE('',#18837,#7496);
#6362=LINE('',#18838,#7497);
#6363=LINE('',#18840,#7498);
#6364=LINE('',#18842,#7499);
#6365=LINE('',#18845,#7500);
#6366=LINE('',#18847,#7501);
#6367=LINE('',#18851,#7502);
#6368=LINE('',#18853,#7503);
#6369=LINE('',#18855,#7504);
#6370=LINE('',#18857,#7505);
#6371=LINE('',#18859,#7506);
#6372=LINE('',#18861,#7507);
#6373=LINE('',#18865,#7508);
#6374=LINE('',#18867,#7509);
#6375=LINE('',#18870,#7510);
#6376=LINE('',#18871,#7511);
#6377=LINE('',#18873,#7512);
#6378=LINE('',#18874,#7513);
#6379=LINE('',#18876,#7514);
#6380=LINE('',#18881,#7515);
#6381=LINE('',#18883,#7516);
#6382=LINE('',#18885,#7517);
#6383=LINE('',#18887,#7518);
#6384=LINE('',#18889,#7519);
#6385=LINE('',#18892,#7520);
#6386=LINE('',#18894,#7521);
#6387=LINE('',#18895,#7522);
#6388=LINE('',#18897,#7523);
#6389=LINE('',#18899,#7524);
#6390=LINE('',#18902,#7525);
#6391=LINE('',#18904,#7526);
#6392=LINE('',#18908,#7527);
#6393=LINE('',#18910,#7528);
#6394=LINE('',#18912,#7529);
#6395=LINE('',#18914,#7530);
#6396=LINE('',#18916,#7531);
#6397=LINE('',#18918,#7532);
#6398=LINE('',#18922,#7533);
#6399=LINE('',#18924,#7534);
#6400=LINE('',#18927,#7535);
#6401=LINE('',#18928,#7536);
#6402=LINE('',#18930,#7537);
#6403=LINE('',#18931,#7538);
#6404=LINE('',#18933,#7539);
#6405=LINE('',#18938,#7540);
#6406=LINE('',#18940,#7541);
#6407=LINE('',#18942,#7542);
#6408=LINE('',#18944,#7543);
#6409=LINE('',#18946,#7544);
#6410=LINE('',#18949,#7545);
#6411=LINE('',#18951,#7546);
#6412=LINE('',#18952,#7547);
#6413=LINE('',#18954,#7548);
#6414=LINE('',#18956,#7549);
#6415=LINE('',#18959,#7550);
#6416=LINE('',#18961,#7551);
#6417=LINE('',#18965,#7552);
#6418=LINE('',#18967,#7553);
#6419=LINE('',#18969,#7554);
#6420=LINE('',#18971,#7555);
#6421=LINE('',#18973,#7556);
#6422=LINE('',#18975,#7557);
#6423=LINE('',#18979,#7558);
#6424=LINE('',#18981,#7559);
#6425=LINE('',#18984,#7560);
#6426=LINE('',#18985,#7561);
#6427=LINE('',#18987,#7562);
#6428=LINE('',#18988,#7563);
#6429=LINE('',#18990,#7564);
#6430=LINE('',#18995,#7565);
#6431=LINE('',#18997,#7566);
#6432=LINE('',#18999,#7567);
#6433=LINE('',#19001,#7568);
#6434=LINE('',#19003,#7569);
#6435=LINE('',#19006,#7570);
#6436=LINE('',#19008,#7571);
#6437=LINE('',#19009,#7572);
#6438=LINE('',#19011,#7573);
#6439=LINE('',#19013,#7574);
#6440=LINE('',#19016,#7575);
#6441=LINE('',#19018,#7576);
#6442=LINE('',#19022,#7577);
#6443=LINE('',#19024,#7578);
#6444=LINE('',#19026,#7579);
#6445=LINE('',#19028,#7580);
#6446=LINE('',#19030,#7581);
#6447=LINE('',#19032,#7582);
#6448=LINE('',#19036,#7583);
#6449=LINE('',#19038,#7584);
#6450=LINE('',#19041,#7585);
#6451=LINE('',#19042,#7586);
#6452=LINE('',#19044,#7587);
#6453=LINE('',#19045,#7588);
#6454=LINE('',#19047,#7589);
#6455=LINE('',#19052,#7590);
#6456=LINE('',#19054,#7591);
#6457=LINE('',#19056,#7592);
#6458=LINE('',#19058,#7593);
#6459=LINE('',#19060,#7594);
#6460=LINE('',#19063,#7595);
#6461=LINE('',#19065,#7596);
#6462=LINE('',#19066,#7597);
#6463=LINE('',#19068,#7598);
#6464=LINE('',#19070,#7599);
#6465=LINE('',#19073,#7600);
#6466=LINE('',#19075,#7601);
#6467=LINE('',#19079,#7602);
#6468=LINE('',#19081,#7603);
#6469=LINE('',#19083,#7604);
#6470=LINE('',#19085,#7605);
#6471=LINE('',#19087,#7606);
#6472=LINE('',#19089,#7607);
#6473=LINE('',#19093,#7608);
#6474=LINE('',#19095,#7609);
#6475=LINE('',#19098,#7610);
#6476=LINE('',#19099,#7611);
#6477=LINE('',#19101,#7612);
#6478=LINE('',#19102,#7613);
#6479=LINE('',#19104,#7614);
#6480=LINE('',#19109,#7615);
#6481=LINE('',#19111,#7616);
#6482=LINE('',#19113,#7617);
#6483=LINE('',#19115,#7618);
#6484=LINE('',#19117,#7619);
#6485=LINE('',#19120,#7620);
#6486=LINE('',#19122,#7621);
#6487=LINE('',#19123,#7622);
#6488=LINE('',#19125,#7623);
#6489=LINE('',#19127,#7624);
#6490=LINE('',#19130,#7625);
#6491=LINE('',#19132,#7626);
#6492=LINE('',#19136,#7627);
#6493=LINE('',#19138,#7628);
#6494=LINE('',#19140,#7629);
#6495=LINE('',#19142,#7630);
#6496=LINE('',#19144,#7631);
#6497=LINE('',#19146,#7632);
#6498=LINE('',#19150,#7633);
#6499=LINE('',#19152,#7634);
#6500=LINE('',#19155,#7635);
#6501=LINE('',#19156,#7636);
#6502=LINE('',#19158,#7637);
#6503=LINE('',#19159,#7638);
#6504=LINE('',#19161,#7639);
#6505=LINE('',#19166,#7640);
#6506=LINE('',#19168,#7641);
#6507=LINE('',#19170,#7642);
#6508=LINE('',#19172,#7643);
#6509=LINE('',#19174,#7644);
#6510=LINE('',#19177,#7645);
#6511=LINE('',#19179,#7646);
#6512=LINE('',#19180,#7647);
#6513=LINE('',#19182,#7648);
#6514=LINE('',#19184,#7649);
#6515=LINE('',#19187,#7650);
#6516=LINE('',#19189,#7651);
#6517=LINE('',#19193,#7652);
#6518=LINE('',#19195,#7653);
#6519=LINE('',#19197,#7654);
#6520=LINE('',#19199,#7655);
#6521=LINE('',#19201,#7656);
#6522=LINE('',#19203,#7657);
#6523=LINE('',#19207,#7658);
#6524=LINE('',#19209,#7659);
#6525=LINE('',#19212,#7660);
#6526=LINE('',#19213,#7661);
#6527=LINE('',#19215,#7662);
#6528=LINE('',#19216,#7663);
#6529=LINE('',#19218,#7664);
#6530=LINE('',#19223,#7665);
#6531=LINE('',#19225,#7666);
#6532=LINE('',#19227,#7667);
#6533=LINE('',#19229,#7668);
#6534=LINE('',#19231,#7669);
#6535=LINE('',#19234,#7670);
#6536=LINE('',#19236,#7671);
#6537=LINE('',#19237,#7672);
#6538=LINE('',#19239,#7673);
#6539=LINE('',#19241,#7674);
#6540=LINE('',#19244,#7675);
#6541=LINE('',#19246,#7676);
#6542=LINE('',#19250,#7677);
#6543=LINE('',#19252,#7678);
#6544=LINE('',#19254,#7679);
#6545=LINE('',#19256,#7680);
#6546=LINE('',#19258,#7681);
#6547=LINE('',#19260,#7682);
#6548=LINE('',#19264,#7683);
#6549=LINE('',#19266,#7684);
#6550=LINE('',#19269,#7685);
#6551=LINE('',#19270,#7686);
#6552=LINE('',#19272,#7687);
#6553=LINE('',#19273,#7688);
#6554=LINE('',#19275,#7689);
#6555=LINE('',#19280,#7690);
#6556=LINE('',#19282,#7691);
#6557=LINE('',#19284,#7692);
#6558=LINE('',#19286,#7693);
#6559=LINE('',#19288,#7694);
#6560=LINE('',#19291,#7695);
#6561=LINE('',#19293,#7696);
#6562=LINE('',#19294,#7697);
#6563=LINE('',#19296,#7698);
#6564=LINE('',#19298,#7699);
#6565=LINE('',#19301,#7700);
#6566=LINE('',#19303,#7701);
#6567=LINE('',#19307,#7702);
#6568=LINE('',#19309,#7703);
#6569=LINE('',#19311,#7704);
#6570=LINE('',#19313,#7705);
#6571=LINE('',#19315,#7706);
#6572=LINE('',#19317,#7707);
#6573=LINE('',#19321,#7708);
#6574=LINE('',#19323,#7709);
#6575=LINE('',#19326,#7710);
#6576=LINE('',#19327,#7711);
#6577=LINE('',#19329,#7712);
#6578=LINE('',#19330,#7713);
#6579=LINE('',#19332,#7714);
#6580=LINE('',#19337,#7715);
#6581=LINE('',#19339,#7716);
#6582=LINE('',#19340,#7717);
#6583=LINE('',#19344,#7718);
#6584=LINE('',#19345,#7719);
#6585=LINE('',#19349,#7720);
#6586=LINE('',#19350,#7721);
#6587=LINE('',#19354,#7722);
#6588=LINE('',#19355,#7723);
#6589=LINE('',#19359,#7724);
#6590=LINE('',#19360,#7725);
#6591=LINE('',#19364,#7726);
#6592=LINE('',#19365,#7727);
#6593=LINE('',#19369,#7728);
#6594=LINE('',#19370,#7729);
#6595=LINE('',#19374,#7730);
#6596=LINE('',#19375,#7731);
#6597=LINE('',#19379,#7732);
#6598=LINE('',#19380,#7733);
#6599=LINE('',#19384,#7734);
#6600=LINE('',#19385,#7735);
#6601=LINE('',#19389,#7736);
#6602=LINE('',#19390,#7737);
#6603=LINE('',#19394,#7738);
#6604=LINE('',#19395,#7739);
#6605=VECTOR('',#13902,1000.);
#6606=VECTOR('',#13903,1000.);
#6607=VECTOR('',#13904,1000.);
#6608=VECTOR('',#13907,1000.);
#6609=VECTOR('',#13908,1000.);
#6610=VECTOR('',#13909,1000.);
#6611=VECTOR('',#13912,1000.);
#6612=VECTOR('',#13913,1000.);
#6613=VECTOR('',#13914,1000.);
#6614=VECTOR('',#13917,1000.);
#6615=VECTOR('',#13918,1000.);
#6616=VECTOR('',#13919,1000.);
#6617=VECTOR('',#13922,1000.);
#6618=VECTOR('',#13923,1000.);
#6619=VECTOR('',#13924,1000.);
#6620=VECTOR('',#13927,1000.);
#6621=VECTOR('',#13928,1000.);
#6622=VECTOR('',#13929,1000.);
#6623=VECTOR('',#13932,1000.);
#6624=VECTOR('',#13933,1000.);
#6625=VECTOR('',#13934,1000.);
#6626=VECTOR('',#13937,1000.);
#6627=VECTOR('',#13938,1000.);
#6628=VECTOR('',#13939,1000.);
#6629=VECTOR('',#13942,1000.);
#6630=VECTOR('',#13943,1000.);
#6631=VECTOR('',#13944,1000.);
#6632=VECTOR('',#13947,1000.);
#6633=VECTOR('',#13948,1000.);
#6634=VECTOR('',#13949,1000.);
#6635=VECTOR('',#13952,1000.);
#6636=VECTOR('',#13953,1000.);
#6637=VECTOR('',#13954,1000.);
#6638=VECTOR('',#13957,1000.);
#6639=VECTOR('',#13958,1000.);
#6640=VECTOR('',#13959,1000.);
#6641=VECTOR('',#13962,1000.);
#6642=VECTOR('',#13963,1000.);
#6643=VECTOR('',#13964,1000.);
#6644=VECTOR('',#13965,1000.);
#6645=VECTOR('',#13966,1000.);
#6646=VECTOR('',#13967,1000.);
#6647=VECTOR('',#13968,1000.);
#6648=VECTOR('',#13969,1000.);
#6649=VECTOR('',#13970,1000.);
#6650=VECTOR('',#13971,1000.);
#6651=VECTOR('',#13972,1000.);
#6652=VECTOR('',#13973,1000.);
#6653=VECTOR('',#13974,1000.);
#6654=VECTOR('',#13975,1000.);
#6655=VECTOR('',#13976,1000.);
#6656=VECTOR('',#13977,1000.);
#6657=VECTOR('',#13978,1000.);
#6658=VECTOR('',#13979,1000.);
#6659=VECTOR('',#13980,1000.);
#6660=VECTOR('',#13981,1000.);
#6661=VECTOR('',#13982,1000.);
#6662=VECTOR('',#13983,1000.);
#6663=VECTOR('',#13984,1000.);
#6664=VECTOR('',#13985,1000.);
#6665=VECTOR('',#13986,1000.);
#6666=VECTOR('',#13989,1000.);
#6667=VECTOR('',#13990,1000.);
#6668=VECTOR('',#13991,1000.);
#6669=VECTOR('',#13994,1000.);
#6670=VECTOR('',#13995,1000.);
#6671=VECTOR('',#13996,1000.);
#6672=VECTOR('',#13997,1000.);
#6673=VECTOR('',#13998,1000.);
#6674=VECTOR('',#13999,1000.);
#6675=VECTOR('',#14000,1000.);
#6676=VECTOR('',#14003,1000.);
#6677=VECTOR('',#14004,1000.);
#6678=VECTOR('',#14005,1000.);
#6679=VECTOR('',#14008,1000.);
#6680=VECTOR('',#14009,1000.);
#6681=VECTOR('',#14010,1000.);
#6682=VECTOR('',#14013,1000.);
#6683=VECTOR('',#14014,1000.);
#6684=VECTOR('',#14015,1000.);
#6685=VECTOR('',#14018,1000.);
#6686=VECTOR('',#14019,1000.);
#6687=VECTOR('',#14020,1000.);
#6688=VECTOR('',#14023,1000.);
#6689=VECTOR('',#14024,1000.);
#6690=VECTOR('',#14025,1000.);
#6691=VECTOR('',#14028,1000.);
#6692=VECTOR('',#14029,1000.);
#6693=VECTOR('',#14030,1000.);
#6694=VECTOR('',#14033,1000.);
#6695=VECTOR('',#14034,1000.);
#6696=VECTOR('',#14035,1000.);
#6697=VECTOR('',#14038,1000.);
#6698=VECTOR('',#14039,1000.);
#6699=VECTOR('',#14040,1000.);
#6700=VECTOR('',#14043,1000.);
#6701=VECTOR('',#14044,1000.);
#6702=VECTOR('',#14045,1000.);
#6703=VECTOR('',#14048,1000.);
#6704=VECTOR('',#14049,1000.);
#6705=VECTOR('',#14050,1000.);
#6706=VECTOR('',#14051,1000.);
#6707=VECTOR('',#14052,1000.);
#6708=VECTOR('',#14053,1000.);
#6709=VECTOR('',#14054,1000.);
#6710=VECTOR('',#14055,1000.);
#6711=VECTOR('',#14056,1000.);
#6712=VECTOR('',#14057,1000.);
#6713=VECTOR('',#14058,1000.);
#6714=VECTOR('',#14059,1000.);
#6715=VECTOR('',#14060,1000.);
#6716=VECTOR('',#14061,1000.);
#6717=VECTOR('',#14062,1000.);
#6718=VECTOR('',#14063,1000.);
#6719=VECTOR('',#14064,1000.);
#6720=VECTOR('',#14065,1000.);
#6721=VECTOR('',#14066,1000.);
#6722=VECTOR('',#14067,1000.);
#6723=VECTOR('',#14068,1000.);
#6724=VECTOR('',#14069,1000.);
#6725=VECTOR('',#14070,1000.);
#6726=VECTOR('',#14071,1000.);
#6727=VECTOR('',#14072,1000.);
#6728=VECTOR('',#14073,1000.);
#6729=VECTOR('',#14078,1000.);
#6730=VECTOR('',#14083,1000.);
#6731=VECTOR('',#14084,1000.);
#6732=VECTOR('',#14085,1000.);
#6733=VECTOR('',#14088,1000.);
#6734=VECTOR('',#14089,1000.);
#6735=VECTOR('',#14090,1000.);
#6736=VECTOR('',#14093,1000.);
#6737=VECTOR('',#14094,1000.);
#6738=VECTOR('',#14095,1000.);
#6739=VECTOR('',#14098,1000.);
#6740=VECTOR('',#14099,1000.);
#6741=VECTOR('',#14100,1000.);
#6742=VECTOR('',#14103,1000.);
#6743=VECTOR('',#14104,1000.);
#6744=VECTOR('',#14105,1000.);
#6745=VECTOR('',#14108,1000.);
#6746=VECTOR('',#14109,1000.);
#6747=VECTOR('',#14110,1000.);
#6748=VECTOR('',#14113,1000.);
#6749=VECTOR('',#14114,1000.);
#6750=VECTOR('',#14115,1000.);
#6751=VECTOR('',#14118,1000.);
#6752=VECTOR('',#14119,1000.);
#6753=VECTOR('',#14120,1000.);
#6754=VECTOR('',#14123,1000.);
#6755=VECTOR('',#14124,1000.);
#6756=VECTOR('',#14125,1000.);
#6757=VECTOR('',#14128,1000.);
#6758=VECTOR('',#14129,1000.);
#6759=VECTOR('',#14130,1000.);
#6760=VECTOR('',#14133,1000.);
#6761=VECTOR('',#14134,1000.);
#6762=VECTOR('',#14135,1000.);
#6763=VECTOR('',#14136,1000.);
#6764=VECTOR('',#14137,1000.);
#6765=VECTOR('',#14138,1000.);
#6766=VECTOR('',#14139,1000.);
#6767=VECTOR('',#14142,1000.);
#6768=VECTOR('',#14143,1000.);
#6769=VECTOR('',#14148,1000.);
#6770=VECTOR('',#14151,1000.);
#6771=VECTOR('',#14154,1000.);
#6772=VECTOR('',#14157,1000.);
#6773=VECTOR('',#14160,1000.);
#6774=VECTOR('',#14163,1000.);
#6775=VECTOR('',#14166,1000.);
#6776=VECTOR('',#14169,1000.);
#6777=VECTOR('',#14172,1000.);
#6778=VECTOR('',#14175,1000.);
#6779=VECTOR('',#14178,1000.);
#6780=VECTOR('',#14181,1000.);
#6781=VECTOR('',#14184,1000.);
#6782=VECTOR('',#14187,1000.);
#6783=VECTOR('',#14190,1000.);
#6784=VECTOR('',#14193,1000.);
#6785=VECTOR('',#14196,1000.);
#6786=VECTOR('',#14199,1000.);
#6787=VECTOR('',#14202,1000.);
#6788=VECTOR('',#14205,1000.);
#6789=VECTOR('',#14208,1000.);
#6790=VECTOR('',#14211,1000.);
#6791=VECTOR('',#14214,1000.);
#6792=VECTOR('',#14217,1000.);
#6793=VECTOR('',#14220,1000.);
#6794=VECTOR('',#14223,1000.);
#6795=VECTOR('',#14226,1000.);
#6796=VECTOR('',#14229,1000.);
#6797=VECTOR('',#14232,1000.);
#6798=VECTOR('',#14235,1000.);
#6799=VECTOR('',#14238,1000.);
#6800=VECTOR('',#14241,1000.);
#6801=VECTOR('',#14244,1000.);
#6802=VECTOR('',#14247,1000.);
#6803=VECTOR('',#14250,1000.);
#6804=VECTOR('',#14253,1000.);
#6805=VECTOR('',#14256,1000.);
#6806=VECTOR('',#14259,1000.);
#6807=VECTOR('',#14262,1000.);
#6808=VECTOR('',#14265,1000.);
#6809=VECTOR('',#14268,1000.);
#6810=VECTOR('',#14271,1000.);
#6811=VECTOR('',#14274,1000.);
#6812=VECTOR('',#14277,1000.);
#6813=VECTOR('',#14350,1000.);
#6814=VECTOR('',#14353,1000.);
#6815=VECTOR('',#14356,1000.);
#6816=VECTOR('',#14357,1000.);
#6817=VECTOR('',#14358,1000.);
#6818=VECTOR('',#14365,1000.);
#6819=VECTOR('',#14368,1000.);
#6820=VECTOR('',#14371,1000.);
#6821=VECTOR('',#14372,1000.);
#6822=VECTOR('',#14373,1000.);
#6823=VECTOR('',#14380,1000.);
#6824=VECTOR('',#14383,1000.);
#6825=VECTOR('',#14386,1000.);
#6826=VECTOR('',#14387,1000.);
#6827=VECTOR('',#14388,1000.);
#6828=VECTOR('',#14395,1000.);
#6829=VECTOR('',#14398,1000.);
#6830=VECTOR('',#14401,1000.);
#6831=VECTOR('',#14402,1000.);
#6832=VECTOR('',#14403,1000.);
#6833=VECTOR('',#14410,1000.);
#6834=VECTOR('',#14413,1000.);
#6835=VECTOR('',#14416,1000.);
#6836=VECTOR('',#14417,1000.);
#6837=VECTOR('',#14418,1000.);
#6838=VECTOR('',#14425,1000.);
#6839=VECTOR('',#14428,1000.);
#6840=VECTOR('',#14431,1000.);
#6841=VECTOR('',#14432,1000.);
#6842=VECTOR('',#14433,1000.);
#6843=VECTOR('',#14440,1000.);
#6844=VECTOR('',#14443,1000.);
#6845=VECTOR('',#14446,1000.);
#6846=VECTOR('',#14447,1000.);
#6847=VECTOR('',#14448,1000.);
#6848=VECTOR('',#14455,1000.);
#6849=VECTOR('',#14458,1000.);
#6850=VECTOR('',#14461,1000.);
#6851=VECTOR('',#14462,1000.);
#6852=VECTOR('',#14463,1000.);
#6853=VECTOR('',#14470,1000.);
#6854=VECTOR('',#14473,1000.);
#6855=VECTOR('',#14476,1000.);
#6856=VECTOR('',#14477,1000.);
#6857=VECTOR('',#14478,1000.);
#6858=VECTOR('',#14485,1000.);
#6859=VECTOR('',#14488,1000.);
#6860=VECTOR('',#14491,1000.);
#6861=VECTOR('',#14492,1000.);
#6862=VECTOR('',#14493,1000.);
#6863=VECTOR('',#14500,1000.);
#6864=VECTOR('',#14503,1000.);
#6865=VECTOR('',#14506,1000.);
#6866=VECTOR('',#14507,1000.);
#6867=VECTOR('',#14508,1000.);
#6868=VECTOR('',#14511,1000.);
#6869=VECTOR('',#14514,1000.);
#6870=VECTOR('',#14517,1000.);
#6871=VECTOR('',#14520,1000.);
#6872=VECTOR('',#14533,1000.);
#6873=VECTOR('',#14536,1000.);
#6874=VECTOR('',#14539,1000.);
#6875=VECTOR('',#14540,1000.);
#6876=VECTOR('',#14541,1000.);
#6877=VECTOR('',#14544,1000.);
#6878=VECTOR('',#14545,1000.);
#6879=VECTOR('',#14548,1000.);
#6880=VECTOR('',#14549,1000.);
#6881=VECTOR('',#14552,1000.);
#6882=VECTOR('',#14553,1000.);
#6883=VECTOR('',#14556,1000.);
#6884=VECTOR('',#14557,1000.);
#6885=VECTOR('',#14560,1000.);
#6886=VECTOR('',#14561,1000.);
#6887=VECTOR('',#14564,1000.);
#6888=VECTOR('',#14565,1000.);
#6889=VECTOR('',#14568,1000.);
#6890=VECTOR('',#14569,1000.);
#6891=VECTOR('',#14572,1000.);
#6892=VECTOR('',#14573,1000.);
#6893=VECTOR('',#14576,1000.);
#6894=VECTOR('',#14577,1000.);
#6895=VECTOR('',#14580,1000.);
#6896=VECTOR('',#14581,1000.);
#6897=VECTOR('',#14584,1000.);
#6898=VECTOR('',#14585,1000.);
#6899=VECTOR('',#14588,1000.);
#6900=VECTOR('',#14589,1000.);
#6901=VECTOR('',#14592,1000.);
#6902=VECTOR('',#14593,1000.);
#6903=VECTOR('',#14594,1000.);
#6904=VECTOR('',#14595,1000.);
#6905=VECTOR('',#14596,1000.);
#6906=VECTOR('',#14597,1000.);
#6907=VECTOR('',#14598,1000.);
#6908=VECTOR('',#14599,1000.);
#6909=VECTOR('',#14600,1000.);
#6910=VECTOR('',#14601,1000.);
#6911=VECTOR('',#14602,1000.);
#6912=VECTOR('',#14603,1000.);
#6913=VECTOR('',#14604,1000.);
#6914=VECTOR('',#14605,1000.);
#6915=VECTOR('',#14606,1000.);
#6916=VECTOR('',#14607,1000.);
#6917=VECTOR('',#14608,1000.);
#6918=VECTOR('',#14609,1000.);
#6919=VECTOR('',#14610,1000.);
#6920=VECTOR('',#14611,1000.);
#6921=VECTOR('',#14612,1000.);
#6922=VECTOR('',#14613,1000.);
#6923=VECTOR('',#14614,1000.);
#6924=VECTOR('',#14615,1000.);
#6925=VECTOR('',#14616,1000.);
#6926=VECTOR('',#14617,1000.);
#6927=VECTOR('',#14618,1000.);
#6928=VECTOR('',#14619,1000.);
#6929=VECTOR('',#14620,1000.);
#6930=VECTOR('',#14621,1000.);
#6931=VECTOR('',#14622,1000.);
#6932=VECTOR('',#14623,1000.);
#6933=VECTOR('',#14624,1000.);
#6934=VECTOR('',#14625,1000.);
#6935=VECTOR('',#14626,1000.);
#6936=VECTOR('',#14627,1000.);
#6937=VECTOR('',#14628,1000.);
#6938=VECTOR('',#14629,1000.);
#6939=VECTOR('',#14630,1000.);
#6940=VECTOR('',#14631,1000.);
#6941=VECTOR('',#14632,1000.);
#6942=VECTOR('',#14633,1000.);
#6943=VECTOR('',#14634,1000.);
#6944=VECTOR('',#14635,1000.);
#6945=VECTOR('',#14636,1000.);
#6946=VECTOR('',#14637,1000.);
#6947=VECTOR('',#14638,1000.);
#6948=VECTOR('',#14639,1000.);
#6949=VECTOR('',#14640,1000.);
#6950=VECTOR('',#14641,1000.);
#6951=VECTOR('',#14642,1000.);
#6952=VECTOR('',#14643,1000.);
#6953=VECTOR('',#14644,1000.);
#6954=VECTOR('',#14645,1000.);
#6955=VECTOR('',#14646,1000.);
#6956=VECTOR('',#14647,1000.);
#6957=VECTOR('',#14648,1000.);
#6958=VECTOR('',#14649,1000.);
#6959=VECTOR('',#14650,1000.);
#6960=VECTOR('',#14651,1000.);
#6961=VECTOR('',#14652,1000.);
#6962=VECTOR('',#14653,1000.);
#6963=VECTOR('',#14654,1000.);
#6964=VECTOR('',#14655,1000.);
#6965=VECTOR('',#14656,1000.);
#6966=VECTOR('',#14657,1000.);
#6967=VECTOR('',#14658,1000.);
#6968=VECTOR('',#14659,1000.);
#6969=VECTOR('',#14660,1000.);
#6970=VECTOR('',#14661,1000.);
#6971=VECTOR('',#14662,1000.);
#6972=VECTOR('',#14663,1000.);
#6973=VECTOR('',#14664,1000.);
#6974=VECTOR('',#14665,1000.);
#6975=VECTOR('',#14666,1000.);
#6976=VECTOR('',#14667,1000.);
#6977=VECTOR('',#14668,1000.);
#6978=VECTOR('',#14669,1000.);
#6979=VECTOR('',#14670,1000.);
#6980=VECTOR('',#14671,1000.);
#6981=VECTOR('',#14672,1000.);
#6982=VECTOR('',#14673,1000.);
#6983=VECTOR('',#14674,1000.);
#6984=VECTOR('',#14675,1000.);
#6985=VECTOR('',#14676,1000.);
#6986=VECTOR('',#14677,1000.);
#6987=VECTOR('',#14678,1000.);
#6988=VECTOR('',#14679,1000.);
#6989=VECTOR('',#14680,1000.);
#6990=VECTOR('',#14681,1000.);
#6991=VECTOR('',#14682,1000.);
#6992=VECTOR('',#14683,1000.);
#6993=VECTOR('',#14684,1000.);
#6994=VECTOR('',#14685,1000.);
#6995=VECTOR('',#14686,1000.);
#6996=VECTOR('',#14687,1000.);
#6997=VECTOR('',#14688,1000.);
#6998=VECTOR('',#14689,1000.);
#6999=VECTOR('',#14690,1000.);
#7000=VECTOR('',#14691,1000.);
#7001=VECTOR('',#14692,1000.);
#7002=VECTOR('',#14693,1000.);
#7003=VECTOR('',#14694,1000.);
#7004=VECTOR('',#14695,1000.);
#7005=VECTOR('',#14696,1000.);
#7006=VECTOR('',#14697,1000.);
#7007=VECTOR('',#14698,1000.);
#7008=VECTOR('',#14699,1000.);
#7009=VECTOR('',#14700,1000.);
#7010=VECTOR('',#14701,1000.);
#7011=VECTOR('',#14702,1000.);
#7012=VECTOR('',#14703,1000.);
#7013=VECTOR('',#14704,1000.);
#7014=VECTOR('',#14705,1000.);
#7015=VECTOR('',#14706,1000.);
#7016=VECTOR('',#14707,1000.);
#7017=VECTOR('',#14708,1000.);
#7018=VECTOR('',#14709,1000.);
#7019=VECTOR('',#14710,1000.);
#7020=VECTOR('',#14711,1000.);
#7021=VECTOR('',#14712,1000.);
#7022=VECTOR('',#14713,1000.);
#7023=VECTOR('',#14714,1000.);
#7024=VECTOR('',#14715,1000.);
#7025=VECTOR('',#14716,1000.);
#7026=VECTOR('',#14717,1000.);
#7027=VECTOR('',#14718,1000.);
#7028=VECTOR('',#14719,1000.);
#7029=VECTOR('',#14720,1000.);
#7030=VECTOR('',#14721,1000.);
#7031=VECTOR('',#14722,1000.);
#7032=VECTOR('',#14723,1000.);
#7033=VECTOR('',#14724,1000.);
#7034=VECTOR('',#14725,1000.);
#7035=VECTOR('',#14726,1000.);
#7036=VECTOR('',#14727,1000.);
#7037=VECTOR('',#14728,1000.);
#7038=VECTOR('',#14729,1000.);
#7039=VECTOR('',#14730,1000.);
#7040=VECTOR('',#14731,1000.);
#7041=VECTOR('',#14732,1000.);
#7042=VECTOR('',#14733,1000.);
#7043=VECTOR('',#14734,1000.);
#7044=VECTOR('',#14735,1000.);
#7045=VECTOR('',#14736,1000.);
#7046=VECTOR('',#14737,1000.);
#7047=VECTOR('',#14738,1000.);
#7048=VECTOR('',#14739,1000.);
#7049=VECTOR('',#14742,1000.);
#7050=VECTOR('',#14743,1000.);
#7051=VECTOR('',#14744,1000.);
#7052=VECTOR('',#14745,1000.);
#7053=VECTOR('',#14750,1000.);
#7054=VECTOR('',#14755,1000.);
#7055=VECTOR('',#14756,1000.);
#7056=VECTOR('',#14757,1000.);
#7057=VECTOR('',#14762,1000.);
#7058=VECTOR('',#14767,1000.);
#7059=VECTOR('',#14768,1000.);
#7060=VECTOR('',#14769,1000.);
#7061=VECTOR('',#14770,1000.);
#7062=VECTOR('',#14771,1000.);
#7063=VECTOR('',#14772,1000.);
#7064=VECTOR('',#14773,1000.);
#7065=VECTOR('',#14774,1000.);
#7066=VECTOR('',#14775,1000.);
#7067=VECTOR('',#14776,1000.);
#7068=VECTOR('',#14777,1000.);
#7069=VECTOR('',#14778,1000.);
#7070=VECTOR('',#14779,1000.);
#7071=VECTOR('',#14780,1000.);
#7072=VECTOR('',#14781,1000.);
#7073=VECTOR('',#14782,1000.);
#7074=VECTOR('',#14783,1000.);
#7075=VECTOR('',#14784,1000.);
#7076=VECTOR('',#14785,1000.);
#7077=VECTOR('',#14786,1000.);
#7078=VECTOR('',#14787,1000.);
#7079=VECTOR('',#14788,1000.);
#7080=VECTOR('',#14789,1000.);
#7081=VECTOR('',#14790,1000.);
#7082=VECTOR('',#14791,1000.);
#7083=VECTOR('',#14792,1000.);
#7084=VECTOR('',#14793,1000.);
#7085=VECTOR('',#14794,1000.);
#7086=VECTOR('',#14795,1000.);
#7087=VECTOR('',#14796,1000.);
#7088=VECTOR('',#14797,1000.);
#7089=VECTOR('',#14798,1000.);
#7090=VECTOR('',#14799,1000.);
#7091=VECTOR('',#14800,1000.);
#7092=VECTOR('',#14801,1000.);
#7093=VECTOR('',#14802,1000.);
#7094=VECTOR('',#14803,1000.);
#7095=VECTOR('',#14804,1000.);
#7096=VECTOR('',#14805,1000.);
#7097=VECTOR('',#14808,1000.);
#7098=VECTOR('',#14809,1000.);
#7099=VECTOR('',#14810,1000.);
#7100=VECTOR('',#14811,1000.);
#7101=VECTOR('',#14812,1000.);
#7102=VECTOR('',#14813,1000.);
#7103=VECTOR('',#14814,1000.);
#7104=VECTOR('',#14815,1000.);
#7105=VECTOR('',#14816,1000.);
#7106=VECTOR('',#14817,1000.);
#7107=VECTOR('',#14818,1000.);
#7108=VECTOR('',#14819,1000.);
#7109=VECTOR('',#14820,1000.);
#7110=VECTOR('',#14821,1000.);
#7111=VECTOR('',#14822,1000.);
#7112=VECTOR('',#14823,1000.);
#7113=VECTOR('',#14824,1000.);
#7114=VECTOR('',#14825,1000.);
#7115=VECTOR('',#14826,1000.);
#7116=VECTOR('',#14827,1000.);
#7117=VECTOR('',#14828,1000.);
#7118=VECTOR('',#14829,1000.);
#7119=VECTOR('',#14830,1000.);
#7120=VECTOR('',#14831,1000.);
#7121=VECTOR('',#14832,1000.);
#7122=VECTOR('',#14833,1000.);
#7123=VECTOR('',#14834,1000.);
#7124=VECTOR('',#14835,1000.);
#7125=VECTOR('',#14836,1000.);
#7126=VECTOR('',#14837,1000.);
#7127=VECTOR('',#14838,1000.);
#7128=VECTOR('',#14839,1000.);
#7129=VECTOR('',#14840,1000.);
#7130=VECTOR('',#14841,1000.);
#7131=VECTOR('',#14842,1000.);
#7132=VECTOR('',#14843,1000.);
#7133=VECTOR('',#14844,1000.);
#7134=VECTOR('',#14845,1000.);
#7135=VECTOR('',#14846,1000.);
#7136=VECTOR('',#14847,1000.);
#7137=VECTOR('',#14858,1000.);
#7138=VECTOR('',#14863,1000.);
#7139=VECTOR('',#14864,1000.);
#7140=VECTOR('',#14867,1000.);
#7141=VECTOR('',#14868,1000.);
#7142=VECTOR('',#14873,1000.);
#7143=VECTOR('',#14874,1000.);
#7144=VECTOR('',#14877,1000.);
#7145=VECTOR('',#14878,1000.);
#7146=VECTOR('',#14879,1000.);
#7147=VECTOR('',#14886,1000.);
#7148=VECTOR('',#14893,1000.);
#7149=VECTOR('',#14894,1000.);
#7150=VECTOR('',#14897,1000.);
#7151=VECTOR('',#14900,1000.);
#7152=VECTOR('',#14905,1000.);
#7153=VECTOR('',#14906,1000.);
#7154=VECTOR('',#14907,1000.);
#7155=VECTOR('',#14908,1000.);
#7156=VECTOR('',#14917,1000.);
#7157=VECTOR('',#14920,1000.);
#7158=VECTOR('',#14925,1000.);
#7159=VECTOR('',#14926,1000.);
#7160=VECTOR('',#14927,1000.);
#7161=VECTOR('',#14932,1000.);
#7162=VECTOR('',#14935,1000.);
#7163=VECTOR('',#14940,1000.);
#7164=VECTOR('',#14945,1000.);
#7165=VECTOR('',#14946,1000.);
#7166=VECTOR('',#14947,1000.);
#7167=VECTOR('',#14948,1000.);
#7168=VECTOR('',#14957,1000.);
#7169=VECTOR('',#14960,1000.);
#7170=VECTOR('',#14965,1000.);
#7171=VECTOR('',#14966,1000.);
#7172=VECTOR('',#14967,1000.);
#7173=VECTOR('',#14972,1000.);
#7174=VECTOR('',#14975,1000.);
#7175=VECTOR('',#14980,1000.);
#7176=VECTOR('',#14985,1000.);
#7177=VECTOR('',#14986,1000.);
#7178=VECTOR('',#14987,1000.);
#7179=VECTOR('',#14988,1000.);
#7180=VECTOR('',#14997,1000.);
#7181=VECTOR('',#15000,1000.);
#7182=VECTOR('',#15005,1000.);
#7183=VECTOR('',#15006,1000.);
#7184=VECTOR('',#15007,1000.);
#7185=VECTOR('',#15012,1000.);
#7186=VECTOR('',#15015,1000.);
#7187=VECTOR('',#15020,1000.);
#7188=VECTOR('',#15025,1000.);
#7189=VECTOR('',#15026,1000.);
#7190=VECTOR('',#15027,1000.);
#7191=VECTOR('',#15028,1000.);
#7192=VECTOR('',#15037,1000.);
#7193=VECTOR('',#15040,1000.);
#7194=VECTOR('',#15045,1000.);
#7195=VECTOR('',#15046,1000.);
#7196=VECTOR('',#15047,1000.);
#7197=VECTOR('',#15052,1000.);
#7198=VECTOR('',#15055,1000.);
#7199=VECTOR('',#15060,1000.);
#7200=VECTOR('',#15065,1000.);
#7201=VECTOR('',#15066,1000.);
#7202=VECTOR('',#15067,1000.);
#7203=VECTOR('',#15068,1000.);
#7204=VECTOR('',#15077,1000.);
#7205=VECTOR('',#15080,1000.);
#7206=VECTOR('',#15085,1000.);
#7207=VECTOR('',#15086,1000.);
#7208=VECTOR('',#15087,1000.);
#7209=VECTOR('',#15092,1000.);
#7210=VECTOR('',#15095,1000.);
#7211=VECTOR('',#15100,1000.);
#7212=VECTOR('',#15105,1000.);
#7213=VECTOR('',#15106,1000.);
#7214=VECTOR('',#15107,1000.);
#7215=VECTOR('',#15108,1000.);
#7216=VECTOR('',#15117,1000.);
#7217=VECTOR('',#15120,1000.);
#7218=VECTOR('',#15125,1000.);
#7219=VECTOR('',#15126,1000.);
#7220=VECTOR('',#15127,1000.);
#7221=VECTOR('',#15132,1000.);
#7222=VECTOR('',#15135,1000.);
#7223=VECTOR('',#15140,1000.);
#7224=VECTOR('',#15145,1000.);
#7225=VECTOR('',#15146,1000.);
#7226=VECTOR('',#15147,1000.);
#7227=VECTOR('',#15148,1000.);
#7228=VECTOR('',#15157,1000.);
#7229=VECTOR('',#15160,1000.);
#7230=VECTOR('',#15165,1000.);
#7231=VECTOR('',#15166,1000.);
#7232=VECTOR('',#15167,1000.);
#7233=VECTOR('',#15172,1000.);
#7234=VECTOR('',#15175,1000.);
#7235=VECTOR('',#15180,1000.);
#7236=VECTOR('',#15185,1000.);
#7237=VECTOR('',#15186,1000.);
#7238=VECTOR('',#15187,1000.);
#7239=VECTOR('',#15188,1000.);
#7240=VECTOR('',#15197,1000.);
#7241=VECTOR('',#15200,1000.);
#7242=VECTOR('',#15205,1000.);
#7243=VECTOR('',#15206,1000.);
#7244=VECTOR('',#15207,1000.);
#7245=VECTOR('',#15212,1000.);
#7246=VECTOR('',#15215,1000.);
#7247=VECTOR('',#15220,1000.);
#7248=VECTOR('',#15225,1000.);
#7249=VECTOR('',#15226,1000.);
#7250=VECTOR('',#15227,1000.);
#7251=VECTOR('',#15228,1000.);
#7252=VECTOR('',#15237,1000.);
#7253=VECTOR('',#15240,1000.);
#7254=VECTOR('',#15245,1000.);
#7255=VECTOR('',#15246,1000.);
#7256=VECTOR('',#15247,1000.);
#7257=VECTOR('',#15252,1000.);
#7258=VECTOR('',#15255,1000.);
#7259=VECTOR('',#15260,1000.);
#7260=VECTOR('',#15265,1000.);
#7261=VECTOR('',#15266,1000.);
#7262=VECTOR('',#15267,1000.);
#7263=VECTOR('',#15268,1000.);
#7264=VECTOR('',#15277,1000.);
#7265=VECTOR('',#15280,1000.);
#7266=VECTOR('',#15285,1000.);
#7267=VECTOR('',#15286,1000.);
#7268=VECTOR('',#15287,1000.);
#7269=VECTOR('',#15292,1000.);
#7270=VECTOR('',#15295,1000.);
#7271=VECTOR('',#15300,1000.);
#7272=VECTOR('',#15305,1000.);
#7273=VECTOR('',#15306,1000.);
#7274=VECTOR('',#15307,1000.);
#7275=VECTOR('',#15308,1000.);
#7276=VECTOR('',#15317,1000.);
#7277=VECTOR('',#15320,1000.);
#7278=VECTOR('',#15325,1000.);
#7279=VECTOR('',#15326,1000.);
#7280=VECTOR('',#15327,1000.);
#7281=VECTOR('',#15332,1000.);
#7282=VECTOR('',#15335,1000.);
#7283=VECTOR('',#15340,1000.);
#7284=VECTOR('',#15345,1000.);
#7285=VECTOR('',#15346,1000.);
#7286=VECTOR('',#15351,1000.);
#7287=VECTOR('',#15354,1000.);
#7288=VECTOR('',#15357,1000.);
#7289=VECTOR('',#15362,1000.);
#7290=VECTOR('',#15363,1000.);
#7291=VECTOR('',#15366,1000.);
#7292=VECTOR('',#15369,1000.);
#7293=VECTOR('',#15370,1000.);
#7294=VECTOR('',#15373,1000.);
#7295=VECTOR('',#15374,1000.);
#7296=VECTOR('',#15383,1000.);
#7297=VECTOR('',#15388,1000.);
#7298=VECTOR('',#15393,1000.);
#7299=VECTOR('',#15398,1000.);
#7300=VECTOR('',#15403,1000.);
#7301=VECTOR('',#15408,1000.);
#7302=VECTOR('',#15413,1000.);
#7303=VECTOR('',#15418,1000.);
#7304=VECTOR('',#15423,1000.);
#7305=VECTOR('',#15428,1000.);
#7306=VECTOR('',#15433,1000.);
#7307=VECTOR('',#15438,1000.);
#7308=VECTOR('',#15443,1000.);
#7309=VECTOR('',#15448,1000.);
#7310=VECTOR('',#15453,1000.);
#7311=VECTOR('',#15458,1000.);
#7312=VECTOR('',#15463,1000.);
#7313=VECTOR('',#15468,1000.);
#7314=VECTOR('',#15473,1000.);
#7315=VECTOR('',#15478,1000.);
#7316=VECTOR('',#15483,1000.);
#7317=VECTOR('',#15488,1000.);
#7318=VECTOR('',#15493,1000.);
#7319=VECTOR('',#15498,1000.);
#7320=VECTOR('',#15503,1000.);
#7321=VECTOR('',#15504,1000.);
#7322=VECTOR('',#15505,1000.);
#7323=VECTOR('',#15508,1000.);
#7324=VECTOR('',#15509,1000.);
#7325=VECTOR('',#15510,1000.);
#7326=VECTOR('',#15513,1000.);
#7327=VECTOR('',#15516,1000.);
#7328=VECTOR('',#15521,1000.);
#7329=VECTOR('',#15522,1000.);
#7330=VECTOR('',#15523,1000.);
#7331=VECTOR('',#15526,1000.);
#7332=VECTOR('',#15527,1000.);
#7333=VECTOR('',#15528,1000.);
#7334=VECTOR('',#15531,1000.);
#7335=VECTOR('',#15534,1000.);
#7336=VECTOR('',#15539,1000.);
#7337=VECTOR('',#15540,1000.);
#7338=VECTOR('',#15541,1000.);
#7339=VECTOR('',#15544,1000.);
#7340=VECTOR('',#15545,1000.);
#7341=VECTOR('',#15546,1000.);
#7342=VECTOR('',#15549,1000.);
#7343=VECTOR('',#15552,1000.);
#7344=VECTOR('',#15557,1000.);
#7345=VECTOR('',#15558,1000.);
#7346=VECTOR('',#15559,1000.);
#7347=VECTOR('',#15562,1000.);
#7348=VECTOR('',#15563,1000.);
#7349=VECTOR('',#15564,1000.);
#7350=VECTOR('',#15567,1000.);
#7351=VECTOR('',#15570,1000.);
#7352=VECTOR('',#15575,1000.);
#7353=VECTOR('',#15576,1000.);
#7354=VECTOR('',#15577,1000.);
#7355=VECTOR('',#15580,1000.);
#7356=VECTOR('',#15581,1000.);
#7357=VECTOR('',#15582,1000.);
#7358=VECTOR('',#15585,1000.);
#7359=VECTOR('',#15588,1000.);
#7360=VECTOR('',#15593,1000.);
#7361=VECTOR('',#15594,1000.);
#7362=VECTOR('',#15595,1000.);
#7363=VECTOR('',#15598,1000.);
#7364=VECTOR('',#15599,1000.);
#7365=VECTOR('',#15600,1000.);
#7366=VECTOR('',#15603,1000.);
#7367=VECTOR('',#15606,1000.);
#7368=VECTOR('',#15611,1000.);
#7369=VECTOR('',#15612,1000.);
#7370=VECTOR('',#15613,1000.);
#7371=VECTOR('',#15616,1000.);
#7372=VECTOR('',#15617,1000.);
#7373=VECTOR('',#15618,1000.);
#7374=VECTOR('',#15621,1000.);
#7375=VECTOR('',#15624,1000.);
#7376=VECTOR('',#15629,1000.);
#7377=VECTOR('',#15630,1000.);
#7378=VECTOR('',#15631,1000.);
#7379=VECTOR('',#15634,1000.);
#7380=VECTOR('',#15635,1000.);
#7381=VECTOR('',#15636,1000.);
#7382=VECTOR('',#15639,1000.);
#7383=VECTOR('',#15642,1000.);
#7384=VECTOR('',#15647,1000.);
#7385=VECTOR('',#15648,1000.);
#7386=VECTOR('',#15649,1000.);
#7387=VECTOR('',#15652,1000.);
#7388=VECTOR('',#15653,1000.);
#7389=VECTOR('',#15654,1000.);
#7390=VECTOR('',#15657,1000.);
#7391=VECTOR('',#15660,1000.);
#7392=VECTOR('',#15665,1000.);
#7393=VECTOR('',#15666,1000.);
#7394=VECTOR('',#15667,1000.);
#7395=VECTOR('',#15670,1000.);
#7396=VECTOR('',#15671,1000.);
#7397=VECTOR('',#15672,1000.);
#7398=VECTOR('',#15675,1000.);
#7399=VECTOR('',#15678,1000.);
#7400=VECTOR('',#15683,1000.);
#7401=VECTOR('',#15684,1000.);
#7402=VECTOR('',#15685,1000.);
#7403=VECTOR('',#15688,1000.);
#7404=VECTOR('',#15689,1000.);
#7405=VECTOR('',#15690,1000.);
#7406=VECTOR('',#15693,1000.);
#7407=VECTOR('',#15696,1000.);
#7408=VECTOR('',#15701,1000.);
#7409=VECTOR('',#15702,1000.);
#7410=VECTOR('',#15703,1000.);
#7411=VECTOR('',#15706,1000.);
#7412=VECTOR('',#15707,1000.);
#7413=VECTOR('',#15708,1000.);
#7414=VECTOR('',#15711,1000.);
#7415=VECTOR('',#15714,1000.);
#7416=VECTOR('',#15719,1000.);
#7417=VECTOR('',#15720,1000.);
#7418=VECTOR('',#15721,1000.);
#7419=VECTOR('',#15724,1000.);
#7420=VECTOR('',#15725,1000.);
#7421=VECTOR('',#15726,1000.);
#7422=VECTOR('',#15727,1000.);
#7423=VECTOR('',#15728,1000.);
#7424=VECTOR('',#15731,1000.);
#7425=VECTOR('',#15732,1000.);
#7426=VECTOR('',#15735,1000.);
#7427=VECTOR('',#15738,1000.);
#7428=VECTOR('',#15741,1000.);
#7429=VECTOR('',#15742,1000.);
#7430=VECTOR('',#15743,1000.);
#7431=VECTOR('',#15744,1000.);
#7432=VECTOR('',#15745,1000.);
#7433=VECTOR('',#15748,1000.);
#7434=VECTOR('',#15751,1000.);
#7435=VECTOR('',#15752,1000.);
#7436=VECTOR('',#15753,1000.);
#7437=VECTOR('',#15756,1000.);
#7438=VECTOR('',#15757,1000.);
#7439=VECTOR('',#15760,1000.);
#7440=VECTOR('',#15769,1000.);
#7441=VECTOR('',#15772,1000.);
#7442=VECTOR('',#15773,1000.);
#7443=VECTOR('',#15774,1000.);
#7444=VECTOR('',#15777,1000.);
#7445=VECTOR('',#15778,1000.);
#7446=VECTOR('',#15779,1000.);
#7447=VECTOR('',#15780,1000.);
#7448=VECTOR('',#15781,1000.);
#7449=VECTOR('',#15784,1000.);
#7450=VECTOR('',#15785,1000.);
#7451=VECTOR('',#15788,1000.);
#7452=VECTOR('',#15791,1000.);
#7453=VECTOR('',#15794,1000.);
#7454=VECTOR('',#15795,1000.);
#7455=VECTOR('',#15796,1000.);
#7456=VECTOR('',#15797,1000.);
#7457=VECTOR('',#15798,1000.);
#7458=VECTOR('',#15801,1000.);
#7459=VECTOR('',#15804,1000.);
#7460=VECTOR('',#15805,1000.);
#7461=VECTOR('',#15806,1000.);
#7462=VECTOR('',#15809,1000.);
#7463=VECTOR('',#15810,1000.);
#7464=VECTOR('',#15813,1000.);
#7465=VECTOR('',#15822,1000.);
#7466=VECTOR('',#15825,1000.);
#7467=VECTOR('',#15826,1000.);
#7468=VECTOR('',#15827,1000.);
#7469=VECTOR('',#15830,1000.);
#7470=VECTOR('',#15831,1000.);
#7471=VECTOR('',#15832,1000.);
#7472=VECTOR('',#15833,1000.);
#7473=VECTOR('',#15834,1000.);
#7474=VECTOR('',#15837,1000.);
#7475=VECTOR('',#15838,1000.);
#7476=VECTOR('',#15841,1000.);
#7477=VECTOR('',#15844,1000.);
#7478=VECTOR('',#15847,1000.);
#7479=VECTOR('',#15848,1000.);
#7480=VECTOR('',#15849,1000.);
#7481=VECTOR('',#15850,1000.);
#7482=VECTOR('',#15851,1000.);
#7483=VECTOR('',#15854,1000.);
#7484=VECTOR('',#15857,1000.);
#7485=VECTOR('',#15858,1000.);
#7486=VECTOR('',#15859,1000.);
#7487=VECTOR('',#15862,1000.);
#7488=VECTOR('',#15863,1000.);
#7489=VECTOR('',#15866,1000.);
#7490=VECTOR('',#15875,1000.);
#7491=VECTOR('',#15878,1000.);
#7492=VECTOR('',#15879,1000.);
#7493=VECTOR('',#15880,1000.);
#7494=VECTOR('',#15883,1000.);
#7495=VECTOR('',#15884,1000.);
#7496=VECTOR('',#15885,1000.);
#7497=VECTOR('',#15886,1000.);
#7498=VECTOR('',#15887,1000.);
#7499=VECTOR('',#15890,1000.);
#7500=VECTOR('',#15891,1000.);
#7501=VECTOR('',#15894,1000.);
#7502=VECTOR('',#15897,1000.);
#7503=VECTOR('',#15900,1000.);
#7504=VECTOR('',#15901,1000.);
#7505=VECTOR('',#15902,1000.);
#7506=VECTOR('',#15903,1000.);
#7507=VECTOR('',#15904,1000.);
#7508=VECTOR('',#15907,1000.);
#7509=VECTOR('',#15910,1000.);
#7510=VECTOR('',#15911,1000.);
#7511=VECTOR('',#15912,1000.);
#7512=VECTOR('',#15915,1000.);
#7513=VECTOR('',#15916,1000.);
#7514=VECTOR('',#15919,1000.);
#7515=VECTOR('',#15928,1000.);
#7516=VECTOR('',#15931,1000.);
#7517=VECTOR('',#15932,1000.);
#7518=VECTOR('',#15933,1000.);
#7519=VECTOR('',#15936,1000.);
#7520=VECTOR('',#15937,1000.);
#7521=VECTOR('',#15938,1000.);
#7522=VECTOR('',#15939,1000.);
#7523=VECTOR('',#15940,1000.);
#7524=VECTOR('',#15943,1000.);
#7525=VECTOR('',#15944,1000.);
#7526=VECTOR('',#15947,1000.);
#7527=VECTOR('',#15950,1000.);
#7528=VECTOR('',#15953,1000.);
#7529=VECTOR('',#15954,1000.);
#7530=VECTOR('',#15955,1000.);
#7531=VECTOR('',#15956,1000.);
#7532=VECTOR('',#15957,1000.);
#7533=VECTOR('',#15960,1000.);
#7534=VECTOR('',#15963,1000.);
#7535=VECTOR('',#15964,1000.);
#7536=VECTOR('',#15965,1000.);
#7537=VECTOR('',#15968,1000.);
#7538=VECTOR('',#15969,1000.);
#7539=VECTOR('',#15972,1000.);
#7540=VECTOR('',#15981,1000.);
#7541=VECTOR('',#15984,1000.);
#7542=VECTOR('',#15985,1000.);
#7543=VECTOR('',#15986,1000.);
#7544=VECTOR('',#15989,1000.);
#7545=VECTOR('',#15990,1000.);
#7546=VECTOR('',#15991,1000.);
#7547=VECTOR('',#15992,1000.);
#7548=VECTOR('',#15993,1000.);
#7549=VECTOR('',#15996,1000.);
#7550=VECTOR('',#15997,1000.);
#7551=VECTOR('',#16000,1000.);
#7552=VECTOR('',#16003,1000.);
#7553=VECTOR('',#16006,1000.);
#7554=VECTOR('',#16007,1000.);
#7555=VECTOR('',#16008,1000.);
#7556=VECTOR('',#16009,1000.);
#7557=VECTOR('',#16010,1000.);
#7558=VECTOR('',#16013,1000.);
#7559=VECTOR('',#16016,1000.);
#7560=VECTOR('',#16017,1000.);
#7561=VECTOR('',#16018,1000.);
#7562=VECTOR('',#16021,1000.);
#7563=VECTOR('',#16022,1000.);
#7564=VECTOR('',#16025,1000.);
#7565=VECTOR('',#16034,1000.);
#7566=VECTOR('',#16037,1000.);
#7567=VECTOR('',#16038,1000.);
#7568=VECTOR('',#16039,1000.);
#7569=VECTOR('',#16042,1000.);
#7570=VECTOR('',#16043,1000.);
#7571=VECTOR('',#16044,1000.);
#7572=VECTOR('',#16045,1000.);
#7573=VECTOR('',#16046,1000.);
#7574=VECTOR('',#16049,1000.);
#7575=VECTOR('',#16050,1000.);
#7576=VECTOR('',#16053,1000.);
#7577=VECTOR('',#16056,1000.);
#7578=VECTOR('',#16059,1000.);
#7579=VECTOR('',#16060,1000.);
#7580=VECTOR('',#16061,1000.);
#7581=VECTOR('',#16062,1000.);
#7582=VECTOR('',#16063,1000.);
#7583=VECTOR('',#16066,1000.);
#7584=VECTOR('',#16069,1000.);
#7585=VECTOR('',#16070,1000.);
#7586=VECTOR('',#16071,1000.);
#7587=VECTOR('',#16074,1000.);
#7588=VECTOR('',#16075,1000.);
#7589=VECTOR('',#16078,1000.);
#7590=VECTOR('',#16087,1000.);
#7591=VECTOR('',#16090,1000.);
#7592=VECTOR('',#16091,1000.);
#7593=VECTOR('',#16092,1000.);
#7594=VECTOR('',#16095,1000.);
#7595=VECTOR('',#16096,1000.);
#7596=VECTOR('',#16097,1000.);
#7597=VECTOR('',#16098,1000.);
#7598=VECTOR('',#16099,1000.);
#7599=VECTOR('',#16102,1000.);
#7600=VECTOR('',#16103,1000.);
#7601=VECTOR('',#16106,1000.);
#7602=VECTOR('',#16109,1000.);
#7603=VECTOR('',#16112,1000.);
#7604=VECTOR('',#16113,1000.);
#7605=VECTOR('',#16114,1000.);
#7606=VECTOR('',#16115,1000.);
#7607=VECTOR('',#16116,1000.);
#7608=VECTOR('',#16119,1000.);
#7609=VECTOR('',#16122,1000.);
#7610=VECTOR('',#16123,1000.);
#7611=VECTOR('',#16124,1000.);
#7612=VECTOR('',#16127,1000.);
#7613=VECTOR('',#16128,1000.);
#7614=VECTOR('',#16131,1000.);
#7615=VECTOR('',#16140,1000.);
#7616=VECTOR('',#16143,1000.);
#7617=VECTOR('',#16144,1000.);
#7618=VECTOR('',#16145,1000.);
#7619=VECTOR('',#16148,1000.);
#7620=VECTOR('',#16149,1000.);
#7621=VECTOR('',#16150,1000.);
#7622=VECTOR('',#16151,1000.);
#7623=VECTOR('',#16152,1000.);
#7624=VECTOR('',#16155,1000.);
#7625=VECTOR('',#16156,1000.);
#7626=VECTOR('',#16159,1000.);
#7627=VECTOR('',#16162,1000.);
#7628=VECTOR('',#16165,1000.);
#7629=VECTOR('',#16166,1000.);
#7630=VECTOR('',#16167,1000.);
#7631=VECTOR('',#16168,1000.);
#7632=VECTOR('',#16169,1000.);
#7633=VECTOR('',#16172,1000.);
#7634=VECTOR('',#16175,1000.);
#7635=VECTOR('',#16176,1000.);
#7636=VECTOR('',#16177,1000.);
#7637=VECTOR('',#16180,1000.);
#7638=VECTOR('',#16181,1000.);
#7639=VECTOR('',#16184,1000.);
#7640=VECTOR('',#16193,1000.);
#7641=VECTOR('',#16196,1000.);
#7642=VECTOR('',#16197,1000.);
#7643=VECTOR('',#16198,1000.);
#7644=VECTOR('',#16201,1000.);
#7645=VECTOR('',#16202,1000.);
#7646=VECTOR('',#16203,1000.);
#7647=VECTOR('',#16204,1000.);
#7648=VECTOR('',#16205,1000.);
#7649=VECTOR('',#16208,1000.);
#7650=VECTOR('',#16209,1000.);
#7651=VECTOR('',#16212,1000.);
#7652=VECTOR('',#16215,1000.);
#7653=VECTOR('',#16218,1000.);
#7654=VECTOR('',#16219,1000.);
#7655=VECTOR('',#16220,1000.);
#7656=VECTOR('',#16221,1000.);
#7657=VECTOR('',#16222,1000.);
#7658=VECTOR('',#16225,1000.);
#7659=VECTOR('',#16228,1000.);
#7660=VECTOR('',#16229,1000.);
#7661=VECTOR('',#16230,1000.);
#7662=VECTOR('',#16233,1000.);
#7663=VECTOR('',#16234,1000.);
#7664=VECTOR('',#16237,1000.);
#7665=VECTOR('',#16246,1000.);
#7666=VECTOR('',#16249,1000.);
#7667=VECTOR('',#16250,1000.);
#7668=VECTOR('',#16251,1000.);
#7669=VECTOR('',#16254,1000.);
#7670=VECTOR('',#16255,1000.);
#7671=VECTOR('',#16256,1000.);
#7672=VECTOR('',#16257,1000.);
#7673=VECTOR('',#16258,1000.);
#7674=VECTOR('',#16261,1000.);
#7675=VECTOR('',#16262,1000.);
#7676=VECTOR('',#16265,1000.);
#7677=VECTOR('',#16268,1000.);
#7678=VECTOR('',#16271,1000.);
#7679=VECTOR('',#16272,1000.);
#7680=VECTOR('',#16273,1000.);
#7681=VECTOR('',#16274,1000.);
#7682=VECTOR('',#16275,1000.);
#7683=VECTOR('',#16278,1000.);
#7684=VECTOR('',#16281,1000.);
#7685=VECTOR('',#16282,1000.);
#7686=VECTOR('',#16283,1000.);
#7687=VECTOR('',#16286,1000.);
#7688=VECTOR('',#16287,1000.);
#7689=VECTOR('',#16290,1000.);
#7690=VECTOR('',#16299,1000.);
#7691=VECTOR('',#16302,1000.);
#7692=VECTOR('',#16303,1000.);
#7693=VECTOR('',#16304,1000.);
#7694=VECTOR('',#16307,1000.);
#7695=VECTOR('',#16308,1000.);
#7696=VECTOR('',#16309,1000.);
#7697=VECTOR('',#16310,1000.);
#7698=VECTOR('',#16311,1000.);
#7699=VECTOR('',#16314,1000.);
#7700=VECTOR('',#16315,1000.);
#7701=VECTOR('',#16318,1000.);
#7702=VECTOR('',#16321,1000.);
#7703=VECTOR('',#16324,1000.);
#7704=VECTOR('',#16325,1000.);
#7705=VECTOR('',#16326,1000.);
#7706=VECTOR('',#16327,1000.);
#7707=VECTOR('',#16328,1000.);
#7708=VECTOR('',#16331,1000.);
#7709=VECTOR('',#16334,1000.);
#7710=VECTOR('',#16335,1000.);
#7711=VECTOR('',#16336,1000.);
#7712=VECTOR('',#16339,1000.);
#7713=VECTOR('',#16340,1000.);
#7714=VECTOR('',#16343,1000.);
#7715=VECTOR('',#16352,1000.);
#7716=VECTOR('',#16355,1000.);
#7717=VECTOR('',#16356,1000.);
#7718=VECTOR('',#16363,1000.);
#7719=VECTOR('',#16364,1000.);
#7720=VECTOR('',#16371,1000.);
#7721=VECTOR('',#16372,1000.);
#7722=VECTOR('',#16379,1000.);
#7723=VECTOR('',#16380,1000.);
#7724=VECTOR('',#16387,1000.);
#7725=VECTOR('',#16388,1000.);
#7726=VECTOR('',#16395,1000.);
#7727=VECTOR('',#16396,1000.);
#7728=VECTOR('',#16403,1000.);
#7729=VECTOR('',#16404,1000.);
#7730=VECTOR('',#16411,1000.);
#7731=VECTOR('',#16412,1000.);
#7732=VECTOR('',#16419,1000.);
#7733=VECTOR('',#16420,1000.);
#7734=VECTOR('',#16427,1000.);
#7735=VECTOR('',#16428,1000.);
#7736=VECTOR('',#16435,1000.);
#7737=VECTOR('',#16436,1000.);
#7738=VECTOR('',#16443,1000.);
#7739=VECTOR('',#16444,1000.);
#7740=EDGE_LOOP('',(#389,#390,#391));
#7741=EDGE_LOOP('',(#392,#393,#394));
#7742=EDGE_LOOP('',(#395,#396,#397));
#7743=EDGE_LOOP('',(#398,#399,#400));
#7744=EDGE_LOOP('',(#401,#402,#403));
#7745=EDGE_LOOP('',(#404,#405,#406));
#7746=EDGE_LOOP('',(#407,#408,#409));
#7747=EDGE_LOOP('',(#410,#411,#412));
#7748=EDGE_LOOP('',(#413,#414,#415));
#7749=EDGE_LOOP('',(#416,#417,#418));
#7750=EDGE_LOOP('',(#419,#420,#421));
#7751=EDGE_LOOP('',(#422,#423,#424));
#7752=EDGE_LOOP('',(#425,#426,#427,#428));
#7753=EDGE_LOOP('',(#429,#430,#431,#432));
#7754=EDGE_LOOP('',(#433,#434,#435,#436));
#7755=EDGE_LOOP('',(#437,#438,#439,#440));
#7756=EDGE_LOOP('',(#441,#442,#443,#444));
#7757=EDGE_LOOP('',(#445,#446,#447,#448));
#7758=EDGE_LOOP('',(#449,#450,#451,#452,#453,#454,#455,#456,#457,#458,#459,
#460,#461,#462,#463,#464,#465,#466,#467,#468,#469,#470,#471,#472,#473,#474,
#475,#476,#477,#478,#479,#480,#481,#482,#483,#484,#485,#486,#487,#488,#489,
#490,#491,#492,#493,#494,#495,#496,#497,#498,#499,#500));
#7759=EDGE_LOOP('',(#501,#502,#503,#504));
#7760=EDGE_LOOP('',(#505,#506,#507,#508));
#7761=EDGE_LOOP('',(#509,#510,#511,#512));
#7762=EDGE_LOOP('',(#513,#514,#515,#516));
#7763=EDGE_LOOP('',(#517,#518,#519,#520));
#7764=EDGE_LOOP('',(#521,#522,#523,#524));
#7765=EDGE_LOOP('',(#525,#526,#527,#528));
#7766=EDGE_LOOP('',(#529,#530,#531,#532,#533,#534,#535,#536,#537,#538,#539,
#540,#541,#542,#543,#544,#545,#546,#547,#548,#549,#550,#551,#552,#553,#554,
#555,#556,#557,#558,#559,#560,#561,#562,#563,#564,#565,#566,#567,#568,#569,
#570,#571,#572,#573,#574,#575,#576,#577,#578,#579,#580));
#7767=EDGE_LOOP('',(#581,#582,#583,#584));
#7768=EDGE_LOOP('',(#585,#586,#587,#588));
#7769=EDGE_LOOP('',(#589,#590,#591,#592));
#7770=EDGE_LOOP('',(#593,#594,#595,#596));
#7771=EDGE_LOOP('',(#597,#598,#599,#600));
#7772=EDGE_LOOP('',(#601,#602,#603,#604));
#7773=EDGE_LOOP('',(#605,#606,#607,#608));
#7774=EDGE_LOOP('',(#609,#610,#611,#612));
#7775=EDGE_LOOP('',(#613,#614,#615,#616));
#7776=EDGE_LOOP('',(#617,#618,#619,#620));
#7777=EDGE_LOOP('',(#621,#622,#623,#624));
#7778=EDGE_LOOP('',(#625,#626,#627,#628));
#7779=EDGE_LOOP('',(#629,#630,#631,#632));
#7780=EDGE_LOOP('',(#633,#634,#635,#636));
#7781=EDGE_LOOP('',(#637,#638,#639,#640));
#7782=EDGE_LOOP('',(#641,#642,#643,#644));
#7783=EDGE_LOOP('',(#645,#646,#647,#648));
#7784=EDGE_LOOP('',(#649,#650,#651,#652));
#7785=EDGE_LOOP('',(#653,#654,#655,#656));
#7786=EDGE_LOOP('',(#657,#658,#659,#660));
#7787=EDGE_LOOP('',(#661,#662,#663,#664));
#7788=EDGE_LOOP('',(#665,#666,#667,#668));
#7789=EDGE_LOOP('',(#669,#670,#671,#672));
#7790=EDGE_LOOP('',(#673,#674,#675,#676));
#7791=EDGE_LOOP('',(#677,#678,#679,#680));
#7792=EDGE_LOOP('',(#681,#682,#683,#684));
#7793=EDGE_LOOP('',(#685,#686,#687,#688));
#7794=EDGE_LOOP('',(#689,#690,#691,#692));
#7795=EDGE_LOOP('',(#693,#694,#695,#696));
#7796=EDGE_LOOP('',(#697,#698,#699,#700));
#7797=EDGE_LOOP('',(#701,#702,#703,#704));
#7798=EDGE_LOOP('',(#705,#706,#707,#708));
#7799=EDGE_LOOP('',(#709,#710,#711,#712));
#7800=EDGE_LOOP('',(#713,#714,#715,#716,#717,#718));
#7801=EDGE_LOOP('',(#719,#720,#721,#722));
#7802=EDGE_LOOP('',(#723,#724,#725,#726));
#7803=EDGE_LOOP('',(#727,#728,#729,#730,#731,#732));
#7804=EDGE_LOOP('',(#733,#734,#735,#736));
#7805=EDGE_LOOP('',(#737,#738,#739,#740));
#7806=EDGE_LOOP('',(#741,#742,#743,#744,#745,#746));
#7807=EDGE_LOOP('',(#747,#748,#749,#750));
#7808=EDGE_LOOP('',(#751,#752,#753,#754));
#7809=EDGE_LOOP('',(#755,#756,#757,#758,#759,#760));
#7810=EDGE_LOOP('',(#761,#762,#763,#764));
#7811=EDGE_LOOP('',(#765,#766,#767,#768));
#7812=EDGE_LOOP('',(#769,#770,#771,#772,#773,#774));
#7813=EDGE_LOOP('',(#775,#776,#777,#778));
#7814=EDGE_LOOP('',(#779,#780,#781,#782));
#7815=EDGE_LOOP('',(#783,#784,#785,#786,#787,#788));
#7816=EDGE_LOOP('',(#789,#790,#791,#792));
#7817=EDGE_LOOP('',(#793,#794,#795,#796));
#7818=EDGE_LOOP('',(#797,#798,#799,#800,#801,#802));
#7819=EDGE_LOOP('',(#803,#804,#805,#806));
#7820=EDGE_LOOP('',(#807,#808,#809,#810));
#7821=EDGE_LOOP('',(#811,#812,#813,#814,#815,#816));
#7822=EDGE_LOOP('',(#817,#818,#819,#820));
#7823=EDGE_LOOP('',(#821,#822,#823,#824));
#7824=EDGE_LOOP('',(#825,#826,#827,#828,#829,#830));
#7825=EDGE_LOOP('',(#831,#832,#833,#834));
#7826=EDGE_LOOP('',(#835,#836,#837,#838));
#7827=EDGE_LOOP('',(#839,#840,#841,#842,#843,#844));
#7828=EDGE_LOOP('',(#845,#846,#847,#848));
#7829=EDGE_LOOP('',(#849,#850,#851,#852));
#7830=EDGE_LOOP('',(#853,#854,#855,#856,#857,#858));
#7831=EDGE_LOOP('',(#859,#860,#861,#862));
#7832=EDGE_LOOP('',(#863,#864,#865,#866));
#7833=EDGE_LOOP('',(#867,#868,#869,#870));
#7834=EDGE_LOOP('',(#871,#872,#873,#874));
#7835=EDGE_LOOP('',(#875,#876,#877,#878));
#7836=EDGE_LOOP('',(#879,#880,#881,#882,#883,#884));
#7837=EDGE_LOOP('',(#885,#886,#887,#888));
#7838=EDGE_LOOP('',(#889,#890,#891,#892));
#7839=EDGE_LOOP('',(#893,#894,#895,#896));
#7840=EDGE_LOOP('',(#897,#898,#899,#900));
#7841=EDGE_LOOP('',(#901,#902,#903,#904));
#7842=EDGE_LOOP('',(#905,#906,#907,#908));
#7843=EDGE_LOOP('',(#909,#910,#911,#912));
#7844=EDGE_LOOP('',(#913,#914,#915,#916));
#7845=EDGE_LOOP('',(#917,#918,#919,#920));
#7846=EDGE_LOOP('',(#921,#922,#923,#924));
#7847=EDGE_LOOP('',(#925,#926,#927,#928));
#7848=EDGE_LOOP('',(#929,#930,#931,#932));
#7849=EDGE_LOOP('',(#933,#934,#935,#936));
#7850=EDGE_LOOP('',(#937,#938,#939,#940));
#7851=EDGE_LOOP('',(#941,#942,#943,#944));
#7852=EDGE_LOOP('',(#945,#946,#947,#948));
#7853=EDGE_LOOP('',(#949,#950,#951,#952));
#7854=EDGE_LOOP('',(#953,#954,#955,#956));
#7855=EDGE_LOOP('',(#957,#958,#959,#960));
#7856=EDGE_LOOP('',(#961,#962,#963,#964));
#7857=EDGE_LOOP('',(#965,#966,#967,#968));
#7858=EDGE_LOOP('',(#969,#970,#971,#972));
#7859=EDGE_LOOP('',(#973,#974,#975,#976));
#7860=EDGE_LOOP('',(#977,#978,#979,#980));
#7861=EDGE_LOOP('',(#981,#982,#983,#984));
#7862=EDGE_LOOP('',(#985,#986,#987,#988));
#7863=EDGE_LOOP('',(#989,#990,#991,#992,#993,#994,#995,#996,#997,#998,#999,
#1000,#1001,#1002,#1003,#1004,#1005,#1006,#1007,#1008,#1009,#1010,#1011,
#1012,#1013,#1014,#1015,#1016,#1017,#1018,#1019,#1020,#1021,#1022,#1023,
#1024,#1025,#1026,#1027,#1028,#1029,#1030,#1031,#1032,#1033,#1034,#1035,
#1036,#1037,#1038,#1039,#1040,#1041,#1042,#1043,#1044,#1045,#1046,#1047,
#1048,#1049,#1050,#1051,#1052,#1053,#1054,#1055,#1056,#1057,#1058,#1059,
#1060,#1061,#1062,#1063,#1064,#1065,#1066,#1067,#1068,#1069,#1070,#1071,
#1072,#1073,#1074,#1075,#1076,#1077,#1078,#1079,#1080,#1081,#1082,#1083,
#1084,#1085,#1086,#1087,#1088));
#7864=EDGE_LOOP('',(#1089,#1090,#1091,#1092));
#7865=EDGE_LOOP('',(#1093,#1094,#1095,#1096));
#7866=EDGE_LOOP('',(#1097,#1098,#1099,#1100));
#7867=EDGE_LOOP('',(#1101,#1102,#1103,#1104));
#7868=EDGE_LOOP('',(#1105,#1106,#1107,#1108,#1109,#1110,#1111,#1112,#1113,
#1114,#1115,#1116,#1117,#1118,#1119,#1120,#1121,#1122,#1123,#1124,#1125,
#1126,#1127,#1128,#1129,#1130,#1131,#1132,#1133,#1134,#1135,#1136,#1137,
#1138,#1139,#1140,#1141,#1142,#1143,#1144,#1145,#1146,#1147,#1148,#1149,
#1150,#1151,#1152,#1153,#1154,#1155,#1156));
#7869=EDGE_LOOP('',(#1157,#1158,#1159,#1160,#1161,#1162,#1163,#1164,#1165,
#1166,#1167,#1168,#1169,#1170,#1171,#1172,#1173,#1174,#1175,#1176,#1177,
#1178,#1179,#1180,#1181,#1182,#1183,#1184,#1185,#1186,#1187,#1188,#1189,
#1190,#1191,#1192,#1193,#1194,#1195,#1196,#1197,#1198,#1199,#1200,#1201,
#1202,#1203,#1204,#1205,#1206,#1207,#1208));
#7870=EDGE_LOOP('',(#1209,#1210,#1211,#1212));
#7871=EDGE_LOOP('',(#1213,#1214,#1215,#1216));
#7872=EDGE_LOOP('',(#1217,#1218,#1219,#1220));
#7873=EDGE_LOOP('',(#1221,#1222,#1223,#1224,#1225,#1226,#1227,#1228,#1229,
#1230,#1231,#1232,#1233,#1234,#1235,#1236,#1237,#1238,#1239));
#7874=EDGE_LOOP('',(#1240,#1241,#1242,#1243));
#7875=EDGE_LOOP('',(#1244,#1245,#1246,#1247));
#7876=EDGE_LOOP('',(#1248,#1249,#1250,#1251,#1252));
#7877=EDGE_LOOP('',(#1253,#1254,#1255,#1256));
#7878=EDGE_LOOP('',(#1257,#1258,#1259,#1260,#1261));
#7879=EDGE_LOOP('',(#1262,#1263,#1264,#1265));
#7880=EDGE_LOOP('',(#1266,#1267,#1268,#1269));
#7881=EDGE_LOOP('',(#1270,#1271,#1272,#1273));
#7882=EDGE_LOOP('',(#1274,#1275,#1276,#1277));
#7883=EDGE_LOOP('',(#1278,#1279,#1280,#1281));
#7884=EDGE_LOOP('',(#1282,#1283,#1284,#1285,#1286));
#7885=EDGE_LOOP('',(#1287,#1288,#1289,#1290,#1291));
#7886=EDGE_LOOP('',(#1292,#1293,#1294,#1295));
#7887=EDGE_LOOP('',(#1296,#1297,#1298,#1299));
#7888=EDGE_LOOP('',(#1300,#1301,#1302,#1303,#1304));
#7889=EDGE_LOOP('',(#1305,#1306,#1307,#1308,#1309));
#7890=EDGE_LOOP('',(#1310,#1311,#1312,#1313));
#7891=EDGE_LOOP('',(#1314,#1315,#1316,#1317));
#7892=EDGE_LOOP('',(#1318,#1319,#1320,#1321));
#7893=EDGE_LOOP('',(#1322,#1323,#1324,#1325));
#7894=EDGE_LOOP('',(#1326,#1327,#1328,#1329,#1330));
#7895=EDGE_LOOP('',(#1331,#1332,#1333,#1334,#1335));
#7896=EDGE_LOOP('',(#1336,#1337,#1338,#1339));
#7897=EDGE_LOOP('',(#1340,#1341,#1342,#1343));
#7898=EDGE_LOOP('',(#1344,#1345,#1346,#1347,#1348));
#7899=EDGE_LOOP('',(#1349,#1350,#1351,#1352,#1353));
#7900=EDGE_LOOP('',(#1354,#1355,#1356,#1357));
#7901=EDGE_LOOP('',(#1358,#1359,#1360,#1361));
#7902=EDGE_LOOP('',(#1362,#1363,#1364,#1365));
#7903=EDGE_LOOP('',(#1366,#1367,#1368,#1369));
#7904=EDGE_LOOP('',(#1370,#1371,#1372,#1373,#1374));
#7905=EDGE_LOOP('',(#1375,#1376,#1377,#1378,#1379));
#7906=EDGE_LOOP('',(#1380,#1381,#1382,#1383));
#7907=EDGE_LOOP('',(#1384,#1385,#1386,#1387));
#7908=EDGE_LOOP('',(#1388,#1389,#1390,#1391,#1392));
#7909=EDGE_LOOP('',(#1393,#1394,#1395,#1396,#1397));
#7910=EDGE_LOOP('',(#1398,#1399,#1400,#1401));
#7911=EDGE_LOOP('',(#1402,#1403,#1404,#1405));
#7912=EDGE_LOOP('',(#1406,#1407,#1408,#1409));
#7913=EDGE_LOOP('',(#1410,#1411,#1412,#1413));
#7914=EDGE_LOOP('',(#1414,#1415,#1416,#1417,#1418));
#7915=EDGE_LOOP('',(#1419,#1420,#1421,#1422,#1423));
#7916=EDGE_LOOP('',(#1424,#1425,#1426,#1427));
#7917=EDGE_LOOP('',(#1428,#1429,#1430,#1431));
#7918=EDGE_LOOP('',(#1432,#1433,#1434,#1435,#1436));
#7919=EDGE_LOOP('',(#1437,#1438,#1439,#1440,#1441));
#7920=EDGE_LOOP('',(#1442,#1443,#1444,#1445));
#7921=EDGE_LOOP('',(#1446,#1447,#1448,#1449));
#7922=EDGE_LOOP('',(#1450,#1451,#1452,#1453));
#7923=EDGE_LOOP('',(#1454,#1455,#1456,#1457));
#7924=EDGE_LOOP('',(#1458,#1459,#1460,#1461,#1462));
#7925=EDGE_LOOP('',(#1463,#1464,#1465,#1466,#1467));
#7926=EDGE_LOOP('',(#1468,#1469,#1470,#1471));
#7927=EDGE_LOOP('',(#1472,#1473,#1474,#1475));
#7928=EDGE_LOOP('',(#1476,#1477,#1478,#1479,#1480));
#7929=EDGE_LOOP('',(#1481,#1482,#1483,#1484,#1485));
#7930=EDGE_LOOP('',(#1486,#1487,#1488,#1489));
#7931=EDGE_LOOP('',(#1490,#1491,#1492,#1493));
#7932=EDGE_LOOP('',(#1494,#1495,#1496,#1497));
#7933=EDGE_LOOP('',(#1498,#1499,#1500,#1501));
#7934=EDGE_LOOP('',(#1502,#1503,#1504,#1505,#1506));
#7935=EDGE_LOOP('',(#1507,#1508,#1509,#1510,#1511));
#7936=EDGE_LOOP('',(#1512,#1513,#1514,#1515));
#7937=EDGE_LOOP('',(#1516,#1517,#1518,#1519));
#7938=EDGE_LOOP('',(#1520,#1521,#1522,#1523,#1524));
#7939=EDGE_LOOP('',(#1525,#1526,#1527,#1528,#1529));
#7940=EDGE_LOOP('',(#1530,#1531,#1532,#1533));
#7941=EDGE_LOOP('',(#1534,#1535,#1536,#1537));
#7942=EDGE_LOOP('',(#1538,#1539,#1540,#1541));
#7943=EDGE_LOOP('',(#1542,#1543,#1544,#1545));
#7944=EDGE_LOOP('',(#1546,#1547,#1548,#1549,#1550));
#7945=EDGE_LOOP('',(#1551,#1552,#1553,#1554,#1555));
#7946=EDGE_LOOP('',(#1556,#1557,#1558,#1559));
#7947=EDGE_LOOP('',(#1560,#1561,#1562,#1563));
#7948=EDGE_LOOP('',(#1564,#1565,#1566,#1567,#1568));
#7949=EDGE_LOOP('',(#1569,#1570,#1571,#1572,#1573));
#7950=EDGE_LOOP('',(#1574,#1575,#1576,#1577));
#7951=EDGE_LOOP('',(#1578,#1579,#1580,#1581));
#7952=EDGE_LOOP('',(#1582,#1583,#1584,#1585));
#7953=EDGE_LOOP('',(#1586,#1587,#1588,#1589));
#7954=EDGE_LOOP('',(#1590,#1591,#1592,#1593,#1594));
#7955=EDGE_LOOP('',(#1595,#1596,#1597,#1598,#1599));
#7956=EDGE_LOOP('',(#1600,#1601,#1602,#1603));
#7957=EDGE_LOOP('',(#1604,#1605,#1606,#1607));
#7958=EDGE_LOOP('',(#1608,#1609,#1610,#1611,#1612));
#7959=EDGE_LOOP('',(#1613,#1614,#1615,#1616,#1617));
#7960=EDGE_LOOP('',(#1618,#1619,#1620,#1621));
#7961=EDGE_LOOP('',(#1622,#1623,#1624,#1625));
#7962=EDGE_LOOP('',(#1626,#1627,#1628,#1629));
#7963=EDGE_LOOP('',(#1630,#1631,#1632,#1633));
#7964=EDGE_LOOP('',(#1634,#1635,#1636,#1637,#1638));
#7965=EDGE_LOOP('',(#1639,#1640,#1641,#1642,#1643));
#7966=EDGE_LOOP('',(#1644,#1645,#1646,#1647));
#7967=EDGE_LOOP('',(#1648,#1649,#1650,#1651));
#7968=EDGE_LOOP('',(#1652,#1653,#1654,#1655,#1656));
#7969=EDGE_LOOP('',(#1657,#1658,#1659,#1660,#1661));
#7970=EDGE_LOOP('',(#1662,#1663,#1664,#1665));
#7971=EDGE_LOOP('',(#1666,#1667,#1668,#1669));
#7972=EDGE_LOOP('',(#1670,#1671,#1672,#1673));
#7973=EDGE_LOOP('',(#1674,#1675,#1676,#1677));
#7974=EDGE_LOOP('',(#1678,#1679,#1680,#1681,#1682));
#7975=EDGE_LOOP('',(#1683,#1684,#1685,#1686,#1687));
#7976=EDGE_LOOP('',(#1688,#1689,#1690,#1691));
#7977=EDGE_LOOP('',(#1692,#1693,#1694,#1695));
#7978=EDGE_LOOP('',(#1696,#1697,#1698,#1699,#1700));
#7979=EDGE_LOOP('',(#1701,#1702,#1703,#1704,#1705));
#7980=EDGE_LOOP('',(#1706,#1707,#1708,#1709));
#7981=EDGE_LOOP('',(#1710,#1711,#1712,#1713));
#7982=EDGE_LOOP('',(#1714,#1715,#1716,#1717));
#7983=EDGE_LOOP('',(#1718,#1719,#1720,#1721));
#7984=EDGE_LOOP('',(#1722,#1723,#1724,#1725,#1726));
#7985=EDGE_LOOP('',(#1727,#1728,#1729,#1730,#1731));
#7986=EDGE_LOOP('',(#1732,#1733,#1734,#1735));
#7987=EDGE_LOOP('',(#1736,#1737,#1738,#1739));
#7988=EDGE_LOOP('',(#1740,#1741,#1742,#1743,#1744));
#7989=EDGE_LOOP('',(#1745,#1746,#1747,#1748,#1749));
#7990=EDGE_LOOP('',(#1750,#1751,#1752,#1753));
#7991=EDGE_LOOP('',(#1754,#1755,#1756,#1757));
#7992=EDGE_LOOP('',(#1758,#1759,#1760,#1761,#1762));
#7993=EDGE_LOOP('',(#1763,#1764,#1765,#1766,#1767));
#7994=EDGE_LOOP('',(#1768,#1769,#1770,#1771));
#7995=EDGE_LOOP('',(#1772,#1773,#1774,#1775));
#7996=EDGE_LOOP('',(#1776,#1777,#1778,#1779));
#7997=EDGE_LOOP('',(#1780,#1781,#1782,#1783));
#7998=EDGE_LOOP('',(#1784,#1785,#1786,#1787));
#7999=EDGE_LOOP('',(#1788,#1789,#1790,#1791));
#8000=EDGE_LOOP('',(#1792,#1793,#1794,#1795,#1796,#1797,#1798,#1799,#1800,
#1801,#1802,#1803,#1804,#1805,#1806,#1807,#1808,#1809,#1810));
#8001=EDGE_LOOP('',(#1811,#1812,#1813,#1814,#1815,#1816));
#8002=EDGE_LOOP('',(#1817,#1818,#1819,#1820,#1821,#1822));
#8003=EDGE_LOOP('',(#1823,#1824,#1825,#1826,#1827,#1828));
#8004=EDGE_LOOP('',(#1829,#1830,#1831,#1832,#1833,#1834));
#8005=EDGE_LOOP('',(#1835,#1836,#1837,#1838,#1839,#1840));
#8006=EDGE_LOOP('',(#1841,#1842,#1843,#1844,#1845,#1846));
#8007=EDGE_LOOP('',(#1847,#1848,#1849,#1850,#1851,#1852));
#8008=EDGE_LOOP('',(#1853,#1854,#1855,#1856,#1857,#1858));
#8009=EDGE_LOOP('',(#1859,#1860,#1861,#1862,#1863,#1864));
#8010=EDGE_LOOP('',(#1865,#1866,#1867,#1868,#1869,#1870));
#8011=EDGE_LOOP('',(#1871,#1872,#1873,#1874,#1875,#1876));
#8012=EDGE_LOOP('',(#1877,#1878,#1879,#1880,#1881,#1882));
#8013=EDGE_LOOP('',(#1883,#1884,#1885,#1886,#1887,#1888));
#8014=EDGE_LOOP('',(#1889,#1890,#1891,#1892,#1893,#1894));
#8015=EDGE_LOOP('',(#1895,#1896,#1897,#1898,#1899,#1900));
#8016=EDGE_LOOP('',(#1901,#1902,#1903,#1904,#1905,#1906));
#8017=EDGE_LOOP('',(#1907,#1908,#1909,#1910,#1911,#1912));
#8018=EDGE_LOOP('',(#1913,#1914,#1915,#1916,#1917,#1918));
#8019=EDGE_LOOP('',(#1919,#1920,#1921,#1922,#1923,#1924));
#8020=EDGE_LOOP('',(#1925,#1926,#1927,#1928,#1929,#1930));
#8021=EDGE_LOOP('',(#1931,#1932,#1933,#1934,#1935,#1936));
#8022=EDGE_LOOP('',(#1937,#1938,#1939,#1940,#1941,#1942));
#8023=EDGE_LOOP('',(#1943,#1944,#1945,#1946,#1947,#1948));
#8024=EDGE_LOOP('',(#1949,#1950,#1951,#1952,#1953,#1954));
#8025=EDGE_LOOP('',(#1955,#1956,#1957,#1958,#1959,#1960));
#8026=EDGE_LOOP('',(#1961,#1962,#1963,#1964,#1965,#1966));
#8027=EDGE_LOOP('',(#1967,#1968,#1969,#1970,#1971,#1972));
#8028=EDGE_LOOP('',(#1973,#1974,#1975,#1976,#1977,#1978));
#8029=EDGE_LOOP('',(#1979,#1980,#1981,#1982,#1983,#1984));
#8030=EDGE_LOOP('',(#1985,#1986,#1987,#1988,#1989,#1990));
#8031=EDGE_LOOP('',(#1991,#1992,#1993,#1994,#1995,#1996));
#8032=EDGE_LOOP('',(#1997,#1998,#1999,#2000,#2001,#2002));
#8033=EDGE_LOOP('',(#2003,#2004,#2005,#2006,#2007,#2008));
#8034=EDGE_LOOP('',(#2009,#2010,#2011,#2012,#2013,#2014));
#8035=EDGE_LOOP('',(#2015,#2016,#2017,#2018,#2019,#2020));
#8036=EDGE_LOOP('',(#2021,#2022,#2023,#2024,#2025,#2026));
#8037=EDGE_LOOP('',(#2027,#2028,#2029,#2030,#2031,#2032));
#8038=EDGE_LOOP('',(#2033,#2034,#2035,#2036,#2037,#2038));
#8039=EDGE_LOOP('',(#2039,#2040,#2041,#2042,#2043,#2044));
#8040=EDGE_LOOP('',(#2045,#2046,#2047,#2048,#2049,#2050));
#8041=EDGE_LOOP('',(#2051,#2052,#2053,#2054,#2055,#2056));
#8042=EDGE_LOOP('',(#2057,#2058,#2059,#2060,#2061,#2062));
#8043=EDGE_LOOP('',(#2063,#2064,#2065,#2066,#2067,#2068));
#8044=EDGE_LOOP('',(#2069,#2070,#2071,#2072,#2073,#2074));
#8045=EDGE_LOOP('',(#2075,#2076,#2077,#2078,#2079,#2080));
#8046=EDGE_LOOP('',(#2081,#2082,#2083,#2084,#2085,#2086));
#8047=EDGE_LOOP('',(#2087,#2088,#2089,#2090,#2091,#2092));
#8048=EDGE_LOOP('',(#2093,#2094,#2095,#2096,#2097,#2098));
#8049=EDGE_LOOP('',(#2099,#2100,#2101,#2102));
#8050=EDGE_LOOP('',(#2103,#2104,#2105,#2106));
#8051=EDGE_LOOP('',(#2107,#2108,#2109,#2110));
#8052=EDGE_LOOP('',(#2111,#2112,#2113,#2114));
#8053=EDGE_LOOP('',(#2115,#2116,#2117,#2118));
#8054=EDGE_LOOP('',(#2119,#2120,#2121,#2122));
#8055=EDGE_LOOP('',(#2123,#2124,#2125,#2126));
#8056=EDGE_LOOP('',(#2127,#2128,#2129,#2130));
#8057=EDGE_LOOP('',(#2131,#2132,#2133,#2134));
#8058=EDGE_LOOP('',(#2135,#2136,#2137,#2138));
#8059=EDGE_LOOP('',(#2139,#2140,#2141,#2142));
#8060=EDGE_LOOP('',(#2143,#2144,#2145,#2146));
#8061=EDGE_LOOP('',(#2147,#2148,#2149,#2150));
#8062=EDGE_LOOP('',(#2151,#2152,#2153,#2154));
#8063=EDGE_LOOP('',(#2155,#2156,#2157,#2158));
#8064=EDGE_LOOP('',(#2159,#2160,#2161,#2162));
#8065=EDGE_LOOP('',(#2163,#2164,#2165,#2166));
#8066=EDGE_LOOP('',(#2167,#2168,#2169,#2170));
#8067=EDGE_LOOP('',(#2171,#2172,#2173,#2174));
#8068=EDGE_LOOP('',(#2175,#2176,#2177,#2178));
#8069=EDGE_LOOP('',(#2179,#2180,#2181,#2182));
#8070=EDGE_LOOP('',(#2183,#2184,#2185,#2186));
#8071=EDGE_LOOP('',(#2187,#2188,#2189,#2190));
#8072=EDGE_LOOP('',(#2191,#2192,#2193,#2194));
#8073=EDGE_LOOP('',(#2195,#2196,#2197,#2198));
#8074=EDGE_LOOP('',(#2199,#2200,#2201,#2202));
#8075=EDGE_LOOP('',(#2203,#2204,#2205,#2206));
#8076=EDGE_LOOP('',(#2207,#2208,#2209,#2210));
#8077=EDGE_LOOP('',(#2211,#2212,#2213,#2214));
#8078=EDGE_LOOP('',(#2215,#2216,#2217,#2218));
#8079=EDGE_LOOP('',(#2219,#2220,#2221,#2222));
#8080=EDGE_LOOP('',(#2223,#2224,#2225,#2226));
#8081=EDGE_LOOP('',(#2227,#2228,#2229,#2230));
#8082=EDGE_LOOP('',(#2231,#2232,#2233,#2234));
#8083=EDGE_LOOP('',(#2235,#2236,#2237,#2238));
#8084=EDGE_LOOP('',(#2239,#2240,#2241,#2242));
#8085=EDGE_LOOP('',(#2243,#2244,#2245,#2246));
#8086=EDGE_LOOP('',(#2247,#2248,#2249,#2250));
#8087=EDGE_LOOP('',(#2251,#2252,#2253,#2254));
#8088=EDGE_LOOP('',(#2255,#2256,#2257,#2258));
#8089=EDGE_LOOP('',(#2259,#2260,#2261,#2262));
#8090=EDGE_LOOP('',(#2263,#2264,#2265,#2266));
#8091=EDGE_LOOP('',(#2267,#2268,#2269,#2270));
#8092=EDGE_LOOP('',(#2271,#2272,#2273,#2274));
#8093=EDGE_LOOP('',(#2275,#2276,#2277,#2278));
#8094=EDGE_LOOP('',(#2279,#2280,#2281,#2282));
#8095=EDGE_LOOP('',(#2283,#2284,#2285,#2286));
#8096=EDGE_LOOP('',(#2287,#2288,#2289,#2290));
#8097=EDGE_LOOP('',(#2291,#2292,#2293,#2294));
#8098=EDGE_LOOP('',(#2295,#2296,#2297,#2298));
#8099=EDGE_LOOP('',(#2299,#2300,#2301,#2302));
#8100=EDGE_LOOP('',(#2303,#2304,#2305,#2306));
#8101=EDGE_LOOP('',(#2307,#2308,#2309,#2310));
#8102=EDGE_LOOP('',(#2311,#2312,#2313,#2314));
#8103=EDGE_LOOP('',(#2315,#2316,#2317,#2318));
#8104=EDGE_LOOP('',(#2319,#2320,#2321,#2322));
#8105=EDGE_LOOP('',(#2323,#2324,#2325,#2326));
#8106=EDGE_LOOP('',(#2327,#2328,#2329,#2330));
#8107=EDGE_LOOP('',(#2331,#2332,#2333,#2334));
#8108=EDGE_LOOP('',(#2335,#2336,#2337,#2338));
#8109=EDGE_LOOP('',(#2339,#2340,#2341,#2342));
#8110=EDGE_LOOP('',(#2343,#2344,#2345,#2346,#2347,#2348));
#8111=EDGE_LOOP('',(#2349,#2350,#2351,#2352,#2353,#2354,#2355,#2356,#2357,
#2358));
#8112=EDGE_LOOP('',(#2359,#2360,#2361,#2362,#2363,#2364,#2365,#2366,#2367,
#2368));
#8113=EDGE_LOOP('',(#2369,#2370,#2371,#2372));
#8114=EDGE_LOOP('',(#2373,#2374,#2375,#2376,#2377));
#8115=EDGE_LOOP('',(#2378,#2379,#2380,#2381));
#8116=EDGE_LOOP('',(#2382,#2383,#2384,#2385));
#8117=EDGE_LOOP('',(#2386,#2387,#2388,#2389));
#8118=EDGE_LOOP('',(#2390,#2391,#2392));
#8119=EDGE_LOOP('',(#2393,#2394,#2395,#2396));
#8120=EDGE_LOOP('',(#2397,#2398,#2399,#2400,#2401,#2402));
#8121=EDGE_LOOP('',(#2403,#2404,#2405,#2406,#2407,#2408,#2409,#2410,#2411,
#2412));
#8122=EDGE_LOOP('',(#2413,#2414,#2415,#2416,#2417,#2418,#2419,#2420,#2421,
#2422));
#8123=EDGE_LOOP('',(#2423,#2424,#2425,#2426));
#8124=EDGE_LOOP('',(#2427,#2428,#2429,#2430,#2431));
#8125=EDGE_LOOP('',(#2432,#2433,#2434,#2435));
#8126=EDGE_LOOP('',(#2436,#2437,#2438,#2439));
#8127=EDGE_LOOP('',(#2440,#2441,#2442,#2443));
#8128=EDGE_LOOP('',(#2444,#2445,#2446));
#8129=EDGE_LOOP('',(#2447,#2448,#2449,#2450));
#8130=EDGE_LOOP('',(#2451,#2452,#2453,#2454,#2455,#2456));
#8131=EDGE_LOOP('',(#2457,#2458,#2459,#2460,#2461,#2462,#2463,#2464,#2465,
#2466));
#8132=EDGE_LOOP('',(#2467,#2468,#2469,#2470,#2471,#2472,#2473,#2474,#2475,
#2476));
#8133=EDGE_LOOP('',(#2477,#2478,#2479,#2480));
#8134=EDGE_LOOP('',(#2481,#2482,#2483,#2484,#2485));
#8135=EDGE_LOOP('',(#2486,#2487,#2488,#2489));
#8136=EDGE_LOOP('',(#2490,#2491,#2492,#2493));
#8137=EDGE_LOOP('',(#2494,#2495,#2496,#2497));
#8138=EDGE_LOOP('',(#2498,#2499,#2500));
#8139=EDGE_LOOP('',(#2501,#2502,#2503,#2504));
#8140=EDGE_LOOP('',(#2505,#2506,#2507,#2508,#2509,#2510));
#8141=EDGE_LOOP('',(#2511,#2512,#2513,#2514,#2515,#2516,#2517,#2518,#2519,
#2520));
#8142=EDGE_LOOP('',(#2521,#2522,#2523,#2524,#2525,#2526,#2527,#2528,#2529,
#2530));
#8143=EDGE_LOOP('',(#2531,#2532,#2533,#2534));
#8144=EDGE_LOOP('',(#2535,#2536,#2537,#2538,#2539));
#8145=EDGE_LOOP('',(#2540,#2541,#2542,#2543));
#8146=EDGE_LOOP('',(#2544,#2545,#2546,#2547));
#8147=EDGE_LOOP('',(#2548,#2549,#2550,#2551));
#8148=EDGE_LOOP('',(#2552,#2553,#2554));
#8149=EDGE_LOOP('',(#2555,#2556,#2557,#2558));
#8150=EDGE_LOOP('',(#2559,#2560,#2561,#2562,#2563,#2564));
#8151=EDGE_LOOP('',(#2565,#2566,#2567,#2568,#2569,#2570,#2571,#2572,#2573,
#2574));
#8152=EDGE_LOOP('',(#2575,#2576,#2577,#2578,#2579,#2580,#2581,#2582,#2583,
#2584));
#8153=EDGE_LOOP('',(#2585,#2586,#2587,#2588));
#8154=EDGE_LOOP('',(#2589,#2590,#2591,#2592,#2593));
#8155=EDGE_LOOP('',(#2594,#2595,#2596,#2597));
#8156=EDGE_LOOP('',(#2598,#2599,#2600,#2601));
#8157=EDGE_LOOP('',(#2602,#2603,#2604,#2605));
#8158=EDGE_LOOP('',(#2606,#2607,#2608));
#8159=EDGE_LOOP('',(#2609,#2610,#2611,#2612));
#8160=EDGE_LOOP('',(#2613,#2614,#2615,#2616,#2617,#2618));
#8161=EDGE_LOOP('',(#2619,#2620,#2621,#2622,#2623,#2624,#2625,#2626,#2627,
#2628));
#8162=EDGE_LOOP('',(#2629,#2630,#2631,#2632,#2633,#2634,#2635,#2636,#2637,
#2638));
#8163=EDGE_LOOP('',(#2639,#2640,#2641,#2642));
#8164=EDGE_LOOP('',(#2643,#2644,#2645,#2646,#2647));
#8165=EDGE_LOOP('',(#2648,#2649,#2650,#2651));
#8166=EDGE_LOOP('',(#2652,#2653,#2654,#2655));
#8167=EDGE_LOOP('',(#2656,#2657,#2658,#2659));
#8168=EDGE_LOOP('',(#2660,#2661,#2662));
#8169=EDGE_LOOP('',(#2663,#2664,#2665,#2666));
#8170=EDGE_LOOP('',(#2667,#2668,#2669,#2670,#2671,#2672));
#8171=EDGE_LOOP('',(#2673,#2674,#2675,#2676,#2677,#2678,#2679,#2680,#2681,
#2682));
#8172=EDGE_LOOP('',(#2683,#2684,#2685,#2686,#2687,#2688,#2689,#2690,#2691,
#2692));
#8173=EDGE_LOOP('',(#2693,#2694,#2695,#2696));
#8174=EDGE_LOOP('',(#2697,#2698,#2699,#2700,#2701));
#8175=EDGE_LOOP('',(#2702,#2703,#2704,#2705));
#8176=EDGE_LOOP('',(#2706,#2707,#2708,#2709));
#8177=EDGE_LOOP('',(#2710,#2711,#2712,#2713));
#8178=EDGE_LOOP('',(#2714,#2715,#2716));
#8179=EDGE_LOOP('',(#2717,#2718,#2719,#2720));
#8180=EDGE_LOOP('',(#2721,#2722,#2723,#2724,#2725,#2726));
#8181=EDGE_LOOP('',(#2727,#2728,#2729,#2730,#2731,#2732,#2733,#2734,#2735,
#2736));
#8182=EDGE_LOOP('',(#2737,#2738,#2739,#2740,#2741,#2742,#2743,#2744,#2745,
#2746));
#8183=EDGE_LOOP('',(#2747,#2748,#2749,#2750));
#8184=EDGE_LOOP('',(#2751,#2752,#2753,#2754,#2755));
#8185=EDGE_LOOP('',(#2756,#2757,#2758,#2759));
#8186=EDGE_LOOP('',(#2760,#2761,#2762,#2763));
#8187=EDGE_LOOP('',(#2764,#2765,#2766,#2767));
#8188=EDGE_LOOP('',(#2768,#2769,#2770));
#8189=EDGE_LOOP('',(#2771,#2772,#2773,#2774));
#8190=EDGE_LOOP('',(#2775,#2776,#2777,#2778,#2779,#2780));
#8191=EDGE_LOOP('',(#2781,#2782,#2783,#2784,#2785,#2786,#2787,#2788,#2789,
#2790));
#8192=EDGE_LOOP('',(#2791,#2792,#2793,#2794,#2795,#2796,#2797,#2798,#2799,
#2800));
#8193=EDGE_LOOP('',(#2801,#2802,#2803,#2804));
#8194=EDGE_LOOP('',(#2805,#2806,#2807,#2808,#2809));
#8195=EDGE_LOOP('',(#2810,#2811,#2812,#2813));
#8196=EDGE_LOOP('',(#2814,#2815,#2816,#2817));
#8197=EDGE_LOOP('',(#2818,#2819,#2820,#2821));
#8198=EDGE_LOOP('',(#2822,#2823,#2824));
#8199=EDGE_LOOP('',(#2825,#2826,#2827,#2828));
#8200=EDGE_LOOP('',(#2829,#2830,#2831,#2832,#2833,#2834));
#8201=EDGE_LOOP('',(#2835,#2836,#2837,#2838,#2839,#2840,#2841,#2842,#2843,
#2844));
#8202=EDGE_LOOP('',(#2845,#2846,#2847,#2848,#2849,#2850,#2851,#2852,#2853,
#2854));
#8203=EDGE_LOOP('',(#2855,#2856,#2857,#2858));
#8204=EDGE_LOOP('',(#2859,#2860,#2861,#2862,#2863));
#8205=EDGE_LOOP('',(#2864,#2865,#2866,#2867));
#8206=EDGE_LOOP('',(#2868,#2869,#2870,#2871));
#8207=EDGE_LOOP('',(#2872,#2873,#2874,#2875));
#8208=EDGE_LOOP('',(#2876,#2877,#2878));
#8209=EDGE_LOOP('',(#2879,#2880,#2881,#2882));
#8210=EDGE_LOOP('',(#2883,#2884,#2885,#2886,#2887,#2888));
#8211=EDGE_LOOP('',(#2889,#2890,#2891,#2892,#2893,#2894,#2895,#2896,#2897,
#2898));
#8212=EDGE_LOOP('',(#2899,#2900,#2901,#2902,#2903,#2904,#2905,#2906,#2907,
#2908));
#8213=EDGE_LOOP('',(#2909,#2910,#2911,#2912));
#8214=EDGE_LOOP('',(#2913,#2914,#2915,#2916,#2917));
#8215=EDGE_LOOP('',(#2918,#2919,#2920,#2921));
#8216=EDGE_LOOP('',(#2922,#2923,#2924,#2925));
#8217=EDGE_LOOP('',(#2926,#2927,#2928,#2929));
#8218=EDGE_LOOP('',(#2930,#2931,#2932));
#8219=EDGE_LOOP('',(#2933,#2934,#2935,#2936));
#8220=EDGE_LOOP('',(#2937,#2938,#2939,#2940,#2941,#2942));
#8221=EDGE_LOOP('',(#2943,#2944,#2945,#2946,#2947,#2948,#2949,#2950,#2951,
#2952));
#8222=EDGE_LOOP('',(#2953,#2954,#2955,#2956,#2957,#2958,#2959,#2960,#2961,
#2962));
#8223=EDGE_LOOP('',(#2963,#2964,#2965,#2966));
#8224=EDGE_LOOP('',(#2967,#2968,#2969,#2970,#2971));
#8225=EDGE_LOOP('',(#2972,#2973,#2974,#2975));
#8226=EDGE_LOOP('',(#2976,#2977,#2978,#2979));
#8227=EDGE_LOOP('',(#2980,#2981,#2982,#2983));
#8228=EDGE_LOOP('',(#2984,#2985,#2986));
#8229=EDGE_LOOP('',(#2987,#2988,#2989,#2990,#2991,#2992));
#8230=EDGE_LOOP('',(#2993,#2994,#2995,#2996,#2997));
#8231=EDGE_LOOP('',(#2998,#2999,#3000,#3001));
#8232=EDGE_LOOP('',(#3002,#3003,#3004,#3005,#3006,#3007));
#8233=EDGE_LOOP('',(#3008,#3009,#3010,#3011,#3012));
#8234=EDGE_LOOP('',(#3013,#3014,#3015,#3016));
#8235=EDGE_LOOP('',(#3017,#3018,#3019,#3020,#3021,#3022));
#8236=EDGE_LOOP('',(#3023,#3024,#3025,#3026,#3027));
#8237=EDGE_LOOP('',(#3028,#3029,#3030,#3031));
#8238=EDGE_LOOP('',(#3032,#3033,#3034,#3035,#3036,#3037));
#8239=EDGE_LOOP('',(#3038,#3039,#3040,#3041,#3042));
#8240=EDGE_LOOP('',(#3043,#3044,#3045,#3046));
#8241=EDGE_LOOP('',(#3047,#3048,#3049,#3050,#3051,#3052));
#8242=EDGE_LOOP('',(#3053,#3054,#3055,#3056,#3057));
#8243=EDGE_LOOP('',(#3058,#3059,#3060,#3061));
#8244=EDGE_LOOP('',(#3062,#3063,#3064,#3065,#3066,#3067));
#8245=EDGE_LOOP('',(#3068,#3069,#3070,#3071,#3072));
#8246=EDGE_LOOP('',(#3073,#3074,#3075,#3076));
#8247=EDGE_LOOP('',(#3077,#3078,#3079,#3080,#3081,#3082));
#8248=EDGE_LOOP('',(#3083,#3084,#3085,#3086,#3087));
#8249=EDGE_LOOP('',(#3088,#3089,#3090,#3091));
#8250=EDGE_LOOP('',(#3092,#3093,#3094,#3095,#3096,#3097));
#8251=EDGE_LOOP('',(#3098,#3099,#3100,#3101,#3102));
#8252=EDGE_LOOP('',(#3103,#3104,#3105,#3106));
#8253=EDGE_LOOP('',(#3107,#3108,#3109,#3110,#3111,#3112));
#8254=EDGE_LOOP('',(#3113,#3114,#3115,#3116,#3117));
#8255=EDGE_LOOP('',(#3118,#3119,#3120,#3121));
#8256=EDGE_LOOP('',(#3122,#3123,#3124,#3125,#3126,#3127));
#8257=EDGE_LOOP('',(#3128,#3129,#3130,#3131,#3132));
#8258=EDGE_LOOP('',(#3133,#3134,#3135,#3136));
#8259=EDGE_LOOP('',(#3137,#3138,#3139,#3140,#3141,#3142));
#8260=EDGE_LOOP('',(#3143,#3144,#3145,#3146,#3147));
#8261=EDGE_LOOP('',(#3148,#3149,#3150,#3151));
#8262=EDGE_LOOP('',(#3152,#3153,#3154,#3155,#3156,#3157));
#8263=EDGE_LOOP('',(#3158,#3159,#3160,#3161,#3162));
#8264=EDGE_LOOP('',(#3163,#3164,#3165,#3166));
#8265=FACE_BOUND('',#7740,.T.);
#8266=FACE_BOUND('',#7741,.T.);
#8267=FACE_BOUND('',#7742,.T.);
#8268=FACE_BOUND('',#7743,.T.);
#8269=FACE_BOUND('',#7744,.T.);
#8270=FACE_BOUND('',#7745,.T.);
#8271=FACE_BOUND('',#7746,.T.);
#8272=FACE_BOUND('',#7747,.T.);
#8273=FACE_BOUND('',#7748,.T.);
#8274=FACE_BOUND('',#7749,.T.);
#8275=FACE_BOUND('',#7750,.T.);
#8276=FACE_BOUND('',#7751,.T.);
#8277=FACE_BOUND('',#7752,.T.);
#8278=FACE_BOUND('',#7753,.T.);
#8279=FACE_BOUND('',#7754,.T.);
#8280=FACE_BOUND('',#7755,.T.);
#8281=FACE_BOUND('',#7756,.T.);
#8282=FACE_BOUND('',#7757,.T.);
#8283=FACE_BOUND('',#7758,.T.);
#8284=FACE_BOUND('',#7759,.T.);
#8285=FACE_BOUND('',#7760,.T.);
#8286=FACE_BOUND('',#7761,.T.);
#8287=FACE_BOUND('',#7762,.T.);
#8288=FACE_BOUND('',#7763,.T.);
#8289=FACE_BOUND('',#7764,.T.);
#8290=FACE_BOUND('',#7765,.T.);
#8291=FACE_BOUND('',#7766,.T.);
#8292=FACE_BOUND('',#7767,.T.);
#8293=FACE_BOUND('',#7768,.T.);
#8294=FACE_BOUND('',#7769,.T.);
#8295=FACE_BOUND('',#7770,.T.);
#8296=FACE_BOUND('',#7771,.T.);
#8297=FACE_BOUND('',#7772,.T.);
#8298=FACE_BOUND('',#7773,.T.);
#8299=FACE_BOUND('',#7774,.T.);
#8300=FACE_BOUND('',#7775,.T.);
#8301=FACE_BOUND('',#7776,.T.);
#8302=FACE_BOUND('',#7777,.T.);
#8303=FACE_BOUND('',#7778,.T.);
#8304=FACE_BOUND('',#7779,.T.);
#8305=FACE_BOUND('',#7780,.T.);
#8306=FACE_BOUND('',#7781,.T.);
#8307=FACE_BOUND('',#7782,.T.);
#8308=FACE_BOUND('',#7783,.T.);
#8309=FACE_BOUND('',#7784,.T.);
#8310=FACE_BOUND('',#7785,.T.);
#8311=FACE_BOUND('',#7786,.T.);
#8312=FACE_BOUND('',#7787,.T.);
#8313=FACE_BOUND('',#7788,.T.);
#8314=FACE_BOUND('',#7789,.T.);
#8315=FACE_BOUND('',#7790,.T.);
#8316=FACE_BOUND('',#7791,.T.);
#8317=FACE_BOUND('',#7792,.T.);
#8318=FACE_BOUND('',#7793,.T.);
#8319=FACE_BOUND('',#7794,.T.);
#8320=FACE_BOUND('',#7795,.T.);
#8321=FACE_BOUND('',#7796,.T.);
#8322=FACE_BOUND('',#7797,.T.);
#8323=FACE_BOUND('',#7798,.T.);
#8324=FACE_BOUND('',#7799,.T.);
#8325=FACE_BOUND('',#7800,.T.);
#8326=FACE_BOUND('',#7801,.T.);
#8327=FACE_BOUND('',#7802,.T.);
#8328=FACE_BOUND('',#7803,.T.);
#8329=FACE_BOUND('',#7804,.T.);
#8330=FACE_BOUND('',#7805,.T.);
#8331=FACE_BOUND('',#7806,.T.);
#8332=FACE_BOUND('',#7807,.T.);
#8333=FACE_BOUND('',#7808,.T.);
#8334=FACE_BOUND('',#7809,.T.);
#8335=FACE_BOUND('',#7810,.T.);
#8336=FACE_BOUND('',#7811,.T.);
#8337=FACE_BOUND('',#7812,.T.);
#8338=FACE_BOUND('',#7813,.T.);
#8339=FACE_BOUND('',#7814,.T.);
#8340=FACE_BOUND('',#7815,.T.);
#8341=FACE_BOUND('',#7816,.T.);
#8342=FACE_BOUND('',#7817,.T.);
#8343=FACE_BOUND('',#7818,.T.);
#8344=FACE_BOUND('',#7819,.T.);
#8345=FACE_BOUND('',#7820,.T.);
#8346=FACE_BOUND('',#7821,.T.);
#8347=FACE_BOUND('',#7822,.T.);
#8348=FACE_BOUND('',#7823,.T.);
#8349=FACE_BOUND('',#7824,.T.);
#8350=FACE_BOUND('',#7825,.T.);
#8351=FACE_BOUND('',#7826,.T.);
#8352=FACE_BOUND('',#7827,.T.);
#8353=FACE_BOUND('',#7828,.T.);
#8354=FACE_BOUND('',#7829,.T.);
#8355=FACE_BOUND('',#7830,.T.);
#8356=FACE_BOUND('',#7831,.T.);
#8357=FACE_BOUND('',#7832,.T.);
#8358=FACE_BOUND('',#7833,.T.);
#8359=FACE_BOUND('',#7834,.T.);
#8360=FACE_BOUND('',#7835,.T.);
#8361=FACE_BOUND('',#7836,.T.);
#8362=FACE_BOUND('',#7837,.T.);
#8363=FACE_BOUND('',#7838,.T.);
#8364=FACE_BOUND('',#7839,.T.);
#8365=FACE_BOUND('',#7840,.T.);
#8366=FACE_BOUND('',#7841,.T.);
#8367=FACE_BOUND('',#7842,.T.);
#8368=FACE_BOUND('',#7843,.T.);
#8369=FACE_BOUND('',#7844,.T.);
#8370=FACE_BOUND('',#7845,.T.);
#8371=FACE_BOUND('',#7846,.T.);
#8372=FACE_BOUND('',#7847,.T.);
#8373=FACE_BOUND('',#7848,.T.);
#8374=FACE_BOUND('',#7849,.T.);
#8375=FACE_BOUND('',#7850,.T.);
#8376=FACE_BOUND('',#7851,.T.);
#8377=FACE_BOUND('',#7852,.T.);
#8378=FACE_BOUND('',#7853,.T.);
#8379=FACE_BOUND('',#7854,.T.);
#8380=FACE_BOUND('',#7855,.T.);
#8381=FACE_BOUND('',#7856,.T.);
#8382=FACE_BOUND('',#7857,.T.);
#8383=FACE_BOUND('',#7858,.T.);
#8384=FACE_BOUND('',#7859,.T.);
#8385=FACE_BOUND('',#7860,.T.);
#8386=FACE_BOUND('',#7861,.T.);
#8387=FACE_BOUND('',#7862,.T.);
#8388=FACE_BOUND('',#7863,.T.);
#8389=FACE_BOUND('',#7864,.T.);
#8390=FACE_BOUND('',#7865,.T.);
#8391=FACE_BOUND('',#7866,.T.);
#8392=FACE_BOUND('',#7867,.T.);
#8393=FACE_BOUND('',#7868,.T.);
#8394=FACE_BOUND('',#7869,.T.);
#8395=FACE_BOUND('',#7870,.T.);
#8396=FACE_BOUND('',#7871,.T.);
#8397=FACE_BOUND('',#7872,.T.);
#8398=FACE_BOUND('',#7873,.T.);
#8399=FACE_BOUND('',#7874,.T.);
#8400=FACE_BOUND('',#7875,.T.);
#8401=FACE_BOUND('',#7876,.T.);
#8402=FACE_BOUND('',#7877,.T.);
#8403=FACE_BOUND('',#7878,.T.);
#8404=FACE_BOUND('',#7879,.T.);
#8405=FACE_BOUND('',#7880,.T.);
#8406=FACE_BOUND('',#7881,.T.);
#8407=FACE_BOUND('',#7882,.T.);
#8408=FACE_BOUND('',#7883,.T.);
#8409=FACE_BOUND('',#7884,.T.);
#8410=FACE_BOUND('',#7885,.T.);
#8411=FACE_BOUND('',#7886,.T.);
#8412=FACE_BOUND('',#7887,.T.);
#8413=FACE_BOUND('',#7888,.T.);
#8414=FACE_BOUND('',#7889,.T.);
#8415=FACE_BOUND('',#7890,.T.);
#8416=FACE_BOUND('',#7891,.T.);
#8417=FACE_BOUND('',#7892,.T.);
#8418=FACE_BOUND('',#7893,.T.);
#8419=FACE_BOUND('',#7894,.T.);
#8420=FACE_BOUND('',#7895,.T.);
#8421=FACE_BOUND('',#7896,.T.);
#8422=FACE_BOUND('',#7897,.T.);
#8423=FACE_BOUND('',#7898,.T.);
#8424=FACE_BOUND('',#7899,.T.);
#8425=FACE_BOUND('',#7900,.T.);
#8426=FACE_BOUND('',#7901,.T.);
#8427=FACE_BOUND('',#7902,.T.);
#8428=FACE_BOUND('',#7903,.T.);
#8429=FACE_BOUND('',#7904,.T.);
#8430=FACE_BOUND('',#7905,.T.);
#8431=FACE_BOUND('',#7906,.T.);
#8432=FACE_BOUND('',#7907,.T.);
#8433=FACE_BOUND('',#7908,.T.);
#8434=FACE_BOUND('',#7909,.T.);
#8435=FACE_BOUND('',#7910,.T.);
#8436=FACE_BOUND('',#7911,.T.);
#8437=FACE_BOUND('',#7912,.T.);
#8438=FACE_BOUND('',#7913,.T.);
#8439=FACE_BOUND('',#7914,.T.);
#8440=FACE_BOUND('',#7915,.T.);
#8441=FACE_BOUND('',#7916,.T.);
#8442=FACE_BOUND('',#7917,.T.);
#8443=FACE_BOUND('',#7918,.T.);
#8444=FACE_BOUND('',#7919,.T.);
#8445=FACE_BOUND('',#7920,.T.);
#8446=FACE_BOUND('',#7921,.T.);
#8447=FACE_BOUND('',#7922,.T.);
#8448=FACE_BOUND('',#7923,.T.);
#8449=FACE_BOUND('',#7924,.T.);
#8450=FACE_BOUND('',#7925,.T.);
#8451=FACE_BOUND('',#7926,.T.);
#8452=FACE_BOUND('',#7927,.T.);
#8453=FACE_BOUND('',#7928,.T.);
#8454=FACE_BOUND('',#7929,.T.);
#8455=FACE_BOUND('',#7930,.T.);
#8456=FACE_BOUND('',#7931,.T.);
#8457=FACE_BOUND('',#7932,.T.);
#8458=FACE_BOUND('',#7933,.T.);
#8459=FACE_BOUND('',#7934,.T.);
#8460=FACE_BOUND('',#7935,.T.);
#8461=FACE_BOUND('',#7936,.T.);
#8462=FACE_BOUND('',#7937,.T.);
#8463=FACE_BOUND('',#7938,.T.);
#8464=FACE_BOUND('',#7939,.T.);
#8465=FACE_BOUND('',#7940,.T.);
#8466=FACE_BOUND('',#7941,.T.);
#8467=FACE_BOUND('',#7942,.T.);
#8468=FACE_BOUND('',#7943,.T.);
#8469=FACE_BOUND('',#7944,.T.);
#8470=FACE_BOUND('',#7945,.T.);
#8471=FACE_BOUND('',#7946,.T.);
#8472=FACE_BOUND('',#7947,.T.);
#8473=FACE_BOUND('',#7948,.T.);
#8474=FACE_BOUND('',#7949,.T.);
#8475=FACE_BOUND('',#7950,.T.);
#8476=FACE_BOUND('',#7951,.T.);
#8477=FACE_BOUND('',#7952,.T.);
#8478=FACE_BOUND('',#7953,.T.);
#8479=FACE_BOUND('',#7954,.T.);
#8480=FACE_BOUND('',#7955,.T.);
#8481=FACE_BOUND('',#7956,.T.);
#8482=FACE_BOUND('',#7957,.T.);
#8483=FACE_BOUND('',#7958,.T.);
#8484=FACE_BOUND('',#7959,.T.);
#8485=FACE_BOUND('',#7960,.T.);
#8486=FACE_BOUND('',#7961,.T.);
#8487=FACE_BOUND('',#7962,.T.);
#8488=FACE_BOUND('',#7963,.T.);
#8489=FACE_BOUND('',#7964,.T.);
#8490=FACE_BOUND('',#7965,.T.);
#8491=FACE_BOUND('',#7966,.T.);
#8492=FACE_BOUND('',#7967,.T.);
#8493=FACE_BOUND('',#7968,.T.);
#8494=FACE_BOUND('',#7969,.T.);
#8495=FACE_BOUND('',#7970,.T.);
#8496=FACE_BOUND('',#7971,.T.);
#8497=FACE_BOUND('',#7972,.T.);
#8498=FACE_BOUND('',#7973,.T.);
#8499=FACE_BOUND('',#7974,.T.);
#8500=FACE_BOUND('',#7975,.T.);
#8501=FACE_BOUND('',#7976,.T.);
#8502=FACE_BOUND('',#7977,.T.);
#8503=FACE_BOUND('',#7978,.T.);
#8504=FACE_BOUND('',#7979,.T.);
#8505=FACE_BOUND('',#7980,.T.);
#8506=FACE_BOUND('',#7981,.T.);
#8507=FACE_BOUND('',#7982,.T.);
#8508=FACE_BOUND('',#7983,.T.);
#8509=FACE_BOUND('',#7984,.T.);
#8510=FACE_BOUND('',#7985,.T.);
#8511=FACE_BOUND('',#7986,.T.);
#8512=FACE_BOUND('',#7987,.T.);
#8513=FACE_BOUND('',#7988,.T.);
#8514=FACE_BOUND('',#7989,.T.);
#8515=FACE_BOUND('',#7990,.T.);
#8516=FACE_BOUND('',#7991,.T.);
#8517=FACE_BOUND('',#7992,.T.);
#8518=FACE_BOUND('',#7993,.T.);
#8519=FACE_BOUND('',#7994,.T.);
#8520=FACE_BOUND('',#7995,.T.);
#8521=FACE_BOUND('',#7996,.T.);
#8522=FACE_BOUND('',#7997,.T.);
#8523=FACE_BOUND('',#7998,.T.);
#8524=FACE_BOUND('',#7999,.T.);
#8525=FACE_BOUND('',#8000,.T.);
#8526=FACE_BOUND('',#8001,.T.);
#8527=FACE_BOUND('',#8002,.T.);
#8528=FACE_BOUND('',#8003,.T.);
#8529=FACE_BOUND('',#8004,.T.);
#8530=FACE_BOUND('',#8005,.T.);
#8531=FACE_BOUND('',#8006,.T.);
#8532=FACE_BOUND('',#8007,.T.);
#8533=FACE_BOUND('',#8008,.T.);
#8534=FACE_BOUND('',#8009,.T.);
#8535=FACE_BOUND('',#8010,.T.);
#8536=FACE_BOUND('',#8011,.T.);
#8537=FACE_BOUND('',#8012,.T.);
#8538=FACE_BOUND('',#8013,.T.);
#8539=FACE_BOUND('',#8014,.T.);
#8540=FACE_BOUND('',#8015,.T.);
#8541=FACE_BOUND('',#8016,.T.);
#8542=FACE_BOUND('',#8017,.T.);
#8543=FACE_BOUND('',#8018,.T.);
#8544=FACE_BOUND('',#8019,.T.);
#8545=FACE_BOUND('',#8020,.T.);
#8546=FACE_BOUND('',#8021,.T.);
#8547=FACE_BOUND('',#8022,.T.);
#8548=FACE_BOUND('',#8023,.T.);
#8549=FACE_BOUND('',#8024,.T.);
#8550=FACE_BOUND('',#8025,.T.);
#8551=FACE_BOUND('',#8026,.T.);
#8552=FACE_BOUND('',#8027,.T.);
#8553=FACE_BOUND('',#8028,.T.);
#8554=FACE_BOUND('',#8029,.T.);
#8555=FACE_BOUND('',#8030,.T.);
#8556=FACE_BOUND('',#8031,.T.);
#8557=FACE_BOUND('',#8032,.T.);
#8558=FACE_BOUND('',#8033,.T.);
#8559=FACE_BOUND('',#8034,.T.);
#8560=FACE_BOUND('',#8035,.T.);
#8561=FACE_BOUND('',#8036,.T.);
#8562=FACE_BOUND('',#8037,.T.);
#8563=FACE_BOUND('',#8038,.T.);
#8564=FACE_BOUND('',#8039,.T.);
#8565=FACE_BOUND('',#8040,.T.);
#8566=FACE_BOUND('',#8041,.T.);
#8567=FACE_BOUND('',#8042,.T.);
#8568=FACE_BOUND('',#8043,.T.);
#8569=FACE_BOUND('',#8044,.T.);
#8570=FACE_BOUND('',#8045,.T.);
#8571=FACE_BOUND('',#8046,.T.);
#8572=FACE_BOUND('',#8047,.T.);
#8573=FACE_BOUND('',#8048,.T.);
#8574=FACE_BOUND('',#8049,.T.);
#8575=FACE_BOUND('',#8050,.T.);
#8576=FACE_BOUND('',#8051,.T.);
#8577=FACE_BOUND('',#8052,.T.);
#8578=FACE_BOUND('',#8053,.T.);
#8579=FACE_BOUND('',#8054,.T.);
#8580=FACE_BOUND('',#8055,.T.);
#8581=FACE_BOUND('',#8056,.T.);
#8582=FACE_BOUND('',#8057,.T.);
#8583=FACE_BOUND('',#8058,.T.);
#8584=FACE_BOUND('',#8059,.T.);
#8585=FACE_BOUND('',#8060,.T.);
#8586=FACE_BOUND('',#8061,.T.);
#8587=FACE_BOUND('',#8062,.T.);
#8588=FACE_BOUND('',#8063,.T.);
#8589=FACE_BOUND('',#8064,.T.);
#8590=FACE_BOUND('',#8065,.T.);
#8591=FACE_BOUND('',#8066,.T.);
#8592=FACE_BOUND('',#8067,.T.);
#8593=FACE_BOUND('',#8068,.T.);
#8594=FACE_BOUND('',#8069,.T.);
#8595=FACE_BOUND('',#8070,.T.);
#8596=FACE_BOUND('',#8071,.T.);
#8597=FACE_BOUND('',#8072,.T.);
#8598=FACE_BOUND('',#8073,.T.);
#8599=FACE_BOUND('',#8074,.T.);
#8600=FACE_BOUND('',#8075,.T.);
#8601=FACE_BOUND('',#8076,.T.);
#8602=FACE_BOUND('',#8077,.T.);
#8603=FACE_BOUND('',#8078,.T.);
#8604=FACE_BOUND('',#8079,.T.);
#8605=FACE_BOUND('',#8080,.T.);
#8606=FACE_BOUND('',#8081,.T.);
#8607=FACE_BOUND('',#8082,.T.);
#8608=FACE_BOUND('',#8083,.T.);
#8609=FACE_BOUND('',#8084,.T.);
#8610=FACE_BOUND('',#8085,.T.);
#8611=FACE_BOUND('',#8086,.T.);
#8612=FACE_BOUND('',#8087,.T.);
#8613=FACE_BOUND('',#8088,.T.);
#8614=FACE_BOUND('',#8089,.T.);
#8615=FACE_BOUND('',#8090,.T.);
#8616=FACE_BOUND('',#8091,.T.);
#8617=FACE_BOUND('',#8092,.T.);
#8618=FACE_BOUND('',#8093,.T.);
#8619=FACE_BOUND('',#8094,.T.);
#8620=FACE_BOUND('',#8095,.T.);
#8621=FACE_BOUND('',#8096,.T.);
#8622=FACE_BOUND('',#8097,.T.);
#8623=FACE_BOUND('',#8098,.T.);
#8624=FACE_BOUND('',#8099,.T.);
#8625=FACE_BOUND('',#8100,.T.);
#8626=FACE_BOUND('',#8101,.T.);
#8627=FACE_BOUND('',#8102,.T.);
#8628=FACE_BOUND('',#8103,.T.);
#8629=FACE_BOUND('',#8104,.T.);
#8630=FACE_BOUND('',#8105,.T.);
#8631=FACE_BOUND('',#8106,.T.);
#8632=FACE_BOUND('',#8107,.T.);
#8633=FACE_BOUND('',#8108,.T.);
#8634=FACE_BOUND('',#8109,.T.);
#8635=FACE_BOUND('',#8110,.T.);
#8636=FACE_BOUND('',#8111,.T.);
#8637=FACE_BOUND('',#8112,.T.);
#8638=FACE_BOUND('',#8113,.T.);
#8639=FACE_BOUND('',#8114,.T.);
#8640=FACE_BOUND('',#8115,.T.);
#8641=FACE_BOUND('',#8116,.T.);
#8642=FACE_BOUND('',#8117,.T.);
#8643=FACE_BOUND('',#8118,.T.);
#8644=FACE_BOUND('',#8119,.T.);
#8645=FACE_BOUND('',#8120,.T.);
#8646=FACE_BOUND('',#8121,.T.);
#8647=FACE_BOUND('',#8122,.T.);
#8648=FACE_BOUND('',#8123,.T.);
#8649=FACE_BOUND('',#8124,.T.);
#8650=FACE_BOUND('',#8125,.T.);
#8651=FACE_BOUND('',#8126,.T.);
#8652=FACE_BOUND('',#8127,.T.);
#8653=FACE_BOUND('',#8128,.T.);
#8654=FACE_BOUND('',#8129,.T.);
#8655=FACE_BOUND('',#8130,.T.);
#8656=FACE_BOUND('',#8131,.T.);
#8657=FACE_BOUND('',#8132,.T.);
#8658=FACE_BOUND('',#8133,.T.);
#8659=FACE_BOUND('',#8134,.T.);
#8660=FACE_BOUND('',#8135,.T.);
#8661=FACE_BOUND('',#8136,.T.);
#8662=FACE_BOUND('',#8137,.T.);
#8663=FACE_BOUND('',#8138,.T.);
#8664=FACE_BOUND('',#8139,.T.);
#8665=FACE_BOUND('',#8140,.T.);
#8666=FACE_BOUND('',#8141,.T.);
#8667=FACE_BOUND('',#8142,.T.);
#8668=FACE_BOUND('',#8143,.T.);
#8669=FACE_BOUND('',#8144,.T.);
#8670=FACE_BOUND('',#8145,.T.);
#8671=FACE_BOUND('',#8146,.T.);
#8672=FACE_BOUND('',#8147,.T.);
#8673=FACE_BOUND('',#8148,.T.);
#8674=FACE_BOUND('',#8149,.T.);
#8675=FACE_BOUND('',#8150,.T.);
#8676=FACE_BOUND('',#8151,.T.);
#8677=FACE_BOUND('',#8152,.T.);
#8678=FACE_BOUND('',#8153,.T.);
#8679=FACE_BOUND('',#8154,.T.);
#8680=FACE_BOUND('',#8155,.T.);
#8681=FACE_BOUND('',#8156,.T.);
#8682=FACE_BOUND('',#8157,.T.);
#8683=FACE_BOUND('',#8158,.T.);
#8684=FACE_BOUND('',#8159,.T.);
#8685=FACE_BOUND('',#8160,.T.);
#8686=FACE_BOUND('',#8161,.T.);
#8687=FACE_BOUND('',#8162,.T.);
#8688=FACE_BOUND('',#8163,.T.);
#8689=FACE_BOUND('',#8164,.T.);
#8690=FACE_BOUND('',#8165,.T.);
#8691=FACE_BOUND('',#8166,.T.);
#8692=FACE_BOUND('',#8167,.T.);
#8693=FACE_BOUND('',#8168,.T.);
#8694=FACE_BOUND('',#8169,.T.);
#8695=FACE_BOUND('',#8170,.T.);
#8696=FACE_BOUND('',#8171,.T.);
#8697=FACE_BOUND('',#8172,.T.);
#8698=FACE_BOUND('',#8173,.T.);
#8699=FACE_BOUND('',#8174,.T.);
#8700=FACE_BOUND('',#8175,.T.);
#8701=FACE_BOUND('',#8176,.T.);
#8702=FACE_BOUND('',#8177,.T.);
#8703=FACE_BOUND('',#8178,.T.);
#8704=FACE_BOUND('',#8179,.T.);
#8705=FACE_BOUND('',#8180,.T.);
#8706=FACE_BOUND('',#8181,.T.);
#8707=FACE_BOUND('',#8182,.T.);
#8708=FACE_BOUND('',#8183,.T.);
#8709=FACE_BOUND('',#8184,.T.);
#8710=FACE_BOUND('',#8185,.T.);
#8711=FACE_BOUND('',#8186,.T.);
#8712=FACE_BOUND('',#8187,.T.);
#8713=FACE_BOUND('',#8188,.T.);
#8714=FACE_BOUND('',#8189,.T.);
#8715=FACE_BOUND('',#8190,.T.);
#8716=FACE_BOUND('',#8191,.T.);
#8717=FACE_BOUND('',#8192,.T.);
#8718=FACE_BOUND('',#8193,.T.);
#8719=FACE_BOUND('',#8194,.T.);
#8720=FACE_BOUND('',#8195,.T.);
#8721=FACE_BOUND('',#8196,.T.);
#8722=FACE_BOUND('',#8197,.T.);
#8723=FACE_BOUND('',#8198,.T.);
#8724=FACE_BOUND('',#8199,.T.);
#8725=FACE_BOUND('',#8200,.T.);
#8726=FACE_BOUND('',#8201,.T.);
#8727=FACE_BOUND('',#8202,.T.);
#8728=FACE_BOUND('',#8203,.T.);
#8729=FACE_BOUND('',#8204,.T.);
#8730=FACE_BOUND('',#8205,.T.);
#8731=FACE_BOUND('',#8206,.T.);
#8732=FACE_BOUND('',#8207,.T.);
#8733=FACE_BOUND('',#8208,.T.);
#8734=FACE_BOUND('',#8209,.T.);
#8735=FACE_BOUND('',#8210,.T.);
#8736=FACE_BOUND('',#8211,.T.);
#8737=FACE_BOUND('',#8212,.T.);
#8738=FACE_BOUND('',#8213,.T.);
#8739=FACE_BOUND('',#8214,.T.);
#8740=FACE_BOUND('',#8215,.T.);
#8741=FACE_BOUND('',#8216,.T.);
#8742=FACE_BOUND('',#8217,.T.);
#8743=FACE_BOUND('',#8218,.T.);
#8744=FACE_BOUND('',#8219,.T.);
#8745=FACE_BOUND('',#8220,.T.);
#8746=FACE_BOUND('',#8221,.T.);
#8747=FACE_BOUND('',#8222,.T.);
#8748=FACE_BOUND('',#8223,.T.);
#8749=FACE_BOUND('',#8224,.T.);
#8750=FACE_BOUND('',#8225,.T.);
#8751=FACE_BOUND('',#8226,.T.);
#8752=FACE_BOUND('',#8227,.T.);
#8753=FACE_BOUND('',#8228,.T.);
#8754=FACE_BOUND('',#8229,.T.);
#8755=FACE_BOUND('',#8230,.T.);
#8756=FACE_BOUND('',#8231,.T.);
#8757=FACE_BOUND('',#8232,.T.);
#8758=FACE_BOUND('',#8233,.T.);
#8759=FACE_BOUND('',#8234,.T.);
#8760=FACE_BOUND('',#8235,.T.);
#8761=FACE_BOUND('',#8236,.T.);
#8762=FACE_BOUND('',#8237,.T.);
#8763=FACE_BOUND('',#8238,.T.);
#8764=FACE_BOUND('',#8239,.T.);
#8765=FACE_BOUND('',#8240,.T.);
#8766=FACE_BOUND('',#8241,.T.);
#8767=FACE_BOUND('',#8242,.T.);
#8768=FACE_BOUND('',#8243,.T.);
#8769=FACE_BOUND('',#8244,.T.);
#8770=FACE_BOUND('',#8245,.T.);
#8771=FACE_BOUND('',#8246,.T.);
#8772=FACE_BOUND('',#8247,.T.);
#8773=FACE_BOUND('',#8248,.T.);
#8774=FACE_BOUND('',#8249,.T.);
#8775=FACE_BOUND('',#8250,.T.);
#8776=FACE_BOUND('',#8251,.T.);
#8777=FACE_BOUND('',#8252,.T.);
#8778=FACE_BOUND('',#8253,.T.);
#8779=FACE_BOUND('',#8254,.T.);
#8780=FACE_BOUND('',#8255,.T.);
#8781=FACE_BOUND('',#8256,.T.);
#8782=FACE_BOUND('',#8257,.T.);
#8783=FACE_BOUND('',#8258,.T.);
#8784=FACE_BOUND('',#8259,.T.);
#8785=FACE_BOUND('',#8260,.T.);
#8786=FACE_BOUND('',#8261,.T.);
#8787=FACE_BOUND('',#8262,.T.);
#8788=FACE_BOUND('',#8263,.T.);
#8789=FACE_BOUND('',#8264,.T.);
#8790=PLANE('',#13191);
#8791=PLANE('',#13192);
#8792=PLANE('',#13193);
#8793=PLANE('',#13194);
#8794=PLANE('',#13195);
#8795=PLANE('',#13196);
#8796=PLANE('',#13197);
#8797=PLANE('',#13198);
#8798=PLANE('',#13199);
#8799=PLANE('',#13200);
#8800=PLANE('',#13201);
#8801=PLANE('',#13202);
#8802=PLANE('',#13203);
#8803=PLANE('',#13219);
#8804=PLANE('',#13313);
#8805=PLANE('',#13318);
#8806=PLANE('',#13323);
#8807=PLANE('',#13328);
#8808=PLANE('',#13333);
#8809=PLANE('',#13338);
#8810=PLANE('',#13343);
#8811=PLANE('',#13348);
#8812=PLANE('',#13353);
#8813=PLANE('',#13358);
#8814=PLANE('',#13363);
#8815=PLANE('',#13375);
#8816=PLANE('',#13376);
#8817=PLANE('',#13377);
#8818=PLANE('',#13378);
#8819=PLANE('',#13379);
#8820=PLANE('',#13380);
#8821=PLANE('',#13381);
#8822=PLANE('',#13382);
#8823=PLANE('',#13383);
#8824=PLANE('',#13384);
#8825=PLANE('',#13385);
#8826=PLANE('',#13386);
#8827=PLANE('',#13387);
#8828=PLANE('',#13388);
#8829=PLANE('',#13389);
#8830=PLANE('',#13393);
#8831=PLANE('',#13397);
#8832=PLANE('',#13398);
#8833=PLANE('',#13405);
#8834=PLANE('',#13406);
#8835=PLANE('',#13409);
#8836=PLANE('',#13412);
#8837=PLANE('',#13413);
#8838=PLANE('',#13414);
#8839=PLANE('',#13416);
#8840=PLANE('',#13418);
#8841=PLANE('',#13419);
#8842=PLANE('',#13423);
#8843=PLANE('',#13424);
#8844=PLANE('',#13425);
#8845=PLANE('',#13426);
#8846=PLANE('',#13427);
#8847=PLANE('',#13429);
#8848=PLANE('',#13432);
#8849=PLANE('',#13433);
#8850=PLANE('',#13437);
#8851=PLANE('',#13438);
#8852=PLANE('',#13439);
#8853=PLANE('',#13440);
#8854=PLANE('',#13441);
#8855=PLANE('',#13443);
#8856=PLANE('',#13446);
#8857=PLANE('',#13447);
#8858=PLANE('',#13451);
#8859=PLANE('',#13452);
#8860=PLANE('',#13453);
#8861=PLANE('',#13454);
#8862=PLANE('',#13455);
#8863=PLANE('',#13457);
#8864=PLANE('',#13460);
#8865=PLANE('',#13461);
#8866=PLANE('',#13465);
#8867=PLANE('',#13466);
#8868=PLANE('',#13467);
#8869=PLANE('',#13468);
#8870=PLANE('',#13469);
#8871=PLANE('',#13471);
#8872=PLANE('',#13474);
#8873=PLANE('',#13475);
#8874=PLANE('',#13479);
#8875=PLANE('',#13480);
#8876=PLANE('',#13481);
#8877=PLANE('',#13482);
#8878=PLANE('',#13483);
#8879=PLANE('',#13485);
#8880=PLANE('',#13488);
#8881=PLANE('',#13489);
#8882=PLANE('',#13493);
#8883=PLANE('',#13494);
#8884=PLANE('',#13495);
#8885=PLANE('',#13496);
#8886=PLANE('',#13497);
#8887=PLANE('',#13499);
#8888=PLANE('',#13502);
#8889=PLANE('',#13503);
#8890=PLANE('',#13507);
#8891=PLANE('',#13508);
#8892=PLANE('',#13509);
#8893=PLANE('',#13510);
#8894=PLANE('',#13511);
#8895=PLANE('',#13513);
#8896=PLANE('',#13516);
#8897=PLANE('',#13517);
#8898=PLANE('',#13521);
#8899=PLANE('',#13522);
#8900=PLANE('',#13523);
#8901=PLANE('',#13524);
#8902=PLANE('',#13525);
#8903=PLANE('',#13527);
#8904=PLANE('',#13530);
#8905=PLANE('',#13531);
#8906=PLANE('',#13535);
#8907=PLANE('',#13536);
#8908=PLANE('',#13537);
#8909=PLANE('',#13538);
#8910=PLANE('',#13539);
#8911=PLANE('',#13541);
#8912=PLANE('',#13544);
#8913=PLANE('',#13545);
#8914=PLANE('',#13549);
#8915=PLANE('',#13550);
#8916=PLANE('',#13551);
#8917=PLANE('',#13552);
#8918=PLANE('',#13553);
#8919=PLANE('',#13555);
#8920=PLANE('',#13558);
#8921=PLANE('',#13559);
#8922=PLANE('',#13563);
#8923=PLANE('',#13564);
#8924=PLANE('',#13565);
#8925=PLANE('',#13566);
#8926=PLANE('',#13567);
#8927=PLANE('',#13569);
#8928=PLANE('',#13572);
#8929=PLANE('',#13573);
#8930=PLANE('',#13575);
#8931=PLANE('',#13579);
#8932=PLANE('',#13580);
#8933=PLANE('',#13581);
#8934=PLANE('',#13582);
#8935=PLANE('',#13585);
#8936=PLANE('',#13586);
#8937=PLANE('',#13587);
#8938=PLANE('',#13588);
#8939=PLANE('',#13589);
#8940=PLANE('',#13590);
#8941=PLANE('',#13591);
#8942=PLANE('',#13592);
#8943=PLANE('',#13593);
#8944=PLANE('',#13594);
#8945=PLANE('',#13595);
#8946=PLANE('',#13596);
#8947=PLANE('',#13597);
#8948=PLANE('',#13598);
#8949=PLANE('',#13599);
#8950=PLANE('',#13600);
#8951=PLANE('',#13601);
#8952=PLANE('',#13602);
#8953=PLANE('',#13603);
#8954=PLANE('',#13604);
#8955=PLANE('',#13605);
#8956=PLANE('',#13606);
#8957=PLANE('',#13607);
#8958=PLANE('',#13608);
#8959=PLANE('',#13609);
#8960=PLANE('',#13610);
#8961=PLANE('',#13611);
#8962=PLANE('',#13612);
#8963=PLANE('',#13613);
#8964=PLANE('',#13614);
#8965=PLANE('',#13615);
#8966=PLANE('',#13616);
#8967=PLANE('',#13617);
#8968=PLANE('',#13618);
#8969=PLANE('',#13619);
#8970=PLANE('',#13620);
#8971=PLANE('',#13621);
#8972=PLANE('',#13622);
#8973=PLANE('',#13623);
#8974=PLANE('',#13624);
#8975=PLANE('',#13625);
#8976=PLANE('',#13626);
#8977=PLANE('',#13627);
#8978=PLANE('',#13628);
#8979=PLANE('',#13629);
#8980=PLANE('',#13630);
#8981=PLANE('',#13631);
#8982=PLANE('',#13632);
#8983=PLANE('',#13633);
#8984=PLANE('',#13634);
#8985=PLANE('',#13635);
#8986=PLANE('',#13636);
#8987=PLANE('',#13637);
#8988=PLANE('',#13638);
#8989=PLANE('',#13639);
#8990=PLANE('',#13640);
#8991=PLANE('',#13641);
#8992=PLANE('',#13642);
#8993=PLANE('',#13643);
#8994=PLANE('',#13644);
#8995=PLANE('',#13645);
#8996=PLANE('',#13646);
#8997=PLANE('',#13647);
#8998=PLANE('',#13648);
#8999=PLANE('',#13649);
#9000=PLANE('',#13650);
#9001=PLANE('',#13651);
#9002=PLANE('',#13652);
#9003=PLANE('',#13653);
#9004=PLANE('',#13654);
#9005=PLANE('',#13655);
#9006=PLANE('',#13656);
#9007=PLANE('',#13657);
#9008=PLANE('',#13658);
#9009=PLANE('',#13659);
#9010=PLANE('',#13660);
#9011=PLANE('',#13661);
#9012=PLANE('',#13662);
#9013=PLANE('',#13663);
#9014=PLANE('',#13664);
#9015=PLANE('',#13665);
#9016=PLANE('',#13666);
#9017=PLANE('',#13667);
#9018=PLANE('',#13668);
#9019=PLANE('',#13669);
#9020=PLANE('',#13670);
#9021=PLANE('',#13671);
#9022=PLANE('',#13672);
#9023=PLANE('',#13673);
#9024=PLANE('',#13674);
#9025=PLANE('',#13675);
#9026=PLANE('',#13676);
#9027=PLANE('',#13677);
#9028=PLANE('',#13678);
#9029=PLANE('',#13679);
#9030=PLANE('',#13680);
#9031=PLANE('',#13681);
#9032=PLANE('',#13682);
#9033=PLANE('',#13683);
#9034=PLANE('',#13684);
#9035=PLANE('',#13685);
#9036=PLANE('',#13686);
#9037=PLANE('',#13687);
#9038=PLANE('',#13688);
#9039=PLANE('',#13689);
#9040=PLANE('',#13690);
#9041=PLANE('',#13691);
#9042=PLANE('',#13692);
#9043=PLANE('',#13693);
#9044=PLANE('',#13694);
#9045=PLANE('',#13695);
#9046=PLANE('',#13696);
#9047=PLANE('',#13699);
#9048=PLANE('',#13701);
#9049=PLANE('',#13702);
#9050=PLANE('',#13704);
#9051=PLANE('',#13707);
#9052=PLANE('',#13708);
#9053=PLANE('',#13709);
#9054=PLANE('',#13710);
#9055=PLANE('',#13713);
#9056=PLANE('',#13715);
#9057=PLANE('',#13716);
#9058=PLANE('',#13718);
#9059=PLANE('',#13721);
#9060=PLANE('',#13722);
#9061=PLANE('',#13723);
#9062=PLANE('',#13724);
#9063=PLANE('',#13727);
#9064=PLANE('',#13729);
#9065=PLANE('',#13730);
#9066=PLANE('',#13732);
#9067=PLANE('',#13735);
#9068=PLANE('',#13736);
#9069=PLANE('',#13737);
#9070=PLANE('',#13738);
#9071=PLANE('',#13741);
#9072=PLANE('',#13743);
#9073=PLANE('',#13744);
#9074=PLANE('',#13746);
#9075=PLANE('',#13749);
#9076=PLANE('',#13750);
#9077=PLANE('',#13751);
#9078=PLANE('',#13752);
#9079=PLANE('',#13755);
#9080=PLANE('',#13757);
#9081=PLANE('',#13758);
#9082=PLANE('',#13760);
#9083=PLANE('',#13763);
#9084=PLANE('',#13764);
#9085=PLANE('',#13765);
#9086=PLANE('',#13766);
#9087=PLANE('',#13769);
#9088=PLANE('',#13771);
#9089=PLANE('',#13772);
#9090=PLANE('',#13774);
#9091=PLANE('',#13777);
#9092=PLANE('',#13778);
#9093=PLANE('',#13779);
#9094=PLANE('',#13780);
#9095=PLANE('',#13783);
#9096=PLANE('',#13785);
#9097=PLANE('',#13786);
#9098=PLANE('',#13788);
#9099=PLANE('',#13791);
#9100=PLANE('',#13792);
#9101=PLANE('',#13793);
#9102=PLANE('',#13794);
#9103=PLANE('',#13797);
#9104=PLANE('',#13799);
#9105=PLANE('',#13800);
#9106=PLANE('',#13802);
#9107=PLANE('',#13805);
#9108=PLANE('',#13806);
#9109=PLANE('',#13807);
#9110=PLANE('',#13808);
#9111=PLANE('',#13811);
#9112=PLANE('',#13813);
#9113=PLANE('',#13814);
#9114=PLANE('',#13816);
#9115=PLANE('',#13819);
#9116=PLANE('',#13820);
#9117=PLANE('',#13821);
#9118=PLANE('',#13822);
#9119=PLANE('',#13825);
#9120=PLANE('',#13827);
#9121=PLANE('',#13828);
#9122=PLANE('',#13830);
#9123=PLANE('',#13833);
#9124=PLANE('',#13834);
#9125=PLANE('',#13835);
#9126=PLANE('',#13836);
#9127=PLANE('',#13839);
#9128=PLANE('',#13841);
#9129=PLANE('',#13842);
#9130=PLANE('',#13844);
#9131=PLANE('',#13847);
#9132=PLANE('',#13848);
#9133=PLANE('',#13849);
#9134=PLANE('',#13850);
#9135=PLANE('',#13853);
#9136=PLANE('',#13855);
#9137=PLANE('',#13856);
#9138=PLANE('',#13858);
#9139=PLANE('',#13861);
#9140=PLANE('',#13862);
#9141=PLANE('',#13863);
#9142=PLANE('',#13864);
#9143=PLANE('',#13865);
#9144=PLANE('',#13866);
#9145=PLANE('',#13867);
#9146=PLANE('',#13868);
#9147=PLANE('',#13869);
#9148=PLANE('',#13870);
#9149=PLANE('',#13871);
#9150=PLANE('',#13872);
#9151=PLANE('',#13873);
#9152=PLANE('',#13874);
#9153=PLANE('',#13875);
#9154=PLANE('',#13876);
#9155=PLANE('',#13877);
#9156=PLANE('',#13878);
#9157=PLANE('',#13879);
#9158=PLANE('',#13880);
#9159=PLANE('',#13881);
#9160=PLANE('',#13882);
#9161=PLANE('',#13883);
#9162=PLANE('',#13884);
#9163=PLANE('',#13885);
#9164=PLANE('',#13886);
#9165=PLANE('',#13887);
#9166=PLANE('',#13888);
#9167=PLANE('',#13889);
#9168=PLANE('',#13890);
#9169=PLANE('',#13891);
#9170=PLANE('',#13892);
#9171=PLANE('',#13893);
#9172=PLANE('',#13894);
#9173=PLANE('',#13895);
#9174=PLANE('',#13896);
#9175=PLANE('',#13897);
#9176=STYLED_ITEM('',(#9677),#12685);
#9177=STYLED_ITEM('',(#9678),#12686);
#9178=STYLED_ITEM('',(#9679),#12687);
#9179=STYLED_ITEM('',(#9680),#12688);
#9180=STYLED_ITEM('',(#9681),#12689);
#9181=STYLED_ITEM('',(#9682),#12690);
#9182=STYLED_ITEM('',(#9683),#12691);
#9183=STYLED_ITEM('',(#9684),#12692);
#9184=STYLED_ITEM('',(#9685),#12693);
#9185=STYLED_ITEM('',(#9686),#12694);
#9186=STYLED_ITEM('',(#9687),#12695);
#9187=STYLED_ITEM('',(#9688),#12696);
#9188=STYLED_ITEM('',(#9689),#12697);
#9189=STYLED_ITEM('',(#9690),#12698);
#9190=STYLED_ITEM('',(#9691),#12699);
#9191=STYLED_ITEM('',(#9692),#12700);
#9192=STYLED_ITEM('',(#9693),#12701);
#9193=STYLED_ITEM('',(#9694),#12702);
#9194=STYLED_ITEM('',(#9695),#12703);
#9195=STYLED_ITEM('',(#9696),#12704);
#9196=STYLED_ITEM('',(#9697),#12705);
#9197=STYLED_ITEM('',(#9698),#12706);
#9198=STYLED_ITEM('',(#9699),#12707);
#9199=STYLED_ITEM('',(#9700),#12708);
#9200=STYLED_ITEM('',(#9701),#12709);
#9201=STYLED_ITEM('',(#9702),#12710);
#9202=STYLED_ITEM('',(#9703),#12711);
#9203=STYLED_ITEM('',(#9704),#12712);
#9204=STYLED_ITEM('',(#9705),#12713);
#9205=STYLED_ITEM('',(#9706),#12714);
#9206=STYLED_ITEM('',(#9707),#12715);
#9207=STYLED_ITEM('',(#9708),#12716);
#9208=STYLED_ITEM('',(#9709),#12717);
#9209=STYLED_ITEM('',(#9710),#12718);
#9210=STYLED_ITEM('',(#9711),#12719);
#9211=STYLED_ITEM('',(#9712),#12720);
#9212=STYLED_ITEM('',(#9713),#12721);
#9213=STYLED_ITEM('',(#9714),#12722);
#9214=STYLED_ITEM('',(#9715),#12723);
#9215=STYLED_ITEM('',(#9716),#12724);
#9216=STYLED_ITEM('',(#9717),#12725);
#9217=STYLED_ITEM('',(#9718),#12726);
#9218=STYLED_ITEM('',(#9719),#12727);
#9219=STYLED_ITEM('',(#9720),#12728);
#9220=STYLED_ITEM('',(#9721),#12729);
#9221=STYLED_ITEM('',(#9722),#12730);
#9222=STYLED_ITEM('',(#9723),#12731);
#9223=STYLED_ITEM('',(#9724),#12732);
#9224=STYLED_ITEM('',(#9725),#12733);
#9225=STYLED_ITEM('',(#9726),#12734);
#9226=STYLED_ITEM('',(#9727),#12735);
#9227=STYLED_ITEM('',(#9728),#12736);
#9228=STYLED_ITEM('',(#9729),#12737);
#9229=STYLED_ITEM('',(#9730),#12738);
#9230=STYLED_ITEM('',(#9731),#12739);
#9231=STYLED_ITEM('',(#9732),#12740);
#9232=STYLED_ITEM('',(#9733),#12741);
#9233=STYLED_ITEM('',(#9734),#12742);
#9234=STYLED_ITEM('',(#9735),#12743);
#9235=STYLED_ITEM('',(#9736),#12744);
#9236=STYLED_ITEM('',(#9737),#12745);
#9237=STYLED_ITEM('',(#9738),#12746);
#9238=STYLED_ITEM('',(#9739),#12747);
#9239=STYLED_ITEM('',(#9740),#12748);
#9240=STYLED_ITEM('',(#9741),#12749);
#9241=STYLED_ITEM('',(#9742),#12750);
#9242=STYLED_ITEM('',(#9743),#12751);
#9243=STYLED_ITEM('',(#9744),#12752);
#9244=STYLED_ITEM('',(#9745),#12753);
#9245=STYLED_ITEM('',(#9746),#12754);
#9246=STYLED_ITEM('',(#9747),#12755);
#9247=STYLED_ITEM('',(#9748),#12756);
#9248=STYLED_ITEM('',(#9749),#12757);
#9249=STYLED_ITEM('',(#9750),#12758);
#9250=STYLED_ITEM('',(#9751),#12759);
#9251=STYLED_ITEM('',(#9752),#12760);
#9252=STYLED_ITEM('',(#9753),#12761);
#9253=STYLED_ITEM('',(#9754),#12762);
#9254=STYLED_ITEM('',(#9755),#12763);
#9255=STYLED_ITEM('',(#9756),#12764);
#9256=STYLED_ITEM('',(#9757),#12765);
#9257=STYLED_ITEM('',(#9758),#12766);
#9258=STYLED_ITEM('',(#9759),#12767);
#9259=STYLED_ITEM('',(#9760),#12768);
#9260=STYLED_ITEM('',(#9761),#12769);
#9261=STYLED_ITEM('',(#9762),#12770);
#9262=STYLED_ITEM('',(#9763),#12771);
#9263=STYLED_ITEM('',(#9764),#12772);
#9264=STYLED_ITEM('',(#9765),#12773);
#9265=STYLED_ITEM('',(#9766),#12774);
#9266=STYLED_ITEM('',(#9767),#12775);
#9267=STYLED_ITEM('',(#9768),#12776);
#9268=STYLED_ITEM('',(#9769),#12777);
#9269=STYLED_ITEM('',(#9770),#12778);
#9270=STYLED_ITEM('',(#9771),#12779);
#9271=STYLED_ITEM('',(#9772),#12780);
#9272=STYLED_ITEM('',(#9773),#12781);
#9273=STYLED_ITEM('',(#9774),#12782);
#9274=STYLED_ITEM('',(#9775),#12783);
#9275=STYLED_ITEM('',(#9776),#12784);
#9276=STYLED_ITEM('',(#9777),#12785);
#9277=STYLED_ITEM('',(#9778),#12786);
#9278=STYLED_ITEM('',(#9779),#12787);
#9279=STYLED_ITEM('',(#9780),#12788);
#9280=STYLED_ITEM('',(#9781),#12789);
#9281=STYLED_ITEM('',(#9782),#12790);
#9282=STYLED_ITEM('',(#9783),#12791);
#9283=STYLED_ITEM('',(#9784),#12792);
#9284=STYLED_ITEM('',(#9785),#12793);
#9285=STYLED_ITEM('',(#9786),#12794);
#9286=STYLED_ITEM('',(#9787),#12795);
#9287=STYLED_ITEM('',(#9788),#12796);
#9288=STYLED_ITEM('',(#9789),#12797);
#9289=STYLED_ITEM('',(#9790),#12798);
#9290=STYLED_ITEM('',(#9791),#12799);
#9291=STYLED_ITEM('',(#9792),#12800);
#9292=STYLED_ITEM('',(#9793),#12801);
#9293=STYLED_ITEM('',(#9794),#12802);
#9294=STYLED_ITEM('',(#9795),#12803);
#9295=STYLED_ITEM('',(#9796),#12804);
#9296=STYLED_ITEM('',(#9797),#12805);
#9297=STYLED_ITEM('',(#9798),#12806);
#9298=STYLED_ITEM('',(#9799),#12807);
#9299=STYLED_ITEM('',(#9800),#12808);
#9300=STYLED_ITEM('',(#9801),#12809);
#9301=STYLED_ITEM('',(#9802),#12810);
#9302=STYLED_ITEM('',(#9803),#12811);
#9303=STYLED_ITEM('',(#9804),#12812);
#9304=STYLED_ITEM('',(#9805),#12813);
#9305=STYLED_ITEM('',(#9806),#12814);
#9306=STYLED_ITEM('',(#9807),#12815);
#9307=STYLED_ITEM('',(#9808),#12816);
#9308=STYLED_ITEM('',(#9809),#12817);
#9309=STYLED_ITEM('',(#9810),#12818);
#9310=STYLED_ITEM('',(#9811),#12819);
#9311=STYLED_ITEM('',(#9812),#12820);
#9312=STYLED_ITEM('',(#9813),#12821);
#9313=STYLED_ITEM('',(#9814),#12822);
#9314=STYLED_ITEM('',(#9815),#12823);
#9315=STYLED_ITEM('',(#9816),#12824);
#9316=STYLED_ITEM('',(#9817),#12825);
#9317=STYLED_ITEM('',(#9818),#12826);
#9318=STYLED_ITEM('',(#9819),#12827);
#9319=STYLED_ITEM('',(#9820),#12828);
#9320=STYLED_ITEM('',(#9821),#12829);
#9321=STYLED_ITEM('',(#9822),#12830);
#9322=STYLED_ITEM('',(#9823),#12831);
#9323=STYLED_ITEM('',(#9824),#12832);
#9324=STYLED_ITEM('',(#9825),#12833);
#9325=STYLED_ITEM('',(#9826),#12834);
#9326=STYLED_ITEM('',(#9827),#12835);
#9327=STYLED_ITEM('',(#9828),#12836);
#9328=STYLED_ITEM('',(#9829),#12837);
#9329=STYLED_ITEM('',(#9830),#12838);
#9330=STYLED_ITEM('',(#9831),#12839);
#9331=STYLED_ITEM('',(#9832),#12840);
#9332=STYLED_ITEM('',(#9833),#12841);
#9333=STYLED_ITEM('',(#9834),#12842);
#9334=STYLED_ITEM('',(#9835),#12843);
#9335=STYLED_ITEM('',(#9836),#12844);
#9336=STYLED_ITEM('',(#9837),#12845);
#9337=STYLED_ITEM('',(#9838),#12846);
#9338=STYLED_ITEM('',(#9839),#12847);
#9339=STYLED_ITEM('',(#9840),#12848);
#9340=STYLED_ITEM('',(#9841),#12849);
#9341=STYLED_ITEM('',(#9842),#12850);
#9342=STYLED_ITEM('',(#9843),#12851);
#9343=STYLED_ITEM('',(#9844),#12852);
#9344=STYLED_ITEM('',(#9845),#12853);
#9345=STYLED_ITEM('',(#9846),#12854);
#9346=STYLED_ITEM('',(#9847),#12855);
#9347=STYLED_ITEM('',(#9848),#12856);
#9348=STYLED_ITEM('',(#9849),#12857);
#9349=STYLED_ITEM('',(#9850),#12858);
#9350=STYLED_ITEM('',(#9851),#12859);
#9351=STYLED_ITEM('',(#9852),#12860);
#9352=STYLED_ITEM('',(#9853),#12861);
#9353=STYLED_ITEM('',(#9854),#12862);
#9354=STYLED_ITEM('',(#9855),#12863);
#9355=STYLED_ITEM('',(#9856),#12864);
#9356=STYLED_ITEM('',(#9857),#12865);
#9357=STYLED_ITEM('',(#9858),#12866);
#9358=STYLED_ITEM('',(#9859),#12867);
#9359=STYLED_ITEM('',(#9860),#12868);
#9360=STYLED_ITEM('',(#9861),#12869);
#9361=STYLED_ITEM('',(#9862),#12870);
#9362=STYLED_ITEM('',(#9863),#12871);
#9363=STYLED_ITEM('',(#9864),#12872);
#9364=STYLED_ITEM('',(#9865),#12873);
#9365=STYLED_ITEM('',(#9866),#12874);
#9366=STYLED_ITEM('',(#9867),#12875);
#9367=STYLED_ITEM('',(#9868),#12876);
#9368=STYLED_ITEM('',(#9869),#12877);
#9369=STYLED_ITEM('',(#9870),#12878);
#9370=STYLED_ITEM('',(#9871),#12879);
#9371=STYLED_ITEM('',(#9872),#12880);
#9372=STYLED_ITEM('',(#9873),#12881);
#9373=STYLED_ITEM('',(#9874),#12882);
#9374=STYLED_ITEM('',(#9875),#12883);
#9375=STYLED_ITEM('',(#9876),#12884);
#9376=STYLED_ITEM('',(#9877),#12885);
#9377=STYLED_ITEM('',(#9878),#12886);
#9378=STYLED_ITEM('',(#9879),#12887);
#9379=STYLED_ITEM('',(#9880),#12888);
#9380=STYLED_ITEM('',(#9881),#12889);
#9381=STYLED_ITEM('',(#9882),#12890);
#9382=STYLED_ITEM('',(#9883),#12891);
#9383=STYLED_ITEM('',(#9884),#12892);
#9384=STYLED_ITEM('',(#9885),#12893);
#9385=STYLED_ITEM('',(#9886),#12894);
#9386=STYLED_ITEM('',(#9887),#12895);
#9387=STYLED_ITEM('',(#9888),#12896);
#9388=STYLED_ITEM('',(#9889),#12897);
#9389=STYLED_ITEM('',(#9890),#12898);
#9390=STYLED_ITEM('',(#9891),#12899);
#9391=STYLED_ITEM('',(#9892),#12900);
#9392=STYLED_ITEM('',(#9893),#12901);
#9393=STYLED_ITEM('',(#9894),#12902);
#9394=STYLED_ITEM('',(#9895),#12903);
#9395=STYLED_ITEM('',(#9896),#12904);
#9396=STYLED_ITEM('',(#9897),#12905);
#9397=STYLED_ITEM('',(#9898),#12906);
#9398=STYLED_ITEM('',(#9899),#12907);
#9399=STYLED_ITEM('',(#9900),#12908);
#9400=STYLED_ITEM('',(#9901),#12909);
#9401=STYLED_ITEM('',(#9902),#12910);
#9402=STYLED_ITEM('',(#9903),#12911);
#9403=STYLED_ITEM('',(#9904),#12912);
#9404=STYLED_ITEM('',(#9905),#12913);
#9405=STYLED_ITEM('',(#9906),#12914);
#9406=STYLED_ITEM('',(#9907),#12915);
#9407=STYLED_ITEM('',(#9908),#12916);
#9408=STYLED_ITEM('',(#9909),#12917);
#9409=STYLED_ITEM('',(#9910),#12918);
#9410=STYLED_ITEM('',(#9911),#12919);
#9411=STYLED_ITEM('',(#9912),#12920);
#9412=STYLED_ITEM('',(#9913),#12921);
#9413=STYLED_ITEM('',(#9914),#12922);
#9414=STYLED_ITEM('',(#9915),#12923);
#9415=STYLED_ITEM('',(#9916),#12924);
#9416=STYLED_ITEM('',(#9917),#12925);
#9417=STYLED_ITEM('',(#9918),#12926);
#9418=STYLED_ITEM('',(#9919),#12927);
#9419=STYLED_ITEM('',(#9920),#12928);
#9420=STYLED_ITEM('',(#9921),#12929);
#9421=STYLED_ITEM('',(#9922),#12930);
#9422=STYLED_ITEM('',(#9923),#12931);
#9423=STYLED_ITEM('',(#9924),#12932);
#9424=STYLED_ITEM('',(#9925),#12933);
#9425=STYLED_ITEM('',(#9926),#12934);
#9426=STYLED_ITEM('',(#9927),#12935);
#9427=STYLED_ITEM('',(#9928),#12936);
#9428=STYLED_ITEM('',(#9929),#12937);
#9429=STYLED_ITEM('',(#9930),#12938);
#9430=STYLED_ITEM('',(#9931),#12939);
#9431=STYLED_ITEM('',(#9932),#12940);
#9432=STYLED_ITEM('',(#9933),#12941);
#9433=STYLED_ITEM('',(#9934),#12942);
#9434=STYLED_ITEM('',(#9935),#12943);
#9435=STYLED_ITEM('',(#9936),#12944);
#9436=STYLED_ITEM('',(#9937),#12945);
#9437=STYLED_ITEM('',(#9938),#12946);
#9438=STYLED_ITEM('',(#9939),#12947);
#9439=STYLED_ITEM('',(#9940),#12948);
#9440=STYLED_ITEM('',(#9941),#12949);
#9441=STYLED_ITEM('',(#9942),#12950);
#9442=STYLED_ITEM('',(#9943),#12951);
#9443=STYLED_ITEM('',(#9944),#12952);
#9444=STYLED_ITEM('',(#9945),#12953);
#9445=STYLED_ITEM('',(#9946),#12954);
#9446=STYLED_ITEM('',(#9947),#12955);
#9447=STYLED_ITEM('',(#9948),#12956);
#9448=STYLED_ITEM('',(#9949),#12957);
#9449=STYLED_ITEM('',(#9950),#12958);
#9450=STYLED_ITEM('',(#9951),#12959);
#9451=STYLED_ITEM('',(#9952),#12960);
#9452=STYLED_ITEM('',(#9953),#12961);
#9453=STYLED_ITEM('',(#9954),#12962);
#9454=STYLED_ITEM('',(#9955),#12963);
#9455=STYLED_ITEM('',(#9956),#12964);
#9456=STYLED_ITEM('',(#9957),#12965);
#9457=STYLED_ITEM('',(#9958),#12966);
#9458=STYLED_ITEM('',(#9959),#12967);
#9459=STYLED_ITEM('',(#9960),#12968);
#9460=STYLED_ITEM('',(#9961),#12969);
#9461=STYLED_ITEM('',(#9962),#12970);
#9462=STYLED_ITEM('',(#9963),#12971);
#9463=STYLED_ITEM('',(#9964),#12972);
#9464=STYLED_ITEM('',(#9965),#12973);
#9465=STYLED_ITEM('',(#9966),#12974);
#9466=STYLED_ITEM('',(#9967),#12975);
#9467=STYLED_ITEM('',(#9968),#12976);
#9468=STYLED_ITEM('',(#9969),#12977);
#9469=STYLED_ITEM('',(#9970),#12978);
#9470=STYLED_ITEM('',(#9971),#12979);
#9471=STYLED_ITEM('',(#9972),#12980);
#9472=STYLED_ITEM('',(#9973),#12981);
#9473=STYLED_ITEM('',(#9974),#12982);
#9474=STYLED_ITEM('',(#9975),#12983);
#9475=STYLED_ITEM('',(#9976),#12984);
#9476=STYLED_ITEM('',(#9977),#12985);
#9477=STYLED_ITEM('',(#9978),#12986);
#9478=STYLED_ITEM('',(#9979),#12987);
#9479=STYLED_ITEM('',(#9980),#12988);
#9480=STYLED_ITEM('',(#9981),#12989);
#9481=STYLED_ITEM('',(#9982),#12990);
#9482=STYLED_ITEM('',(#9983),#12991);
#9483=STYLED_ITEM('',(#9984),#12992);
#9484=STYLED_ITEM('',(#9985),#12993);
#9485=STYLED_ITEM('',(#9986),#12994);
#9486=STYLED_ITEM('',(#9987),#12995);
#9487=STYLED_ITEM('',(#9988),#12996);
#9488=STYLED_ITEM('',(#9989),#12997);
#9489=STYLED_ITEM('',(#9990),#12998);
#9490=STYLED_ITEM('',(#9991),#12999);
#9491=STYLED_ITEM('',(#9992),#13000);
#9492=STYLED_ITEM('',(#9993),#13001);
#9493=STYLED_ITEM('',(#9994),#13002);
#9494=STYLED_ITEM('',(#9995),#13003);
#9495=STYLED_ITEM('',(#9996),#13004);
#9496=STYLED_ITEM('',(#9997),#13005);
#9497=STYLED_ITEM('',(#9998),#13006);
#9498=STYLED_ITEM('',(#9999),#13007);
#9499=STYLED_ITEM('',(#10000),#13008);
#9500=STYLED_ITEM('',(#10001),#13009);
#9501=STYLED_ITEM('',(#10002),#13010);
#9502=STYLED_ITEM('',(#10003),#13011);
#9503=STYLED_ITEM('',(#10004),#13012);
#9504=STYLED_ITEM('',(#10005),#13013);
#9505=STYLED_ITEM('',(#10006),#13014);
#9506=STYLED_ITEM('',(#10007),#13015);
#9507=STYLED_ITEM('',(#10008),#13016);
#9508=STYLED_ITEM('',(#10009),#13017);
#9509=STYLED_ITEM('',(#10010),#13018);
#9510=STYLED_ITEM('',(#10011),#13019);
#9511=STYLED_ITEM('',(#10012),#13020);
#9512=STYLED_ITEM('',(#10013),#13021);
#9513=STYLED_ITEM('',(#10014),#13022);
#9514=STYLED_ITEM('',(#10015),#13023);
#9515=STYLED_ITEM('',(#10016),#13024);
#9516=STYLED_ITEM('',(#10017),#13025);
#9517=STYLED_ITEM('',(#10018),#13026);
#9518=STYLED_ITEM('',(#10019),#13027);
#9519=STYLED_ITEM('',(#10020),#13028);
#9520=STYLED_ITEM('',(#10021),#13029);
#9521=STYLED_ITEM('',(#10022),#13030);
#9522=STYLED_ITEM('',(#10023),#13031);
#9523=STYLED_ITEM('',(#10024),#13032);
#9524=STYLED_ITEM('',(#10025),#13033);
#9525=STYLED_ITEM('',(#10026),#13034);
#9526=STYLED_ITEM('',(#10027),#13035);
#9527=STYLED_ITEM('',(#10028),#13036);
#9528=STYLED_ITEM('',(#10029),#13037);
#9529=STYLED_ITEM('',(#10030),#13038);
#9530=STYLED_ITEM('',(#10031),#13039);
#9531=STYLED_ITEM('',(#10032),#13040);
#9532=STYLED_ITEM('',(#10033),#13041);
#9533=STYLED_ITEM('',(#10034),#13042);
#9534=STYLED_ITEM('',(#10035),#13043);
#9535=STYLED_ITEM('',(#10036),#13044);
#9536=STYLED_ITEM('',(#10037),#13045);
#9537=STYLED_ITEM('',(#10038),#13046);
#9538=STYLED_ITEM('',(#10039),#13047);
#9539=STYLED_ITEM('',(#10040),#13048);
#9540=STYLED_ITEM('',(#10041),#13049);
#9541=STYLED_ITEM('',(#10042),#13050);
#9542=STYLED_ITEM('',(#10043),#13051);
#9543=STYLED_ITEM('',(#10044),#13052);
#9544=STYLED_ITEM('',(#10045),#13053);
#9545=STYLED_ITEM('',(#10046),#13054);
#9546=STYLED_ITEM('',(#10047),#13055);
#9547=STYLED_ITEM('',(#10048),#13056);
#9548=STYLED_ITEM('',(#10049),#13057);
#9549=STYLED_ITEM('',(#10050),#13058);
#9550=STYLED_ITEM('',(#10051),#13059);
#9551=STYLED_ITEM('',(#10052),#13060);
#9552=STYLED_ITEM('',(#10053),#13061);
#9553=STYLED_ITEM('',(#10054),#13062);
#9554=STYLED_ITEM('',(#10055),#13063);
#9555=STYLED_ITEM('',(#10056),#13064);
#9556=STYLED_ITEM('',(#10057),#13065);
#9557=STYLED_ITEM('',(#10058),#13066);
#9558=STYLED_ITEM('',(#10059),#13067);
#9559=STYLED_ITEM('',(#10060),#13068);
#9560=STYLED_ITEM('',(#10061),#13069);
#9561=STYLED_ITEM('',(#10062),#13070);
#9562=STYLED_ITEM('',(#10063),#13071);
#9563=STYLED_ITEM('',(#10064),#13072);
#9564=STYLED_ITEM('',(#10065),#13073);
#9565=STYLED_ITEM('',(#10066),#13074);
#9566=STYLED_ITEM('',(#10067),#13075);
#9567=STYLED_ITEM('',(#10068),#13076);
#9568=STYLED_ITEM('',(#10069),#13077);
#9569=STYLED_ITEM('',(#10070),#13078);
#9570=STYLED_ITEM('',(#10071),#13079);
#9571=STYLED_ITEM('',(#10072),#13080);
#9572=STYLED_ITEM('',(#10073),#13081);
#9573=STYLED_ITEM('',(#10074),#13082);
#9574=STYLED_ITEM('',(#10075),#13083);
#9575=STYLED_ITEM('',(#10076),#13084);
#9576=STYLED_ITEM('',(#10077),#13085);
#9577=STYLED_ITEM('',(#10078),#13086);
#9578=STYLED_ITEM('',(#10079),#13087);
#9579=STYLED_ITEM('',(#10080),#13088);
#9580=STYLED_ITEM('',(#10081),#13089);
#9581=STYLED_ITEM('',(#10082),#13090);
#9582=STYLED_ITEM('',(#10083),#13091);
#9583=STYLED_ITEM('',(#10084),#13092);
#9584=STYLED_ITEM('',(#10085),#13093);
#9585=STYLED_ITEM('',(#10086),#13094);
#9586=STYLED_ITEM('',(#10087),#13095);
#9587=STYLED_ITEM('',(#10088),#13096);
#9588=STYLED_ITEM('',(#10089),#13097);
#9589=STYLED_ITEM('',(#10090),#13098);
#9590=STYLED_ITEM('',(#10091),#13099);
#9591=STYLED_ITEM('',(#10092),#13100);
#9592=STYLED_ITEM('',(#10093),#13101);
#9593=STYLED_ITEM('',(#10094),#13102);
#9594=STYLED_ITEM('',(#10095),#13103);
#9595=STYLED_ITEM('',(#10096),#13104);
#9596=STYLED_ITEM('',(#10097),#13105);
#9597=STYLED_ITEM('',(#10098),#13106);
#9598=STYLED_ITEM('',(#10099),#13107);
#9599=STYLED_ITEM('',(#10100),#13108);
#9600=STYLED_ITEM('',(#10101),#13109);
#9601=STYLED_ITEM('',(#10102),#13110);
#9602=STYLED_ITEM('',(#10103),#13111);
#9603=STYLED_ITEM('',(#10104),#13112);
#9604=STYLED_ITEM('',(#10105),#13113);
#9605=STYLED_ITEM('',(#10106),#13114);
#9606=STYLED_ITEM('',(#10107),#13115);
#9607=STYLED_ITEM('',(#10108),#13116);
#9608=STYLED_ITEM('',(#10109),#13117);
#9609=STYLED_ITEM('',(#10110),#13118);
#9610=STYLED_ITEM('',(#10111),#13119);
#9611=STYLED_ITEM('',(#10112),#13120);
#9612=STYLED_ITEM('',(#10113),#13121);
#9613=STYLED_ITEM('',(#10114),#13122);
#9614=STYLED_ITEM('',(#10115),#13123);
#9615=STYLED_ITEM('',(#10116),#13124);
#9616=STYLED_ITEM('',(#10117),#13125);
#9617=STYLED_ITEM('',(#10118),#13126);
#9618=STYLED_ITEM('',(#10119),#13127);
#9619=STYLED_ITEM('',(#10120),#13128);
#9620=STYLED_ITEM('',(#10121),#13129);
#9621=STYLED_ITEM('',(#10122),#13130);
#9622=STYLED_ITEM('',(#10123),#13131);
#9623=STYLED_ITEM('',(#10124),#13132);
#9624=STYLED_ITEM('',(#10125),#13133);
#9625=STYLED_ITEM('',(#10126),#13134);
#9626=STYLED_ITEM('',(#10127),#13135);
#9627=STYLED_ITEM('',(#10128),#13136);
#9628=STYLED_ITEM('',(#10129),#13137);
#9629=STYLED_ITEM('',(#10130),#13138);
#9630=STYLED_ITEM('',(#10131),#13139);
#9631=STYLED_ITEM('',(#10132),#13140);
#9632=STYLED_ITEM('',(#10133),#13141);
#9633=STYLED_ITEM('',(#10134),#13142);
#9634=STYLED_ITEM('',(#10135),#13143);
#9635=STYLED_ITEM('',(#10136),#13144);
#9636=STYLED_ITEM('',(#10137),#13145);
#9637=STYLED_ITEM('',(#10138),#13146);
#9638=STYLED_ITEM('',(#10139),#13147);
#9639=STYLED_ITEM('',(#10140),#13148);
#9640=STYLED_ITEM('',(#10141),#13149);
#9641=STYLED_ITEM('',(#10142),#13150);
#9642=STYLED_ITEM('',(#10143),#13151);
#9643=STYLED_ITEM('',(#10144),#13152);
#9644=STYLED_ITEM('',(#10145),#13153);
#9645=STYLED_ITEM('',(#10146),#13154);
#9646=STYLED_ITEM('',(#10147),#13155);
#9647=STYLED_ITEM('',(#10148),#13156);
#9648=STYLED_ITEM('',(#10149),#13157);
#9649=STYLED_ITEM('',(#10150),#13158);
#9650=STYLED_ITEM('',(#10151),#13159);
#9651=STYLED_ITEM('',(#10152),#13160);
#9652=STYLED_ITEM('',(#10153),#13161);
#9653=STYLED_ITEM('',(#10154),#13162);
#9654=STYLED_ITEM('',(#10155),#13163);
#9655=STYLED_ITEM('',(#10156),#13164);
#9656=STYLED_ITEM('',(#10157),#13165);
#9657=STYLED_ITEM('',(#10158),#13166);
#9658=STYLED_ITEM('',(#10159),#13167);
#9659=STYLED_ITEM('',(#10160),#13168);
#9660=STYLED_ITEM('',(#10161),#13169);
#9661=STYLED_ITEM('',(#10162),#13170);
#9662=STYLED_ITEM('',(#10163),#13171);
#9663=STYLED_ITEM('',(#10164),#13172);
#9664=STYLED_ITEM('',(#10165),#13173);
#9665=STYLED_ITEM('',(#10166),#13174);
#9666=STYLED_ITEM('',(#10167),#13175);
#9667=STYLED_ITEM('',(#10168),#13176);
#9668=STYLED_ITEM('',(#10169),#13177);
#9669=STYLED_ITEM('',(#10170),#13178);
#9670=STYLED_ITEM('',(#10171),#13179);
#9671=STYLED_ITEM('',(#10172),#13180);
#9672=STYLED_ITEM('',(#10173),#13181);
#9673=STYLED_ITEM('',(#10174),#13182);
#9674=STYLED_ITEM('',(#10175),#13183);
#9675=STYLED_ITEM('',(#10176),#13184);
#9676=STYLED_ITEM('',(#10177),#13185);
#9677=PRESENTATION_STYLE_ASSIGNMENT((#10178));
#9678=PRESENTATION_STYLE_ASSIGNMENT((#10179));
#9679=PRESENTATION_STYLE_ASSIGNMENT((#10180));
#9680=PRESENTATION_STYLE_ASSIGNMENT((#10181));
#9681=PRESENTATION_STYLE_ASSIGNMENT((#10182));
#9682=PRESENTATION_STYLE_ASSIGNMENT((#10183));
#9683=PRESENTATION_STYLE_ASSIGNMENT((#10184));
#9684=PRESENTATION_STYLE_ASSIGNMENT((#10185));
#9685=PRESENTATION_STYLE_ASSIGNMENT((#10186));
#9686=PRESENTATION_STYLE_ASSIGNMENT((#10187));
#9687=PRESENTATION_STYLE_ASSIGNMENT((#10188));
#9688=PRESENTATION_STYLE_ASSIGNMENT((#10189));
#9689=PRESENTATION_STYLE_ASSIGNMENT((#10190));
#9690=PRESENTATION_STYLE_ASSIGNMENT((#10191));
#9691=PRESENTATION_STYLE_ASSIGNMENT((#10192));
#9692=PRESENTATION_STYLE_ASSIGNMENT((#10193));
#9693=PRESENTATION_STYLE_ASSIGNMENT((#10194));
#9694=PRESENTATION_STYLE_ASSIGNMENT((#10195));
#9695=PRESENTATION_STYLE_ASSIGNMENT((#10196));
#9696=PRESENTATION_STYLE_ASSIGNMENT((#10197));
#9697=PRESENTATION_STYLE_ASSIGNMENT((#10198));
#9698=PRESENTATION_STYLE_ASSIGNMENT((#10199));
#9699=PRESENTATION_STYLE_ASSIGNMENT((#10200));
#9700=PRESENTATION_STYLE_ASSIGNMENT((#10201));
#9701=PRESENTATION_STYLE_ASSIGNMENT((#10202));
#9702=PRESENTATION_STYLE_ASSIGNMENT((#10203));
#9703=PRESENTATION_STYLE_ASSIGNMENT((#10204));
#9704=PRESENTATION_STYLE_ASSIGNMENT((#10205));
#9705=PRESENTATION_STYLE_ASSIGNMENT((#10206));
#9706=PRESENTATION_STYLE_ASSIGNMENT((#10207));
#9707=PRESENTATION_STYLE_ASSIGNMENT((#10208));
#9708=PRESENTATION_STYLE_ASSIGNMENT((#10209));
#9709=PRESENTATION_STYLE_ASSIGNMENT((#10210));
#9710=PRESENTATION_STYLE_ASSIGNMENT((#10211));
#9711=PRESENTATION_STYLE_ASSIGNMENT((#10212));
#9712=PRESENTATION_STYLE_ASSIGNMENT((#10213));
#9713=PRESENTATION_STYLE_ASSIGNMENT((#10214));
#9714=PRESENTATION_STYLE_ASSIGNMENT((#10215));
#9715=PRESENTATION_STYLE_ASSIGNMENT((#10216));
#9716=PRESENTATION_STYLE_ASSIGNMENT((#10217));
#9717=PRESENTATION_STYLE_ASSIGNMENT((#10218));
#9718=PRESENTATION_STYLE_ASSIGNMENT((#10219));
#9719=PRESENTATION_STYLE_ASSIGNMENT((#10220));
#9720=PRESENTATION_STYLE_ASSIGNMENT((#10221));
#9721=PRESENTATION_STYLE_ASSIGNMENT((#10222));
#9722=PRESENTATION_STYLE_ASSIGNMENT((#10223));
#9723=PRESENTATION_STYLE_ASSIGNMENT((#10224));
#9724=PRESENTATION_STYLE_ASSIGNMENT((#10225));
#9725=PRESENTATION_STYLE_ASSIGNMENT((#10226));
#9726=PRESENTATION_STYLE_ASSIGNMENT((#10227));
#9727=PRESENTATION_STYLE_ASSIGNMENT((#10228));
#9728=PRESENTATION_STYLE_ASSIGNMENT((#10229));
#9729=PRESENTATION_STYLE_ASSIGNMENT((#10230));
#9730=PRESENTATION_STYLE_ASSIGNMENT((#10231));
#9731=PRESENTATION_STYLE_ASSIGNMENT((#10232));
#9732=PRESENTATION_STYLE_ASSIGNMENT((#10233));
#9733=PRESENTATION_STYLE_ASSIGNMENT((#10234));
#9734=PRESENTATION_STYLE_ASSIGNMENT((#10235));
#9735=PRESENTATION_STYLE_ASSIGNMENT((#10236));
#9736=PRESENTATION_STYLE_ASSIGNMENT((#10237));
#9737=PRESENTATION_STYLE_ASSIGNMENT((#10238));
#9738=PRESENTATION_STYLE_ASSIGNMENT((#10239));
#9739=PRESENTATION_STYLE_ASSIGNMENT((#10240));
#9740=PRESENTATION_STYLE_ASSIGNMENT((#10241));
#9741=PRESENTATION_STYLE_ASSIGNMENT((#10242));
#9742=PRESENTATION_STYLE_ASSIGNMENT((#10243));
#9743=PRESENTATION_STYLE_ASSIGNMENT((#10244));
#9744=PRESENTATION_STYLE_ASSIGNMENT((#10245));
#9745=PRESENTATION_STYLE_ASSIGNMENT((#10246));
#9746=PRESENTATION_STYLE_ASSIGNMENT((#10247));
#9747=PRESENTATION_STYLE_ASSIGNMENT((#10248));
#9748=PRESENTATION_STYLE_ASSIGNMENT((#10249));
#9749=PRESENTATION_STYLE_ASSIGNMENT((#10250));
#9750=PRESENTATION_STYLE_ASSIGNMENT((#10251));
#9751=PRESENTATION_STYLE_ASSIGNMENT((#10252));
#9752=PRESENTATION_STYLE_ASSIGNMENT((#10253));
#9753=PRESENTATION_STYLE_ASSIGNMENT((#10254));
#9754=PRESENTATION_STYLE_ASSIGNMENT((#10255));
#9755=PRESENTATION_STYLE_ASSIGNMENT((#10256));
#9756=PRESENTATION_STYLE_ASSIGNMENT((#10257));
#9757=PRESENTATION_STYLE_ASSIGNMENT((#10258));
#9758=PRESENTATION_STYLE_ASSIGNMENT((#10259));
#9759=PRESENTATION_STYLE_ASSIGNMENT((#10260));
#9760=PRESENTATION_STYLE_ASSIGNMENT((#10261));
#9761=PRESENTATION_STYLE_ASSIGNMENT((#10262));
#9762=PRESENTATION_STYLE_ASSIGNMENT((#10263));
#9763=PRESENTATION_STYLE_ASSIGNMENT((#10264));
#9764=PRESENTATION_STYLE_ASSIGNMENT((#10265));
#9765=PRESENTATION_STYLE_ASSIGNMENT((#10266));
#9766=PRESENTATION_STYLE_ASSIGNMENT((#10267));
#9767=PRESENTATION_STYLE_ASSIGNMENT((#10268));
#9768=PRESENTATION_STYLE_ASSIGNMENT((#10269));
#9769=PRESENTATION_STYLE_ASSIGNMENT((#10270));
#9770=PRESENTATION_STYLE_ASSIGNMENT((#10271));
#9771=PRESENTATION_STYLE_ASSIGNMENT((#10272));
#9772=PRESENTATION_STYLE_ASSIGNMENT((#10273));
#9773=PRESENTATION_STYLE_ASSIGNMENT((#10274));
#9774=PRESENTATION_STYLE_ASSIGNMENT((#10275));
#9775=PRESENTATION_STYLE_ASSIGNMENT((#10276));
#9776=PRESENTATION_STYLE_ASSIGNMENT((#10277));
#9777=PRESENTATION_STYLE_ASSIGNMENT((#10278));
#9778=PRESENTATION_STYLE_ASSIGNMENT((#10279));
#9779=PRESENTATION_STYLE_ASSIGNMENT((#10280));
#9780=PRESENTATION_STYLE_ASSIGNMENT((#10281));
#9781=PRESENTATION_STYLE_ASSIGNMENT((#10282));
#9782=PRESENTATION_STYLE_ASSIGNMENT((#10283));
#9783=PRESENTATION_STYLE_ASSIGNMENT((#10284));
#9784=PRESENTATION_STYLE_ASSIGNMENT((#10285));
#9785=PRESENTATION_STYLE_ASSIGNMENT((#10286));
#9786=PRESENTATION_STYLE_ASSIGNMENT((#10287));
#9787=PRESENTATION_STYLE_ASSIGNMENT((#10288));
#9788=PRESENTATION_STYLE_ASSIGNMENT((#10289));
#9789=PRESENTATION_STYLE_ASSIGNMENT((#10290));
#9790=PRESENTATION_STYLE_ASSIGNMENT((#10291));
#9791=PRESENTATION_STYLE_ASSIGNMENT((#10292));
#9792=PRESENTATION_STYLE_ASSIGNMENT((#10293));
#9793=PRESENTATION_STYLE_ASSIGNMENT((#10294));
#9794=PRESENTATION_STYLE_ASSIGNMENT((#10295));
#9795=PRESENTATION_STYLE_ASSIGNMENT((#10296));
#9796=PRESENTATION_STYLE_ASSIGNMENT((#10297));
#9797=PRESENTATION_STYLE_ASSIGNMENT((#10298));
#9798=PRESENTATION_STYLE_ASSIGNMENT((#10299));
#9799=PRESENTATION_STYLE_ASSIGNMENT((#10300));
#9800=PRESENTATION_STYLE_ASSIGNMENT((#10301));
#9801=PRESENTATION_STYLE_ASSIGNMENT((#10302));
#9802=PRESENTATION_STYLE_ASSIGNMENT((#10303));
#9803=PRESENTATION_STYLE_ASSIGNMENT((#10304));
#9804=PRESENTATION_STYLE_ASSIGNMENT((#10305));
#9805=PRESENTATION_STYLE_ASSIGNMENT((#10306));
#9806=PRESENTATION_STYLE_ASSIGNMENT((#10307));
#9807=PRESENTATION_STYLE_ASSIGNMENT((#10308));
#9808=PRESENTATION_STYLE_ASSIGNMENT((#10309));
#9809=PRESENTATION_STYLE_ASSIGNMENT((#10310));
#9810=PRESENTATION_STYLE_ASSIGNMENT((#10311));
#9811=PRESENTATION_STYLE_ASSIGNMENT((#10312));
#9812=PRESENTATION_STYLE_ASSIGNMENT((#10313));
#9813=PRESENTATION_STYLE_ASSIGNMENT((#10314));
#9814=PRESENTATION_STYLE_ASSIGNMENT((#10315));
#9815=PRESENTATION_STYLE_ASSIGNMENT((#10316));
#9816=PRESENTATION_STYLE_ASSIGNMENT((#10317));
#9817=PRESENTATION_STYLE_ASSIGNMENT((#10318));
#9818=PRESENTATION_STYLE_ASSIGNMENT((#10319));
#9819=PRESENTATION_STYLE_ASSIGNMENT((#10320));
#9820=PRESENTATION_STYLE_ASSIGNMENT((#10321));
#9821=PRESENTATION_STYLE_ASSIGNMENT((#10322));
#9822=PRESENTATION_STYLE_ASSIGNMENT((#10323));
#9823=PRESENTATION_STYLE_ASSIGNMENT((#10324));
#9824=PRESENTATION_STYLE_ASSIGNMENT((#10325));
#9825=PRESENTATION_STYLE_ASSIGNMENT((#10326));
#9826=PRESENTATION_STYLE_ASSIGNMENT((#10327));
#9827=PRESENTATION_STYLE_ASSIGNMENT((#10328));
#9828=PRESENTATION_STYLE_ASSIGNMENT((#10329));
#9829=PRESENTATION_STYLE_ASSIGNMENT((#10330));
#9830=PRESENTATION_STYLE_ASSIGNMENT((#10331));
#9831=PRESENTATION_STYLE_ASSIGNMENT((#10332));
#9832=PRESENTATION_STYLE_ASSIGNMENT((#10333));
#9833=PRESENTATION_STYLE_ASSIGNMENT((#10334));
#9834=PRESENTATION_STYLE_ASSIGNMENT((#10335));
#9835=PRESENTATION_STYLE_ASSIGNMENT((#10336));
#9836=PRESENTATION_STYLE_ASSIGNMENT((#10337));
#9837=PRESENTATION_STYLE_ASSIGNMENT((#10338));
#9838=PRESENTATION_STYLE_ASSIGNMENT((#10339));
#9839=PRESENTATION_STYLE_ASSIGNMENT((#10340));
#9840=PRESENTATION_STYLE_ASSIGNMENT((#10341));
#9841=PRESENTATION_STYLE_ASSIGNMENT((#10342));
#9842=PRESENTATION_STYLE_ASSIGNMENT((#10343));
#9843=PRESENTATION_STYLE_ASSIGNMENT((#10344));
#9844=PRESENTATION_STYLE_ASSIGNMENT((#10345));
#9845=PRESENTATION_STYLE_ASSIGNMENT((#10346));
#9846=PRESENTATION_STYLE_ASSIGNMENT((#10347));
#9847=PRESENTATION_STYLE_ASSIGNMENT((#10348));
#9848=PRESENTATION_STYLE_ASSIGNMENT((#10349));
#9849=PRESENTATION_STYLE_ASSIGNMENT((#10350));
#9850=PRESENTATION_STYLE_ASSIGNMENT((#10351));
#9851=PRESENTATION_STYLE_ASSIGNMENT((#10352));
#9852=PRESENTATION_STYLE_ASSIGNMENT((#10353));
#9853=PRESENTATION_STYLE_ASSIGNMENT((#10354));
#9854=PRESENTATION_STYLE_ASSIGNMENT((#10355));
#9855=PRESENTATION_STYLE_ASSIGNMENT((#10356));
#9856=PRESENTATION_STYLE_ASSIGNMENT((#10357));
#9857=PRESENTATION_STYLE_ASSIGNMENT((#10358));
#9858=PRESENTATION_STYLE_ASSIGNMENT((#10359));
#9859=PRESENTATION_STYLE_ASSIGNMENT((#10360));
#9860=PRESENTATION_STYLE_ASSIGNMENT((#10361));
#9861=PRESENTATION_STYLE_ASSIGNMENT((#10362));
#9862=PRESENTATION_STYLE_ASSIGNMENT((#10363));
#9863=PRESENTATION_STYLE_ASSIGNMENT((#10364));
#9864=PRESENTATION_STYLE_ASSIGNMENT((#10365));
#9865=PRESENTATION_STYLE_ASSIGNMENT((#10366));
#9866=PRESENTATION_STYLE_ASSIGNMENT((#10367));
#9867=PRESENTATION_STYLE_ASSIGNMENT((#10368));
#9868=PRESENTATION_STYLE_ASSIGNMENT((#10369));
#9869=PRESENTATION_STYLE_ASSIGNMENT((#10370));
#9870=PRESENTATION_STYLE_ASSIGNMENT((#10371));
#9871=PRESENTATION_STYLE_ASSIGNMENT((#10372));
#9872=PRESENTATION_STYLE_ASSIGNMENT((#10373));
#9873=PRESENTATION_STYLE_ASSIGNMENT((#10374));
#9874=PRESENTATION_STYLE_ASSIGNMENT((#10375));
#9875=PRESENTATION_STYLE_ASSIGNMENT((#10376));
#9876=PRESENTATION_STYLE_ASSIGNMENT((#10377));
#9877=PRESENTATION_STYLE_ASSIGNMENT((#10378));
#9878=PRESENTATION_STYLE_ASSIGNMENT((#10379));
#9879=PRESENTATION_STYLE_ASSIGNMENT((#10380));
#9880=PRESENTATION_STYLE_ASSIGNMENT((#10381));
#9881=PRESENTATION_STYLE_ASSIGNMENT((#10382));
#9882=PRESENTATION_STYLE_ASSIGNMENT((#10383));
#9883=PRESENTATION_STYLE_ASSIGNMENT((#10384));
#9884=PRESENTATION_STYLE_ASSIGNMENT((#10385));
#9885=PRESENTATION_STYLE_ASSIGNMENT((#10386));
#9886=PRESENTATION_STYLE_ASSIGNMENT((#10387));
#9887=PRESENTATION_STYLE_ASSIGNMENT((#10388));
#9888=PRESENTATION_STYLE_ASSIGNMENT((#10389));
#9889=PRESENTATION_STYLE_ASSIGNMENT((#10390));
#9890=PRESENTATION_STYLE_ASSIGNMENT((#10391));
#9891=PRESENTATION_STYLE_ASSIGNMENT((#10392));
#9892=PRESENTATION_STYLE_ASSIGNMENT((#10393));
#9893=PRESENTATION_STYLE_ASSIGNMENT((#10394));
#9894=PRESENTATION_STYLE_ASSIGNMENT((#10395));
#9895=PRESENTATION_STYLE_ASSIGNMENT((#10396));
#9896=PRESENTATION_STYLE_ASSIGNMENT((#10397));
#9897=PRESENTATION_STYLE_ASSIGNMENT((#10398));
#9898=PRESENTATION_STYLE_ASSIGNMENT((#10399));
#9899=PRESENTATION_STYLE_ASSIGNMENT((#10400));
#9900=PRESENTATION_STYLE_ASSIGNMENT((#10401));
#9901=PRESENTATION_STYLE_ASSIGNMENT((#10402));
#9902=PRESENTATION_STYLE_ASSIGNMENT((#10403));
#9903=PRESENTATION_STYLE_ASSIGNMENT((#10404));
#9904=PRESENTATION_STYLE_ASSIGNMENT((#10405));
#9905=PRESENTATION_STYLE_ASSIGNMENT((#10406));
#9906=PRESENTATION_STYLE_ASSIGNMENT((#10407));
#9907=PRESENTATION_STYLE_ASSIGNMENT((#10408));
#9908=PRESENTATION_STYLE_ASSIGNMENT((#10409));
#9909=PRESENTATION_STYLE_ASSIGNMENT((#10410));
#9910=PRESENTATION_STYLE_ASSIGNMENT((#10411));
#9911=PRESENTATION_STYLE_ASSIGNMENT((#10412));
#9912=PRESENTATION_STYLE_ASSIGNMENT((#10413));
#9913=PRESENTATION_STYLE_ASSIGNMENT((#10414));
#9914=PRESENTATION_STYLE_ASSIGNMENT((#10415));
#9915=PRESENTATION_STYLE_ASSIGNMENT((#10416));
#9916=PRESENTATION_STYLE_ASSIGNMENT((#10417));
#9917=PRESENTATION_STYLE_ASSIGNMENT((#10418));
#9918=PRESENTATION_STYLE_ASSIGNMENT((#10419));
#9919=PRESENTATION_STYLE_ASSIGNMENT((#10420));
#9920=PRESENTATION_STYLE_ASSIGNMENT((#10421));
#9921=PRESENTATION_STYLE_ASSIGNMENT((#10422));
#9922=PRESENTATION_STYLE_ASSIGNMENT((#10423));
#9923=PRESENTATION_STYLE_ASSIGNMENT((#10424));
#9924=PRESENTATION_STYLE_ASSIGNMENT((#10425));
#9925=PRESENTATION_STYLE_ASSIGNMENT((#10426));
#9926=PRESENTATION_STYLE_ASSIGNMENT((#10427));
#9927=PRESENTATION_STYLE_ASSIGNMENT((#10428));
#9928=PRESENTATION_STYLE_ASSIGNMENT((#10429));
#9929=PRESENTATION_STYLE_ASSIGNMENT((#10430));
#9930=PRESENTATION_STYLE_ASSIGNMENT((#10431));
#9931=PRESENTATION_STYLE_ASSIGNMENT((#10432));
#9932=PRESENTATION_STYLE_ASSIGNMENT((#10433));
#9933=PRESENTATION_STYLE_ASSIGNMENT((#10434));
#9934=PRESENTATION_STYLE_ASSIGNMENT((#10435));
#9935=PRESENTATION_STYLE_ASSIGNMENT((#10436));
#9936=PRESENTATION_STYLE_ASSIGNMENT((#10437));
#9937=PRESENTATION_STYLE_ASSIGNMENT((#10438));
#9938=PRESENTATION_STYLE_ASSIGNMENT((#10439));
#9939=PRESENTATION_STYLE_ASSIGNMENT((#10440));
#9940=PRESENTATION_STYLE_ASSIGNMENT((#10441));
#9941=PRESENTATION_STYLE_ASSIGNMENT((#10442));
#9942=PRESENTATION_STYLE_ASSIGNMENT((#10443));
#9943=PRESENTATION_STYLE_ASSIGNMENT((#10444));
#9944=PRESENTATION_STYLE_ASSIGNMENT((#10445));
#9945=PRESENTATION_STYLE_ASSIGNMENT((#10446));
#9946=PRESENTATION_STYLE_ASSIGNMENT((#10447));
#9947=PRESENTATION_STYLE_ASSIGNMENT((#10448));
#9948=PRESENTATION_STYLE_ASSIGNMENT((#10449));
#9949=PRESENTATION_STYLE_ASSIGNMENT((#10450));
#9950=PRESENTATION_STYLE_ASSIGNMENT((#10451));
#9951=PRESENTATION_STYLE_ASSIGNMENT((#10452));
#9952=PRESENTATION_STYLE_ASSIGNMENT((#10453));
#9953=PRESENTATION_STYLE_ASSIGNMENT((#10454));
#9954=PRESENTATION_STYLE_ASSIGNMENT((#10455));
#9955=PRESENTATION_STYLE_ASSIGNMENT((#10456));
#9956=PRESENTATION_STYLE_ASSIGNMENT((#10457));
#9957=PRESENTATION_STYLE_ASSIGNMENT((#10458));
#9958=PRESENTATION_STYLE_ASSIGNMENT((#10459));
#9959=PRESENTATION_STYLE_ASSIGNMENT((#10460));
#9960=PRESENTATION_STYLE_ASSIGNMENT((#10461));
#9961=PRESENTATION_STYLE_ASSIGNMENT((#10462));
#9962=PRESENTATION_STYLE_ASSIGNMENT((#10463));
#9963=PRESENTATION_STYLE_ASSIGNMENT((#10464));
#9964=PRESENTATION_STYLE_ASSIGNMENT((#10465));
#9965=PRESENTATION_STYLE_ASSIGNMENT((#10466));
#9966=PRESENTATION_STYLE_ASSIGNMENT((#10467));
#9967=PRESENTATION_STYLE_ASSIGNMENT((#10468));
#9968=PRESENTATION_STYLE_ASSIGNMENT((#10469));
#9969=PRESENTATION_STYLE_ASSIGNMENT((#10470));
#9970=PRESENTATION_STYLE_ASSIGNMENT((#10471));
#9971=PRESENTATION_STYLE_ASSIGNMENT((#10472));
#9972=PRESENTATION_STYLE_ASSIGNMENT((#10473));
#9973=PRESENTATION_STYLE_ASSIGNMENT((#10474));
#9974=PRESENTATION_STYLE_ASSIGNMENT((#10475));
#9975=PRESENTATION_STYLE_ASSIGNMENT((#10476));
#9976=PRESENTATION_STYLE_ASSIGNMENT((#10477));
#9977=PRESENTATION_STYLE_ASSIGNMENT((#10478));
#9978=PRESENTATION_STYLE_ASSIGNMENT((#10479));
#9979=PRESENTATION_STYLE_ASSIGNMENT((#10480));
#9980=PRESENTATION_STYLE_ASSIGNMENT((#10481));
#9981=PRESENTATION_STYLE_ASSIGNMENT((#10482));
#9982=PRESENTATION_STYLE_ASSIGNMENT((#10483));
#9983=PRESENTATION_STYLE_ASSIGNMENT((#10484));
#9984=PRESENTATION_STYLE_ASSIGNMENT((#10485));
#9985=PRESENTATION_STYLE_ASSIGNMENT((#10486));
#9986=PRESENTATION_STYLE_ASSIGNMENT((#10487));
#9987=PRESENTATION_STYLE_ASSIGNMENT((#10488));
#9988=PRESENTATION_STYLE_ASSIGNMENT((#10489));
#9989=PRESENTATION_STYLE_ASSIGNMENT((#10490));
#9990=PRESENTATION_STYLE_ASSIGNMENT((#10491));
#9991=PRESENTATION_STYLE_ASSIGNMENT((#10492));
#9992=PRESENTATION_STYLE_ASSIGNMENT((#10493));
#9993=PRESENTATION_STYLE_ASSIGNMENT((#10494));
#9994=PRESENTATION_STYLE_ASSIGNMENT((#10495));
#9995=PRESENTATION_STYLE_ASSIGNMENT((#10496));
#9996=PRESENTATION_STYLE_ASSIGNMENT((#10497));
#9997=PRESENTATION_STYLE_ASSIGNMENT((#10498));
#9998=PRESENTATION_STYLE_ASSIGNMENT((#10499));
#9999=PRESENTATION_STYLE_ASSIGNMENT((#10500));
#10000=PRESENTATION_STYLE_ASSIGNMENT((#10501));
#10001=PRESENTATION_STYLE_ASSIGNMENT((#10502));
#10002=PRESENTATION_STYLE_ASSIGNMENT((#10503));
#10003=PRESENTATION_STYLE_ASSIGNMENT((#10504));
#10004=PRESENTATION_STYLE_ASSIGNMENT((#10505));
#10005=PRESENTATION_STYLE_ASSIGNMENT((#10506));
#10006=PRESENTATION_STYLE_ASSIGNMENT((#10507));
#10007=PRESENTATION_STYLE_ASSIGNMENT((#10508));
#10008=PRESENTATION_STYLE_ASSIGNMENT((#10509));
#10009=PRESENTATION_STYLE_ASSIGNMENT((#10510));
#10010=PRESENTATION_STYLE_ASSIGNMENT((#10511));
#10011=PRESENTATION_STYLE_ASSIGNMENT((#10512));
#10012=PRESENTATION_STYLE_ASSIGNMENT((#10513));
#10013=PRESENTATION_STYLE_ASSIGNMENT((#10514));
#10014=PRESENTATION_STYLE_ASSIGNMENT((#10515));
#10015=PRESENTATION_STYLE_ASSIGNMENT((#10516));
#10016=PRESENTATION_STYLE_ASSIGNMENT((#10517));
#10017=PRESENTATION_STYLE_ASSIGNMENT((#10518));
#10018=PRESENTATION_STYLE_ASSIGNMENT((#10519));
#10019=PRESENTATION_STYLE_ASSIGNMENT((#10520));
#10020=PRESENTATION_STYLE_ASSIGNMENT((#10521));
#10021=PRESENTATION_STYLE_ASSIGNMENT((#10522));
#10022=PRESENTATION_STYLE_ASSIGNMENT((#10523));
#10023=PRESENTATION_STYLE_ASSIGNMENT((#10524));
#10024=PRESENTATION_STYLE_ASSIGNMENT((#10525));
#10025=PRESENTATION_STYLE_ASSIGNMENT((#10526));
#10026=PRESENTATION_STYLE_ASSIGNMENT((#10527));
#10027=PRESENTATION_STYLE_ASSIGNMENT((#10528));
#10028=PRESENTATION_STYLE_ASSIGNMENT((#10529));
#10029=PRESENTATION_STYLE_ASSIGNMENT((#10530));
#10030=PRESENTATION_STYLE_ASSIGNMENT((#10531));
#10031=PRESENTATION_STYLE_ASSIGNMENT((#10532));
#10032=PRESENTATION_STYLE_ASSIGNMENT((#10533));
#10033=PRESENTATION_STYLE_ASSIGNMENT((#10534));
#10034=PRESENTATION_STYLE_ASSIGNMENT((#10535));
#10035=PRESENTATION_STYLE_ASSIGNMENT((#10536));
#10036=PRESENTATION_STYLE_ASSIGNMENT((#10537));
#10037=PRESENTATION_STYLE_ASSIGNMENT((#10538));
#10038=PRESENTATION_STYLE_ASSIGNMENT((#10539));
#10039=PRESENTATION_STYLE_ASSIGNMENT((#10540));
#10040=PRESENTATION_STYLE_ASSIGNMENT((#10541));
#10041=PRESENTATION_STYLE_ASSIGNMENT((#10542));
#10042=PRESENTATION_STYLE_ASSIGNMENT((#10543));
#10043=PRESENTATION_STYLE_ASSIGNMENT((#10544));
#10044=PRESENTATION_STYLE_ASSIGNMENT((#10545));
#10045=PRESENTATION_STYLE_ASSIGNMENT((#10546));
#10046=PRESENTATION_STYLE_ASSIGNMENT((#10547));
#10047=PRESENTATION_STYLE_ASSIGNMENT((#10548));
#10048=PRESENTATION_STYLE_ASSIGNMENT((#10549));
#10049=PRESENTATION_STYLE_ASSIGNMENT((#10550));
#10050=PRESENTATION_STYLE_ASSIGNMENT((#10551));
#10051=PRESENTATION_STYLE_ASSIGNMENT((#10552));
#10052=PRESENTATION_STYLE_ASSIGNMENT((#10553));
#10053=PRESENTATION_STYLE_ASSIGNMENT((#10554));
#10054=PRESENTATION_STYLE_ASSIGNMENT((#10555));
#10055=PRESENTATION_STYLE_ASSIGNMENT((#10556));
#10056=PRESENTATION_STYLE_ASSIGNMENT((#10557));
#10057=PRESENTATION_STYLE_ASSIGNMENT((#10558));
#10058=PRESENTATION_STYLE_ASSIGNMENT((#10559));
#10059=PRESENTATION_STYLE_ASSIGNMENT((#10560));
#10060=PRESENTATION_STYLE_ASSIGNMENT((#10561));
#10061=PRESENTATION_STYLE_ASSIGNMENT((#10562));
#10062=PRESENTATION_STYLE_ASSIGNMENT((#10563));
#10063=PRESENTATION_STYLE_ASSIGNMENT((#10564));
#10064=PRESENTATION_STYLE_ASSIGNMENT((#10565));
#10065=PRESENTATION_STYLE_ASSIGNMENT((#10566));
#10066=PRESENTATION_STYLE_ASSIGNMENT((#10567));
#10067=PRESENTATION_STYLE_ASSIGNMENT((#10568));
#10068=PRESENTATION_STYLE_ASSIGNMENT((#10569));
#10069=PRESENTATION_STYLE_ASSIGNMENT((#10570));
#10070=PRESENTATION_STYLE_ASSIGNMENT((#10571));
#10071=PRESENTATION_STYLE_ASSIGNMENT((#10572));
#10072=PRESENTATION_STYLE_ASSIGNMENT((#10573));
#10073=PRESENTATION_STYLE_ASSIGNMENT((#10574));
#10074=PRESENTATION_STYLE_ASSIGNMENT((#10575));
#10075=PRESENTATION_STYLE_ASSIGNMENT((#10576));
#10076=PRESENTATION_STYLE_ASSIGNMENT((#10577));
#10077=PRESENTATION_STYLE_ASSIGNMENT((#10578));
#10078=PRESENTATION_STYLE_ASSIGNMENT((#10579));
#10079=PRESENTATION_STYLE_ASSIGNMENT((#10580));
#10080=PRESENTATION_STYLE_ASSIGNMENT((#10581));
#10081=PRESENTATION_STYLE_ASSIGNMENT((#10582));
#10082=PRESENTATION_STYLE_ASSIGNMENT((#10583));
#10083=PRESENTATION_STYLE_ASSIGNMENT((#10584));
#10084=PRESENTATION_STYLE_ASSIGNMENT((#10585));
#10085=PRESENTATION_STYLE_ASSIGNMENT((#10586));
#10086=PRESENTATION_STYLE_ASSIGNMENT((#10587));
#10087=PRESENTATION_STYLE_ASSIGNMENT((#10588));
#10088=PRESENTATION_STYLE_ASSIGNMENT((#10589));
#10089=PRESENTATION_STYLE_ASSIGNMENT((#10590));
#10090=PRESENTATION_STYLE_ASSIGNMENT((#10591));
#10091=PRESENTATION_STYLE_ASSIGNMENT((#10592));
#10092=PRESENTATION_STYLE_ASSIGNMENT((#10593));
#10093=PRESENTATION_STYLE_ASSIGNMENT((#10594));
#10094=PRESENTATION_STYLE_ASSIGNMENT((#10595));
#10095=PRESENTATION_STYLE_ASSIGNMENT((#10596));
#10096=PRESENTATION_STYLE_ASSIGNMENT((#10597));
#10097=PRESENTATION_STYLE_ASSIGNMENT((#10598));
#10098=PRESENTATION_STYLE_ASSIGNMENT((#10599));
#10099=PRESENTATION_STYLE_ASSIGNMENT((#10600));
#10100=PRESENTATION_STYLE_ASSIGNMENT((#10601));
#10101=PRESENTATION_STYLE_ASSIGNMENT((#10602));
#10102=PRESENTATION_STYLE_ASSIGNMENT((#10603));
#10103=PRESENTATION_STYLE_ASSIGNMENT((#10604));
#10104=PRESENTATION_STYLE_ASSIGNMENT((#10605));
#10105=PRESENTATION_STYLE_ASSIGNMENT((#10606));
#10106=PRESENTATION_STYLE_ASSIGNMENT((#10607));
#10107=PRESENTATION_STYLE_ASSIGNMENT((#10608));
#10108=PRESENTATION_STYLE_ASSIGNMENT((#10609));
#10109=PRESENTATION_STYLE_ASSIGNMENT((#10610));
#10110=PRESENTATION_STYLE_ASSIGNMENT((#10611));
#10111=PRESENTATION_STYLE_ASSIGNMENT((#10612));
#10112=PRESENTATION_STYLE_ASSIGNMENT((#10613));
#10113=PRESENTATION_STYLE_ASSIGNMENT((#10614));
#10114=PRESENTATION_STYLE_ASSIGNMENT((#10615));
#10115=PRESENTATION_STYLE_ASSIGNMENT((#10616));
#10116=PRESENTATION_STYLE_ASSIGNMENT((#10617));
#10117=PRESENTATION_STYLE_ASSIGNMENT((#10618));
#10118=PRESENTATION_STYLE_ASSIGNMENT((#10619));
#10119=PRESENTATION_STYLE_ASSIGNMENT((#10620));
#10120=PRESENTATION_STYLE_ASSIGNMENT((#10621));
#10121=PRESENTATION_STYLE_ASSIGNMENT((#10622));
#10122=PRESENTATION_STYLE_ASSIGNMENT((#10623));
#10123=PRESENTATION_STYLE_ASSIGNMENT((#10624));
#10124=PRESENTATION_STYLE_ASSIGNMENT((#10625));
#10125=PRESENTATION_STYLE_ASSIGNMENT((#10626));
#10126=PRESENTATION_STYLE_ASSIGNMENT((#10627));
#10127=PRESENTATION_STYLE_ASSIGNMENT((#10628));
#10128=PRESENTATION_STYLE_ASSIGNMENT((#10629));
#10129=PRESENTATION_STYLE_ASSIGNMENT((#10630));
#10130=PRESENTATION_STYLE_ASSIGNMENT((#10631));
#10131=PRESENTATION_STYLE_ASSIGNMENT((#10632));
#10132=PRESENTATION_STYLE_ASSIGNMENT((#10633));
#10133=PRESENTATION_STYLE_ASSIGNMENT((#10634));
#10134=PRESENTATION_STYLE_ASSIGNMENT((#10635));
#10135=PRESENTATION_STYLE_ASSIGNMENT((#10636));
#10136=PRESENTATION_STYLE_ASSIGNMENT((#10637));
#10137=PRESENTATION_STYLE_ASSIGNMENT((#10638));
#10138=PRESENTATION_STYLE_ASSIGNMENT((#10639));
#10139=PRESENTATION_STYLE_ASSIGNMENT((#10640));
#10140=PRESENTATION_STYLE_ASSIGNMENT((#10641));
#10141=PRESENTATION_STYLE_ASSIGNMENT((#10642));
#10142=PRESENTATION_STYLE_ASSIGNMENT((#10643));
#10143=PRESENTATION_STYLE_ASSIGNMENT((#10644));
#10144=PRESENTATION_STYLE_ASSIGNMENT((#10645));
#10145=PRESENTATION_STYLE_ASSIGNMENT((#10646));
#10146=PRESENTATION_STYLE_ASSIGNMENT((#10647));
#10147=PRESENTATION_STYLE_ASSIGNMENT((#10648));
#10148=PRESENTATION_STYLE_ASSIGNMENT((#10649));
#10149=PRESENTATION_STYLE_ASSIGNMENT((#10650));
#10150=PRESENTATION_STYLE_ASSIGNMENT((#10651));
#10151=PRESENTATION_STYLE_ASSIGNMENT((#10652));
#10152=PRESENTATION_STYLE_ASSIGNMENT((#10653));
#10153=PRESENTATION_STYLE_ASSIGNMENT((#10654));
#10154=PRESENTATION_STYLE_ASSIGNMENT((#10655));
#10155=PRESENTATION_STYLE_ASSIGNMENT((#10656));
#10156=PRESENTATION_STYLE_ASSIGNMENT((#10657));
#10157=PRESENTATION_STYLE_ASSIGNMENT((#10658));
#10158=PRESENTATION_STYLE_ASSIGNMENT((#10659));
#10159=PRESENTATION_STYLE_ASSIGNMENT((#10660));
#10160=PRESENTATION_STYLE_ASSIGNMENT((#10661));
#10161=PRESENTATION_STYLE_ASSIGNMENT((#10662));
#10162=PRESENTATION_STYLE_ASSIGNMENT((#10663));
#10163=PRESENTATION_STYLE_ASSIGNMENT((#10664));
#10164=PRESENTATION_STYLE_ASSIGNMENT((#10665));
#10165=PRESENTATION_STYLE_ASSIGNMENT((#10666));
#10166=PRESENTATION_STYLE_ASSIGNMENT((#10667));
#10167=PRESENTATION_STYLE_ASSIGNMENT((#10668));
#10168=PRESENTATION_STYLE_ASSIGNMENT((#10669));
#10169=PRESENTATION_STYLE_ASSIGNMENT((#10670));
#10170=PRESENTATION_STYLE_ASSIGNMENT((#10671));
#10171=PRESENTATION_STYLE_ASSIGNMENT((#10672));
#10172=PRESENTATION_STYLE_ASSIGNMENT((#10673));
#10173=PRESENTATION_STYLE_ASSIGNMENT((#10674));
#10174=PRESENTATION_STYLE_ASSIGNMENT((#10675));
#10175=PRESENTATION_STYLE_ASSIGNMENT((#10676));
#10176=PRESENTATION_STYLE_ASSIGNMENT((#10677));
#10177=PRESENTATION_STYLE_ASSIGNMENT((#10678));
#10178=SURFACE_STYLE_USAGE(.BOTH.,#10679);
#10179=SURFACE_STYLE_USAGE(.BOTH.,#10680);
#10180=SURFACE_STYLE_USAGE(.BOTH.,#10681);
#10181=SURFACE_STYLE_USAGE(.BOTH.,#10682);
#10182=SURFACE_STYLE_USAGE(.BOTH.,#10683);
#10183=SURFACE_STYLE_USAGE(.BOTH.,#10684);
#10184=SURFACE_STYLE_USAGE(.BOTH.,#10685);
#10185=SURFACE_STYLE_USAGE(.BOTH.,#10686);
#10186=SURFACE_STYLE_USAGE(.BOTH.,#10687);
#10187=SURFACE_STYLE_USAGE(.BOTH.,#10688);
#10188=SURFACE_STYLE_USAGE(.BOTH.,#10689);
#10189=SURFACE_STYLE_USAGE(.BOTH.,#10690);
#10190=SURFACE_STYLE_USAGE(.BOTH.,#10691);
#10191=SURFACE_STYLE_USAGE(.BOTH.,#10692);
#10192=SURFACE_STYLE_USAGE(.BOTH.,#10693);
#10193=SURFACE_STYLE_USAGE(.BOTH.,#10694);
#10194=SURFACE_STYLE_USAGE(.BOTH.,#10695);
#10195=SURFACE_STYLE_USAGE(.BOTH.,#10696);
#10196=SURFACE_STYLE_USAGE(.BOTH.,#10697);
#10197=SURFACE_STYLE_USAGE(.BOTH.,#10698);
#10198=SURFACE_STYLE_USAGE(.BOTH.,#10699);
#10199=SURFACE_STYLE_USAGE(.BOTH.,#10700);
#10200=SURFACE_STYLE_USAGE(.BOTH.,#10701);
#10201=SURFACE_STYLE_USAGE(.BOTH.,#10702);
#10202=SURFACE_STYLE_USAGE(.BOTH.,#10703);
#10203=SURFACE_STYLE_USAGE(.BOTH.,#10704);
#10204=SURFACE_STYLE_USAGE(.BOTH.,#10705);
#10205=SURFACE_STYLE_USAGE(.BOTH.,#10706);
#10206=SURFACE_STYLE_USAGE(.BOTH.,#10707);
#10207=SURFACE_STYLE_USAGE(.BOTH.,#10708);
#10208=SURFACE_STYLE_USAGE(.BOTH.,#10709);
#10209=SURFACE_STYLE_USAGE(.BOTH.,#10710);
#10210=SURFACE_STYLE_USAGE(.BOTH.,#10711);
#10211=SURFACE_STYLE_USAGE(.BOTH.,#10712);
#10212=SURFACE_STYLE_USAGE(.BOTH.,#10713);
#10213=SURFACE_STYLE_USAGE(.BOTH.,#10714);
#10214=SURFACE_STYLE_USAGE(.BOTH.,#10715);
#10215=SURFACE_STYLE_USAGE(.BOTH.,#10716);
#10216=SURFACE_STYLE_USAGE(.BOTH.,#10717);
#10217=SURFACE_STYLE_USAGE(.BOTH.,#10718);
#10218=SURFACE_STYLE_USAGE(.BOTH.,#10719);
#10219=SURFACE_STYLE_USAGE(.BOTH.,#10720);
#10220=SURFACE_STYLE_USAGE(.BOTH.,#10721);
#10221=SURFACE_STYLE_USAGE(.BOTH.,#10722);
#10222=SURFACE_STYLE_USAGE(.BOTH.,#10723);
#10223=SURFACE_STYLE_USAGE(.BOTH.,#10724);
#10224=SURFACE_STYLE_USAGE(.BOTH.,#10725);
#10225=SURFACE_STYLE_USAGE(.BOTH.,#10726);
#10226=SURFACE_STYLE_USAGE(.BOTH.,#10727);
#10227=SURFACE_STYLE_USAGE(.BOTH.,#10728);
#10228=SURFACE_STYLE_USAGE(.BOTH.,#10729);
#10229=SURFACE_STYLE_USAGE(.BOTH.,#10730);
#10230=SURFACE_STYLE_USAGE(.BOTH.,#10731);
#10231=SURFACE_STYLE_USAGE(.BOTH.,#10732);
#10232=SURFACE_STYLE_USAGE(.BOTH.,#10733);
#10233=SURFACE_STYLE_USAGE(.BOTH.,#10734);
#10234=SURFACE_STYLE_USAGE(.BOTH.,#10735);
#10235=SURFACE_STYLE_USAGE(.BOTH.,#10736);
#10236=SURFACE_STYLE_USAGE(.BOTH.,#10737);
#10237=SURFACE_STYLE_USAGE(.BOTH.,#10738);
#10238=SURFACE_STYLE_USAGE(.BOTH.,#10739);
#10239=SURFACE_STYLE_USAGE(.BOTH.,#10740);
#10240=SURFACE_STYLE_USAGE(.BOTH.,#10741);
#10241=SURFACE_STYLE_USAGE(.BOTH.,#10742);
#10242=SURFACE_STYLE_USAGE(.BOTH.,#10743);
#10243=SURFACE_STYLE_USAGE(.BOTH.,#10744);
#10244=SURFACE_STYLE_USAGE(.BOTH.,#10745);
#10245=SURFACE_STYLE_USAGE(.BOTH.,#10746);
#10246=SURFACE_STYLE_USAGE(.BOTH.,#10747);
#10247=SURFACE_STYLE_USAGE(.BOTH.,#10748);
#10248=SURFACE_STYLE_USAGE(.BOTH.,#10749);
#10249=SURFACE_STYLE_USAGE(.BOTH.,#10750);
#10250=SURFACE_STYLE_USAGE(.BOTH.,#10751);
#10251=SURFACE_STYLE_USAGE(.BOTH.,#10752);
#10252=SURFACE_STYLE_USAGE(.BOTH.,#10753);
#10253=SURFACE_STYLE_USAGE(.BOTH.,#10754);
#10254=SURFACE_STYLE_USAGE(.BOTH.,#10755);
#10255=SURFACE_STYLE_USAGE(.BOTH.,#10756);
#10256=SURFACE_STYLE_USAGE(.BOTH.,#10757);
#10257=SURFACE_STYLE_USAGE(.BOTH.,#10758);
#10258=SURFACE_STYLE_USAGE(.BOTH.,#10759);
#10259=SURFACE_STYLE_USAGE(.BOTH.,#10760);
#10260=SURFACE_STYLE_USAGE(.BOTH.,#10761);
#10261=SURFACE_STYLE_USAGE(.BOTH.,#10762);
#10262=SURFACE_STYLE_USAGE(.BOTH.,#10763);
#10263=SURFACE_STYLE_USAGE(.BOTH.,#10764);
#10264=SURFACE_STYLE_USAGE(.BOTH.,#10765);
#10265=SURFACE_STYLE_USAGE(.BOTH.,#10766);
#10266=SURFACE_STYLE_USAGE(.BOTH.,#10767);
#10267=SURFACE_STYLE_USAGE(.BOTH.,#10768);
#10268=SURFACE_STYLE_USAGE(.BOTH.,#10769);
#10269=SURFACE_STYLE_USAGE(.BOTH.,#10770);
#10270=SURFACE_STYLE_USAGE(.BOTH.,#10771);
#10271=SURFACE_STYLE_USAGE(.BOTH.,#10772);
#10272=SURFACE_STYLE_USAGE(.BOTH.,#10773);
#10273=SURFACE_STYLE_USAGE(.BOTH.,#10774);
#10274=SURFACE_STYLE_USAGE(.BOTH.,#10775);
#10275=SURFACE_STYLE_USAGE(.BOTH.,#10776);
#10276=SURFACE_STYLE_USAGE(.BOTH.,#10777);
#10277=SURFACE_STYLE_USAGE(.BOTH.,#10778);
#10278=SURFACE_STYLE_USAGE(.BOTH.,#10779);
#10279=SURFACE_STYLE_USAGE(.BOTH.,#10780);
#10280=SURFACE_STYLE_USAGE(.BOTH.,#10781);
#10281=SURFACE_STYLE_USAGE(.BOTH.,#10782);
#10282=SURFACE_STYLE_USAGE(.BOTH.,#10783);
#10283=SURFACE_STYLE_USAGE(.BOTH.,#10784);
#10284=SURFACE_STYLE_USAGE(.BOTH.,#10785);
#10285=SURFACE_STYLE_USAGE(.BOTH.,#10786);
#10286=SURFACE_STYLE_USAGE(.BOTH.,#10787);
#10287=SURFACE_STYLE_USAGE(.BOTH.,#10788);
#10288=SURFACE_STYLE_USAGE(.BOTH.,#10789);
#10289=SURFACE_STYLE_USAGE(.BOTH.,#10790);
#10290=SURFACE_STYLE_USAGE(.BOTH.,#10791);
#10291=SURFACE_STYLE_USAGE(.BOTH.,#10792);
#10292=SURFACE_STYLE_USAGE(.BOTH.,#10793);
#10293=SURFACE_STYLE_USAGE(.BOTH.,#10794);
#10294=SURFACE_STYLE_USAGE(.BOTH.,#10795);
#10295=SURFACE_STYLE_USAGE(.BOTH.,#10796);
#10296=SURFACE_STYLE_USAGE(.BOTH.,#10797);
#10297=SURFACE_STYLE_USAGE(.BOTH.,#10798);
#10298=SURFACE_STYLE_USAGE(.BOTH.,#10799);
#10299=SURFACE_STYLE_USAGE(.BOTH.,#10800);
#10300=SURFACE_STYLE_USAGE(.BOTH.,#10801);
#10301=SURFACE_STYLE_USAGE(.BOTH.,#10802);
#10302=SURFACE_STYLE_USAGE(.BOTH.,#10803);
#10303=SURFACE_STYLE_USAGE(.BOTH.,#10804);
#10304=SURFACE_STYLE_USAGE(.BOTH.,#10805);
#10305=SURFACE_STYLE_USAGE(.BOTH.,#10806);
#10306=SURFACE_STYLE_USAGE(.BOTH.,#10807);
#10307=SURFACE_STYLE_USAGE(.BOTH.,#10808);
#10308=SURFACE_STYLE_USAGE(.BOTH.,#10809);
#10309=SURFACE_STYLE_USAGE(.BOTH.,#10810);
#10310=SURFACE_STYLE_USAGE(.BOTH.,#10811);
#10311=SURFACE_STYLE_USAGE(.BOTH.,#10812);
#10312=SURFACE_STYLE_USAGE(.BOTH.,#10813);
#10313=SURFACE_STYLE_USAGE(.BOTH.,#10814);
#10314=SURFACE_STYLE_USAGE(.BOTH.,#10815);
#10315=SURFACE_STYLE_USAGE(.BOTH.,#10816);
#10316=SURFACE_STYLE_USAGE(.BOTH.,#10817);
#10317=SURFACE_STYLE_USAGE(.BOTH.,#10818);
#10318=SURFACE_STYLE_USAGE(.BOTH.,#10819);
#10319=SURFACE_STYLE_USAGE(.BOTH.,#10820);
#10320=SURFACE_STYLE_USAGE(.BOTH.,#10821);
#10321=SURFACE_STYLE_USAGE(.BOTH.,#10822);
#10322=SURFACE_STYLE_USAGE(.BOTH.,#10823);
#10323=SURFACE_STYLE_USAGE(.BOTH.,#10824);
#10324=SURFACE_STYLE_USAGE(.BOTH.,#10825);
#10325=SURFACE_STYLE_USAGE(.BOTH.,#10826);
#10326=SURFACE_STYLE_USAGE(.BOTH.,#10827);
#10327=SURFACE_STYLE_USAGE(.BOTH.,#10828);
#10328=SURFACE_STYLE_USAGE(.BOTH.,#10829);
#10329=SURFACE_STYLE_USAGE(.BOTH.,#10830);
#10330=SURFACE_STYLE_USAGE(.BOTH.,#10831);
#10331=SURFACE_STYLE_USAGE(.BOTH.,#10832);
#10332=SURFACE_STYLE_USAGE(.BOTH.,#10833);
#10333=SURFACE_STYLE_USAGE(.BOTH.,#10834);
#10334=SURFACE_STYLE_USAGE(.BOTH.,#10835);
#10335=SURFACE_STYLE_USAGE(.BOTH.,#10836);
#10336=SURFACE_STYLE_USAGE(.BOTH.,#10837);
#10337=SURFACE_STYLE_USAGE(.BOTH.,#10838);
#10338=SURFACE_STYLE_USAGE(.BOTH.,#10839);
#10339=SURFACE_STYLE_USAGE(.BOTH.,#10840);
#10340=SURFACE_STYLE_USAGE(.BOTH.,#10841);
#10341=SURFACE_STYLE_USAGE(.BOTH.,#10842);
#10342=SURFACE_STYLE_USAGE(.BOTH.,#10843);
#10343=SURFACE_STYLE_USAGE(.BOTH.,#10844);
#10344=SURFACE_STYLE_USAGE(.BOTH.,#10845);
#10345=SURFACE_STYLE_USAGE(.BOTH.,#10846);
#10346=SURFACE_STYLE_USAGE(.BOTH.,#10847);
#10347=SURFACE_STYLE_USAGE(.BOTH.,#10848);
#10348=SURFACE_STYLE_USAGE(.BOTH.,#10849);
#10349=SURFACE_STYLE_USAGE(.BOTH.,#10850);
#10350=SURFACE_STYLE_USAGE(.BOTH.,#10851);
#10351=SURFACE_STYLE_USAGE(.BOTH.,#10852);
#10352=SURFACE_STYLE_USAGE(.BOTH.,#10853);
#10353=SURFACE_STYLE_USAGE(.BOTH.,#10854);
#10354=SURFACE_STYLE_USAGE(.BOTH.,#10855);
#10355=SURFACE_STYLE_USAGE(.BOTH.,#10856);
#10356=SURFACE_STYLE_USAGE(.BOTH.,#10857);
#10357=SURFACE_STYLE_USAGE(.BOTH.,#10858);
#10358=SURFACE_STYLE_USAGE(.BOTH.,#10859);
#10359=SURFACE_STYLE_USAGE(.BOTH.,#10860);
#10360=SURFACE_STYLE_USAGE(.BOTH.,#10861);
#10361=SURFACE_STYLE_USAGE(.BOTH.,#10862);
#10362=SURFACE_STYLE_USAGE(.BOTH.,#10863);
#10363=SURFACE_STYLE_USAGE(.BOTH.,#10864);
#10364=SURFACE_STYLE_USAGE(.BOTH.,#10865);
#10365=SURFACE_STYLE_USAGE(.BOTH.,#10866);
#10366=SURFACE_STYLE_USAGE(.BOTH.,#10867);
#10367=SURFACE_STYLE_USAGE(.BOTH.,#10868);
#10368=SURFACE_STYLE_USAGE(.BOTH.,#10869);
#10369=SURFACE_STYLE_USAGE(.BOTH.,#10870);
#10370=SURFACE_STYLE_USAGE(.BOTH.,#10871);
#10371=SURFACE_STYLE_USAGE(.BOTH.,#10872);
#10372=SURFACE_STYLE_USAGE(.BOTH.,#10873);
#10373=SURFACE_STYLE_USAGE(.BOTH.,#10874);
#10374=SURFACE_STYLE_USAGE(.BOTH.,#10875);
#10375=SURFACE_STYLE_USAGE(.BOTH.,#10876);
#10376=SURFACE_STYLE_USAGE(.BOTH.,#10877);
#10377=SURFACE_STYLE_USAGE(.BOTH.,#10878);
#10378=SURFACE_STYLE_USAGE(.BOTH.,#10879);
#10379=SURFACE_STYLE_USAGE(.BOTH.,#10880);
#10380=SURFACE_STYLE_USAGE(.BOTH.,#10881);
#10381=SURFACE_STYLE_USAGE(.BOTH.,#10882);
#10382=SURFACE_STYLE_USAGE(.BOTH.,#10883);
#10383=SURFACE_STYLE_USAGE(.BOTH.,#10884);
#10384=SURFACE_STYLE_USAGE(.BOTH.,#10885);
#10385=SURFACE_STYLE_USAGE(.BOTH.,#10886);
#10386=SURFACE_STYLE_USAGE(.BOTH.,#10887);
#10387=SURFACE_STYLE_USAGE(.BOTH.,#10888);
#10388=SURFACE_STYLE_USAGE(.BOTH.,#10889);
#10389=SURFACE_STYLE_USAGE(.BOTH.,#10890);
#10390=SURFACE_STYLE_USAGE(.BOTH.,#10891);
#10391=SURFACE_STYLE_USAGE(.BOTH.,#10892);
#10392=SURFACE_STYLE_USAGE(.BOTH.,#10893);
#10393=SURFACE_STYLE_USAGE(.BOTH.,#10894);
#10394=SURFACE_STYLE_USAGE(.BOTH.,#10895);
#10395=SURFACE_STYLE_USAGE(.BOTH.,#10896);
#10396=SURFACE_STYLE_USAGE(.BOTH.,#10897);
#10397=SURFACE_STYLE_USAGE(.BOTH.,#10898);
#10398=SURFACE_STYLE_USAGE(.BOTH.,#10899);
#10399=SURFACE_STYLE_USAGE(.BOTH.,#10900);
#10400=SURFACE_STYLE_USAGE(.BOTH.,#10901);
#10401=SURFACE_STYLE_USAGE(.BOTH.,#10902);
#10402=SURFACE_STYLE_USAGE(.BOTH.,#10903);
#10403=SURFACE_STYLE_USAGE(.BOTH.,#10904);
#10404=SURFACE_STYLE_USAGE(.BOTH.,#10905);
#10405=SURFACE_STYLE_USAGE(.BOTH.,#10906);
#10406=SURFACE_STYLE_USAGE(.BOTH.,#10907);
#10407=SURFACE_STYLE_USAGE(.BOTH.,#10908);
#10408=SURFACE_STYLE_USAGE(.BOTH.,#10909);
#10409=SURFACE_STYLE_USAGE(.BOTH.,#10910);
#10410=SURFACE_STYLE_USAGE(.BOTH.,#10911);
#10411=SURFACE_STYLE_USAGE(.BOTH.,#10912);
#10412=SURFACE_STYLE_USAGE(.BOTH.,#10913);
#10413=SURFACE_STYLE_USAGE(.BOTH.,#10914);
#10414=SURFACE_STYLE_USAGE(.BOTH.,#10915);
#10415=SURFACE_STYLE_USAGE(.BOTH.,#10916);
#10416=SURFACE_STYLE_USAGE(.BOTH.,#10917);
#10417=SURFACE_STYLE_USAGE(.BOTH.,#10918);
#10418=SURFACE_STYLE_USAGE(.BOTH.,#10919);
#10419=SURFACE_STYLE_USAGE(.BOTH.,#10920);
#10420=SURFACE_STYLE_USAGE(.BOTH.,#10921);
#10421=SURFACE_STYLE_USAGE(.BOTH.,#10922);
#10422=SURFACE_STYLE_USAGE(.BOTH.,#10923);
#10423=SURFACE_STYLE_USAGE(.BOTH.,#10924);
#10424=SURFACE_STYLE_USAGE(.BOTH.,#10925);
#10425=SURFACE_STYLE_USAGE(.BOTH.,#10926);
#10426=SURFACE_STYLE_USAGE(.BOTH.,#10927);
#10427=SURFACE_STYLE_USAGE(.BOTH.,#10928);
#10428=SURFACE_STYLE_USAGE(.BOTH.,#10929);
#10429=SURFACE_STYLE_USAGE(.BOTH.,#10930);
#10430=SURFACE_STYLE_USAGE(.BOTH.,#10931);
#10431=SURFACE_STYLE_USAGE(.BOTH.,#10932);
#10432=SURFACE_STYLE_USAGE(.BOTH.,#10933);
#10433=SURFACE_STYLE_USAGE(.BOTH.,#10934);
#10434=SURFACE_STYLE_USAGE(.BOTH.,#10935);
#10435=SURFACE_STYLE_USAGE(.BOTH.,#10936);
#10436=SURFACE_STYLE_USAGE(.BOTH.,#10937);
#10437=SURFACE_STYLE_USAGE(.BOTH.,#10938);
#10438=SURFACE_STYLE_USAGE(.BOTH.,#10939);
#10439=SURFACE_STYLE_USAGE(.BOTH.,#10940);
#10440=SURFACE_STYLE_USAGE(.BOTH.,#10941);
#10441=SURFACE_STYLE_USAGE(.BOTH.,#10942);
#10442=SURFACE_STYLE_USAGE(.BOTH.,#10943);
#10443=SURFACE_STYLE_USAGE(.BOTH.,#10944);
#10444=SURFACE_STYLE_USAGE(.BOTH.,#10945);
#10445=SURFACE_STYLE_USAGE(.BOTH.,#10946);
#10446=SURFACE_STYLE_USAGE(.BOTH.,#10947);
#10447=SURFACE_STYLE_USAGE(.BOTH.,#10948);
#10448=SURFACE_STYLE_USAGE(.BOTH.,#10949);
#10449=SURFACE_STYLE_USAGE(.BOTH.,#10950);
#10450=SURFACE_STYLE_USAGE(.BOTH.,#10951);
#10451=SURFACE_STYLE_USAGE(.BOTH.,#10952);
#10452=SURFACE_STYLE_USAGE(.BOTH.,#10953);
#10453=SURFACE_STYLE_USAGE(.BOTH.,#10954);
#10454=SURFACE_STYLE_USAGE(.BOTH.,#10955);
#10455=SURFACE_STYLE_USAGE(.BOTH.,#10956);
#10456=SURFACE_STYLE_USAGE(.BOTH.,#10957);
#10457=SURFACE_STYLE_USAGE(.BOTH.,#10958);
#10458=SURFACE_STYLE_USAGE(.BOTH.,#10959);
#10459=SURFACE_STYLE_USAGE(.BOTH.,#10960);
#10460=SURFACE_STYLE_USAGE(.BOTH.,#10961);
#10461=SURFACE_STYLE_USAGE(.BOTH.,#10962);
#10462=SURFACE_STYLE_USAGE(.BOTH.,#10963);
#10463=SURFACE_STYLE_USAGE(.BOTH.,#10964);
#10464=SURFACE_STYLE_USAGE(.BOTH.,#10965);
#10465=SURFACE_STYLE_USAGE(.BOTH.,#10966);
#10466=SURFACE_STYLE_USAGE(.BOTH.,#10967);
#10467=SURFACE_STYLE_USAGE(.BOTH.,#10968);
#10468=SURFACE_STYLE_USAGE(.BOTH.,#10969);
#10469=SURFACE_STYLE_USAGE(.BOTH.,#10970);
#10470=SURFACE_STYLE_USAGE(.BOTH.,#10971);
#10471=SURFACE_STYLE_USAGE(.BOTH.,#10972);
#10472=SURFACE_STYLE_USAGE(.BOTH.,#10973);
#10473=SURFACE_STYLE_USAGE(.BOTH.,#10974);
#10474=SURFACE_STYLE_USAGE(.BOTH.,#10975);
#10475=SURFACE_STYLE_USAGE(.BOTH.,#10976);
#10476=SURFACE_STYLE_USAGE(.BOTH.,#10977);
#10477=SURFACE_STYLE_USAGE(.BOTH.,#10978);
#10478=SURFACE_STYLE_USAGE(.BOTH.,#10979);
#10479=SURFACE_STYLE_USAGE(.BOTH.,#10980);
#10480=SURFACE_STYLE_USAGE(.BOTH.,#10981);
#10481=SURFACE_STYLE_USAGE(.BOTH.,#10982);
#10482=SURFACE_STYLE_USAGE(.BOTH.,#10983);
#10483=SURFACE_STYLE_USAGE(.BOTH.,#10984);
#10484=SURFACE_STYLE_USAGE(.BOTH.,#10985);
#10485=SURFACE_STYLE_USAGE(.BOTH.,#10986);
#10486=SURFACE_STYLE_USAGE(.BOTH.,#10987);
#10487=SURFACE_STYLE_USAGE(.BOTH.,#10988);
#10488=SURFACE_STYLE_USAGE(.BOTH.,#10989);
#10489=SURFACE_STYLE_USAGE(.BOTH.,#10990);
#10490=SURFACE_STYLE_USAGE(.BOTH.,#10991);
#10491=SURFACE_STYLE_USAGE(.BOTH.,#10992);
#10492=SURFACE_STYLE_USAGE(.BOTH.,#10993);
#10493=SURFACE_STYLE_USAGE(.BOTH.,#10994);
#10494=SURFACE_STYLE_USAGE(.BOTH.,#10995);
#10495=SURFACE_STYLE_USAGE(.BOTH.,#10996);
#10496=SURFACE_STYLE_USAGE(.BOTH.,#10997);
#10497=SURFACE_STYLE_USAGE(.BOTH.,#10998);
#10498=SURFACE_STYLE_USAGE(.BOTH.,#10999);
#10499=SURFACE_STYLE_USAGE(.BOTH.,#11000);
#10500=SURFACE_STYLE_USAGE(.BOTH.,#11001);
#10501=SURFACE_STYLE_USAGE(.BOTH.,#11002);
#10502=SURFACE_STYLE_USAGE(.BOTH.,#11003);
#10503=SURFACE_STYLE_USAGE(.BOTH.,#11004);
#10504=SURFACE_STYLE_USAGE(.BOTH.,#11005);
#10505=SURFACE_STYLE_USAGE(.BOTH.,#11006);
#10506=SURFACE_STYLE_USAGE(.BOTH.,#11007);
#10507=SURFACE_STYLE_USAGE(.BOTH.,#11008);
#10508=SURFACE_STYLE_USAGE(.BOTH.,#11009);
#10509=SURFACE_STYLE_USAGE(.BOTH.,#11010);
#10510=SURFACE_STYLE_USAGE(.BOTH.,#11011);
#10511=SURFACE_STYLE_USAGE(.BOTH.,#11012);
#10512=SURFACE_STYLE_USAGE(.BOTH.,#11013);
#10513=SURFACE_STYLE_USAGE(.BOTH.,#11014);
#10514=SURFACE_STYLE_USAGE(.BOTH.,#11015);
#10515=SURFACE_STYLE_USAGE(.BOTH.,#11016);
#10516=SURFACE_STYLE_USAGE(.BOTH.,#11017);
#10517=SURFACE_STYLE_USAGE(.BOTH.,#11018);
#10518=SURFACE_STYLE_USAGE(.BOTH.,#11019);
#10519=SURFACE_STYLE_USAGE(.BOTH.,#11020);
#10520=SURFACE_STYLE_USAGE(.BOTH.,#11021);
#10521=SURFACE_STYLE_USAGE(.BOTH.,#11022);
#10522=SURFACE_STYLE_USAGE(.BOTH.,#11023);
#10523=SURFACE_STYLE_USAGE(.BOTH.,#11024);
#10524=SURFACE_STYLE_USAGE(.BOTH.,#11025);
#10525=SURFACE_STYLE_USAGE(.BOTH.,#11026);
#10526=SURFACE_STYLE_USAGE(.BOTH.,#11027);
#10527=SURFACE_STYLE_USAGE(.BOTH.,#11028);
#10528=SURFACE_STYLE_USAGE(.BOTH.,#11029);
#10529=SURFACE_STYLE_USAGE(.BOTH.,#11030);
#10530=SURFACE_STYLE_USAGE(.BOTH.,#11031);
#10531=SURFACE_STYLE_USAGE(.BOTH.,#11032);
#10532=SURFACE_STYLE_USAGE(.BOTH.,#11033);
#10533=SURFACE_STYLE_USAGE(.BOTH.,#11034);
#10534=SURFACE_STYLE_USAGE(.BOTH.,#11035);
#10535=SURFACE_STYLE_USAGE(.BOTH.,#11036);
#10536=SURFACE_STYLE_USAGE(.BOTH.,#11037);
#10537=SURFACE_STYLE_USAGE(.BOTH.,#11038);
#10538=SURFACE_STYLE_USAGE(.BOTH.,#11039);
#10539=SURFACE_STYLE_USAGE(.BOTH.,#11040);
#10540=SURFACE_STYLE_USAGE(.BOTH.,#11041);
#10541=SURFACE_STYLE_USAGE(.BOTH.,#11042);
#10542=SURFACE_STYLE_USAGE(.BOTH.,#11043);
#10543=SURFACE_STYLE_USAGE(.BOTH.,#11044);
#10544=SURFACE_STYLE_USAGE(.BOTH.,#11045);
#10545=SURFACE_STYLE_USAGE(.BOTH.,#11046);
#10546=SURFACE_STYLE_USAGE(.BOTH.,#11047);
#10547=SURFACE_STYLE_USAGE(.BOTH.,#11048);
#10548=SURFACE_STYLE_USAGE(.BOTH.,#11049);
#10549=SURFACE_STYLE_USAGE(.BOTH.,#11050);
#10550=SURFACE_STYLE_USAGE(.BOTH.,#11051);
#10551=SURFACE_STYLE_USAGE(.BOTH.,#11052);
#10552=SURFACE_STYLE_USAGE(.BOTH.,#11053);
#10553=SURFACE_STYLE_USAGE(.BOTH.,#11054);
#10554=SURFACE_STYLE_USAGE(.BOTH.,#11055);
#10555=SURFACE_STYLE_USAGE(.BOTH.,#11056);
#10556=SURFACE_STYLE_USAGE(.BOTH.,#11057);
#10557=SURFACE_STYLE_USAGE(.BOTH.,#11058);
#10558=SURFACE_STYLE_USAGE(.BOTH.,#11059);
#10559=SURFACE_STYLE_USAGE(.BOTH.,#11060);
#10560=SURFACE_STYLE_USAGE(.BOTH.,#11061);
#10561=SURFACE_STYLE_USAGE(.BOTH.,#11062);
#10562=SURFACE_STYLE_USAGE(.BOTH.,#11063);
#10563=SURFACE_STYLE_USAGE(.BOTH.,#11064);
#10564=SURFACE_STYLE_USAGE(.BOTH.,#11065);
#10565=SURFACE_STYLE_USAGE(.BOTH.,#11066);
#10566=SURFACE_STYLE_USAGE(.BOTH.,#11067);
#10567=SURFACE_STYLE_USAGE(.BOTH.,#11068);
#10568=SURFACE_STYLE_USAGE(.BOTH.,#11069);
#10569=SURFACE_STYLE_USAGE(.BOTH.,#11070);
#10570=SURFACE_STYLE_USAGE(.BOTH.,#11071);
#10571=SURFACE_STYLE_USAGE(.BOTH.,#11072);
#10572=SURFACE_STYLE_USAGE(.BOTH.,#11073);
#10573=SURFACE_STYLE_USAGE(.BOTH.,#11074);
#10574=SURFACE_STYLE_USAGE(.BOTH.,#11075);
#10575=SURFACE_STYLE_USAGE(.BOTH.,#11076);
#10576=SURFACE_STYLE_USAGE(.BOTH.,#11077);
#10577=SURFACE_STYLE_USAGE(.BOTH.,#11078);
#10578=SURFACE_STYLE_USAGE(.BOTH.,#11079);
#10579=SURFACE_STYLE_USAGE(.BOTH.,#11080);
#10580=SURFACE_STYLE_USAGE(.BOTH.,#11081);
#10581=SURFACE_STYLE_USAGE(.BOTH.,#11082);
#10582=SURFACE_STYLE_USAGE(.BOTH.,#11083);
#10583=SURFACE_STYLE_USAGE(.BOTH.,#11084);
#10584=SURFACE_STYLE_USAGE(.BOTH.,#11085);
#10585=SURFACE_STYLE_USAGE(.BOTH.,#11086);
#10586=SURFACE_STYLE_USAGE(.BOTH.,#11087);
#10587=SURFACE_STYLE_USAGE(.BOTH.,#11088);
#10588=SURFACE_STYLE_USAGE(.BOTH.,#11089);
#10589=SURFACE_STYLE_USAGE(.BOTH.,#11090);
#10590=SURFACE_STYLE_USAGE(.BOTH.,#11091);
#10591=SURFACE_STYLE_USAGE(.BOTH.,#11092);
#10592=SURFACE_STYLE_USAGE(.BOTH.,#11093);
#10593=SURFACE_STYLE_USAGE(.BOTH.,#11094);
#10594=SURFACE_STYLE_USAGE(.BOTH.,#11095);
#10595=SURFACE_STYLE_USAGE(.BOTH.,#11096);
#10596=SURFACE_STYLE_USAGE(.BOTH.,#11097);
#10597=SURFACE_STYLE_USAGE(.BOTH.,#11098);
#10598=SURFACE_STYLE_USAGE(.BOTH.,#11099);
#10599=SURFACE_STYLE_USAGE(.BOTH.,#11100);
#10600=SURFACE_STYLE_USAGE(.BOTH.,#11101);
#10601=SURFACE_STYLE_USAGE(.BOTH.,#11102);
#10602=SURFACE_STYLE_USAGE(.BOTH.,#11103);
#10603=SURFACE_STYLE_USAGE(.BOTH.,#11104);
#10604=SURFACE_STYLE_USAGE(.BOTH.,#11105);
#10605=SURFACE_STYLE_USAGE(.BOTH.,#11106);
#10606=SURFACE_STYLE_USAGE(.BOTH.,#11107);
#10607=SURFACE_STYLE_USAGE(.BOTH.,#11108);
#10608=SURFACE_STYLE_USAGE(.BOTH.,#11109);
#10609=SURFACE_STYLE_USAGE(.BOTH.,#11110);
#10610=SURFACE_STYLE_USAGE(.BOTH.,#11111);
#10611=SURFACE_STYLE_USAGE(.BOTH.,#11112);
#10612=SURFACE_STYLE_USAGE(.BOTH.,#11113);
#10613=SURFACE_STYLE_USAGE(.BOTH.,#11114);
#10614=SURFACE_STYLE_USAGE(.BOTH.,#11115);
#10615=SURFACE_STYLE_USAGE(.BOTH.,#11116);
#10616=SURFACE_STYLE_USAGE(.BOTH.,#11117);
#10617=SURFACE_STYLE_USAGE(.BOTH.,#11118);
#10618=SURFACE_STYLE_USAGE(.BOTH.,#11119);
#10619=SURFACE_STYLE_USAGE(.BOTH.,#11120);
#10620=SURFACE_STYLE_USAGE(.BOTH.,#11121);
#10621=SURFACE_STYLE_USAGE(.BOTH.,#11122);
#10622=SURFACE_STYLE_USAGE(.BOTH.,#11123);
#10623=SURFACE_STYLE_USAGE(.BOTH.,#11124);
#10624=SURFACE_STYLE_USAGE(.BOTH.,#11125);
#10625=SURFACE_STYLE_USAGE(.BOTH.,#11126);
#10626=SURFACE_STYLE_USAGE(.BOTH.,#11127);
#10627=SURFACE_STYLE_USAGE(.BOTH.,#11128);
#10628=SURFACE_STYLE_USAGE(.BOTH.,#11129);
#10629=SURFACE_STYLE_USAGE(.BOTH.,#11130);
#10630=SURFACE_STYLE_USAGE(.BOTH.,#11131);
#10631=SURFACE_STYLE_USAGE(.BOTH.,#11132);
#10632=SURFACE_STYLE_USAGE(.BOTH.,#11133);
#10633=SURFACE_STYLE_USAGE(.BOTH.,#11134);
#10634=SURFACE_STYLE_USAGE(.BOTH.,#11135);
#10635=SURFACE_STYLE_USAGE(.BOTH.,#11136);
#10636=SURFACE_STYLE_USAGE(.BOTH.,#11137);
#10637=SURFACE_STYLE_USAGE(.BOTH.,#11138);
#10638=SURFACE_STYLE_USAGE(.BOTH.,#11139);
#10639=SURFACE_STYLE_USAGE(.BOTH.,#11140);
#10640=SURFACE_STYLE_USAGE(.BOTH.,#11141);
#10641=SURFACE_STYLE_USAGE(.BOTH.,#11142);
#10642=SURFACE_STYLE_USAGE(.BOTH.,#11143);
#10643=SURFACE_STYLE_USAGE(.BOTH.,#11144);
#10644=SURFACE_STYLE_USAGE(.BOTH.,#11145);
#10645=SURFACE_STYLE_USAGE(.BOTH.,#11146);
#10646=SURFACE_STYLE_USAGE(.BOTH.,#11147);
#10647=SURFACE_STYLE_USAGE(.BOTH.,#11148);
#10648=SURFACE_STYLE_USAGE(.BOTH.,#11149);
#10649=SURFACE_STYLE_USAGE(.BOTH.,#11150);
#10650=SURFACE_STYLE_USAGE(.BOTH.,#11151);
#10651=SURFACE_STYLE_USAGE(.BOTH.,#11152);
#10652=SURFACE_STYLE_USAGE(.BOTH.,#11153);
#10653=SURFACE_STYLE_USAGE(.BOTH.,#11154);
#10654=SURFACE_STYLE_USAGE(.BOTH.,#11155);
#10655=SURFACE_STYLE_USAGE(.BOTH.,#11156);
#10656=SURFACE_STYLE_USAGE(.BOTH.,#11157);
#10657=SURFACE_STYLE_USAGE(.BOTH.,#11158);
#10658=SURFACE_STYLE_USAGE(.BOTH.,#11159);
#10659=SURFACE_STYLE_USAGE(.BOTH.,#11160);
#10660=SURFACE_STYLE_USAGE(.BOTH.,#11161);
#10661=SURFACE_STYLE_USAGE(.BOTH.,#11162);
#10662=SURFACE_STYLE_USAGE(.BOTH.,#11163);
#10663=SURFACE_STYLE_USAGE(.BOTH.,#11164);
#10664=SURFACE_STYLE_USAGE(.BOTH.,#11165);
#10665=SURFACE_STYLE_USAGE(.BOTH.,#11166);
#10666=SURFACE_STYLE_USAGE(.BOTH.,#11167);
#10667=SURFACE_STYLE_USAGE(.BOTH.,#11168);
#10668=SURFACE_STYLE_USAGE(.BOTH.,#11169);
#10669=SURFACE_STYLE_USAGE(.BOTH.,#11170);
#10670=SURFACE_STYLE_USAGE(.BOTH.,#11171);
#10671=SURFACE_STYLE_USAGE(.BOTH.,#11172);
#10672=SURFACE_STYLE_USAGE(.BOTH.,#11173);
#10673=SURFACE_STYLE_USAGE(.BOTH.,#11174);
#10674=SURFACE_STYLE_USAGE(.BOTH.,#11175);
#10675=SURFACE_STYLE_USAGE(.BOTH.,#11176);
#10676=SURFACE_STYLE_USAGE(.BOTH.,#11177);
#10677=SURFACE_STYLE_USAGE(.BOTH.,#11178);
#10678=SURFACE_STYLE_USAGE(.BOTH.,#11179);
#10679=SURFACE_SIDE_STYLE('',(#11180));
#10680=SURFACE_SIDE_STYLE('',(#11181));
#10681=SURFACE_SIDE_STYLE('',(#11182));
#10682=SURFACE_SIDE_STYLE('',(#11183));
#10683=SURFACE_SIDE_STYLE('',(#11184));
#10684=SURFACE_SIDE_STYLE('',(#11185));
#10685=SURFACE_SIDE_STYLE('',(#11186));
#10686=SURFACE_SIDE_STYLE('',(#11187));
#10687=SURFACE_SIDE_STYLE('',(#11188));
#10688=SURFACE_SIDE_STYLE('',(#11189));
#10689=SURFACE_SIDE_STYLE('',(#11190));
#10690=SURFACE_SIDE_STYLE('',(#11191));
#10691=SURFACE_SIDE_STYLE('',(#11192));
#10692=SURFACE_SIDE_STYLE('',(#11193));
#10693=SURFACE_SIDE_STYLE('',(#11194));
#10694=SURFACE_SIDE_STYLE('',(#11195));
#10695=SURFACE_SIDE_STYLE('',(#11196));
#10696=SURFACE_SIDE_STYLE('',(#11197));
#10697=SURFACE_SIDE_STYLE('',(#11198));
#10698=SURFACE_SIDE_STYLE('',(#11199));
#10699=SURFACE_SIDE_STYLE('',(#11200));
#10700=SURFACE_SIDE_STYLE('',(#11201));
#10701=SURFACE_SIDE_STYLE('',(#11202));
#10702=SURFACE_SIDE_STYLE('',(#11203));
#10703=SURFACE_SIDE_STYLE('',(#11204));
#10704=SURFACE_SIDE_STYLE('',(#11205));
#10705=SURFACE_SIDE_STYLE('',(#11206));
#10706=SURFACE_SIDE_STYLE('',(#11207));
#10707=SURFACE_SIDE_STYLE('',(#11208));
#10708=SURFACE_SIDE_STYLE('',(#11209));
#10709=SURFACE_SIDE_STYLE('',(#11210));
#10710=SURFACE_SIDE_STYLE('',(#11211));
#10711=SURFACE_SIDE_STYLE('',(#11212));
#10712=SURFACE_SIDE_STYLE('',(#11213));
#10713=SURFACE_SIDE_STYLE('',(#11214));
#10714=SURFACE_SIDE_STYLE('',(#11215));
#10715=SURFACE_SIDE_STYLE('',(#11216));
#10716=SURFACE_SIDE_STYLE('',(#11217));
#10717=SURFACE_SIDE_STYLE('',(#11218));
#10718=SURFACE_SIDE_STYLE('',(#11219));
#10719=SURFACE_SIDE_STYLE('',(#11220));
#10720=SURFACE_SIDE_STYLE('',(#11221));
#10721=SURFACE_SIDE_STYLE('',(#11222));
#10722=SURFACE_SIDE_STYLE('',(#11223));
#10723=SURFACE_SIDE_STYLE('',(#11224));
#10724=SURFACE_SIDE_STYLE('',(#11225));
#10725=SURFACE_SIDE_STYLE('',(#11226));
#10726=SURFACE_SIDE_STYLE('',(#11227));
#10727=SURFACE_SIDE_STYLE('',(#11228));
#10728=SURFACE_SIDE_STYLE('',(#11229));
#10729=SURFACE_SIDE_STYLE('',(#11230));
#10730=SURFACE_SIDE_STYLE('',(#11231));
#10731=SURFACE_SIDE_STYLE('',(#11232));
#10732=SURFACE_SIDE_STYLE('',(#11233));
#10733=SURFACE_SIDE_STYLE('',(#11234));
#10734=SURFACE_SIDE_STYLE('',(#11235));
#10735=SURFACE_SIDE_STYLE('',(#11236));
#10736=SURFACE_SIDE_STYLE('',(#11237));
#10737=SURFACE_SIDE_STYLE('',(#11238));
#10738=SURFACE_SIDE_STYLE('',(#11239));
#10739=SURFACE_SIDE_STYLE('',(#11240));
#10740=SURFACE_SIDE_STYLE('',(#11241));
#10741=SURFACE_SIDE_STYLE('',(#11242));
#10742=SURFACE_SIDE_STYLE('',(#11243));
#10743=SURFACE_SIDE_STYLE('',(#11244));
#10744=SURFACE_SIDE_STYLE('',(#11245));
#10745=SURFACE_SIDE_STYLE('',(#11246));
#10746=SURFACE_SIDE_STYLE('',(#11247));
#10747=SURFACE_SIDE_STYLE('',(#11248));
#10748=SURFACE_SIDE_STYLE('',(#11249));
#10749=SURFACE_SIDE_STYLE('',(#11250));
#10750=SURFACE_SIDE_STYLE('',(#11251));
#10751=SURFACE_SIDE_STYLE('',(#11252));
#10752=SURFACE_SIDE_STYLE('',(#11253));
#10753=SURFACE_SIDE_STYLE('',(#11254));
#10754=SURFACE_SIDE_STYLE('',(#11255));
#10755=SURFACE_SIDE_STYLE('',(#11256));
#10756=SURFACE_SIDE_STYLE('',(#11257));
#10757=SURFACE_SIDE_STYLE('',(#11258));
#10758=SURFACE_SIDE_STYLE('',(#11259));
#10759=SURFACE_SIDE_STYLE('',(#11260));
#10760=SURFACE_SIDE_STYLE('',(#11261));
#10761=SURFACE_SIDE_STYLE('',(#11262));
#10762=SURFACE_SIDE_STYLE('',(#11263));
#10763=SURFACE_SIDE_STYLE('',(#11264));
#10764=SURFACE_SIDE_STYLE('',(#11265));
#10765=SURFACE_SIDE_STYLE('',(#11266));
#10766=SURFACE_SIDE_STYLE('',(#11267));
#10767=SURFACE_SIDE_STYLE('',(#11268));
#10768=SURFACE_SIDE_STYLE('',(#11269));
#10769=SURFACE_SIDE_STYLE('',(#11270));
#10770=SURFACE_SIDE_STYLE('',(#11271));
#10771=SURFACE_SIDE_STYLE('',(#11272));
#10772=SURFACE_SIDE_STYLE('',(#11273));
#10773=SURFACE_SIDE_STYLE('',(#11274));
#10774=SURFACE_SIDE_STYLE('',(#11275));
#10775=SURFACE_SIDE_STYLE('',(#11276));
#10776=SURFACE_SIDE_STYLE('',(#11277));
#10777=SURFACE_SIDE_STYLE('',(#11278));
#10778=SURFACE_SIDE_STYLE('',(#11279));
#10779=SURFACE_SIDE_STYLE('',(#11280));
#10780=SURFACE_SIDE_STYLE('',(#11281));
#10781=SURFACE_SIDE_STYLE('',(#11282));
#10782=SURFACE_SIDE_STYLE('',(#11283));
#10783=SURFACE_SIDE_STYLE('',(#11284));
#10784=SURFACE_SIDE_STYLE('',(#11285));
#10785=SURFACE_SIDE_STYLE('',(#11286));
#10786=SURFACE_SIDE_STYLE('',(#11287));
#10787=SURFACE_SIDE_STYLE('',(#11288));
#10788=SURFACE_SIDE_STYLE('',(#11289));
#10789=SURFACE_SIDE_STYLE('',(#11290));
#10790=SURFACE_SIDE_STYLE('',(#11291));
#10791=SURFACE_SIDE_STYLE('',(#11292));
#10792=SURFACE_SIDE_STYLE('',(#11293));
#10793=SURFACE_SIDE_STYLE('',(#11294));
#10794=SURFACE_SIDE_STYLE('',(#11295));
#10795=SURFACE_SIDE_STYLE('',(#11296));
#10796=SURFACE_SIDE_STYLE('',(#11297));
#10797=SURFACE_SIDE_STYLE('',(#11298));
#10798=SURFACE_SIDE_STYLE('',(#11299));
#10799=SURFACE_SIDE_STYLE('',(#11300));
#10800=SURFACE_SIDE_STYLE('',(#11301));
#10801=SURFACE_SIDE_STYLE('',(#11302));
#10802=SURFACE_SIDE_STYLE('',(#11303));
#10803=SURFACE_SIDE_STYLE('',(#11304));
#10804=SURFACE_SIDE_STYLE('',(#11305));
#10805=SURFACE_SIDE_STYLE('',(#11306));
#10806=SURFACE_SIDE_STYLE('',(#11307));
#10807=SURFACE_SIDE_STYLE('',(#11308));
#10808=SURFACE_SIDE_STYLE('',(#11309));
#10809=SURFACE_SIDE_STYLE('',(#11310));
#10810=SURFACE_SIDE_STYLE('',(#11311));
#10811=SURFACE_SIDE_STYLE('',(#11312));
#10812=SURFACE_SIDE_STYLE('',(#11313));
#10813=SURFACE_SIDE_STYLE('',(#11314));
#10814=SURFACE_SIDE_STYLE('',(#11315));
#10815=SURFACE_SIDE_STYLE('',(#11316));
#10816=SURFACE_SIDE_STYLE('',(#11317));
#10817=SURFACE_SIDE_STYLE('',(#11318));
#10818=SURFACE_SIDE_STYLE('',(#11319));
#10819=SURFACE_SIDE_STYLE('',(#11320));
#10820=SURFACE_SIDE_STYLE('',(#11321));
#10821=SURFACE_SIDE_STYLE('',(#11322));
#10822=SURFACE_SIDE_STYLE('',(#11323));
#10823=SURFACE_SIDE_STYLE('',(#11324));
#10824=SURFACE_SIDE_STYLE('',(#11325));
#10825=SURFACE_SIDE_STYLE('',(#11326));
#10826=SURFACE_SIDE_STYLE('',(#11327));
#10827=SURFACE_SIDE_STYLE('',(#11328));
#10828=SURFACE_SIDE_STYLE('',(#11329));
#10829=SURFACE_SIDE_STYLE('',(#11330));
#10830=SURFACE_SIDE_STYLE('',(#11331));
#10831=SURFACE_SIDE_STYLE('',(#11332));
#10832=SURFACE_SIDE_STYLE('',(#11333));
#10833=SURFACE_SIDE_STYLE('',(#11334));
#10834=SURFACE_SIDE_STYLE('',(#11335));
#10835=SURFACE_SIDE_STYLE('',(#11336));
#10836=SURFACE_SIDE_STYLE('',(#11337));
#10837=SURFACE_SIDE_STYLE('',(#11338));
#10838=SURFACE_SIDE_STYLE('',(#11339));
#10839=SURFACE_SIDE_STYLE('',(#11340));
#10840=SURFACE_SIDE_STYLE('',(#11341));
#10841=SURFACE_SIDE_STYLE('',(#11342));
#10842=SURFACE_SIDE_STYLE('',(#11343));
#10843=SURFACE_SIDE_STYLE('',(#11344));
#10844=SURFACE_SIDE_STYLE('',(#11345));
#10845=SURFACE_SIDE_STYLE('',(#11346));
#10846=SURFACE_SIDE_STYLE('',(#11347));
#10847=SURFACE_SIDE_STYLE('',(#11348));
#10848=SURFACE_SIDE_STYLE('',(#11349));
#10849=SURFACE_SIDE_STYLE('',(#11350));
#10850=SURFACE_SIDE_STYLE('',(#11351));
#10851=SURFACE_SIDE_STYLE('',(#11352));
#10852=SURFACE_SIDE_STYLE('',(#11353));
#10853=SURFACE_SIDE_STYLE('',(#11354));
#10854=SURFACE_SIDE_STYLE('',(#11355));
#10855=SURFACE_SIDE_STYLE('',(#11356));
#10856=SURFACE_SIDE_STYLE('',(#11357));
#10857=SURFACE_SIDE_STYLE('',(#11358));
#10858=SURFACE_SIDE_STYLE('',(#11359));
#10859=SURFACE_SIDE_STYLE('',(#11360));
#10860=SURFACE_SIDE_STYLE('',(#11361));
#10861=SURFACE_SIDE_STYLE('',(#11362));
#10862=SURFACE_SIDE_STYLE('',(#11363));
#10863=SURFACE_SIDE_STYLE('',(#11364));
#10864=SURFACE_SIDE_STYLE('',(#11365));
#10865=SURFACE_SIDE_STYLE('',(#11366));
#10866=SURFACE_SIDE_STYLE('',(#11367));
#10867=SURFACE_SIDE_STYLE('',(#11368));
#10868=SURFACE_SIDE_STYLE('',(#11369));
#10869=SURFACE_SIDE_STYLE('',(#11370));
#10870=SURFACE_SIDE_STYLE('',(#11371));
#10871=SURFACE_SIDE_STYLE('',(#11372));
#10872=SURFACE_SIDE_STYLE('',(#11373));
#10873=SURFACE_SIDE_STYLE('',(#11374));
#10874=SURFACE_SIDE_STYLE('',(#11375));
#10875=SURFACE_SIDE_STYLE('',(#11376));
#10876=SURFACE_SIDE_STYLE('',(#11377));
#10877=SURFACE_SIDE_STYLE('',(#11378));
#10878=SURFACE_SIDE_STYLE('',(#11379));
#10879=SURFACE_SIDE_STYLE('',(#11380));
#10880=SURFACE_SIDE_STYLE('',(#11381));
#10881=SURFACE_SIDE_STYLE('',(#11382));
#10882=SURFACE_SIDE_STYLE('',(#11383));
#10883=SURFACE_SIDE_STYLE('',(#11384));
#10884=SURFACE_SIDE_STYLE('',(#11385));
#10885=SURFACE_SIDE_STYLE('',(#11386));
#10886=SURFACE_SIDE_STYLE('',(#11387));
#10887=SURFACE_SIDE_STYLE('',(#11388));
#10888=SURFACE_SIDE_STYLE('',(#11389));
#10889=SURFACE_SIDE_STYLE('',(#11390));
#10890=SURFACE_SIDE_STYLE('',(#11391));
#10891=SURFACE_SIDE_STYLE('',(#11392));
#10892=SURFACE_SIDE_STYLE('',(#11393));
#10893=SURFACE_SIDE_STYLE('',(#11394));
#10894=SURFACE_SIDE_STYLE('',(#11395));
#10895=SURFACE_SIDE_STYLE('',(#11396));
#10896=SURFACE_SIDE_STYLE('',(#11397));
#10897=SURFACE_SIDE_STYLE('',(#11398));
#10898=SURFACE_SIDE_STYLE('',(#11399));
#10899=SURFACE_SIDE_STYLE('',(#11400));
#10900=SURFACE_SIDE_STYLE('',(#11401));
#10901=SURFACE_SIDE_STYLE('',(#11402));
#10902=SURFACE_SIDE_STYLE('',(#11403));
#10903=SURFACE_SIDE_STYLE('',(#11404));
#10904=SURFACE_SIDE_STYLE('',(#11405));
#10905=SURFACE_SIDE_STYLE('',(#11406));
#10906=SURFACE_SIDE_STYLE('',(#11407));
#10907=SURFACE_SIDE_STYLE('',(#11408));
#10908=SURFACE_SIDE_STYLE('',(#11409));
#10909=SURFACE_SIDE_STYLE('',(#11410));
#10910=SURFACE_SIDE_STYLE('',(#11411));
#10911=SURFACE_SIDE_STYLE('',(#11412));
#10912=SURFACE_SIDE_STYLE('',(#11413));
#10913=SURFACE_SIDE_STYLE('',(#11414));
#10914=SURFACE_SIDE_STYLE('',(#11415));
#10915=SURFACE_SIDE_STYLE('',(#11416));
#10916=SURFACE_SIDE_STYLE('',(#11417));
#10917=SURFACE_SIDE_STYLE('',(#11418));
#10918=SURFACE_SIDE_STYLE('',(#11419));
#10919=SURFACE_SIDE_STYLE('',(#11420));
#10920=SURFACE_SIDE_STYLE('',(#11421));
#10921=SURFACE_SIDE_STYLE('',(#11422));
#10922=SURFACE_SIDE_STYLE('',(#11423));
#10923=SURFACE_SIDE_STYLE('',(#11424));
#10924=SURFACE_SIDE_STYLE('',(#11425));
#10925=SURFACE_SIDE_STYLE('',(#11426));
#10926=SURFACE_SIDE_STYLE('',(#11427));
#10927=SURFACE_SIDE_STYLE('',(#11428));
#10928=SURFACE_SIDE_STYLE('',(#11429));
#10929=SURFACE_SIDE_STYLE('',(#11430));
#10930=SURFACE_SIDE_STYLE('',(#11431));
#10931=SURFACE_SIDE_STYLE('',(#11432));
#10932=SURFACE_SIDE_STYLE('',(#11433));
#10933=SURFACE_SIDE_STYLE('',(#11434));
#10934=SURFACE_SIDE_STYLE('',(#11435));
#10935=SURFACE_SIDE_STYLE('',(#11436));
#10936=SURFACE_SIDE_STYLE('',(#11437));
#10937=SURFACE_SIDE_STYLE('',(#11438));
#10938=SURFACE_SIDE_STYLE('',(#11439));
#10939=SURFACE_SIDE_STYLE('',(#11440));
#10940=SURFACE_SIDE_STYLE('',(#11441));
#10941=SURFACE_SIDE_STYLE('',(#11442));
#10942=SURFACE_SIDE_STYLE('',(#11443));
#10943=SURFACE_SIDE_STYLE('',(#11444));
#10944=SURFACE_SIDE_STYLE('',(#11445));
#10945=SURFACE_SIDE_STYLE('',(#11446));
#10946=SURFACE_SIDE_STYLE('',(#11447));
#10947=SURFACE_SIDE_STYLE('',(#11448));
#10948=SURFACE_SIDE_STYLE('',(#11449));
#10949=SURFACE_SIDE_STYLE('',(#11450));
#10950=SURFACE_SIDE_STYLE('',(#11451));
#10951=SURFACE_SIDE_STYLE('',(#11452));
#10952=SURFACE_SIDE_STYLE('',(#11453));
#10953=SURFACE_SIDE_STYLE('',(#11454));
#10954=SURFACE_SIDE_STYLE('',(#11455));
#10955=SURFACE_SIDE_STYLE('',(#11456));
#10956=SURFACE_SIDE_STYLE('',(#11457));
#10957=SURFACE_SIDE_STYLE('',(#11458));
#10958=SURFACE_SIDE_STYLE('',(#11459));
#10959=SURFACE_SIDE_STYLE('',(#11460));
#10960=SURFACE_SIDE_STYLE('',(#11461));
#10961=SURFACE_SIDE_STYLE('',(#11462));
#10962=SURFACE_SIDE_STYLE('',(#11463));
#10963=SURFACE_SIDE_STYLE('',(#11464));
#10964=SURFACE_SIDE_STYLE('',(#11465));
#10965=SURFACE_SIDE_STYLE('',(#11466));
#10966=SURFACE_SIDE_STYLE('',(#11467));
#10967=SURFACE_SIDE_STYLE('',(#11468));
#10968=SURFACE_SIDE_STYLE('',(#11469));
#10969=SURFACE_SIDE_STYLE('',(#11470));
#10970=SURFACE_SIDE_STYLE('',(#11471));
#10971=SURFACE_SIDE_STYLE('',(#11472));
#10972=SURFACE_SIDE_STYLE('',(#11473));
#10973=SURFACE_SIDE_STYLE('',(#11474));
#10974=SURFACE_SIDE_STYLE('',(#11475));
#10975=SURFACE_SIDE_STYLE('',(#11476));
#10976=SURFACE_SIDE_STYLE('',(#11477));
#10977=SURFACE_SIDE_STYLE('',(#11478));
#10978=SURFACE_SIDE_STYLE('',(#11479));
#10979=SURFACE_SIDE_STYLE('',(#11480));
#10980=SURFACE_SIDE_STYLE('',(#11481));
#10981=SURFACE_SIDE_STYLE('',(#11482));
#10982=SURFACE_SIDE_STYLE('',(#11483));
#10983=SURFACE_SIDE_STYLE('',(#11484));
#10984=SURFACE_SIDE_STYLE('',(#11485));
#10985=SURFACE_SIDE_STYLE('',(#11486));
#10986=SURFACE_SIDE_STYLE('',(#11487));
#10987=SURFACE_SIDE_STYLE('',(#11488));
#10988=SURFACE_SIDE_STYLE('',(#11489));
#10989=SURFACE_SIDE_STYLE('',(#11490));
#10990=SURFACE_SIDE_STYLE('',(#11491));
#10991=SURFACE_SIDE_STYLE('',(#11492));
#10992=SURFACE_SIDE_STYLE('',(#11493));
#10993=SURFACE_SIDE_STYLE('',(#11494));
#10994=SURFACE_SIDE_STYLE('',(#11495));
#10995=SURFACE_SIDE_STYLE('',(#11496));
#10996=SURFACE_SIDE_STYLE('',(#11497));
#10997=SURFACE_SIDE_STYLE('',(#11498));
#10998=SURFACE_SIDE_STYLE('',(#11499));
#10999=SURFACE_SIDE_STYLE('',(#11500));
#11000=SURFACE_SIDE_STYLE('',(#11501));
#11001=SURFACE_SIDE_STYLE('',(#11502));
#11002=SURFACE_SIDE_STYLE('',(#11503));
#11003=SURFACE_SIDE_STYLE('',(#11504));
#11004=SURFACE_SIDE_STYLE('',(#11505));
#11005=SURFACE_SIDE_STYLE('',(#11506));
#11006=SURFACE_SIDE_STYLE('',(#11507));
#11007=SURFACE_SIDE_STYLE('',(#11508));
#11008=SURFACE_SIDE_STYLE('',(#11509));
#11009=SURFACE_SIDE_STYLE('',(#11510));
#11010=SURFACE_SIDE_STYLE('',(#11511));
#11011=SURFACE_SIDE_STYLE('',(#11512));
#11012=SURFACE_SIDE_STYLE('',(#11513));
#11013=SURFACE_SIDE_STYLE('',(#11514));
#11014=SURFACE_SIDE_STYLE('',(#11515));
#11015=SURFACE_SIDE_STYLE('',(#11516));
#11016=SURFACE_SIDE_STYLE('',(#11517));
#11017=SURFACE_SIDE_STYLE('',(#11518));
#11018=SURFACE_SIDE_STYLE('',(#11519));
#11019=SURFACE_SIDE_STYLE('',(#11520));
#11020=SURFACE_SIDE_STYLE('',(#11521));
#11021=SURFACE_SIDE_STYLE('',(#11522));
#11022=SURFACE_SIDE_STYLE('',(#11523));
#11023=SURFACE_SIDE_STYLE('',(#11524));
#11024=SURFACE_SIDE_STYLE('',(#11525));
#11025=SURFACE_SIDE_STYLE('',(#11526));
#11026=SURFACE_SIDE_STYLE('',(#11527));
#11027=SURFACE_SIDE_STYLE('',(#11528));
#11028=SURFACE_SIDE_STYLE('',(#11529));
#11029=SURFACE_SIDE_STYLE('',(#11530));
#11030=SURFACE_SIDE_STYLE('',(#11531));
#11031=SURFACE_SIDE_STYLE('',(#11532));
#11032=SURFACE_SIDE_STYLE('',(#11533));
#11033=SURFACE_SIDE_STYLE('',(#11534));
#11034=SURFACE_SIDE_STYLE('',(#11535));
#11035=SURFACE_SIDE_STYLE('',(#11536));
#11036=SURFACE_SIDE_STYLE('',(#11537));
#11037=SURFACE_SIDE_STYLE('',(#11538));
#11038=SURFACE_SIDE_STYLE('',(#11539));
#11039=SURFACE_SIDE_STYLE('',(#11540));
#11040=SURFACE_SIDE_STYLE('',(#11541));
#11041=SURFACE_SIDE_STYLE('',(#11542));
#11042=SURFACE_SIDE_STYLE('',(#11543));
#11043=SURFACE_SIDE_STYLE('',(#11544));
#11044=SURFACE_SIDE_STYLE('',(#11545));
#11045=SURFACE_SIDE_STYLE('',(#11546));
#11046=SURFACE_SIDE_STYLE('',(#11547));
#11047=SURFACE_SIDE_STYLE('',(#11548));
#11048=SURFACE_SIDE_STYLE('',(#11549));
#11049=SURFACE_SIDE_STYLE('',(#11550));
#11050=SURFACE_SIDE_STYLE('',(#11551));
#11051=SURFACE_SIDE_STYLE('',(#11552));
#11052=SURFACE_SIDE_STYLE('',(#11553));
#11053=SURFACE_SIDE_STYLE('',(#11554));
#11054=SURFACE_SIDE_STYLE('',(#11555));
#11055=SURFACE_SIDE_STYLE('',(#11556));
#11056=SURFACE_SIDE_STYLE('',(#11557));
#11057=SURFACE_SIDE_STYLE('',(#11558));
#11058=SURFACE_SIDE_STYLE('',(#11559));
#11059=SURFACE_SIDE_STYLE('',(#11560));
#11060=SURFACE_SIDE_STYLE('',(#11561));
#11061=SURFACE_SIDE_STYLE('',(#11562));
#11062=SURFACE_SIDE_STYLE('',(#11563));
#11063=SURFACE_SIDE_STYLE('',(#11564));
#11064=SURFACE_SIDE_STYLE('',(#11565));
#11065=SURFACE_SIDE_STYLE('',(#11566));
#11066=SURFACE_SIDE_STYLE('',(#11567));
#11067=SURFACE_SIDE_STYLE('',(#11568));
#11068=SURFACE_SIDE_STYLE('',(#11569));
#11069=SURFACE_SIDE_STYLE('',(#11570));
#11070=SURFACE_SIDE_STYLE('',(#11571));
#11071=SURFACE_SIDE_STYLE('',(#11572));
#11072=SURFACE_SIDE_STYLE('',(#11573));
#11073=SURFACE_SIDE_STYLE('',(#11574));
#11074=SURFACE_SIDE_STYLE('',(#11575));
#11075=SURFACE_SIDE_STYLE('',(#11576));
#11076=SURFACE_SIDE_STYLE('',(#11577));
#11077=SURFACE_SIDE_STYLE('',(#11578));
#11078=SURFACE_SIDE_STYLE('',(#11579));
#11079=SURFACE_SIDE_STYLE('',(#11580));
#11080=SURFACE_SIDE_STYLE('',(#11581));
#11081=SURFACE_SIDE_STYLE('',(#11582));
#11082=SURFACE_SIDE_STYLE('',(#11583));
#11083=SURFACE_SIDE_STYLE('',(#11584));
#11084=SURFACE_SIDE_STYLE('',(#11585));
#11085=SURFACE_SIDE_STYLE('',(#11586));
#11086=SURFACE_SIDE_STYLE('',(#11587));
#11087=SURFACE_SIDE_STYLE('',(#11588));
#11088=SURFACE_SIDE_STYLE('',(#11589));
#11089=SURFACE_SIDE_STYLE('',(#11590));
#11090=SURFACE_SIDE_STYLE('',(#11591));
#11091=SURFACE_SIDE_STYLE('',(#11592));
#11092=SURFACE_SIDE_STYLE('',(#11593));
#11093=SURFACE_SIDE_STYLE('',(#11594));
#11094=SURFACE_SIDE_STYLE('',(#11595));
#11095=SURFACE_SIDE_STYLE('',(#11596));
#11096=SURFACE_SIDE_STYLE('',(#11597));
#11097=SURFACE_SIDE_STYLE('',(#11598));
#11098=SURFACE_SIDE_STYLE('',(#11599));
#11099=SURFACE_SIDE_STYLE('',(#11600));
#11100=SURFACE_SIDE_STYLE('',(#11601));
#11101=SURFACE_SIDE_STYLE('',(#11602));
#11102=SURFACE_SIDE_STYLE('',(#11603));
#11103=SURFACE_SIDE_STYLE('',(#11604));
#11104=SURFACE_SIDE_STYLE('',(#11605));
#11105=SURFACE_SIDE_STYLE('',(#11606));
#11106=SURFACE_SIDE_STYLE('',(#11607));
#11107=SURFACE_SIDE_STYLE('',(#11608));
#11108=SURFACE_SIDE_STYLE('',(#11609));
#11109=SURFACE_SIDE_STYLE('',(#11610));
#11110=SURFACE_SIDE_STYLE('',(#11611));
#11111=SURFACE_SIDE_STYLE('',(#11612));
#11112=SURFACE_SIDE_STYLE('',(#11613));
#11113=SURFACE_SIDE_STYLE('',(#11614));
#11114=SURFACE_SIDE_STYLE('',(#11615));
#11115=SURFACE_SIDE_STYLE('',(#11616));
#11116=SURFACE_SIDE_STYLE('',(#11617));
#11117=SURFACE_SIDE_STYLE('',(#11618));
#11118=SURFACE_SIDE_STYLE('',(#11619));
#11119=SURFACE_SIDE_STYLE('',(#11620));
#11120=SURFACE_SIDE_STYLE('',(#11621));
#11121=SURFACE_SIDE_STYLE('',(#11622));
#11122=SURFACE_SIDE_STYLE('',(#11623));
#11123=SURFACE_SIDE_STYLE('',(#11624));
#11124=SURFACE_SIDE_STYLE('',(#11625));
#11125=SURFACE_SIDE_STYLE('',(#11626));
#11126=SURFACE_SIDE_STYLE('',(#11627));
#11127=SURFACE_SIDE_STYLE('',(#11628));
#11128=SURFACE_SIDE_STYLE('',(#11629));
#11129=SURFACE_SIDE_STYLE('',(#11630));
#11130=SURFACE_SIDE_STYLE('',(#11631));
#11131=SURFACE_SIDE_STYLE('',(#11632));
#11132=SURFACE_SIDE_STYLE('',(#11633));
#11133=SURFACE_SIDE_STYLE('',(#11634));
#11134=SURFACE_SIDE_STYLE('',(#11635));
#11135=SURFACE_SIDE_STYLE('',(#11636));
#11136=SURFACE_SIDE_STYLE('',(#11637));
#11137=SURFACE_SIDE_STYLE('',(#11638));
#11138=SURFACE_SIDE_STYLE('',(#11639));
#11139=SURFACE_SIDE_STYLE('',(#11640));
#11140=SURFACE_SIDE_STYLE('',(#11641));
#11141=SURFACE_SIDE_STYLE('',(#11642));
#11142=SURFACE_SIDE_STYLE('',(#11643));
#11143=SURFACE_SIDE_STYLE('',(#11644));
#11144=SURFACE_SIDE_STYLE('',(#11645));
#11145=SURFACE_SIDE_STYLE('',(#11646));
#11146=SURFACE_SIDE_STYLE('',(#11647));
#11147=SURFACE_SIDE_STYLE('',(#11648));
#11148=SURFACE_SIDE_STYLE('',(#11649));
#11149=SURFACE_SIDE_STYLE('',(#11650));
#11150=SURFACE_SIDE_STYLE('',(#11651));
#11151=SURFACE_SIDE_STYLE('',(#11652));
#11152=SURFACE_SIDE_STYLE('',(#11653));
#11153=SURFACE_SIDE_STYLE('',(#11654));
#11154=SURFACE_SIDE_STYLE('',(#11655));
#11155=SURFACE_SIDE_STYLE('',(#11656));
#11156=SURFACE_SIDE_STYLE('',(#11657));
#11157=SURFACE_SIDE_STYLE('',(#11658));
#11158=SURFACE_SIDE_STYLE('',(#11659));
#11159=SURFACE_SIDE_STYLE('',(#11660));
#11160=SURFACE_SIDE_STYLE('',(#11661));
#11161=SURFACE_SIDE_STYLE('',(#11662));
#11162=SURFACE_SIDE_STYLE('',(#11663));
#11163=SURFACE_SIDE_STYLE('',(#11664));
#11164=SURFACE_SIDE_STYLE('',(#11665));
#11165=SURFACE_SIDE_STYLE('',(#11666));
#11166=SURFACE_SIDE_STYLE('',(#11667));
#11167=SURFACE_SIDE_STYLE('',(#11668));
#11168=SURFACE_SIDE_STYLE('',(#11669));
#11169=SURFACE_SIDE_STYLE('',(#11670));
#11170=SURFACE_SIDE_STYLE('',(#11671));
#11171=SURFACE_SIDE_STYLE('',(#11672));
#11172=SURFACE_SIDE_STYLE('',(#11673));
#11173=SURFACE_SIDE_STYLE('',(#11674));
#11174=SURFACE_SIDE_STYLE('',(#11675));
#11175=SURFACE_SIDE_STYLE('',(#11676));
#11176=SURFACE_SIDE_STYLE('',(#11677));
#11177=SURFACE_SIDE_STYLE('',(#11678));
#11178=SURFACE_SIDE_STYLE('',(#11679));
#11179=SURFACE_SIDE_STYLE('',(#11680));
#11180=SURFACE_STYLE_FILL_AREA(#11681);
#11181=SURFACE_STYLE_FILL_AREA(#11682);
#11182=SURFACE_STYLE_FILL_AREA(#11683);
#11183=SURFACE_STYLE_FILL_AREA(#11684);
#11184=SURFACE_STYLE_FILL_AREA(#11685);
#11185=SURFACE_STYLE_FILL_AREA(#11686);
#11186=SURFACE_STYLE_FILL_AREA(#11687);
#11187=SURFACE_STYLE_FILL_AREA(#11688);
#11188=SURFACE_STYLE_FILL_AREA(#11689);
#11189=SURFACE_STYLE_FILL_AREA(#11690);
#11190=SURFACE_STYLE_FILL_AREA(#11691);
#11191=SURFACE_STYLE_FILL_AREA(#11692);
#11192=SURFACE_STYLE_FILL_AREA(#11693);
#11193=SURFACE_STYLE_FILL_AREA(#11694);
#11194=SURFACE_STYLE_FILL_AREA(#11695);
#11195=SURFACE_STYLE_FILL_AREA(#11696);
#11196=SURFACE_STYLE_FILL_AREA(#11697);
#11197=SURFACE_STYLE_FILL_AREA(#11698);
#11198=SURFACE_STYLE_FILL_AREA(#11699);
#11199=SURFACE_STYLE_FILL_AREA(#11700);
#11200=SURFACE_STYLE_FILL_AREA(#11701);
#11201=SURFACE_STYLE_FILL_AREA(#11702);
#11202=SURFACE_STYLE_FILL_AREA(#11703);
#11203=SURFACE_STYLE_FILL_AREA(#11704);
#11204=SURFACE_STYLE_FILL_AREA(#11705);
#11205=SURFACE_STYLE_FILL_AREA(#11706);
#11206=SURFACE_STYLE_FILL_AREA(#11707);
#11207=SURFACE_STYLE_FILL_AREA(#11708);
#11208=SURFACE_STYLE_FILL_AREA(#11709);
#11209=SURFACE_STYLE_FILL_AREA(#11710);
#11210=SURFACE_STYLE_FILL_AREA(#11711);
#11211=SURFACE_STYLE_FILL_AREA(#11712);
#11212=SURFACE_STYLE_FILL_AREA(#11713);
#11213=SURFACE_STYLE_FILL_AREA(#11714);
#11214=SURFACE_STYLE_FILL_AREA(#11715);
#11215=SURFACE_STYLE_FILL_AREA(#11716);
#11216=SURFACE_STYLE_FILL_AREA(#11717);
#11217=SURFACE_STYLE_FILL_AREA(#11718);
#11218=SURFACE_STYLE_FILL_AREA(#11719);
#11219=SURFACE_STYLE_FILL_AREA(#11720);
#11220=SURFACE_STYLE_FILL_AREA(#11721);
#11221=SURFACE_STYLE_FILL_AREA(#11722);
#11222=SURFACE_STYLE_FILL_AREA(#11723);
#11223=SURFACE_STYLE_FILL_AREA(#11724);
#11224=SURFACE_STYLE_FILL_AREA(#11725);
#11225=SURFACE_STYLE_FILL_AREA(#11726);
#11226=SURFACE_STYLE_FILL_AREA(#11727);
#11227=SURFACE_STYLE_FILL_AREA(#11728);
#11228=SURFACE_STYLE_FILL_AREA(#11729);
#11229=SURFACE_STYLE_FILL_AREA(#11730);
#11230=SURFACE_STYLE_FILL_AREA(#11731);
#11231=SURFACE_STYLE_FILL_AREA(#11732);
#11232=SURFACE_STYLE_FILL_AREA(#11733);
#11233=SURFACE_STYLE_FILL_AREA(#11734);
#11234=SURFACE_STYLE_FILL_AREA(#11735);
#11235=SURFACE_STYLE_FILL_AREA(#11736);
#11236=SURFACE_STYLE_FILL_AREA(#11737);
#11237=SURFACE_STYLE_FILL_AREA(#11738);
#11238=SURFACE_STYLE_FILL_AREA(#11739);
#11239=SURFACE_STYLE_FILL_AREA(#11740);
#11240=SURFACE_STYLE_FILL_AREA(#11741);
#11241=SURFACE_STYLE_FILL_AREA(#11742);
#11242=SURFACE_STYLE_FILL_AREA(#11743);
#11243=SURFACE_STYLE_FILL_AREA(#11744);
#11244=SURFACE_STYLE_FILL_AREA(#11745);
#11245=SURFACE_STYLE_FILL_AREA(#11746);
#11246=SURFACE_STYLE_FILL_AREA(#11747);
#11247=SURFACE_STYLE_FILL_AREA(#11748);
#11248=SURFACE_STYLE_FILL_AREA(#11749);
#11249=SURFACE_STYLE_FILL_AREA(#11750);
#11250=SURFACE_STYLE_FILL_AREA(#11751);
#11251=SURFACE_STYLE_FILL_AREA(#11752);
#11252=SURFACE_STYLE_FILL_AREA(#11753);
#11253=SURFACE_STYLE_FILL_AREA(#11754);
#11254=SURFACE_STYLE_FILL_AREA(#11755);
#11255=SURFACE_STYLE_FILL_AREA(#11756);
#11256=SURFACE_STYLE_FILL_AREA(#11757);
#11257=SURFACE_STYLE_FILL_AREA(#11758);
#11258=SURFACE_STYLE_FILL_AREA(#11759);
#11259=SURFACE_STYLE_FILL_AREA(#11760);
#11260=SURFACE_STYLE_FILL_AREA(#11761);
#11261=SURFACE_STYLE_FILL_AREA(#11762);
#11262=SURFACE_STYLE_FILL_AREA(#11763);
#11263=SURFACE_STYLE_FILL_AREA(#11764);
#11264=SURFACE_STYLE_FILL_AREA(#11765);
#11265=SURFACE_STYLE_FILL_AREA(#11766);
#11266=SURFACE_STYLE_FILL_AREA(#11767);
#11267=SURFACE_STYLE_FILL_AREA(#11768);
#11268=SURFACE_STYLE_FILL_AREA(#11769);
#11269=SURFACE_STYLE_FILL_AREA(#11770);
#11270=SURFACE_STYLE_FILL_AREA(#11771);
#11271=SURFACE_STYLE_FILL_AREA(#11772);
#11272=SURFACE_STYLE_FILL_AREA(#11773);
#11273=SURFACE_STYLE_FILL_AREA(#11774);
#11274=SURFACE_STYLE_FILL_AREA(#11775);
#11275=SURFACE_STYLE_FILL_AREA(#11776);
#11276=SURFACE_STYLE_FILL_AREA(#11777);
#11277=SURFACE_STYLE_FILL_AREA(#11778);
#11278=SURFACE_STYLE_FILL_AREA(#11779);
#11279=SURFACE_STYLE_FILL_AREA(#11780);
#11280=SURFACE_STYLE_FILL_AREA(#11781);
#11281=SURFACE_STYLE_FILL_AREA(#11782);
#11282=SURFACE_STYLE_FILL_AREA(#11783);
#11283=SURFACE_STYLE_FILL_AREA(#11784);
#11284=SURFACE_STYLE_FILL_AREA(#11785);
#11285=SURFACE_STYLE_FILL_AREA(#11786);
#11286=SURFACE_STYLE_FILL_AREA(#11787);
#11287=SURFACE_STYLE_FILL_AREA(#11788);
#11288=SURFACE_STYLE_FILL_AREA(#11789);
#11289=SURFACE_STYLE_FILL_AREA(#11790);
#11290=SURFACE_STYLE_FILL_AREA(#11791);
#11291=SURFACE_STYLE_FILL_AREA(#11792);
#11292=SURFACE_STYLE_FILL_AREA(#11793);
#11293=SURFACE_STYLE_FILL_AREA(#11794);
#11294=SURFACE_STYLE_FILL_AREA(#11795);
#11295=SURFACE_STYLE_FILL_AREA(#11796);
#11296=SURFACE_STYLE_FILL_AREA(#11797);
#11297=SURFACE_STYLE_FILL_AREA(#11798);
#11298=SURFACE_STYLE_FILL_AREA(#11799);
#11299=SURFACE_STYLE_FILL_AREA(#11800);
#11300=SURFACE_STYLE_FILL_AREA(#11801);
#11301=SURFACE_STYLE_FILL_AREA(#11802);
#11302=SURFACE_STYLE_FILL_AREA(#11803);
#11303=SURFACE_STYLE_FILL_AREA(#11804);
#11304=SURFACE_STYLE_FILL_AREA(#11805);
#11305=SURFACE_STYLE_FILL_AREA(#11806);
#11306=SURFACE_STYLE_FILL_AREA(#11807);
#11307=SURFACE_STYLE_FILL_AREA(#11808);
#11308=SURFACE_STYLE_FILL_AREA(#11809);
#11309=SURFACE_STYLE_FILL_AREA(#11810);
#11310=SURFACE_STYLE_FILL_AREA(#11811);
#11311=SURFACE_STYLE_FILL_AREA(#11812);
#11312=SURFACE_STYLE_FILL_AREA(#11813);
#11313=SURFACE_STYLE_FILL_AREA(#11814);
#11314=SURFACE_STYLE_FILL_AREA(#11815);
#11315=SURFACE_STYLE_FILL_AREA(#11816);
#11316=SURFACE_STYLE_FILL_AREA(#11817);
#11317=SURFACE_STYLE_FILL_AREA(#11818);
#11318=SURFACE_STYLE_FILL_AREA(#11819);
#11319=SURFACE_STYLE_FILL_AREA(#11820);
#11320=SURFACE_STYLE_FILL_AREA(#11821);
#11321=SURFACE_STYLE_FILL_AREA(#11822);
#11322=SURFACE_STYLE_FILL_AREA(#11823);
#11323=SURFACE_STYLE_FILL_AREA(#11824);
#11324=SURFACE_STYLE_FILL_AREA(#11825);
#11325=SURFACE_STYLE_FILL_AREA(#11826);
#11326=SURFACE_STYLE_FILL_AREA(#11827);
#11327=SURFACE_STYLE_FILL_AREA(#11828);
#11328=SURFACE_STYLE_FILL_AREA(#11829);
#11329=SURFACE_STYLE_FILL_AREA(#11830);
#11330=SURFACE_STYLE_FILL_AREA(#11831);
#11331=SURFACE_STYLE_FILL_AREA(#11832);
#11332=SURFACE_STYLE_FILL_AREA(#11833);
#11333=SURFACE_STYLE_FILL_AREA(#11834);
#11334=SURFACE_STYLE_FILL_AREA(#11835);
#11335=SURFACE_STYLE_FILL_AREA(#11836);
#11336=SURFACE_STYLE_FILL_AREA(#11837);
#11337=SURFACE_STYLE_FILL_AREA(#11838);
#11338=SURFACE_STYLE_FILL_AREA(#11839);
#11339=SURFACE_STYLE_FILL_AREA(#11840);
#11340=SURFACE_STYLE_FILL_AREA(#11841);
#11341=SURFACE_STYLE_FILL_AREA(#11842);
#11342=SURFACE_STYLE_FILL_AREA(#11843);
#11343=SURFACE_STYLE_FILL_AREA(#11844);
#11344=SURFACE_STYLE_FILL_AREA(#11845);
#11345=SURFACE_STYLE_FILL_AREA(#11846);
#11346=SURFACE_STYLE_FILL_AREA(#11847);
#11347=SURFACE_STYLE_FILL_AREA(#11848);
#11348=SURFACE_STYLE_FILL_AREA(#11849);
#11349=SURFACE_STYLE_FILL_AREA(#11850);
#11350=SURFACE_STYLE_FILL_AREA(#11851);
#11351=SURFACE_STYLE_FILL_AREA(#11852);
#11352=SURFACE_STYLE_FILL_AREA(#11853);
#11353=SURFACE_STYLE_FILL_AREA(#11854);
#11354=SURFACE_STYLE_FILL_AREA(#11855);
#11355=SURFACE_STYLE_FILL_AREA(#11856);
#11356=SURFACE_STYLE_FILL_AREA(#11857);
#11357=SURFACE_STYLE_FILL_AREA(#11858);
#11358=SURFACE_STYLE_FILL_AREA(#11859);
#11359=SURFACE_STYLE_FILL_AREA(#11860);
#11360=SURFACE_STYLE_FILL_AREA(#11861);
#11361=SURFACE_STYLE_FILL_AREA(#11862);
#11362=SURFACE_STYLE_FILL_AREA(#11863);
#11363=SURFACE_STYLE_FILL_AREA(#11864);
#11364=SURFACE_STYLE_FILL_AREA(#11865);
#11365=SURFACE_STYLE_FILL_AREA(#11866);
#11366=SURFACE_STYLE_FILL_AREA(#11867);
#11367=SURFACE_STYLE_FILL_AREA(#11868);
#11368=SURFACE_STYLE_FILL_AREA(#11869);
#11369=SURFACE_STYLE_FILL_AREA(#11870);
#11370=SURFACE_STYLE_FILL_AREA(#11871);
#11371=SURFACE_STYLE_FILL_AREA(#11872);
#11372=SURFACE_STYLE_FILL_AREA(#11873);
#11373=SURFACE_STYLE_FILL_AREA(#11874);
#11374=SURFACE_STYLE_FILL_AREA(#11875);
#11375=SURFACE_STYLE_FILL_AREA(#11876);
#11376=SURFACE_STYLE_FILL_AREA(#11877);
#11377=SURFACE_STYLE_FILL_AREA(#11878);
#11378=SURFACE_STYLE_FILL_AREA(#11879);
#11379=SURFACE_STYLE_FILL_AREA(#11880);
#11380=SURFACE_STYLE_FILL_AREA(#11881);
#11381=SURFACE_STYLE_FILL_AREA(#11882);
#11382=SURFACE_STYLE_FILL_AREA(#11883);
#11383=SURFACE_STYLE_FILL_AREA(#11884);
#11384=SURFACE_STYLE_FILL_AREA(#11885);
#11385=SURFACE_STYLE_FILL_AREA(#11886);
#11386=SURFACE_STYLE_FILL_AREA(#11887);
#11387=SURFACE_STYLE_FILL_AREA(#11888);
#11388=SURFACE_STYLE_FILL_AREA(#11889);
#11389=SURFACE_STYLE_FILL_AREA(#11890);
#11390=SURFACE_STYLE_FILL_AREA(#11891);
#11391=SURFACE_STYLE_FILL_AREA(#11892);
#11392=SURFACE_STYLE_FILL_AREA(#11893);
#11393=SURFACE_STYLE_FILL_AREA(#11894);
#11394=SURFACE_STYLE_FILL_AREA(#11895);
#11395=SURFACE_STYLE_FILL_AREA(#11896);
#11396=SURFACE_STYLE_FILL_AREA(#11897);
#11397=SURFACE_STYLE_FILL_AREA(#11898);
#11398=SURFACE_STYLE_FILL_AREA(#11899);
#11399=SURFACE_STYLE_FILL_AREA(#11900);
#11400=SURFACE_STYLE_FILL_AREA(#11901);
#11401=SURFACE_STYLE_FILL_AREA(#11902);
#11402=SURFACE_STYLE_FILL_AREA(#11903);
#11403=SURFACE_STYLE_FILL_AREA(#11904);
#11404=SURFACE_STYLE_FILL_AREA(#11905);
#11405=SURFACE_STYLE_FILL_AREA(#11906);
#11406=SURFACE_STYLE_FILL_AREA(#11907);
#11407=SURFACE_STYLE_FILL_AREA(#11908);
#11408=SURFACE_STYLE_FILL_AREA(#11909);
#11409=SURFACE_STYLE_FILL_AREA(#11910);
#11410=SURFACE_STYLE_FILL_AREA(#11911);
#11411=SURFACE_STYLE_FILL_AREA(#11912);
#11412=SURFACE_STYLE_FILL_AREA(#11913);
#11413=SURFACE_STYLE_FILL_AREA(#11914);
#11414=SURFACE_STYLE_FILL_AREA(#11915);
#11415=SURFACE_STYLE_FILL_AREA(#11916);
#11416=SURFACE_STYLE_FILL_AREA(#11917);
#11417=SURFACE_STYLE_FILL_AREA(#11918);
#11418=SURFACE_STYLE_FILL_AREA(#11919);
#11419=SURFACE_STYLE_FILL_AREA(#11920);
#11420=SURFACE_STYLE_FILL_AREA(#11921);
#11421=SURFACE_STYLE_FILL_AREA(#11922);
#11422=SURFACE_STYLE_FILL_AREA(#11923);
#11423=SURFACE_STYLE_FILL_AREA(#11924);
#11424=SURFACE_STYLE_FILL_AREA(#11925);
#11425=SURFACE_STYLE_FILL_AREA(#11926);
#11426=SURFACE_STYLE_FILL_AREA(#11927);
#11427=SURFACE_STYLE_FILL_AREA(#11928);
#11428=SURFACE_STYLE_FILL_AREA(#11929);
#11429=SURFACE_STYLE_FILL_AREA(#11930);
#11430=SURFACE_STYLE_FILL_AREA(#11931);
#11431=SURFACE_STYLE_FILL_AREA(#11932);
#11432=SURFACE_STYLE_FILL_AREA(#11933);
#11433=SURFACE_STYLE_FILL_AREA(#11934);
#11434=SURFACE_STYLE_FILL_AREA(#11935);
#11435=SURFACE_STYLE_FILL_AREA(#11936);
#11436=SURFACE_STYLE_FILL_AREA(#11937);
#11437=SURFACE_STYLE_FILL_AREA(#11938);
#11438=SURFACE_STYLE_FILL_AREA(#11939);
#11439=SURFACE_STYLE_FILL_AREA(#11940);
#11440=SURFACE_STYLE_FILL_AREA(#11941);
#11441=SURFACE_STYLE_FILL_AREA(#11942);
#11442=SURFACE_STYLE_FILL_AREA(#11943);
#11443=SURFACE_STYLE_FILL_AREA(#11944);
#11444=SURFACE_STYLE_FILL_AREA(#11945);
#11445=SURFACE_STYLE_FILL_AREA(#11946);
#11446=SURFACE_STYLE_FILL_AREA(#11947);
#11447=SURFACE_STYLE_FILL_AREA(#11948);
#11448=SURFACE_STYLE_FILL_AREA(#11949);
#11449=SURFACE_STYLE_FILL_AREA(#11950);
#11450=SURFACE_STYLE_FILL_AREA(#11951);
#11451=SURFACE_STYLE_FILL_AREA(#11952);
#11452=SURFACE_STYLE_FILL_AREA(#11953);
#11453=SURFACE_STYLE_FILL_AREA(#11954);
#11454=SURFACE_STYLE_FILL_AREA(#11955);
#11455=SURFACE_STYLE_FILL_AREA(#11956);
#11456=SURFACE_STYLE_FILL_AREA(#11957);
#11457=SURFACE_STYLE_FILL_AREA(#11958);
#11458=SURFACE_STYLE_FILL_AREA(#11959);
#11459=SURFACE_STYLE_FILL_AREA(#11960);
#11460=SURFACE_STYLE_FILL_AREA(#11961);
#11461=SURFACE_STYLE_FILL_AREA(#11962);
#11462=SURFACE_STYLE_FILL_AREA(#11963);
#11463=SURFACE_STYLE_FILL_AREA(#11964);
#11464=SURFACE_STYLE_FILL_AREA(#11965);
#11465=SURFACE_STYLE_FILL_AREA(#11966);
#11466=SURFACE_STYLE_FILL_AREA(#11967);
#11467=SURFACE_STYLE_FILL_AREA(#11968);
#11468=SURFACE_STYLE_FILL_AREA(#11969);
#11469=SURFACE_STYLE_FILL_AREA(#11970);
#11470=SURFACE_STYLE_FILL_AREA(#11971);
#11471=SURFACE_STYLE_FILL_AREA(#11972);
#11472=SURFACE_STYLE_FILL_AREA(#11973);
#11473=SURFACE_STYLE_FILL_AREA(#11974);
#11474=SURFACE_STYLE_FILL_AREA(#11975);
#11475=SURFACE_STYLE_FILL_AREA(#11976);
#11476=SURFACE_STYLE_FILL_AREA(#11977);
#11477=SURFACE_STYLE_FILL_AREA(#11978);
#11478=SURFACE_STYLE_FILL_AREA(#11979);
#11479=SURFACE_STYLE_FILL_AREA(#11980);
#11480=SURFACE_STYLE_FILL_AREA(#11981);
#11481=SURFACE_STYLE_FILL_AREA(#11982);
#11482=SURFACE_STYLE_FILL_AREA(#11983);
#11483=SURFACE_STYLE_FILL_AREA(#11984);
#11484=SURFACE_STYLE_FILL_AREA(#11985);
#11485=SURFACE_STYLE_FILL_AREA(#11986);
#11486=SURFACE_STYLE_FILL_AREA(#11987);
#11487=SURFACE_STYLE_FILL_AREA(#11988);
#11488=SURFACE_STYLE_FILL_AREA(#11989);
#11489=SURFACE_STYLE_FILL_AREA(#11990);
#11490=SURFACE_STYLE_FILL_AREA(#11991);
#11491=SURFACE_STYLE_FILL_AREA(#11992);
#11492=SURFACE_STYLE_FILL_AREA(#11993);
#11493=SURFACE_STYLE_FILL_AREA(#11994);
#11494=SURFACE_STYLE_FILL_AREA(#11995);
#11495=SURFACE_STYLE_FILL_AREA(#11996);
#11496=SURFACE_STYLE_FILL_AREA(#11997);
#11497=SURFACE_STYLE_FILL_AREA(#11998);
#11498=SURFACE_STYLE_FILL_AREA(#11999);
#11499=SURFACE_STYLE_FILL_AREA(#12000);
#11500=SURFACE_STYLE_FILL_AREA(#12001);
#11501=SURFACE_STYLE_FILL_AREA(#12002);
#11502=SURFACE_STYLE_FILL_AREA(#12003);
#11503=SURFACE_STYLE_FILL_AREA(#12004);
#11504=SURFACE_STYLE_FILL_AREA(#12005);
#11505=SURFACE_STYLE_FILL_AREA(#12006);
#11506=SURFACE_STYLE_FILL_AREA(#12007);
#11507=SURFACE_STYLE_FILL_AREA(#12008);
#11508=SURFACE_STYLE_FILL_AREA(#12009);
#11509=SURFACE_STYLE_FILL_AREA(#12010);
#11510=SURFACE_STYLE_FILL_AREA(#12011);
#11511=SURFACE_STYLE_FILL_AREA(#12012);
#11512=SURFACE_STYLE_FILL_AREA(#12013);
#11513=SURFACE_STYLE_FILL_AREA(#12014);
#11514=SURFACE_STYLE_FILL_AREA(#12015);
#11515=SURFACE_STYLE_FILL_AREA(#12016);
#11516=SURFACE_STYLE_FILL_AREA(#12017);
#11517=SURFACE_STYLE_FILL_AREA(#12018);
#11518=SURFACE_STYLE_FILL_AREA(#12019);
#11519=SURFACE_STYLE_FILL_AREA(#12020);
#11520=SURFACE_STYLE_FILL_AREA(#12021);
#11521=SURFACE_STYLE_FILL_AREA(#12022);
#11522=SURFACE_STYLE_FILL_AREA(#12023);
#11523=SURFACE_STYLE_FILL_AREA(#12024);
#11524=SURFACE_STYLE_FILL_AREA(#12025);
#11525=SURFACE_STYLE_FILL_AREA(#12026);
#11526=SURFACE_STYLE_FILL_AREA(#12027);
#11527=SURFACE_STYLE_FILL_AREA(#12028);
#11528=SURFACE_STYLE_FILL_AREA(#12029);
#11529=SURFACE_STYLE_FILL_AREA(#12030);
#11530=SURFACE_STYLE_FILL_AREA(#12031);
#11531=SURFACE_STYLE_FILL_AREA(#12032);
#11532=SURFACE_STYLE_FILL_AREA(#12033);
#11533=SURFACE_STYLE_FILL_AREA(#12034);
#11534=SURFACE_STYLE_FILL_AREA(#12035);
#11535=SURFACE_STYLE_FILL_AREA(#12036);
#11536=SURFACE_STYLE_FILL_AREA(#12037);
#11537=SURFACE_STYLE_FILL_AREA(#12038);
#11538=SURFACE_STYLE_FILL_AREA(#12039);
#11539=SURFACE_STYLE_FILL_AREA(#12040);
#11540=SURFACE_STYLE_FILL_AREA(#12041);
#11541=SURFACE_STYLE_FILL_AREA(#12042);
#11542=SURFACE_STYLE_FILL_AREA(#12043);
#11543=SURFACE_STYLE_FILL_AREA(#12044);
#11544=SURFACE_STYLE_FILL_AREA(#12045);
#11545=SURFACE_STYLE_FILL_AREA(#12046);
#11546=SURFACE_STYLE_FILL_AREA(#12047);
#11547=SURFACE_STYLE_FILL_AREA(#12048);
#11548=SURFACE_STYLE_FILL_AREA(#12049);
#11549=SURFACE_STYLE_FILL_AREA(#12050);
#11550=SURFACE_STYLE_FILL_AREA(#12051);
#11551=SURFACE_STYLE_FILL_AREA(#12052);
#11552=SURFACE_STYLE_FILL_AREA(#12053);
#11553=SURFACE_STYLE_FILL_AREA(#12054);
#11554=SURFACE_STYLE_FILL_AREA(#12055);
#11555=SURFACE_STYLE_FILL_AREA(#12056);
#11556=SURFACE_STYLE_FILL_AREA(#12057);
#11557=SURFACE_STYLE_FILL_AREA(#12058);
#11558=SURFACE_STYLE_FILL_AREA(#12059);
#11559=SURFACE_STYLE_FILL_AREA(#12060);
#11560=SURFACE_STYLE_FILL_AREA(#12061);
#11561=SURFACE_STYLE_FILL_AREA(#12062);
#11562=SURFACE_STYLE_FILL_AREA(#12063);
#11563=SURFACE_STYLE_FILL_AREA(#12064);
#11564=SURFACE_STYLE_FILL_AREA(#12065);
#11565=SURFACE_STYLE_FILL_AREA(#12066);
#11566=SURFACE_STYLE_FILL_AREA(#12067);
#11567=SURFACE_STYLE_FILL_AREA(#12068);
#11568=SURFACE_STYLE_FILL_AREA(#12069);
#11569=SURFACE_STYLE_FILL_AREA(#12070);
#11570=SURFACE_STYLE_FILL_AREA(#12071);
#11571=SURFACE_STYLE_FILL_AREA(#12072);
#11572=SURFACE_STYLE_FILL_AREA(#12073);
#11573=SURFACE_STYLE_FILL_AREA(#12074);
#11574=SURFACE_STYLE_FILL_AREA(#12075);
#11575=SURFACE_STYLE_FILL_AREA(#12076);
#11576=SURFACE_STYLE_FILL_AREA(#12077);
#11577=SURFACE_STYLE_FILL_AREA(#12078);
#11578=SURFACE_STYLE_FILL_AREA(#12079);
#11579=SURFACE_STYLE_FILL_AREA(#12080);
#11580=SURFACE_STYLE_FILL_AREA(#12081);
#11581=SURFACE_STYLE_FILL_AREA(#12082);
#11582=SURFACE_STYLE_FILL_AREA(#12083);
#11583=SURFACE_STYLE_FILL_AREA(#12084);
#11584=SURFACE_STYLE_FILL_AREA(#12085);
#11585=SURFACE_STYLE_FILL_AREA(#12086);
#11586=SURFACE_STYLE_FILL_AREA(#12087);
#11587=SURFACE_STYLE_FILL_AREA(#12088);
#11588=SURFACE_STYLE_FILL_AREA(#12089);
#11589=SURFACE_STYLE_FILL_AREA(#12090);
#11590=SURFACE_STYLE_FILL_AREA(#12091);
#11591=SURFACE_STYLE_FILL_AREA(#12092);
#11592=SURFACE_STYLE_FILL_AREA(#12093);
#11593=SURFACE_STYLE_FILL_AREA(#12094);
#11594=SURFACE_STYLE_FILL_AREA(#12095);
#11595=SURFACE_STYLE_FILL_AREA(#12096);
#11596=SURFACE_STYLE_FILL_AREA(#12097);
#11597=SURFACE_STYLE_FILL_AREA(#12098);
#11598=SURFACE_STYLE_FILL_AREA(#12099);
#11599=SURFACE_STYLE_FILL_AREA(#12100);
#11600=SURFACE_STYLE_FILL_AREA(#12101);
#11601=SURFACE_STYLE_FILL_AREA(#12102);
#11602=SURFACE_STYLE_FILL_AREA(#12103);
#11603=SURFACE_STYLE_FILL_AREA(#12104);
#11604=SURFACE_STYLE_FILL_AREA(#12105);
#11605=SURFACE_STYLE_FILL_AREA(#12106);
#11606=SURFACE_STYLE_FILL_AREA(#12107);
#11607=SURFACE_STYLE_FILL_AREA(#12108);
#11608=SURFACE_STYLE_FILL_AREA(#12109);
#11609=SURFACE_STYLE_FILL_AREA(#12110);
#11610=SURFACE_STYLE_FILL_AREA(#12111);
#11611=SURFACE_STYLE_FILL_AREA(#12112);
#11612=SURFACE_STYLE_FILL_AREA(#12113);
#11613=SURFACE_STYLE_FILL_AREA(#12114);
#11614=SURFACE_STYLE_FILL_AREA(#12115);
#11615=SURFACE_STYLE_FILL_AREA(#12116);
#11616=SURFACE_STYLE_FILL_AREA(#12117);
#11617=SURFACE_STYLE_FILL_AREA(#12118);
#11618=SURFACE_STYLE_FILL_AREA(#12119);
#11619=SURFACE_STYLE_FILL_AREA(#12120);
#11620=SURFACE_STYLE_FILL_AREA(#12121);
#11621=SURFACE_STYLE_FILL_AREA(#12122);
#11622=SURFACE_STYLE_FILL_AREA(#12123);
#11623=SURFACE_STYLE_FILL_AREA(#12124);
#11624=SURFACE_STYLE_FILL_AREA(#12125);
#11625=SURFACE_STYLE_FILL_AREA(#12126);
#11626=SURFACE_STYLE_FILL_AREA(#12127);
#11627=SURFACE_STYLE_FILL_AREA(#12128);
#11628=SURFACE_STYLE_FILL_AREA(#12129);
#11629=SURFACE_STYLE_FILL_AREA(#12130);
#11630=SURFACE_STYLE_FILL_AREA(#12131);
#11631=SURFACE_STYLE_FILL_AREA(#12132);
#11632=SURFACE_STYLE_FILL_AREA(#12133);
#11633=SURFACE_STYLE_FILL_AREA(#12134);
#11634=SURFACE_STYLE_FILL_AREA(#12135);
#11635=SURFACE_STYLE_FILL_AREA(#12136);
#11636=SURFACE_STYLE_FILL_AREA(#12137);
#11637=SURFACE_STYLE_FILL_AREA(#12138);
#11638=SURFACE_STYLE_FILL_AREA(#12139);
#11639=SURFACE_STYLE_FILL_AREA(#12140);
#11640=SURFACE_STYLE_FILL_AREA(#12141);
#11641=SURFACE_STYLE_FILL_AREA(#12142);
#11642=SURFACE_STYLE_FILL_AREA(#12143);
#11643=SURFACE_STYLE_FILL_AREA(#12144);
#11644=SURFACE_STYLE_FILL_AREA(#12145);
#11645=SURFACE_STYLE_FILL_AREA(#12146);
#11646=SURFACE_STYLE_FILL_AREA(#12147);
#11647=SURFACE_STYLE_FILL_AREA(#12148);
#11648=SURFACE_STYLE_FILL_AREA(#12149);
#11649=SURFACE_STYLE_FILL_AREA(#12150);
#11650=SURFACE_STYLE_FILL_AREA(#12151);
#11651=SURFACE_STYLE_FILL_AREA(#12152);
#11652=SURFACE_STYLE_FILL_AREA(#12153);
#11653=SURFACE_STYLE_FILL_AREA(#12154);
#11654=SURFACE_STYLE_FILL_AREA(#12155);
#11655=SURFACE_STYLE_FILL_AREA(#12156);
#11656=SURFACE_STYLE_FILL_AREA(#12157);
#11657=SURFACE_STYLE_FILL_AREA(#12158);
#11658=SURFACE_STYLE_FILL_AREA(#12159);
#11659=SURFACE_STYLE_FILL_AREA(#12160);
#11660=SURFACE_STYLE_FILL_AREA(#12161);
#11661=SURFACE_STYLE_FILL_AREA(#12162);
#11662=SURFACE_STYLE_FILL_AREA(#12163);
#11663=SURFACE_STYLE_FILL_AREA(#12164);
#11664=SURFACE_STYLE_FILL_AREA(#12165);
#11665=SURFACE_STYLE_FILL_AREA(#12166);
#11666=SURFACE_STYLE_FILL_AREA(#12167);
#11667=SURFACE_STYLE_FILL_AREA(#12168);
#11668=SURFACE_STYLE_FILL_AREA(#12169);
#11669=SURFACE_STYLE_FILL_AREA(#12170);
#11670=SURFACE_STYLE_FILL_AREA(#12171);
#11671=SURFACE_STYLE_FILL_AREA(#12172);
#11672=SURFACE_STYLE_FILL_AREA(#12173);
#11673=SURFACE_STYLE_FILL_AREA(#12174);
#11674=SURFACE_STYLE_FILL_AREA(#12175);
#11675=SURFACE_STYLE_FILL_AREA(#12176);
#11676=SURFACE_STYLE_FILL_AREA(#12177);
#11677=SURFACE_STYLE_FILL_AREA(#12178);
#11678=SURFACE_STYLE_FILL_AREA(#12179);
#11679=SURFACE_STYLE_FILL_AREA(#12180);
#11680=SURFACE_STYLE_FILL_AREA(#12181);
#11681=FILL_AREA_STYLE('',(#12182));
#11682=FILL_AREA_STYLE('',(#12183));
#11683=FILL_AREA_STYLE('',(#12184));
#11684=FILL_AREA_STYLE('',(#12185));
#11685=FILL_AREA_STYLE('',(#12186));
#11686=FILL_AREA_STYLE('',(#12187));
#11687=FILL_AREA_STYLE('',(#12188));
#11688=FILL_AREA_STYLE('',(#12189));
#11689=FILL_AREA_STYLE('',(#12190));
#11690=FILL_AREA_STYLE('',(#12191));
#11691=FILL_AREA_STYLE('',(#12192));
#11692=FILL_AREA_STYLE('',(#12193));
#11693=FILL_AREA_STYLE('',(#12194));
#11694=FILL_AREA_STYLE('',(#12195));
#11695=FILL_AREA_STYLE('',(#12196));
#11696=FILL_AREA_STYLE('',(#12197));
#11697=FILL_AREA_STYLE('',(#12198));
#11698=FILL_AREA_STYLE('',(#12199));
#11699=FILL_AREA_STYLE('',(#12200));
#11700=FILL_AREA_STYLE('',(#12201));
#11701=FILL_AREA_STYLE('',(#12202));
#11702=FILL_AREA_STYLE('',(#12203));
#11703=FILL_AREA_STYLE('',(#12204));
#11704=FILL_AREA_STYLE('',(#12205));
#11705=FILL_AREA_STYLE('',(#12206));
#11706=FILL_AREA_STYLE('',(#12207));
#11707=FILL_AREA_STYLE('',(#12208));
#11708=FILL_AREA_STYLE('',(#12209));
#11709=FILL_AREA_STYLE('',(#12210));
#11710=FILL_AREA_STYLE('',(#12211));
#11711=FILL_AREA_STYLE('',(#12212));
#11712=FILL_AREA_STYLE('',(#12213));
#11713=FILL_AREA_STYLE('',(#12214));
#11714=FILL_AREA_STYLE('',(#12215));
#11715=FILL_AREA_STYLE('',(#12216));
#11716=FILL_AREA_STYLE('',(#12217));
#11717=FILL_AREA_STYLE('',(#12218));
#11718=FILL_AREA_STYLE('',(#12219));
#11719=FILL_AREA_STYLE('',(#12220));
#11720=FILL_AREA_STYLE('',(#12221));
#11721=FILL_AREA_STYLE('',(#12222));
#11722=FILL_AREA_STYLE('',(#12223));
#11723=FILL_AREA_STYLE('',(#12224));
#11724=FILL_AREA_STYLE('',(#12225));
#11725=FILL_AREA_STYLE('',(#12226));
#11726=FILL_AREA_STYLE('',(#12227));
#11727=FILL_AREA_STYLE('',(#12228));
#11728=FILL_AREA_STYLE('',(#12229));
#11729=FILL_AREA_STYLE('',(#12230));
#11730=FILL_AREA_STYLE('',(#12231));
#11731=FILL_AREA_STYLE('',(#12232));
#11732=FILL_AREA_STYLE('',(#12233));
#11733=FILL_AREA_STYLE('',(#12234));
#11734=FILL_AREA_STYLE('',(#12235));
#11735=FILL_AREA_STYLE('',(#12236));
#11736=FILL_AREA_STYLE('',(#12237));
#11737=FILL_AREA_STYLE('',(#12238));
#11738=FILL_AREA_STYLE('',(#12239));
#11739=FILL_AREA_STYLE('',(#12240));
#11740=FILL_AREA_STYLE('',(#12241));
#11741=FILL_AREA_STYLE('',(#12242));
#11742=FILL_AREA_STYLE('',(#12243));
#11743=FILL_AREA_STYLE('',(#12244));
#11744=FILL_AREA_STYLE('',(#12245));
#11745=FILL_AREA_STYLE('',(#12246));
#11746=FILL_AREA_STYLE('',(#12247));
#11747=FILL_AREA_STYLE('',(#12248));
#11748=FILL_AREA_STYLE('',(#12249));
#11749=FILL_AREA_STYLE('',(#12250));
#11750=FILL_AREA_STYLE('',(#12251));
#11751=FILL_AREA_STYLE('',(#12252));
#11752=FILL_AREA_STYLE('',(#12253));
#11753=FILL_AREA_STYLE('',(#12254));
#11754=FILL_AREA_STYLE('',(#12255));
#11755=FILL_AREA_STYLE('',(#12256));
#11756=FILL_AREA_STYLE('',(#12257));
#11757=FILL_AREA_STYLE('',(#12258));
#11758=FILL_AREA_STYLE('',(#12259));
#11759=FILL_AREA_STYLE('',(#12260));
#11760=FILL_AREA_STYLE('',(#12261));
#11761=FILL_AREA_STYLE('',(#12262));
#11762=FILL_AREA_STYLE('',(#12263));
#11763=FILL_AREA_STYLE('',(#12264));
#11764=FILL_AREA_STYLE('',(#12265));
#11765=FILL_AREA_STYLE('',(#12266));
#11766=FILL_AREA_STYLE('',(#12267));
#11767=FILL_AREA_STYLE('',(#12268));
#11768=FILL_AREA_STYLE('',(#12269));
#11769=FILL_AREA_STYLE('',(#12270));
#11770=FILL_AREA_STYLE('',(#12271));
#11771=FILL_AREA_STYLE('',(#12272));
#11772=FILL_AREA_STYLE('',(#12273));
#11773=FILL_AREA_STYLE('',(#12274));
#11774=FILL_AREA_STYLE('',(#12275));
#11775=FILL_AREA_STYLE('',(#12276));
#11776=FILL_AREA_STYLE('',(#12277));
#11777=FILL_AREA_STYLE('',(#12278));
#11778=FILL_AREA_STYLE('',(#12279));
#11779=FILL_AREA_STYLE('',(#12280));
#11780=FILL_AREA_STYLE('',(#12281));
#11781=FILL_AREA_STYLE('',(#12282));
#11782=FILL_AREA_STYLE('',(#12283));
#11783=FILL_AREA_STYLE('',(#12284));
#11784=FILL_AREA_STYLE('',(#12285));
#11785=FILL_AREA_STYLE('',(#12286));
#11786=FILL_AREA_STYLE('',(#12287));
#11787=FILL_AREA_STYLE('',(#12288));
#11788=FILL_AREA_STYLE('',(#12289));
#11789=FILL_AREA_STYLE('',(#12290));
#11790=FILL_AREA_STYLE('',(#12291));
#11791=FILL_AREA_STYLE('',(#12292));
#11792=FILL_AREA_STYLE('',(#12293));
#11793=FILL_AREA_STYLE('',(#12294));
#11794=FILL_AREA_STYLE('',(#12295));
#11795=FILL_AREA_STYLE('',(#12296));
#11796=FILL_AREA_STYLE('',(#12297));
#11797=FILL_AREA_STYLE('',(#12298));
#11798=FILL_AREA_STYLE('',(#12299));
#11799=FILL_AREA_STYLE('',(#12300));
#11800=FILL_AREA_STYLE('',(#12301));
#11801=FILL_AREA_STYLE('',(#12302));
#11802=FILL_AREA_STYLE('',(#12303));
#11803=FILL_AREA_STYLE('',(#12304));
#11804=FILL_AREA_STYLE('',(#12305));
#11805=FILL_AREA_STYLE('',(#12306));
#11806=FILL_AREA_STYLE('',(#12307));
#11807=FILL_AREA_STYLE('',(#12308));
#11808=FILL_AREA_STYLE('',(#12309));
#11809=FILL_AREA_STYLE('',(#12310));
#11810=FILL_AREA_STYLE('',(#12311));
#11811=FILL_AREA_STYLE('',(#12312));
#11812=FILL_AREA_STYLE('',(#12313));
#11813=FILL_AREA_STYLE('',(#12314));
#11814=FILL_AREA_STYLE('',(#12315));
#11815=FILL_AREA_STYLE('',(#12316));
#11816=FILL_AREA_STYLE('',(#12317));
#11817=FILL_AREA_STYLE('',(#12318));
#11818=FILL_AREA_STYLE('',(#12319));
#11819=FILL_AREA_STYLE('',(#12320));
#11820=FILL_AREA_STYLE('',(#12321));
#11821=FILL_AREA_STYLE('',(#12322));
#11822=FILL_AREA_STYLE('',(#12323));
#11823=FILL_AREA_STYLE('',(#12324));
#11824=FILL_AREA_STYLE('',(#12325));
#11825=FILL_AREA_STYLE('',(#12326));
#11826=FILL_AREA_STYLE('',(#12327));
#11827=FILL_AREA_STYLE('',(#12328));
#11828=FILL_AREA_STYLE('',(#12329));
#11829=FILL_AREA_STYLE('',(#12330));
#11830=FILL_AREA_STYLE('',(#12331));
#11831=FILL_AREA_STYLE('',(#12332));
#11832=FILL_AREA_STYLE('',(#12333));
#11833=FILL_AREA_STYLE('',(#12334));
#11834=FILL_AREA_STYLE('',(#12335));
#11835=FILL_AREA_STYLE('',(#12336));
#11836=FILL_AREA_STYLE('',(#12337));
#11837=FILL_AREA_STYLE('',(#12338));
#11838=FILL_AREA_STYLE('',(#12339));
#11839=FILL_AREA_STYLE('',(#12340));
#11840=FILL_AREA_STYLE('',(#12341));
#11841=FILL_AREA_STYLE('',(#12342));
#11842=FILL_AREA_STYLE('',(#12343));
#11843=FILL_AREA_STYLE('',(#12344));
#11844=FILL_AREA_STYLE('',(#12345));
#11845=FILL_AREA_STYLE('',(#12346));
#11846=FILL_AREA_STYLE('',(#12347));
#11847=FILL_AREA_STYLE('',(#12348));
#11848=FILL_AREA_STYLE('',(#12349));
#11849=FILL_AREA_STYLE('',(#12350));
#11850=FILL_AREA_STYLE('',(#12351));
#11851=FILL_AREA_STYLE('',(#12352));
#11852=FILL_AREA_STYLE('',(#12353));
#11853=FILL_AREA_STYLE('',(#12354));
#11854=FILL_AREA_STYLE('',(#12355));
#11855=FILL_AREA_STYLE('',(#12356));
#11856=FILL_AREA_STYLE('',(#12357));
#11857=FILL_AREA_STYLE('',(#12358));
#11858=FILL_AREA_STYLE('',(#12359));
#11859=FILL_AREA_STYLE('',(#12360));
#11860=FILL_AREA_STYLE('',(#12361));
#11861=FILL_AREA_STYLE('',(#12362));
#11862=FILL_AREA_STYLE('',(#12363));
#11863=FILL_AREA_STYLE('',(#12364));
#11864=FILL_AREA_STYLE('',(#12365));
#11865=FILL_AREA_STYLE('',(#12366));
#11866=FILL_AREA_STYLE('',(#12367));
#11867=FILL_AREA_STYLE('',(#12368));
#11868=FILL_AREA_STYLE('',(#12369));
#11869=FILL_AREA_STYLE('',(#12370));
#11870=FILL_AREA_STYLE('',(#12371));
#11871=FILL_AREA_STYLE('',(#12372));
#11872=FILL_AREA_STYLE('',(#12373));
#11873=FILL_AREA_STYLE('',(#12374));
#11874=FILL_AREA_STYLE('',(#12375));
#11875=FILL_AREA_STYLE('',(#12376));
#11876=FILL_AREA_STYLE('',(#12377));
#11877=FILL_AREA_STYLE('',(#12378));
#11878=FILL_AREA_STYLE('',(#12379));
#11879=FILL_AREA_STYLE('',(#12380));
#11880=FILL_AREA_STYLE('',(#12381));
#11881=FILL_AREA_STYLE('',(#12382));
#11882=FILL_AREA_STYLE('',(#12383));
#11883=FILL_AREA_STYLE('',(#12384));
#11884=FILL_AREA_STYLE('',(#12385));
#11885=FILL_AREA_STYLE('',(#12386));
#11886=FILL_AREA_STYLE('',(#12387));
#11887=FILL_AREA_STYLE('',(#12388));
#11888=FILL_AREA_STYLE('',(#12389));
#11889=FILL_AREA_STYLE('',(#12390));
#11890=FILL_AREA_STYLE('',(#12391));
#11891=FILL_AREA_STYLE('',(#12392));
#11892=FILL_AREA_STYLE('',(#12393));
#11893=FILL_AREA_STYLE('',(#12394));
#11894=FILL_AREA_STYLE('',(#12395));
#11895=FILL_AREA_STYLE('',(#12396));
#11896=FILL_AREA_STYLE('',(#12397));
#11897=FILL_AREA_STYLE('',(#12398));
#11898=FILL_AREA_STYLE('',(#12399));
#11899=FILL_AREA_STYLE('',(#12400));
#11900=FILL_AREA_STYLE('',(#12401));
#11901=FILL_AREA_STYLE('',(#12402));
#11902=FILL_AREA_STYLE('',(#12403));
#11903=FILL_AREA_STYLE('',(#12404));
#11904=FILL_AREA_STYLE('',(#12405));
#11905=FILL_AREA_STYLE('',(#12406));
#11906=FILL_AREA_STYLE('',(#12407));
#11907=FILL_AREA_STYLE('',(#12408));
#11908=FILL_AREA_STYLE('',(#12409));
#11909=FILL_AREA_STYLE('',(#12410));
#11910=FILL_AREA_STYLE('',(#12411));
#11911=FILL_AREA_STYLE('',(#12412));
#11912=FILL_AREA_STYLE('',(#12413));
#11913=FILL_AREA_STYLE('',(#12414));
#11914=FILL_AREA_STYLE('',(#12415));
#11915=FILL_AREA_STYLE('',(#12416));
#11916=FILL_AREA_STYLE('',(#12417));
#11917=FILL_AREA_STYLE('',(#12418));
#11918=FILL_AREA_STYLE('',(#12419));
#11919=FILL_AREA_STYLE('',(#12420));
#11920=FILL_AREA_STYLE('',(#12421));
#11921=FILL_AREA_STYLE('',(#12422));
#11922=FILL_AREA_STYLE('',(#12423));
#11923=FILL_AREA_STYLE('',(#12424));
#11924=FILL_AREA_STYLE('',(#12425));
#11925=FILL_AREA_STYLE('',(#12426));
#11926=FILL_AREA_STYLE('',(#12427));
#11927=FILL_AREA_STYLE('',(#12428));
#11928=FILL_AREA_STYLE('',(#12429));
#11929=FILL_AREA_STYLE('',(#12430));
#11930=FILL_AREA_STYLE('',(#12431));
#11931=FILL_AREA_STYLE('',(#12432));
#11932=FILL_AREA_STYLE('',(#12433));
#11933=FILL_AREA_STYLE('',(#12434));
#11934=FILL_AREA_STYLE('',(#12435));
#11935=FILL_AREA_STYLE('',(#12436));
#11936=FILL_AREA_STYLE('',(#12437));
#11937=FILL_AREA_STYLE('',(#12438));
#11938=FILL_AREA_STYLE('',(#12439));
#11939=FILL_AREA_STYLE('',(#12440));
#11940=FILL_AREA_STYLE('',(#12441));
#11941=FILL_AREA_STYLE('',(#12442));
#11942=FILL_AREA_STYLE('',(#12443));
#11943=FILL_AREA_STYLE('',(#12444));
#11944=FILL_AREA_STYLE('',(#12445));
#11945=FILL_AREA_STYLE('',(#12446));
#11946=FILL_AREA_STYLE('',(#12447));
#11947=FILL_AREA_STYLE('',(#12448));
#11948=FILL_AREA_STYLE('',(#12449));
#11949=FILL_AREA_STYLE('',(#12450));
#11950=FILL_AREA_STYLE('',(#12451));
#11951=FILL_AREA_STYLE('',(#12452));
#11952=FILL_AREA_STYLE('',(#12453));
#11953=FILL_AREA_STYLE('',(#12454));
#11954=FILL_AREA_STYLE('',(#12455));
#11955=FILL_AREA_STYLE('',(#12456));
#11956=FILL_AREA_STYLE('',(#12457));
#11957=FILL_AREA_STYLE('',(#12458));
#11958=FILL_AREA_STYLE('',(#12459));
#11959=FILL_AREA_STYLE('',(#12460));
#11960=FILL_AREA_STYLE('',(#12461));
#11961=FILL_AREA_STYLE('',(#12462));
#11962=FILL_AREA_STYLE('',(#12463));
#11963=FILL_AREA_STYLE('',(#12464));
#11964=FILL_AREA_STYLE('',(#12465));
#11965=FILL_AREA_STYLE('',(#12466));
#11966=FILL_AREA_STYLE('',(#12467));
#11967=FILL_AREA_STYLE('',(#12468));
#11968=FILL_AREA_STYLE('',(#12469));
#11969=FILL_AREA_STYLE('',(#12470));
#11970=FILL_AREA_STYLE('',(#12471));
#11971=FILL_AREA_STYLE('',(#12472));
#11972=FILL_AREA_STYLE('',(#12473));
#11973=FILL_AREA_STYLE('',(#12474));
#11974=FILL_AREA_STYLE('',(#12475));
#11975=FILL_AREA_STYLE('',(#12476));
#11976=FILL_AREA_STYLE('',(#12477));
#11977=FILL_AREA_STYLE('',(#12478));
#11978=FILL_AREA_STYLE('',(#12479));
#11979=FILL_AREA_STYLE('',(#12480));
#11980=FILL_AREA_STYLE('',(#12481));
#11981=FILL_AREA_STYLE('',(#12482));
#11982=FILL_AREA_STYLE('',(#12483));
#11983=FILL_AREA_STYLE('',(#12484));
#11984=FILL_AREA_STYLE('',(#12485));
#11985=FILL_AREA_STYLE('',(#12486));
#11986=FILL_AREA_STYLE('',(#12487));
#11987=FILL_AREA_STYLE('',(#12488));
#11988=FILL_AREA_STYLE('',(#12489));
#11989=FILL_AREA_STYLE('',(#12490));
#11990=FILL_AREA_STYLE('',(#12491));
#11991=FILL_AREA_STYLE('',(#12492));
#11992=FILL_AREA_STYLE('',(#12493));
#11993=FILL_AREA_STYLE('',(#12494));
#11994=FILL_AREA_STYLE('',(#12495));
#11995=FILL_AREA_STYLE('',(#12496));
#11996=FILL_AREA_STYLE('',(#12497));
#11997=FILL_AREA_STYLE('',(#12498));
#11998=FILL_AREA_STYLE('',(#12499));
#11999=FILL_AREA_STYLE('',(#12500));
#12000=FILL_AREA_STYLE('',(#12501));
#12001=FILL_AREA_STYLE('',(#12502));
#12002=FILL_AREA_STYLE('',(#12503));
#12003=FILL_AREA_STYLE('',(#12504));
#12004=FILL_AREA_STYLE('',(#12505));
#12005=FILL_AREA_STYLE('',(#12506));
#12006=FILL_AREA_STYLE('',(#12507));
#12007=FILL_AREA_STYLE('',(#12508));
#12008=FILL_AREA_STYLE('',(#12509));
#12009=FILL_AREA_STYLE('',(#12510));
#12010=FILL_AREA_STYLE('',(#12511));
#12011=FILL_AREA_STYLE('',(#12512));
#12012=FILL_AREA_STYLE('',(#12513));
#12013=FILL_AREA_STYLE('',(#12514));
#12014=FILL_AREA_STYLE('',(#12515));
#12015=FILL_AREA_STYLE('',(#12516));
#12016=FILL_AREA_STYLE('',(#12517));
#12017=FILL_AREA_STYLE('',(#12518));
#12018=FILL_AREA_STYLE('',(#12519));
#12019=FILL_AREA_STYLE('',(#12520));
#12020=FILL_AREA_STYLE('',(#12521));
#12021=FILL_AREA_STYLE('',(#12522));
#12022=FILL_AREA_STYLE('',(#12523));
#12023=FILL_AREA_STYLE('',(#12524));
#12024=FILL_AREA_STYLE('',(#12525));
#12025=FILL_AREA_STYLE('',(#12526));
#12026=FILL_AREA_STYLE('',(#12527));
#12027=FILL_AREA_STYLE('',(#12528));
#12028=FILL_AREA_STYLE('',(#12529));
#12029=FILL_AREA_STYLE('',(#12530));
#12030=FILL_AREA_STYLE('',(#12531));
#12031=FILL_AREA_STYLE('',(#12532));
#12032=FILL_AREA_STYLE('',(#12533));
#12033=FILL_AREA_STYLE('',(#12534));
#12034=FILL_AREA_STYLE('',(#12535));
#12035=FILL_AREA_STYLE('',(#12536));
#12036=FILL_AREA_STYLE('',(#12537));
#12037=FILL_AREA_STYLE('',(#12538));
#12038=FILL_AREA_STYLE('',(#12539));
#12039=FILL_AREA_STYLE('',(#12540));
#12040=FILL_AREA_STYLE('',(#12541));
#12041=FILL_AREA_STYLE('',(#12542));
#12042=FILL_AREA_STYLE('',(#12543));
#12043=FILL_AREA_STYLE('',(#12544));
#12044=FILL_AREA_STYLE('',(#12545));
#12045=FILL_AREA_STYLE('',(#12546));
#12046=FILL_AREA_STYLE('',(#12547));
#12047=FILL_AREA_STYLE('',(#12548));
#12048=FILL_AREA_STYLE('',(#12549));
#12049=FILL_AREA_STYLE('',(#12550));
#12050=FILL_AREA_STYLE('',(#12551));
#12051=FILL_AREA_STYLE('',(#12552));
#12052=FILL_AREA_STYLE('',(#12553));
#12053=FILL_AREA_STYLE('',(#12554));
#12054=FILL_AREA_STYLE('',(#12555));
#12055=FILL_AREA_STYLE('',(#12556));
#12056=FILL_AREA_STYLE('',(#12557));
#12057=FILL_AREA_STYLE('',(#12558));
#12058=FILL_AREA_STYLE('',(#12559));
#12059=FILL_AREA_STYLE('',(#12560));
#12060=FILL_AREA_STYLE('',(#12561));
#12061=FILL_AREA_STYLE('',(#12562));
#12062=FILL_AREA_STYLE('',(#12563));
#12063=FILL_AREA_STYLE('',(#12564));
#12064=FILL_AREA_STYLE('',(#12565));
#12065=FILL_AREA_STYLE('',(#12566));
#12066=FILL_AREA_STYLE('',(#12567));
#12067=FILL_AREA_STYLE('',(#12568));
#12068=FILL_AREA_STYLE('',(#12569));
#12069=FILL_AREA_STYLE('',(#12570));
#12070=FILL_AREA_STYLE('',(#12571));
#12071=FILL_AREA_STYLE('',(#12572));
#12072=FILL_AREA_STYLE('',(#12573));
#12073=FILL_AREA_STYLE('',(#12574));
#12074=FILL_AREA_STYLE('',(#12575));
#12075=FILL_AREA_STYLE('',(#12576));
#12076=FILL_AREA_STYLE('',(#12577));
#12077=FILL_AREA_STYLE('',(#12578));
#12078=FILL_AREA_STYLE('',(#12579));
#12079=FILL_AREA_STYLE('',(#12580));
#12080=FILL_AREA_STYLE('',(#12581));
#12081=FILL_AREA_STYLE('',(#12582));
#12082=FILL_AREA_STYLE('',(#12583));
#12083=FILL_AREA_STYLE('',(#12584));
#12084=FILL_AREA_STYLE('',(#12585));
#12085=FILL_AREA_STYLE('',(#12586));
#12086=FILL_AREA_STYLE('',(#12587));
#12087=FILL_AREA_STYLE('',(#12588));
#12088=FILL_AREA_STYLE('',(#12589));
#12089=FILL_AREA_STYLE('',(#12590));
#12090=FILL_AREA_STYLE('',(#12591));
#12091=FILL_AREA_STYLE('',(#12592));
#12092=FILL_AREA_STYLE('',(#12593));
#12093=FILL_AREA_STYLE('',(#12594));
#12094=FILL_AREA_STYLE('',(#12595));
#12095=FILL_AREA_STYLE('',(#12596));
#12096=FILL_AREA_STYLE('',(#12597));
#12097=FILL_AREA_STYLE('',(#12598));
#12098=FILL_AREA_STYLE('',(#12599));
#12099=FILL_AREA_STYLE('',(#12600));
#12100=FILL_AREA_STYLE('',(#12601));
#12101=FILL_AREA_STYLE('',(#12602));
#12102=FILL_AREA_STYLE('',(#12603));
#12103=FILL_AREA_STYLE('',(#12604));
#12104=FILL_AREA_STYLE('',(#12605));
#12105=FILL_AREA_STYLE('',(#12606));
#12106=FILL_AREA_STYLE('',(#12607));
#12107=FILL_AREA_STYLE('',(#12608));
#12108=FILL_AREA_STYLE('',(#12609));
#12109=FILL_AREA_STYLE('',(#12610));
#12110=FILL_AREA_STYLE('',(#12611));
#12111=FILL_AREA_STYLE('',(#12612));
#12112=FILL_AREA_STYLE('',(#12613));
#12113=FILL_AREA_STYLE('',(#12614));
#12114=FILL_AREA_STYLE('',(#12615));
#12115=FILL_AREA_STYLE('',(#12616));
#12116=FILL_AREA_STYLE('',(#12617));
#12117=FILL_AREA_STYLE('',(#12618));
#12118=FILL_AREA_STYLE('',(#12619));
#12119=FILL_AREA_STYLE('',(#12620));
#12120=FILL_AREA_STYLE('',(#12621));
#12121=FILL_AREA_STYLE('',(#12622));
#12122=FILL_AREA_STYLE('',(#12623));
#12123=FILL_AREA_STYLE('',(#12624));
#12124=FILL_AREA_STYLE('',(#12625));
#12125=FILL_AREA_STYLE('',(#12626));
#12126=FILL_AREA_STYLE('',(#12627));
#12127=FILL_AREA_STYLE('',(#12628));
#12128=FILL_AREA_STYLE('',(#12629));
#12129=FILL_AREA_STYLE('',(#12630));
#12130=FILL_AREA_STYLE('',(#12631));
#12131=FILL_AREA_STYLE('',(#12632));
#12132=FILL_AREA_STYLE('',(#12633));
#12133=FILL_AREA_STYLE('',(#12634));
#12134=FILL_AREA_STYLE('',(#12635));
#12135=FILL_AREA_STYLE('',(#12636));
#12136=FILL_AREA_STYLE('',(#12637));
#12137=FILL_AREA_STYLE('',(#12638));
#12138=FILL_AREA_STYLE('',(#12639));
#12139=FILL_AREA_STYLE('',(#12640));
#12140=FILL_AREA_STYLE('',(#12641));
#12141=FILL_AREA_STYLE('',(#12642));
#12142=FILL_AREA_STYLE('',(#12643));
#12143=FILL_AREA_STYLE('',(#12644));
#12144=FILL_AREA_STYLE('',(#12645));
#12145=FILL_AREA_STYLE('',(#12646));
#12146=FILL_AREA_STYLE('',(#12647));
#12147=FILL_AREA_STYLE('',(#12648));
#12148=FILL_AREA_STYLE('',(#12649));
#12149=FILL_AREA_STYLE('',(#12650));
#12150=FILL_AREA_STYLE('',(#12651));
#12151=FILL_AREA_STYLE('',(#12652));
#12152=FILL_AREA_STYLE('',(#12653));
#12153=FILL_AREA_STYLE('',(#12654));
#12154=FILL_AREA_STYLE('',(#12655));
#12155=FILL_AREA_STYLE('',(#12656));
#12156=FILL_AREA_STYLE('',(#12657));
#12157=FILL_AREA_STYLE('',(#12658));
#12158=FILL_AREA_STYLE('',(#12659));
#12159=FILL_AREA_STYLE('',(#12660));
#12160=FILL_AREA_STYLE('',(#12661));
#12161=FILL_AREA_STYLE('',(#12662));
#12162=FILL_AREA_STYLE('',(#12663));
#12163=FILL_AREA_STYLE('',(#12664));
#12164=FILL_AREA_STYLE('',(#12665));
#12165=FILL_AREA_STYLE('',(#12666));
#12166=FILL_AREA_STYLE('',(#12667));
#12167=FILL_AREA_STYLE('',(#12668));
#12168=FILL_AREA_STYLE('',(#12669));
#12169=FILL_AREA_STYLE('',(#12670));
#12170=FILL_AREA_STYLE('',(#12671));
#12171=FILL_AREA_STYLE('',(#12672));
#12172=FILL_AREA_STYLE('',(#12673));
#12173=FILL_AREA_STYLE('',(#12674));
#12174=FILL_AREA_STYLE('',(#12675));
#12175=FILL_AREA_STYLE('',(#12676));
#12176=FILL_AREA_STYLE('',(#12677));
#12177=FILL_AREA_STYLE('',(#12678));
#12178=FILL_AREA_STYLE('',(#12679));
#12179=FILL_AREA_STYLE('',(#12680));
#12180=FILL_AREA_STYLE('',(#12681));
#12181=FILL_AREA_STYLE('',(#12682));
#12182=FILL_AREA_STYLE_COLOUR('',#12683);
#12183=FILL_AREA_STYLE_COLOUR('',#12683);
#12184=FILL_AREA_STYLE_COLOUR('',#12683);
#12185=FILL_AREA_STYLE_COLOUR('',#12683);
#12186=FILL_AREA_STYLE_COLOUR('',#12683);
#12187=FILL_AREA_STYLE_COLOUR('',#12683);
#12188=FILL_AREA_STYLE_COLOUR('',#12683);
#12189=FILL_AREA_STYLE_COLOUR('',#12683);
#12190=FILL_AREA_STYLE_COLOUR('',#12683);
#12191=FILL_AREA_STYLE_COLOUR('',#12683);
#12192=FILL_AREA_STYLE_COLOUR('',#12683);
#12193=FILL_AREA_STYLE_COLOUR('',#12683);
#12194=FILL_AREA_STYLE_COLOUR('',#12683);
#12195=FILL_AREA_STYLE_COLOUR('',#12683);
#12196=FILL_AREA_STYLE_COLOUR('',#12683);
#12197=FILL_AREA_STYLE_COLOUR('',#12683);
#12198=FILL_AREA_STYLE_COLOUR('',#12683);
#12199=FILL_AREA_STYLE_COLOUR('',#12683);
#12200=FILL_AREA_STYLE_COLOUR('',#12683);
#12201=FILL_AREA_STYLE_COLOUR('',#12683);
#12202=FILL_AREA_STYLE_COLOUR('',#12683);
#12203=FILL_AREA_STYLE_COLOUR('',#12683);
#12204=FILL_AREA_STYLE_COLOUR('',#12683);
#12205=FILL_AREA_STYLE_COLOUR('',#12683);
#12206=FILL_AREA_STYLE_COLOUR('',#12683);
#12207=FILL_AREA_STYLE_COLOUR('',#12683);
#12208=FILL_AREA_STYLE_COLOUR('',#12683);
#12209=FILL_AREA_STYLE_COLOUR('',#12683);
#12210=FILL_AREA_STYLE_COLOUR('',#12683);
#12211=FILL_AREA_STYLE_COLOUR('',#12683);
#12212=FILL_AREA_STYLE_COLOUR('',#12683);
#12213=FILL_AREA_STYLE_COLOUR('',#12683);
#12214=FILL_AREA_STYLE_COLOUR('',#12683);
#12215=FILL_AREA_STYLE_COLOUR('',#12683);
#12216=FILL_AREA_STYLE_COLOUR('',#12683);
#12217=FILL_AREA_STYLE_COLOUR('',#12683);
#12218=FILL_AREA_STYLE_COLOUR('',#12683);
#12219=FILL_AREA_STYLE_COLOUR('',#12683);
#12220=FILL_AREA_STYLE_COLOUR('',#12683);
#12221=FILL_AREA_STYLE_COLOUR('',#12683);
#12222=FILL_AREA_STYLE_COLOUR('',#12683);
#12223=FILL_AREA_STYLE_COLOUR('',#12683);
#12224=FILL_AREA_STYLE_COLOUR('',#12683);
#12225=FILL_AREA_STYLE_COLOUR('',#12683);
#12226=FILL_AREA_STYLE_COLOUR('',#12683);
#12227=FILL_AREA_STYLE_COLOUR('',#12683);
#12228=FILL_AREA_STYLE_COLOUR('',#12683);
#12229=FILL_AREA_STYLE_COLOUR('',#12683);
#12230=FILL_AREA_STYLE_COLOUR('',#12683);
#12231=FILL_AREA_STYLE_COLOUR('',#12683);
#12232=FILL_AREA_STYLE_COLOUR('',#12683);
#12233=FILL_AREA_STYLE_COLOUR('',#12683);
#12234=FILL_AREA_STYLE_COLOUR('',#12683);
#12235=FILL_AREA_STYLE_COLOUR('',#12683);
#12236=FILL_AREA_STYLE_COLOUR('',#12683);
#12237=FILL_AREA_STYLE_COLOUR('',#12683);
#12238=FILL_AREA_STYLE_COLOUR('',#12683);
#12239=FILL_AREA_STYLE_COLOUR('',#12683);
#12240=FILL_AREA_STYLE_COLOUR('',#12683);
#12241=FILL_AREA_STYLE_COLOUR('',#12683);
#12242=FILL_AREA_STYLE_COLOUR('',#12683);
#12243=FILL_AREA_STYLE_COLOUR('',#12683);
#12244=FILL_AREA_STYLE_COLOUR('',#12683);
#12245=FILL_AREA_STYLE_COLOUR('',#12683);
#12246=FILL_AREA_STYLE_COLOUR('',#12683);
#12247=FILL_AREA_STYLE_COLOUR('',#12683);
#12248=FILL_AREA_STYLE_COLOUR('',#12683);
#12249=FILL_AREA_STYLE_COLOUR('',#12683);
#12250=FILL_AREA_STYLE_COLOUR('',#12683);
#12251=FILL_AREA_STYLE_COLOUR('',#12683);
#12252=FILL_AREA_STYLE_COLOUR('',#12683);
#12253=FILL_AREA_STYLE_COLOUR('',#12683);
#12254=FILL_AREA_STYLE_COLOUR('',#12683);
#12255=FILL_AREA_STYLE_COLOUR('',#12683);
#12256=FILL_AREA_STYLE_COLOUR('',#12683);
#12257=FILL_AREA_STYLE_COLOUR('',#12683);
#12258=FILL_AREA_STYLE_COLOUR('',#12683);
#12259=FILL_AREA_STYLE_COLOUR('',#12683);
#12260=FILL_AREA_STYLE_COLOUR('',#12683);
#12261=FILL_AREA_STYLE_COLOUR('',#12683);
#12262=FILL_AREA_STYLE_COLOUR('',#12683);
#12263=FILL_AREA_STYLE_COLOUR('',#12683);
#12264=FILL_AREA_STYLE_COLOUR('',#12683);
#12265=FILL_AREA_STYLE_COLOUR('',#12683);
#12266=FILL_AREA_STYLE_COLOUR('',#12683);
#12267=FILL_AREA_STYLE_COLOUR('',#12683);
#12268=FILL_AREA_STYLE_COLOUR('',#12683);
#12269=FILL_AREA_STYLE_COLOUR('',#12683);
#12270=FILL_AREA_STYLE_COLOUR('',#12683);
#12271=FILL_AREA_STYLE_COLOUR('',#12683);
#12272=FILL_AREA_STYLE_COLOUR('',#12683);
#12273=FILL_AREA_STYLE_COLOUR('',#12683);
#12274=FILL_AREA_STYLE_COLOUR('',#12683);
#12275=FILL_AREA_STYLE_COLOUR('',#12683);
#12276=FILL_AREA_STYLE_COLOUR('',#12683);
#12277=FILL_AREA_STYLE_COLOUR('',#12683);
#12278=FILL_AREA_STYLE_COLOUR('',#12683);
#12279=FILL_AREA_STYLE_COLOUR('',#12683);
#12280=FILL_AREA_STYLE_COLOUR('',#12683);
#12281=FILL_AREA_STYLE_COLOUR('',#12683);
#12282=FILL_AREA_STYLE_COLOUR('',#12683);
#12283=FILL_AREA_STYLE_COLOUR('',#12683);
#12284=FILL_AREA_STYLE_COLOUR('',#12683);
#12285=FILL_AREA_STYLE_COLOUR('',#12683);
#12286=FILL_AREA_STYLE_COLOUR('',#12683);
#12287=FILL_AREA_STYLE_COLOUR('',#12683);
#12288=FILL_AREA_STYLE_COLOUR('',#12683);
#12289=FILL_AREA_STYLE_COLOUR('',#12683);
#12290=FILL_AREA_STYLE_COLOUR('',#12683);
#12291=FILL_AREA_STYLE_COLOUR('',#12683);
#12292=FILL_AREA_STYLE_COLOUR('',#12683);
#12293=FILL_AREA_STYLE_COLOUR('',#12683);
#12294=FILL_AREA_STYLE_COLOUR('',#12683);
#12295=FILL_AREA_STYLE_COLOUR('',#12683);
#12296=FILL_AREA_STYLE_COLOUR('',#12683);
#12297=FILL_AREA_STYLE_COLOUR('',#12683);
#12298=FILL_AREA_STYLE_COLOUR('',#12683);
#12299=FILL_AREA_STYLE_COLOUR('',#12683);
#12300=FILL_AREA_STYLE_COLOUR('',#12683);
#12301=FILL_AREA_STYLE_COLOUR('',#12683);
#12302=FILL_AREA_STYLE_COLOUR('',#12683);
#12303=FILL_AREA_STYLE_COLOUR('',#12683);
#12304=FILL_AREA_STYLE_COLOUR('',#12683);
#12305=FILL_AREA_STYLE_COLOUR('',#12683);
#12306=FILL_AREA_STYLE_COLOUR('',#12683);
#12307=FILL_AREA_STYLE_COLOUR('',#12683);
#12308=FILL_AREA_STYLE_COLOUR('',#12683);
#12309=FILL_AREA_STYLE_COLOUR('',#12683);
#12310=FILL_AREA_STYLE_COLOUR('',#12683);
#12311=FILL_AREA_STYLE_COLOUR('',#12683);
#12312=FILL_AREA_STYLE_COLOUR('',#12683);
#12313=FILL_AREA_STYLE_COLOUR('',#12683);
#12314=FILL_AREA_STYLE_COLOUR('',#12683);
#12315=FILL_AREA_STYLE_COLOUR('',#12683);
#12316=FILL_AREA_STYLE_COLOUR('',#12683);
#12317=FILL_AREA_STYLE_COLOUR('',#12683);
#12318=FILL_AREA_STYLE_COLOUR('',#12683);
#12319=FILL_AREA_STYLE_COLOUR('',#12683);
#12320=FILL_AREA_STYLE_COLOUR('',#12683);
#12321=FILL_AREA_STYLE_COLOUR('',#12683);
#12322=FILL_AREA_STYLE_COLOUR('',#12683);
#12323=FILL_AREA_STYLE_COLOUR('',#12683);
#12324=FILL_AREA_STYLE_COLOUR('',#12683);
#12325=FILL_AREA_STYLE_COLOUR('',#12683);
#12326=FILL_AREA_STYLE_COLOUR('',#12683);
#12327=FILL_AREA_STYLE_COLOUR('',#12683);
#12328=FILL_AREA_STYLE_COLOUR('',#12683);
#12329=FILL_AREA_STYLE_COLOUR('',#12683);
#12330=FILL_AREA_STYLE_COLOUR('',#12683);
#12331=FILL_AREA_STYLE_COLOUR('',#12683);
#12332=FILL_AREA_STYLE_COLOUR('',#12683);
#12333=FILL_AREA_STYLE_COLOUR('',#12683);
#12334=FILL_AREA_STYLE_COLOUR('',#12683);
#12335=FILL_AREA_STYLE_COLOUR('',#12683);
#12336=FILL_AREA_STYLE_COLOUR('',#12683);
#12337=FILL_AREA_STYLE_COLOUR('',#12683);
#12338=FILL_AREA_STYLE_COLOUR('',#12683);
#12339=FILL_AREA_STYLE_COLOUR('',#12683);
#12340=FILL_AREA_STYLE_COLOUR('',#12683);
#12341=FILL_AREA_STYLE_COLOUR('',#12683);
#12342=FILL_AREA_STYLE_COLOUR('',#12683);
#12343=FILL_AREA_STYLE_COLOUR('',#12683);
#12344=FILL_AREA_STYLE_COLOUR('',#12683);
#12345=FILL_AREA_STYLE_COLOUR('',#12683);
#12346=FILL_AREA_STYLE_COLOUR('',#12683);
#12347=FILL_AREA_STYLE_COLOUR('',#12683);
#12348=FILL_AREA_STYLE_COLOUR('',#12683);
#12349=FILL_AREA_STYLE_COLOUR('',#12683);
#12350=FILL_AREA_STYLE_COLOUR('',#12683);
#12351=FILL_AREA_STYLE_COLOUR('',#12683);
#12352=FILL_AREA_STYLE_COLOUR('',#12683);
#12353=FILL_AREA_STYLE_COLOUR('',#12683);
#12354=FILL_AREA_STYLE_COLOUR('',#12683);
#12355=FILL_AREA_STYLE_COLOUR('',#12683);
#12356=FILL_AREA_STYLE_COLOUR('',#12683);
#12357=FILL_AREA_STYLE_COLOUR('',#12683);
#12358=FILL_AREA_STYLE_COLOUR('',#12683);
#12359=FILL_AREA_STYLE_COLOUR('',#12683);
#12360=FILL_AREA_STYLE_COLOUR('',#12683);
#12361=FILL_AREA_STYLE_COLOUR('',#12683);
#12362=FILL_AREA_STYLE_COLOUR('',#12683);
#12363=FILL_AREA_STYLE_COLOUR('',#12683);
#12364=FILL_AREA_STYLE_COLOUR('',#12683);
#12365=FILL_AREA_STYLE_COLOUR('',#12683);
#12366=FILL_AREA_STYLE_COLOUR('',#12683);
#12367=FILL_AREA_STYLE_COLOUR('',#12683);
#12368=FILL_AREA_STYLE_COLOUR('',#12683);
#12369=FILL_AREA_STYLE_COLOUR('',#12683);
#12370=FILL_AREA_STYLE_COLOUR('',#12683);
#12371=FILL_AREA_STYLE_COLOUR('',#12683);
#12372=FILL_AREA_STYLE_COLOUR('',#12683);
#12373=FILL_AREA_STYLE_COLOUR('',#12683);
#12374=FILL_AREA_STYLE_COLOUR('',#12683);
#12375=FILL_AREA_STYLE_COLOUR('',#12683);
#12376=FILL_AREA_STYLE_COLOUR('',#12683);
#12377=FILL_AREA_STYLE_COLOUR('',#12683);
#12378=FILL_AREA_STYLE_COLOUR('',#12683);
#12379=FILL_AREA_STYLE_COLOUR('',#12683);
#12380=FILL_AREA_STYLE_COLOUR('',#12683);
#12381=FILL_AREA_STYLE_COLOUR('',#12683);
#12382=FILL_AREA_STYLE_COLOUR('',#12683);
#12383=FILL_AREA_STYLE_COLOUR('',#12683);
#12384=FILL_AREA_STYLE_COLOUR('',#12683);
#12385=FILL_AREA_STYLE_COLOUR('',#12683);
#12386=FILL_AREA_STYLE_COLOUR('',#12683);
#12387=FILL_AREA_STYLE_COLOUR('',#12683);
#12388=FILL_AREA_STYLE_COLOUR('',#12683);
#12389=FILL_AREA_STYLE_COLOUR('',#12683);
#12390=FILL_AREA_STYLE_COLOUR('',#12683);
#12391=FILL_AREA_STYLE_COLOUR('',#12683);
#12392=FILL_AREA_STYLE_COLOUR('',#12683);
#12393=FILL_AREA_STYLE_COLOUR('',#12683);
#12394=FILL_AREA_STYLE_COLOUR('',#12683);
#12395=FILL_AREA_STYLE_COLOUR('',#12683);
#12396=FILL_AREA_STYLE_COLOUR('',#12683);
#12397=FILL_AREA_STYLE_COLOUR('',#12683);
#12398=FILL_AREA_STYLE_COLOUR('',#12683);
#12399=FILL_AREA_STYLE_COLOUR('',#12683);
#12400=FILL_AREA_STYLE_COLOUR('',#12683);
#12401=FILL_AREA_STYLE_COLOUR('',#12683);
#12402=FILL_AREA_STYLE_COLOUR('',#12683);
#12403=FILL_AREA_STYLE_COLOUR('',#12683);
#12404=FILL_AREA_STYLE_COLOUR('',#12683);
#12405=FILL_AREA_STYLE_COLOUR('',#12683);
#12406=FILL_AREA_STYLE_COLOUR('',#12683);
#12407=FILL_AREA_STYLE_COLOUR('',#12683);
#12408=FILL_AREA_STYLE_COLOUR('',#12683);
#12409=FILL_AREA_STYLE_COLOUR('',#12683);
#12410=FILL_AREA_STYLE_COLOUR('',#12683);
#12411=FILL_AREA_STYLE_COLOUR('',#12683);
#12412=FILL_AREA_STYLE_COLOUR('',#12683);
#12413=FILL_AREA_STYLE_COLOUR('',#12683);
#12414=FILL_AREA_STYLE_COLOUR('',#12683);
#12415=FILL_AREA_STYLE_COLOUR('',#12683);
#12416=FILL_AREA_STYLE_COLOUR('',#12683);
#12417=FILL_AREA_STYLE_COLOUR('',#12683);
#12418=FILL_AREA_STYLE_COLOUR('',#12683);
#12419=FILL_AREA_STYLE_COLOUR('',#12683);
#12420=FILL_AREA_STYLE_COLOUR('',#12683);
#12421=FILL_AREA_STYLE_COLOUR('',#12683);
#12422=FILL_AREA_STYLE_COLOUR('',#12683);
#12423=FILL_AREA_STYLE_COLOUR('',#12683);
#12424=FILL_AREA_STYLE_COLOUR('',#12683);
#12425=FILL_AREA_STYLE_COLOUR('',#12683);
#12426=FILL_AREA_STYLE_COLOUR('',#12683);
#12427=FILL_AREA_STYLE_COLOUR('',#12683);
#12428=FILL_AREA_STYLE_COLOUR('',#12683);
#12429=FILL_AREA_STYLE_COLOUR('',#12683);
#12430=FILL_AREA_STYLE_COLOUR('',#12683);
#12431=FILL_AREA_STYLE_COLOUR('',#12683);
#12432=FILL_AREA_STYLE_COLOUR('',#12683);
#12433=FILL_AREA_STYLE_COLOUR('',#12683);
#12434=FILL_AREA_STYLE_COLOUR('',#12683);
#12435=FILL_AREA_STYLE_COLOUR('',#12683);
#12436=FILL_AREA_STYLE_COLOUR('',#12683);
#12437=FILL_AREA_STYLE_COLOUR('',#12683);
#12438=FILL_AREA_STYLE_COLOUR('',#12683);
#12439=FILL_AREA_STYLE_COLOUR('',#12683);
#12440=FILL_AREA_STYLE_COLOUR('',#12683);
#12441=FILL_AREA_STYLE_COLOUR('',#12683);
#12442=FILL_AREA_STYLE_COLOUR('',#12683);
#12443=FILL_AREA_STYLE_COLOUR('',#12683);
#12444=FILL_AREA_STYLE_COLOUR('',#12683);
#12445=FILL_AREA_STYLE_COLOUR('',#12683);
#12446=FILL_AREA_STYLE_COLOUR('',#12683);
#12447=FILL_AREA_STYLE_COLOUR('',#12683);
#12448=FILL_AREA_STYLE_COLOUR('',#12683);
#12449=FILL_AREA_STYLE_COLOUR('',#12683);
#12450=FILL_AREA_STYLE_COLOUR('',#12683);
#12451=FILL_AREA_STYLE_COLOUR('',#12683);
#12452=FILL_AREA_STYLE_COLOUR('',#12683);
#12453=FILL_AREA_STYLE_COLOUR('',#12683);
#12454=FILL_AREA_STYLE_COLOUR('',#12683);
#12455=FILL_AREA_STYLE_COLOUR('',#12683);
#12456=FILL_AREA_STYLE_COLOUR('',#12683);
#12457=FILL_AREA_STYLE_COLOUR('',#12683);
#12458=FILL_AREA_STYLE_COLOUR('',#12683);
#12459=FILL_AREA_STYLE_COLOUR('',#12683);
#12460=FILL_AREA_STYLE_COLOUR('',#12683);
#12461=FILL_AREA_STYLE_COLOUR('',#12683);
#12462=FILL_AREA_STYLE_COLOUR('',#12683);
#12463=FILL_AREA_STYLE_COLOUR('',#12683);
#12464=FILL_AREA_STYLE_COLOUR('',#12683);
#12465=FILL_AREA_STYLE_COLOUR('',#12683);
#12466=FILL_AREA_STYLE_COLOUR('',#12683);
#12467=FILL_AREA_STYLE_COLOUR('',#12684);
#12468=FILL_AREA_STYLE_COLOUR('',#12684);
#12469=FILL_AREA_STYLE_COLOUR('',#12684);
#12470=FILL_AREA_STYLE_COLOUR('',#12684);
#12471=FILL_AREA_STYLE_COLOUR('',#12684);
#12472=FILL_AREA_STYLE_COLOUR('',#12684);
#12473=FILL_AREA_STYLE_COLOUR('',#12684);
#12474=FILL_AREA_STYLE_COLOUR('',#12684);
#12475=FILL_AREA_STYLE_COLOUR('',#12684);
#12476=FILL_AREA_STYLE_COLOUR('',#12684);
#12477=FILL_AREA_STYLE_COLOUR('',#12684);
#12478=FILL_AREA_STYLE_COLOUR('',#12684);
#12479=FILL_AREA_STYLE_COLOUR('',#12684);
#12480=FILL_AREA_STYLE_COLOUR('',#12684);
#12481=FILL_AREA_STYLE_COLOUR('',#12684);
#12482=FILL_AREA_STYLE_COLOUR('',#12684);
#12483=FILL_AREA_STYLE_COLOUR('',#12684);
#12484=FILL_AREA_STYLE_COLOUR('',#12684);
#12485=FILL_AREA_STYLE_COLOUR('',#12684);
#12486=FILL_AREA_STYLE_COLOUR('',#12684);
#12487=FILL_AREA_STYLE_COLOUR('',#12684);
#12488=FILL_AREA_STYLE_COLOUR('',#12684);
#12489=FILL_AREA_STYLE_COLOUR('',#12684);
#12490=FILL_AREA_STYLE_COLOUR('',#12684);
#12491=FILL_AREA_STYLE_COLOUR('',#12684);
#12492=FILL_AREA_STYLE_COLOUR('',#12684);
#12493=FILL_AREA_STYLE_COLOUR('',#12684);
#12494=FILL_AREA_STYLE_COLOUR('',#12684);
#12495=FILL_AREA_STYLE_COLOUR('',#12684);
#12496=FILL_AREA_STYLE_COLOUR('',#12684);
#12497=FILL_AREA_STYLE_COLOUR('',#12684);
#12498=FILL_AREA_STYLE_COLOUR('',#12684);
#12499=FILL_AREA_STYLE_COLOUR('',#12684);
#12500=FILL_AREA_STYLE_COLOUR('',#12684);
#12501=FILL_AREA_STYLE_COLOUR('',#12684);
#12502=FILL_AREA_STYLE_COLOUR('',#12684);
#12503=FILL_AREA_STYLE_COLOUR('',#12684);
#12504=FILL_AREA_STYLE_COLOUR('',#12684);
#12505=FILL_AREA_STYLE_COLOUR('',#12684);
#12506=FILL_AREA_STYLE_COLOUR('',#12684);
#12507=FILL_AREA_STYLE_COLOUR('',#12684);
#12508=FILL_AREA_STYLE_COLOUR('',#12684);
#12509=FILL_AREA_STYLE_COLOUR('',#12684);
#12510=FILL_AREA_STYLE_COLOUR('',#12684);
#12511=FILL_AREA_STYLE_COLOUR('',#12684);
#12512=FILL_AREA_STYLE_COLOUR('',#12684);
#12513=FILL_AREA_STYLE_COLOUR('',#12684);
#12514=FILL_AREA_STYLE_COLOUR('',#12684);
#12515=FILL_AREA_STYLE_COLOUR('',#12684);
#12516=FILL_AREA_STYLE_COLOUR('',#12684);
#12517=FILL_AREA_STYLE_COLOUR('',#12684);
#12518=FILL_AREA_STYLE_COLOUR('',#12684);
#12519=FILL_AREA_STYLE_COLOUR('',#12684);
#12520=FILL_AREA_STYLE_COLOUR('',#12684);
#12521=FILL_AREA_STYLE_COLOUR('',#12684);
#12522=FILL_AREA_STYLE_COLOUR('',#12684);
#12523=FILL_AREA_STYLE_COLOUR('',#12684);
#12524=FILL_AREA_STYLE_COLOUR('',#12684);
#12525=FILL_AREA_STYLE_COLOUR('',#12684);
#12526=FILL_AREA_STYLE_COLOUR('',#12684);
#12527=FILL_AREA_STYLE_COLOUR('',#12683);
#12528=FILL_AREA_STYLE_COLOUR('',#12683);
#12529=FILL_AREA_STYLE_COLOUR('',#12683);
#12530=FILL_AREA_STYLE_COLOUR('',#12683);
#12531=FILL_AREA_STYLE_COLOUR('',#12683);
#12532=FILL_AREA_STYLE_COLOUR('',#12683);
#12533=FILL_AREA_STYLE_COLOUR('',#12683);
#12534=FILL_AREA_STYLE_COLOUR('',#12683);
#12535=FILL_AREA_STYLE_COLOUR('',#12683);
#12536=FILL_AREA_STYLE_COLOUR('',#12683);
#12537=FILL_AREA_STYLE_COLOUR('',#12683);
#12538=FILL_AREA_STYLE_COLOUR('',#12683);
#12539=FILL_AREA_STYLE_COLOUR('',#12683);
#12540=FILL_AREA_STYLE_COLOUR('',#12683);
#12541=FILL_AREA_STYLE_COLOUR('',#12683);
#12542=FILL_AREA_STYLE_COLOUR('',#12683);
#12543=FILL_AREA_STYLE_COLOUR('',#12683);
#12544=FILL_AREA_STYLE_COLOUR('',#12683);
#12545=FILL_AREA_STYLE_COLOUR('',#12683);
#12546=FILL_AREA_STYLE_COLOUR('',#12683);
#12547=FILL_AREA_STYLE_COLOUR('',#12683);
#12548=FILL_AREA_STYLE_COLOUR('',#12683);
#12549=FILL_AREA_STYLE_COLOUR('',#12683);
#12550=FILL_AREA_STYLE_COLOUR('',#12683);
#12551=FILL_AREA_STYLE_COLOUR('',#12683);
#12552=FILL_AREA_STYLE_COLOUR('',#12683);
#12553=FILL_AREA_STYLE_COLOUR('',#12683);
#12554=FILL_AREA_STYLE_COLOUR('',#12683);
#12555=FILL_AREA_STYLE_COLOUR('',#12683);
#12556=FILL_AREA_STYLE_COLOUR('',#12683);
#12557=FILL_AREA_STYLE_COLOUR('',#12683);
#12558=FILL_AREA_STYLE_COLOUR('',#12683);
#12559=FILL_AREA_STYLE_COLOUR('',#12683);
#12560=FILL_AREA_STYLE_COLOUR('',#12683);
#12561=FILL_AREA_STYLE_COLOUR('',#12683);
#12562=FILL_AREA_STYLE_COLOUR('',#12683);
#12563=FILL_AREA_STYLE_COLOUR('',#12683);
#12564=FILL_AREA_STYLE_COLOUR('',#12683);
#12565=FILL_AREA_STYLE_COLOUR('',#12683);
#12566=FILL_AREA_STYLE_COLOUR('',#12683);
#12567=FILL_AREA_STYLE_COLOUR('',#12683);
#12568=FILL_AREA_STYLE_COLOUR('',#12683);
#12569=FILL_AREA_STYLE_COLOUR('',#12683);
#12570=FILL_AREA_STYLE_COLOUR('',#12683);
#12571=FILL_AREA_STYLE_COLOUR('',#12683);
#12572=FILL_AREA_STYLE_COLOUR('',#12683);
#12573=FILL_AREA_STYLE_COLOUR('',#12683);
#12574=FILL_AREA_STYLE_COLOUR('',#12683);
#12575=FILL_AREA_STYLE_COLOUR('',#12683);
#12576=FILL_AREA_STYLE_COLOUR('',#12683);
#12577=FILL_AREA_STYLE_COLOUR('',#12683);
#12578=FILL_AREA_STYLE_COLOUR('',#12683);
#12579=FILL_AREA_STYLE_COLOUR('',#12683);
#12580=FILL_AREA_STYLE_COLOUR('',#12683);
#12581=FILL_AREA_STYLE_COLOUR('',#12683);
#12582=FILL_AREA_STYLE_COLOUR('',#12683);
#12583=FILL_AREA_STYLE_COLOUR('',#12683);
#12584=FILL_AREA_STYLE_COLOUR('',#12683);
#12585=FILL_AREA_STYLE_COLOUR('',#12683);
#12586=FILL_AREA_STYLE_COLOUR('',#12683);
#12587=FILL_AREA_STYLE_COLOUR('',#12683);
#12588=FILL_AREA_STYLE_COLOUR('',#12683);
#12589=FILL_AREA_STYLE_COLOUR('',#12683);
#12590=FILL_AREA_STYLE_COLOUR('',#12683);
#12591=FILL_AREA_STYLE_COLOUR('',#12683);
#12592=FILL_AREA_STYLE_COLOUR('',#12683);
#12593=FILL_AREA_STYLE_COLOUR('',#12683);
#12594=FILL_AREA_STYLE_COLOUR('',#12683);
#12595=FILL_AREA_STYLE_COLOUR('',#12683);
#12596=FILL_AREA_STYLE_COLOUR('',#12683);
#12597=FILL_AREA_STYLE_COLOUR('',#12683);
#12598=FILL_AREA_STYLE_COLOUR('',#12683);
#12599=FILL_AREA_STYLE_COLOUR('',#12683);
#12600=FILL_AREA_STYLE_COLOUR('',#12683);
#12601=FILL_AREA_STYLE_COLOUR('',#12683);
#12602=FILL_AREA_STYLE_COLOUR('',#12683);
#12603=FILL_AREA_STYLE_COLOUR('',#12683);
#12604=FILL_AREA_STYLE_COLOUR('',#12683);
#12605=FILL_AREA_STYLE_COLOUR('',#12683);
#12606=FILL_AREA_STYLE_COLOUR('',#12683);
#12607=FILL_AREA_STYLE_COLOUR('',#12683);
#12608=FILL_AREA_STYLE_COLOUR('',#12683);
#12609=FILL_AREA_STYLE_COLOUR('',#12683);
#12610=FILL_AREA_STYLE_COLOUR('',#12683);
#12611=FILL_AREA_STYLE_COLOUR('',#12683);
#12612=FILL_AREA_STYLE_COLOUR('',#12683);
#12613=FILL_AREA_STYLE_COLOUR('',#12683);
#12614=FILL_AREA_STYLE_COLOUR('',#12683);
#12615=FILL_AREA_STYLE_COLOUR('',#12683);
#12616=FILL_AREA_STYLE_COLOUR('',#12683);
#12617=FILL_AREA_STYLE_COLOUR('',#12683);
#12618=FILL_AREA_STYLE_COLOUR('',#12683);
#12619=FILL_AREA_STYLE_COLOUR('',#12683);
#12620=FILL_AREA_STYLE_COLOUR('',#12683);
#12621=FILL_AREA_STYLE_COLOUR('',#12683);
#12622=FILL_AREA_STYLE_COLOUR('',#12683);
#12623=FILL_AREA_STYLE_COLOUR('',#12683);
#12624=FILL_AREA_STYLE_COLOUR('',#12683);
#12625=FILL_AREA_STYLE_COLOUR('',#12683);
#12626=FILL_AREA_STYLE_COLOUR('',#12683);
#12627=FILL_AREA_STYLE_COLOUR('',#12683);
#12628=FILL_AREA_STYLE_COLOUR('',#12683);
#12629=FILL_AREA_STYLE_COLOUR('',#12683);
#12630=FILL_AREA_STYLE_COLOUR('',#12683);
#12631=FILL_AREA_STYLE_COLOUR('',#12683);
#12632=FILL_AREA_STYLE_COLOUR('',#12683);
#12633=FILL_AREA_STYLE_COLOUR('',#12683);
#12634=FILL_AREA_STYLE_COLOUR('',#12683);
#12635=FILL_AREA_STYLE_COLOUR('',#12683);
#12636=FILL_AREA_STYLE_COLOUR('',#12683);
#12637=FILL_AREA_STYLE_COLOUR('',#12683);
#12638=FILL_AREA_STYLE_COLOUR('',#12683);
#12639=FILL_AREA_STYLE_COLOUR('',#12683);
#12640=FILL_AREA_STYLE_COLOUR('',#12683);
#12641=FILL_AREA_STYLE_COLOUR('',#12683);
#12642=FILL_AREA_STYLE_COLOUR('',#12683);
#12643=FILL_AREA_STYLE_COLOUR('',#12683);
#12644=FILL_AREA_STYLE_COLOUR('',#12683);
#12645=FILL_AREA_STYLE_COLOUR('',#12683);
#12646=FILL_AREA_STYLE_COLOUR('',#12683);
#12647=FILL_AREA_STYLE_COLOUR('',#12683);
#12648=FILL_AREA_STYLE_COLOUR('',#12683);
#12649=FILL_AREA_STYLE_COLOUR('',#12683);
#12650=FILL_AREA_STYLE_COLOUR('',#12683);
#12651=FILL_AREA_STYLE_COLOUR('',#12683);
#12652=FILL_AREA_STYLE_COLOUR('',#12683);
#12653=FILL_AREA_STYLE_COLOUR('',#12683);
#12654=FILL_AREA_STYLE_COLOUR('',#12683);
#12655=FILL_AREA_STYLE_COLOUR('',#12683);
#12656=FILL_AREA_STYLE_COLOUR('',#12683);
#12657=FILL_AREA_STYLE_COLOUR('',#12683);
#12658=FILL_AREA_STYLE_COLOUR('',#12683);
#12659=FILL_AREA_STYLE_COLOUR('',#12683);
#12660=FILL_AREA_STYLE_COLOUR('',#12683);
#12661=FILL_AREA_STYLE_COLOUR('',#12683);
#12662=FILL_AREA_STYLE_COLOUR('',#12683);
#12663=FILL_AREA_STYLE_COLOUR('',#12683);
#12664=FILL_AREA_STYLE_COLOUR('',#12683);
#12665=FILL_AREA_STYLE_COLOUR('',#12683);
#12666=FILL_AREA_STYLE_COLOUR('',#12683);
#12667=FILL_AREA_STYLE_COLOUR('',#12683);
#12668=FILL_AREA_STYLE_COLOUR('',#12683);
#12669=FILL_AREA_STYLE_COLOUR('',#12683);
#12670=FILL_AREA_STYLE_COLOUR('',#12683);
#12671=FILL_AREA_STYLE_COLOUR('',#12683);
#12672=FILL_AREA_STYLE_COLOUR('',#12683);
#12673=FILL_AREA_STYLE_COLOUR('',#12683);
#12674=FILL_AREA_STYLE_COLOUR('',#12683);
#12675=FILL_AREA_STYLE_COLOUR('',#12683);
#12676=FILL_AREA_STYLE_COLOUR('',#12683);
#12677=FILL_AREA_STYLE_COLOUR('',#12683);
#12678=FILL_AREA_STYLE_COLOUR('',#12683);
#12679=FILL_AREA_STYLE_COLOUR('',#12683);
#12680=FILL_AREA_STYLE_COLOUR('',#12683);
#12681=FILL_AREA_STYLE_COLOUR('',#12683);
#12682=FILL_AREA_STYLE_COLOUR('',#12683);
#12683=COLOUR_RGB('',0.889999985694885,0.430000007152557,0.0700000002980232);
#12684=COLOUR_RGB('',0.77999997138977,0.77999997138977,0.77999997138977);
#12685=ADVANCED_FACE('',(#8265),#8790,.T.);
#12686=ADVANCED_FACE('',(#8266),#8791,.T.);
#12687=ADVANCED_FACE('',(#8267),#8792,.T.);
#12688=ADVANCED_FACE('',(#8268),#8793,.T.);
#12689=ADVANCED_FACE('',(#8269),#8794,.T.);
#12690=ADVANCED_FACE('',(#8270),#8795,.T.);
#12691=ADVANCED_FACE('',(#8271),#8796,.T.);
#12692=ADVANCED_FACE('',(#8272),#8797,.T.);
#12693=ADVANCED_FACE('',(#8273),#8798,.T.);
#12694=ADVANCED_FACE('',(#8274),#8799,.T.);
#12695=ADVANCED_FACE('',(#8275),#8800,.T.);
#12696=ADVANCED_FACE('',(#8276),#8801,.T.);
#12697=ADVANCED_FACE('',(#8277,#8278,#8279,#8280,#8281,#8282,#8283,#8284,
#8285,#8286,#8287,#8288,#8289),#8802,.F.);
#12698=ADVANCED_FACE('',(#8290),#128,.T.);
#12699=ADVANCED_FACE('',(#8291),#8803,.F.);
#12700=ADVANCED_FACE('',(#8292),#68,.F.);
#12701=ADVANCED_FACE('',(#8293),#129,.F.);
#12702=ADVANCED_FACE('',(#8294),#69,.F.);
#12703=ADVANCED_FACE('',(#8295),#130,.F.);
#12704=ADVANCED_FACE('',(#8296),#70,.F.);
#12705=ADVANCED_FACE('',(#8297),#131,.F.);
#12706=ADVANCED_FACE('',(#8298),#71,.F.);
#12707=ADVANCED_FACE('',(#8299),#132,.F.);
#12708=ADVANCED_FACE('',(#8300),#72,.F.);
#12709=ADVANCED_FACE('',(#8301),#133,.F.);
#12710=ADVANCED_FACE('',(#8302),#73,.F.);
#12711=ADVANCED_FACE('',(#8303),#134,.F.);
#12712=ADVANCED_FACE('',(#8304),#74,.F.);
#12713=ADVANCED_FACE('',(#8305),#135,.F.);
#12714=ADVANCED_FACE('',(#8306),#75,.F.);
#12715=ADVANCED_FACE('',(#8307),#136,.F.);
#12716=ADVANCED_FACE('',(#8308),#76,.F.);
#12717=ADVANCED_FACE('',(#8309),#137,.F.);
#12718=ADVANCED_FACE('',(#8310),#77,.F.);
#12719=ADVANCED_FACE('',(#8311),#138,.F.);
#12720=ADVANCED_FACE('',(#8312),#78,.F.);
#12721=ADVANCED_FACE('',(#8313),#139,.F.);
#12722=ADVANCED_FACE('',(#8314),#140,.T.);
#12723=ADVANCED_FACE('',(#8315),#141,.T.);
#12724=ADVANCED_FACE('',(#8316),#142,.T.);
#12725=ADVANCED_FACE('',(#8317),#143,.T.);
#12726=ADVANCED_FACE('',(#8318),#144,.T.);
#12727=ADVANCED_FACE('',(#8319),#145,.T.);
#12728=ADVANCED_FACE('',(#8320),#146,.T.);
#12729=ADVANCED_FACE('',(#8321),#147,.T.);
#12730=ADVANCED_FACE('',(#8322),#148,.T.);
#12731=ADVANCED_FACE('',(#8323),#149,.T.);
#12732=ADVANCED_FACE('',(#8324),#150,.T.);
#12733=ADVANCED_FACE('',(#8325),#79,.F.);
#12734=ADVANCED_FACE('',(#8326),#151,.F.);
#12735=ADVANCED_FACE('',(#8327),#8804,.T.);
#12736=ADVANCED_FACE('',(#8328),#80,.F.);
#12737=ADVANCED_FACE('',(#8329),#152,.F.);
#12738=ADVANCED_FACE('',(#8330),#8805,.T.);
#12739=ADVANCED_FACE('',(#8331),#81,.F.);
#12740=ADVANCED_FACE('',(#8332),#153,.F.);
#12741=ADVANCED_FACE('',(#8333),#8806,.T.);
#12742=ADVANCED_FACE('',(#8334),#82,.F.);
#12743=ADVANCED_FACE('',(#8335),#154,.F.);
#12744=ADVANCED_FACE('',(#8336),#8807,.T.);
#12745=ADVANCED_FACE('',(#8337),#83,.F.);
#12746=ADVANCED_FACE('',(#8338),#155,.F.);
#12747=ADVANCED_FACE('',(#8339),#8808,.T.);
#12748=ADVANCED_FACE('',(#8340),#84,.F.);
#12749=ADVANCED_FACE('',(#8341),#156,.F.);
#12750=ADVANCED_FACE('',(#8342),#8809,.T.);
#12751=ADVANCED_FACE('',(#8343),#85,.F.);
#12752=ADVANCED_FACE('',(#8344),#157,.F.);
#12753=ADVANCED_FACE('',(#8345),#8810,.T.);
#12754=ADVANCED_FACE('',(#8346),#86,.F.);
#12755=ADVANCED_FACE('',(#8347),#158,.F.);
#12756=ADVANCED_FACE('',(#8348),#8811,.T.);
#12757=ADVANCED_FACE('',(#8349),#87,.F.);
#12758=ADVANCED_FACE('',(#8350),#159,.F.);
#12759=ADVANCED_FACE('',(#8351),#8812,.T.);
#12760=ADVANCED_FACE('',(#8352),#88,.F.);
#12761=ADVANCED_FACE('',(#8353),#160,.F.);
#12762=ADVANCED_FACE('',(#8354),#8813,.T.);
#12763=ADVANCED_FACE('',(#8355),#89,.F.);
#12764=ADVANCED_FACE('',(#8356),#161,.F.);
#12765=ADVANCED_FACE('',(#8357),#8814,.T.);
#12766=ADVANCED_FACE('',(#8358),#90,.F.);
#12767=ADVANCED_FACE('',(#8359),#162,.F.);
#12768=ADVANCED_FACE('',(#8360),#163,.T.);
#12769=ADVANCED_FACE('',(#8361),#91,.F.);
#12770=ADVANCED_FACE('',(#8362),#164,.F.);
#12771=ADVANCED_FACE('',(#8363),#8815,.T.);
#12772=ADVANCED_FACE('',(#8364),#8816,.T.);
#12773=ADVANCED_FACE('',(#8365),#8817,.T.);
#12774=ADVANCED_FACE('',(#8366),#8818,.T.);
#12775=ADVANCED_FACE('',(#8367),#8819,.T.);
#12776=ADVANCED_FACE('',(#8368),#8820,.T.);
#12777=ADVANCED_FACE('',(#8369),#8821,.T.);
#12778=ADVANCED_FACE('',(#8370),#8822,.T.);
#12779=ADVANCED_FACE('',(#8371),#8823,.T.);
#12780=ADVANCED_FACE('',(#8372),#8824,.T.);
#12781=ADVANCED_FACE('',(#8373),#8825,.T.);
#12782=ADVANCED_FACE('',(#8374),#8826,.T.);
#12783=ADVANCED_FACE('',(#8375),#8827,.T.);
#12784=ADVANCED_FACE('',(#8376,#8377,#8378,#8379,#8380,#8381,#8382,#8383,
#8384,#8385,#8386,#8387,#8388),#8828,.F.);
#12785=ADVANCED_FACE('',(#8389),#8829,.F.);
#12786=ADVANCED_FACE('',(#8390),#165,.F.);
#12787=ADVANCED_FACE('',(#8391),#8830,.F.);
#12788=ADVANCED_FACE('',(#8392),#166,.F.);
#12789=ADVANCED_FACE('',(#8393),#8831,.F.);
#12790=ADVANCED_FACE('',(#8394),#8832,.F.);
#12791=ADVANCED_FACE('',(#8395),#167,.T.);
#12792=ADVANCED_FACE('',(#8396),#168,.T.);
#12793=ADVANCED_FACE('',(#8397),#8833,.F.);
#12794=ADVANCED_FACE('',(#8398),#8834,.F.);
#12795=ADVANCED_FACE('',(#8399),#8835,.F.);
#12796=ADVANCED_FACE('',(#8400),#169,.T.);
#12797=ADVANCED_FACE('',(#8401),#8836,.T.);
#12798=ADVANCED_FACE('',(#8402),#8837,.F.);
#12799=ADVANCED_FACE('',(#8403),#8838,.T.);
#12800=ADVANCED_FACE('',(#8404),#8839,.F.);
#12801=ADVANCED_FACE('',(#8405),#170,.T.);
#12802=ADVANCED_FACE('',(#8406),#8840,.F.);
#12803=ADVANCED_FACE('',(#8407),#8841,.F.);
#12804=ADVANCED_FACE('',(#8408),#171,.T.);
#12805=ADVANCED_FACE('',(#8409),#8842,.T.);
#12806=ADVANCED_FACE('',(#8410),#8843,.F.);
#12807=ADVANCED_FACE('',(#8411),#8844,.F.);
#12808=ADVANCED_FACE('',(#8412),#8845,.F.);
#12809=ADVANCED_FACE('',(#8413),#8846,.T.);
#12810=ADVANCED_FACE('',(#8414),#8847,.F.);
#12811=ADVANCED_FACE('',(#8415),#172,.T.);
#12812=ADVANCED_FACE('',(#8416),#8848,.F.);
#12813=ADVANCED_FACE('',(#8417),#8849,.F.);
#12814=ADVANCED_FACE('',(#8418),#173,.T.);
#12815=ADVANCED_FACE('',(#8419),#8850,.T.);
#12816=ADVANCED_FACE('',(#8420),#8851,.F.);
#12817=ADVANCED_FACE('',(#8421),#8852,.F.);
#12818=ADVANCED_FACE('',(#8422),#8853,.F.);
#12819=ADVANCED_FACE('',(#8423),#8854,.T.);
#12820=ADVANCED_FACE('',(#8424),#8855,.F.);
#12821=ADVANCED_FACE('',(#8425),#174,.T.);
#12822=ADVANCED_FACE('',(#8426),#8856,.F.);
#12823=ADVANCED_FACE('',(#8427),#8857,.F.);
#12824=ADVANCED_FACE('',(#8428),#175,.T.);
#12825=ADVANCED_FACE('',(#8429),#8858,.T.);
#12826=ADVANCED_FACE('',(#8430),#8859,.F.);
#12827=ADVANCED_FACE('',(#8431),#8860,.F.);
#12828=ADVANCED_FACE('',(#8432),#8861,.F.);
#12829=ADVANCED_FACE('',(#8433),#8862,.T.);
#12830=ADVANCED_FACE('',(#8434),#8863,.F.);
#12831=ADVANCED_FACE('',(#8435),#176,.T.);
#12832=ADVANCED_FACE('',(#8436),#8864,.F.);
#12833=ADVANCED_FACE('',(#8437),#8865,.F.);
#12834=ADVANCED_FACE('',(#8438),#177,.T.);
#12835=ADVANCED_FACE('',(#8439),#8866,.T.);
#12836=ADVANCED_FACE('',(#8440),#8867,.F.);
#12837=ADVANCED_FACE('',(#8441),#8868,.F.);
#12838=ADVANCED_FACE('',(#8442),#8869,.F.);
#12839=ADVANCED_FACE('',(#8443),#8870,.T.);
#12840=ADVANCED_FACE('',(#8444),#8871,.F.);
#12841=ADVANCED_FACE('',(#8445),#178,.T.);
#12842=ADVANCED_FACE('',(#8446),#8872,.F.);
#12843=ADVANCED_FACE('',(#8447),#8873,.F.);
#12844=ADVANCED_FACE('',(#8448),#179,.T.);
#12845=ADVANCED_FACE('',(#8449),#8874,.T.);
#12846=ADVANCED_FACE('',(#8450),#8875,.F.);
#12847=ADVANCED_FACE('',(#8451),#8876,.F.);
#12848=ADVANCED_FACE('',(#8452),#8877,.F.);
#12849=ADVANCED_FACE('',(#8453),#8878,.T.);
#12850=ADVANCED_FACE('',(#8454),#8879,.F.);
#12851=ADVANCED_FACE('',(#8455),#180,.T.);
#12852=ADVANCED_FACE('',(#8456),#8880,.F.);
#12853=ADVANCED_FACE('',(#8457),#8881,.F.);
#12854=ADVANCED_FACE('',(#8458),#181,.T.);
#12855=ADVANCED_FACE('',(#8459),#8882,.T.);
#12856=ADVANCED_FACE('',(#8460),#8883,.F.);
#12857=ADVANCED_FACE('',(#8461),#8884,.F.);
#12858=ADVANCED_FACE('',(#8462),#8885,.F.);
#12859=ADVANCED_FACE('',(#8463),#8886,.T.);
#12860=ADVANCED_FACE('',(#8464),#8887,.F.);
#12861=ADVANCED_FACE('',(#8465),#182,.T.);
#12862=ADVANCED_FACE('',(#8466),#8888,.F.);
#12863=ADVANCED_FACE('',(#8467),#8889,.F.);
#12864=ADVANCED_FACE('',(#8468),#183,.T.);
#12865=ADVANCED_FACE('',(#8469),#8890,.T.);
#12866=ADVANCED_FACE('',(#8470),#8891,.F.);
#12867=ADVANCED_FACE('',(#8471),#8892,.F.);
#12868=ADVANCED_FACE('',(#8472),#8893,.F.);
#12869=ADVANCED_FACE('',(#8473),#8894,.T.);
#12870=ADVANCED_FACE('',(#8474),#8895,.F.);
#12871=ADVANCED_FACE('',(#8475),#184,.T.);
#12872=ADVANCED_FACE('',(#8476),#8896,.F.);
#12873=ADVANCED_FACE('',(#8477),#8897,.F.);
#12874=ADVANCED_FACE('',(#8478),#185,.T.);
#12875=ADVANCED_FACE('',(#8479),#8898,.T.);
#12876=ADVANCED_FACE('',(#8480),#8899,.F.);
#12877=ADVANCED_FACE('',(#8481),#8900,.F.);
#12878=ADVANCED_FACE('',(#8482),#8901,.F.);
#12879=ADVANCED_FACE('',(#8483),#8902,.T.);
#12880=ADVANCED_FACE('',(#8484),#8903,.F.);
#12881=ADVANCED_FACE('',(#8485),#186,.T.);
#12882=ADVANCED_FACE('',(#8486),#8904,.F.);
#12883=ADVANCED_FACE('',(#8487),#8905,.F.);
#12884=ADVANCED_FACE('',(#8488),#187,.T.);
#12885=ADVANCED_FACE('',(#8489),#8906,.T.);
#12886=ADVANCED_FACE('',(#8490),#8907,.F.);
#12887=ADVANCED_FACE('',(#8491),#8908,.F.);
#12888=ADVANCED_FACE('',(#8492),#8909,.F.);
#12889=ADVANCED_FACE('',(#8493),#8910,.T.);
#12890=ADVANCED_FACE('',(#8494),#8911,.F.);
#12891=ADVANCED_FACE('',(#8495),#188,.T.);
#12892=ADVANCED_FACE('',(#8496),#8912,.F.);
#12893=ADVANCED_FACE('',(#8497),#8913,.F.);
#12894=ADVANCED_FACE('',(#8498),#189,.T.);
#12895=ADVANCED_FACE('',(#8499),#8914,.T.);
#12896=ADVANCED_FACE('',(#8500),#8915,.F.);
#12897=ADVANCED_FACE('',(#8501),#8916,.F.);
#12898=ADVANCED_FACE('',(#8502),#8917,.F.);
#12899=ADVANCED_FACE('',(#8503),#8918,.T.);
#12900=ADVANCED_FACE('',(#8504),#8919,.F.);
#12901=ADVANCED_FACE('',(#8505),#190,.T.);
#12902=ADVANCED_FACE('',(#8506),#8920,.F.);
#12903=ADVANCED_FACE('',(#8507),#8921,.F.);
#12904=ADVANCED_FACE('',(#8508),#191,.T.);
#12905=ADVANCED_FACE('',(#8509),#8922,.T.);
#12906=ADVANCED_FACE('',(#8510),#8923,.F.);
#12907=ADVANCED_FACE('',(#8511),#8924,.F.);
#12908=ADVANCED_FACE('',(#8512),#8925,.F.);
#12909=ADVANCED_FACE('',(#8513),#8926,.T.);
#12910=ADVANCED_FACE('',(#8514),#8927,.F.);
#12911=ADVANCED_FACE('',(#8515),#192,.T.);
#12912=ADVANCED_FACE('',(#8516),#8928,.F.);
#12913=ADVANCED_FACE('',(#8517),#8929,.F.);
#12914=ADVANCED_FACE('',(#8518),#8930,.F.);
#12915=ADVANCED_FACE('',(#8519),#193,.T.);
#12916=ADVANCED_FACE('',(#8520),#8931,.F.);
#12917=ADVANCED_FACE('',(#8521),#8932,.F.);
#12918=ADVANCED_FACE('',(#8522),#8933,.F.);
#12919=ADVANCED_FACE('',(#8523),#8934,.F.);
#12920=ADVANCED_FACE('',(#8524),#194,.T.);
#12921=ADVANCED_FACE('',(#8525),#8935,.T.);
#12922=ADVANCED_FACE('',(#8526),#8936,.T.);
#12923=ADVANCED_FACE('',(#8527),#8937,.T.);
#12924=ADVANCED_FACE('',(#8528),#8938,.T.);
#12925=ADVANCED_FACE('',(#8529),#8939,.T.);
#12926=ADVANCED_FACE('',(#8530),#8940,.T.);
#12927=ADVANCED_FACE('',(#8531),#8941,.T.);
#12928=ADVANCED_FACE('',(#8532),#8942,.T.);
#12929=ADVANCED_FACE('',(#8533),#8943,.T.);
#12930=ADVANCED_FACE('',(#8534),#8944,.T.);
#12931=ADVANCED_FACE('',(#8535),#8945,.T.);
#12932=ADVANCED_FACE('',(#8536),#8946,.T.);
#12933=ADVANCED_FACE('',(#8537),#8947,.T.);
#12934=ADVANCED_FACE('',(#8538),#8948,.T.);
#12935=ADVANCED_FACE('',(#8539),#8949,.T.);
#12936=ADVANCED_FACE('',(#8540),#8950,.T.);
#12937=ADVANCED_FACE('',(#8541),#8951,.T.);
#12938=ADVANCED_FACE('',(#8542),#8952,.T.);
#12939=ADVANCED_FACE('',(#8543),#8953,.T.);
#12940=ADVANCED_FACE('',(#8544),#8954,.T.);
#12941=ADVANCED_FACE('',(#8545),#8955,.T.);
#12942=ADVANCED_FACE('',(#8546),#8956,.T.);
#12943=ADVANCED_FACE('',(#8547),#8957,.T.);
#12944=ADVANCED_FACE('',(#8548),#8958,.T.);
#12945=ADVANCED_FACE('',(#8549),#8959,.T.);
#12946=ADVANCED_FACE('',(#8550),#8960,.T.);
#12947=ADVANCED_FACE('',(#8551),#8961,.T.);
#12948=ADVANCED_FACE('',(#8552),#8962,.T.);
#12949=ADVANCED_FACE('',(#8553),#8963,.T.);
#12950=ADVANCED_FACE('',(#8554),#8964,.T.);
#12951=ADVANCED_FACE('',(#8555),#8965,.T.);
#12952=ADVANCED_FACE('',(#8556),#8966,.T.);
#12953=ADVANCED_FACE('',(#8557),#8967,.T.);
#12954=ADVANCED_FACE('',(#8558),#8968,.T.);
#12955=ADVANCED_FACE('',(#8559),#8969,.T.);
#12956=ADVANCED_FACE('',(#8560),#8970,.T.);
#12957=ADVANCED_FACE('',(#8561),#8971,.T.);
#12958=ADVANCED_FACE('',(#8562),#8972,.T.);
#12959=ADVANCED_FACE('',(#8563),#8973,.T.);
#12960=ADVANCED_FACE('',(#8564),#8974,.T.);
#12961=ADVANCED_FACE('',(#8565),#8975,.T.);
#12962=ADVANCED_FACE('',(#8566),#8976,.T.);
#12963=ADVANCED_FACE('',(#8567),#8977,.T.);
#12964=ADVANCED_FACE('',(#8568),#8978,.T.);
#12965=ADVANCED_FACE('',(#8569),#8979,.T.);
#12966=ADVANCED_FACE('',(#8570),#8980,.T.);
#12967=ADVANCED_FACE('',(#8571),#8981,.T.);
#12968=ADVANCED_FACE('',(#8572),#8982,.T.);
#12969=ADVANCED_FACE('',(#8573),#8983,.T.);
#12970=ADVANCED_FACE('',(#8574),#8984,.F.);
#12971=ADVANCED_FACE('',(#8575),#8985,.F.);
#12972=ADVANCED_FACE('',(#8576),#8986,.T.);
#12973=ADVANCED_FACE('',(#8577),#8987,.F.);
#12974=ADVANCED_FACE('',(#8578),#8988,.F.);
#12975=ADVANCED_FACE('',(#8579),#8989,.F.);
#12976=ADVANCED_FACE('',(#8580),#8990,.F.);
#12977=ADVANCED_FACE('',(#8581),#8991,.T.);
#12978=ADVANCED_FACE('',(#8582),#8992,.F.);
#12979=ADVANCED_FACE('',(#8583),#8993,.F.);
#12980=ADVANCED_FACE('',(#8584),#8994,.F.);
#12981=ADVANCED_FACE('',(#8585),#8995,.F.);
#12982=ADVANCED_FACE('',(#8586),#8996,.T.);
#12983=ADVANCED_FACE('',(#8587),#8997,.F.);
#12984=ADVANCED_FACE('',(#8588),#8998,.F.);
#12985=ADVANCED_FACE('',(#8589),#8999,.F.);
#12986=ADVANCED_FACE('',(#8590),#9000,.F.);
#12987=ADVANCED_FACE('',(#8591),#9001,.T.);
#12988=ADVANCED_FACE('',(#8592),#9002,.F.);
#12989=ADVANCED_FACE('',(#8593),#9003,.F.);
#12990=ADVANCED_FACE('',(#8594),#9004,.F.);
#12991=ADVANCED_FACE('',(#8595),#9005,.F.);
#12992=ADVANCED_FACE('',(#8596),#9006,.T.);
#12993=ADVANCED_FACE('',(#8597),#9007,.F.);
#12994=ADVANCED_FACE('',(#8598),#9008,.F.);
#12995=ADVANCED_FACE('',(#8599),#9009,.F.);
#12996=ADVANCED_FACE('',(#8600),#9010,.F.);
#12997=ADVANCED_FACE('',(#8601),#9011,.T.);
#12998=ADVANCED_FACE('',(#8602),#9012,.F.);
#12999=ADVANCED_FACE('',(#8603),#9013,.F.);
#13000=ADVANCED_FACE('',(#8604),#9014,.F.);
#13001=ADVANCED_FACE('',(#8605),#9015,.F.);
#13002=ADVANCED_FACE('',(#8606),#9016,.T.);
#13003=ADVANCED_FACE('',(#8607),#9017,.F.);
#13004=ADVANCED_FACE('',(#8608),#9018,.F.);
#13005=ADVANCED_FACE('',(#8609),#9019,.F.);
#13006=ADVANCED_FACE('',(#8610),#9020,.F.);
#13007=ADVANCED_FACE('',(#8611),#9021,.T.);
#13008=ADVANCED_FACE('',(#8612),#9022,.F.);
#13009=ADVANCED_FACE('',(#8613),#9023,.F.);
#13010=ADVANCED_FACE('',(#8614),#9024,.F.);
#13011=ADVANCED_FACE('',(#8615),#9025,.F.);
#13012=ADVANCED_FACE('',(#8616),#9026,.T.);
#13013=ADVANCED_FACE('',(#8617),#9027,.F.);
#13014=ADVANCED_FACE('',(#8618),#9028,.F.);
#13015=ADVANCED_FACE('',(#8619),#9029,.F.);
#13016=ADVANCED_FACE('',(#8620),#9030,.F.);
#13017=ADVANCED_FACE('',(#8621),#9031,.T.);
#13018=ADVANCED_FACE('',(#8622),#9032,.F.);
#13019=ADVANCED_FACE('',(#8623),#9033,.F.);
#13020=ADVANCED_FACE('',(#8624),#9034,.F.);
#13021=ADVANCED_FACE('',(#8625),#9035,.F.);
#13022=ADVANCED_FACE('',(#8626),#9036,.T.);
#13023=ADVANCED_FACE('',(#8627),#9037,.F.);
#13024=ADVANCED_FACE('',(#8628),#9038,.F.);
#13025=ADVANCED_FACE('',(#8629),#9039,.F.);
#13026=ADVANCED_FACE('',(#8630),#9040,.F.);
#13027=ADVANCED_FACE('',(#8631),#9041,.T.);
#13028=ADVANCED_FACE('',(#8632),#9042,.F.);
#13029=ADVANCED_FACE('',(#8633),#9043,.F.);
#13030=ADVANCED_FACE('',(#8634),#9044,.T.);
#13031=ADVANCED_FACE('',(#8635),#9045,.T.);
#13032=ADVANCED_FACE('',(#8636),#9046,.F.);
#13033=ADVANCED_FACE('',(#8637),#9047,.T.);
#13034=ADVANCED_FACE('',(#8638),#9048,.T.);
#13035=ADVANCED_FACE('',(#8639),#9049,.T.);
#13036=ADVANCED_FACE('',(#8640),#195,.T.);
#13037=ADVANCED_FACE('',(#8641),#9050,.T.);
#13038=ADVANCED_FACE('',(#8642),#196,.T.);
#13039=ADVANCED_FACE('',(#8643),#9051,.T.);
#13040=ADVANCED_FACE('',(#8644),#9052,.T.);
#13041=ADVANCED_FACE('',(#8645),#9053,.T.);
#13042=ADVANCED_FACE('',(#8646),#9054,.F.);
#13043=ADVANCED_FACE('',(#8647),#9055,.T.);
#13044=ADVANCED_FACE('',(#8648),#9056,.T.);
#13045=ADVANCED_FACE('',(#8649),#9057,.T.);
#13046=ADVANCED_FACE('',(#8650),#197,.T.);
#13047=ADVANCED_FACE('',(#8651),#9058,.T.);
#13048=ADVANCED_FACE('',(#8652),#198,.T.);
#13049=ADVANCED_FACE('',(#8653),#9059,.T.);
#13050=ADVANCED_FACE('',(#8654),#9060,.T.);
#13051=ADVANCED_FACE('',(#8655),#9061,.T.);
#13052=ADVANCED_FACE('',(#8656),#9062,.F.);
#13053=ADVANCED_FACE('',(#8657),#9063,.T.);
#13054=ADVANCED_FACE('',(#8658),#9064,.T.);
#13055=ADVANCED_FACE('',(#8659),#9065,.T.);
#13056=ADVANCED_FACE('',(#8660),#199,.T.);
#13057=ADVANCED_FACE('',(#8661),#9066,.T.);
#13058=ADVANCED_FACE('',(#8662),#200,.T.);
#13059=ADVANCED_FACE('',(#8663),#9067,.T.);
#13060=ADVANCED_FACE('',(#8664),#9068,.T.);
#13061=ADVANCED_FACE('',(#8665),#9069,.T.);
#13062=ADVANCED_FACE('',(#8666),#9070,.F.);
#13063=ADVANCED_FACE('',(#8667),#9071,.T.);
#13064=ADVANCED_FACE('',(#8668),#9072,.T.);
#13065=ADVANCED_FACE('',(#8669),#9073,.T.);
#13066=ADVANCED_FACE('',(#8670),#201,.T.);
#13067=ADVANCED_FACE('',(#8671),#9074,.T.);
#13068=ADVANCED_FACE('',(#8672),#202,.T.);
#13069=ADVANCED_FACE('',(#8673),#9075,.T.);
#13070=ADVANCED_FACE('',(#8674),#9076,.T.);
#13071=ADVANCED_FACE('',(#8675),#9077,.T.);
#13072=ADVANCED_FACE('',(#8676),#9078,.F.);
#13073=ADVANCED_FACE('',(#8677),#9079,.T.);
#13074=ADVANCED_FACE('',(#8678),#9080,.T.);
#13075=ADVANCED_FACE('',(#8679),#9081,.T.);
#13076=ADVANCED_FACE('',(#8680),#203,.T.);
#13077=ADVANCED_FACE('',(#8681),#9082,.T.);
#13078=ADVANCED_FACE('',(#8682),#204,.T.);
#13079=ADVANCED_FACE('',(#8683),#9083,.T.);
#13080=ADVANCED_FACE('',(#8684),#9084,.T.);
#13081=ADVANCED_FACE('',(#8685),#9085,.T.);
#13082=ADVANCED_FACE('',(#8686),#9086,.F.);
#13083=ADVANCED_FACE('',(#8687),#9087,.T.);
#13084=ADVANCED_FACE('',(#8688),#9088,.T.);
#13085=ADVANCED_FACE('',(#8689),#9089,.T.);
#13086=ADVANCED_FACE('',(#8690),#205,.T.);
#13087=ADVANCED_FACE('',(#8691),#9090,.T.);
#13088=ADVANCED_FACE('',(#8692),#206,.T.);
#13089=ADVANCED_FACE('',(#8693),#9091,.T.);
#13090=ADVANCED_FACE('',(#8694),#9092,.T.);
#13091=ADVANCED_FACE('',(#8695),#9093,.T.);
#13092=ADVANCED_FACE('',(#8696),#9094,.F.);
#13093=ADVANCED_FACE('',(#8697),#9095,.T.);
#13094=ADVANCED_FACE('',(#8698),#9096,.T.);
#13095=ADVANCED_FACE('',(#8699),#9097,.T.);
#13096=ADVANCED_FACE('',(#8700),#207,.T.);
#13097=ADVANCED_FACE('',(#8701),#9098,.T.);
#13098=ADVANCED_FACE('',(#8702),#208,.T.);
#13099=ADVANCED_FACE('',(#8703),#9099,.T.);
#13100=ADVANCED_FACE('',(#8704),#9100,.T.);
#13101=ADVANCED_FACE('',(#8705),#9101,.T.);
#13102=ADVANCED_FACE('',(#8706),#9102,.F.);
#13103=ADVANCED_FACE('',(#8707),#9103,.T.);
#13104=ADVANCED_FACE('',(#8708),#9104,.T.);
#13105=ADVANCED_FACE('',(#8709),#9105,.T.);
#13106=ADVANCED_FACE('',(#8710),#209,.T.);
#13107=ADVANCED_FACE('',(#8711),#9106,.T.);
#13108=ADVANCED_FACE('',(#8712),#210,.T.);
#13109=ADVANCED_FACE('',(#8713),#9107,.T.);
#13110=ADVANCED_FACE('',(#8714),#9108,.T.);
#13111=ADVANCED_FACE('',(#8715),#9109,.T.);
#13112=ADVANCED_FACE('',(#8716),#9110,.F.);
#13113=ADVANCED_FACE('',(#8717),#9111,.T.);
#13114=ADVANCED_FACE('',(#8718),#9112,.T.);
#13115=ADVANCED_FACE('',(#8719),#9113,.T.);
#13116=ADVANCED_FACE('',(#8720),#211,.T.);
#13117=ADVANCED_FACE('',(#8721),#9114,.T.);
#13118=ADVANCED_FACE('',(#8722),#212,.T.);
#13119=ADVANCED_FACE('',(#8723),#9115,.T.);
#13120=ADVANCED_FACE('',(#8724),#9116,.T.);
#13121=ADVANCED_FACE('',(#8725),#9117,.T.);
#13122=ADVANCED_FACE('',(#8726),#9118,.F.);
#13123=ADVANCED_FACE('',(#8727),#9119,.T.);
#13124=ADVANCED_FACE('',(#8728),#9120,.T.);
#13125=ADVANCED_FACE('',(#8729),#9121,.T.);
#13126=ADVANCED_FACE('',(#8730),#213,.T.);
#13127=ADVANCED_FACE('',(#8731),#9122,.T.);
#13128=ADVANCED_FACE('',(#8732),#214,.T.);
#13129=ADVANCED_FACE('',(#8733),#9123,.T.);
#13130=ADVANCED_FACE('',(#8734),#9124,.T.);
#13131=ADVANCED_FACE('',(#8735),#9125,.T.);
#13132=ADVANCED_FACE('',(#8736),#9126,.F.);
#13133=ADVANCED_FACE('',(#8737),#9127,.T.);
#13134=ADVANCED_FACE('',(#8738),#9128,.T.);
#13135=ADVANCED_FACE('',(#8739),#9129,.T.);
#13136=ADVANCED_FACE('',(#8740),#215,.T.);
#13137=ADVANCED_FACE('',(#8741),#9130,.T.);
#13138=ADVANCED_FACE('',(#8742),#216,.T.);
#13139=ADVANCED_FACE('',(#8743),#9131,.T.);
#13140=ADVANCED_FACE('',(#8744),#9132,.T.);
#13141=ADVANCED_FACE('',(#8745),#9133,.T.);
#13142=ADVANCED_FACE('',(#8746),#9134,.F.);
#13143=ADVANCED_FACE('',(#8747),#9135,.T.);
#13144=ADVANCED_FACE('',(#8748),#9136,.T.);
#13145=ADVANCED_FACE('',(#8749),#9137,.T.);
#13146=ADVANCED_FACE('',(#8750),#217,.T.);
#13147=ADVANCED_FACE('',(#8751),#9138,.T.);
#13148=ADVANCED_FACE('',(#8752),#218,.T.);
#13149=ADVANCED_FACE('',(#8753),#9139,.T.);
#13150=ADVANCED_FACE('',(#8754),#9140,.F.);
#13151=ADVANCED_FACE('',(#8755),#9141,.F.);
#13152=ADVANCED_FACE('',(#8756),#9142,.F.);
#13153=ADVANCED_FACE('',(#8757),#9143,.F.);
#13154=ADVANCED_FACE('',(#8758),#9144,.F.);
#13155=ADVANCED_FACE('',(#8759),#9145,.F.);
#13156=ADVANCED_FACE('',(#8760),#9146,.F.);
#13157=ADVANCED_FACE('',(#8761),#9147,.F.);
#13158=ADVANCED_FACE('',(#8762),#9148,.F.);
#13159=ADVANCED_FACE('',(#8763),#9149,.F.);
#13160=ADVANCED_FACE('',(#8764),#9150,.F.);
#13161=ADVANCED_FACE('',(#8765),#9151,.F.);
#13162=ADVANCED_FACE('',(#8766),#9152,.F.);
#13163=ADVANCED_FACE('',(#8767),#9153,.F.);
#13164=ADVANCED_FACE('',(#8768),#9154,.F.);
#13165=ADVANCED_FACE('',(#8769),#9155,.F.);
#13166=ADVANCED_FACE('',(#8770),#9156,.F.);
#13167=ADVANCED_FACE('',(#8771),#9157,.F.);
#13168=ADVANCED_FACE('',(#8772),#9158,.F.);
#13169=ADVANCED_FACE('',(#8773),#9159,.F.);
#13170=ADVANCED_FACE('',(#8774),#9160,.F.);
#13171=ADVANCED_FACE('',(#8775),#9161,.F.);
#13172=ADVANCED_FACE('',(#8776),#9162,.F.);
#13173=ADVANCED_FACE('',(#8777),#9163,.F.);
#13174=ADVANCED_FACE('',(#8778),#9164,.F.);
#13175=ADVANCED_FACE('',(#8779),#9165,.F.);
#13176=ADVANCED_FACE('',(#8780),#9166,.F.);
#13177=ADVANCED_FACE('',(#8781),#9167,.F.);
#13178=ADVANCED_FACE('',(#8782),#9168,.F.);
#13179=ADVANCED_FACE('',(#8783),#9169,.F.);
#13180=ADVANCED_FACE('',(#8784),#9170,.F.);
#13181=ADVANCED_FACE('',(#8785),#9171,.F.);
#13182=ADVANCED_FACE('',(#8786),#9172,.F.);
#13183=ADVANCED_FACE('',(#8787),#9173,.F.);
#13184=ADVANCED_FACE('',(#8788),#9174,.F.);
#13185=ADVANCED_FACE('',(#8789),#9175,.F.);
#13186=CLOSED_SHELL('',(#12685,#12686,#12687,#12688,#12689,#12690,#12691,
#12692,#12693,#12694,#12695,#12696,#12697,#12698,#12699,#12700,#12701,#12702,
#12703,#12704,#12705,#12706,#12707,#12708,#12709,#12710,#12711,#12712,#12713,
#12714,#12715,#12716,#12717,#12718,#12719,#12720,#12721,#12722,#12723,#12724,
#12725,#12726,#12727,#12728,#12729,#12730,#12731,#12732,#12733,#12734,#12735,
#12736,#12737,#12738,#12739,#12740,#12741,#12742,#12743,#12744,#12745,#12746,
#12747,#12748,#12749,#12750,#12751,#12752,#12753,#12754,#12755,#12756,#12757,
#12758,#12759,#12760,#12761,#12762,#12763,#12764,#12765,#12766,#12767,#12768,
#12769,#12770,#12771,#12772,#12773,#12774,#12775,#12776,#12777,#12778,#12779,
#12780,#12781,#12782,#12783,#12784,#12785,#12786,#12787,#12788,#12789,#12790,
#12791,#12792,#12793,#12794,#12795,#12796,#12797,#12798,#12799,#12800,#12801,
#12802,#12803,#12804,#12805,#12806,#12807,#12808,#12809,#12810,#12811,#12812,
#12813,#12814,#12815,#12816,#12817,#12818,#12819,#12820,#12821,#12822,#12823,
#12824,#12825,#12826,#12827,#12828,#12829,#12830,#12831,#12832,#12833,#12834,
#12835,#12836,#12837,#12838,#12839,#12840,#12841,#12842,#12843,#12844,#12845,
#12846,#12847,#12848,#12849,#12850,#12851,#12852,#12853,#12854,#12855,#12856,
#12857,#12858,#12859,#12860,#12861,#12862,#12863,#12864,#12865,#12866,#12867,
#12868,#12869,#12870,#12871,#12872,#12873,#12874,#12875,#12876,#12877,#12878,
#12879,#12880,#12881,#12882,#12883,#12884,#12885,#12886,#12887,#12888,#12889,
#12890,#12891,#12892,#12893,#12894,#12895,#12896,#12897,#12898,#12899,#12900,
#12901,#12902,#12903,#12904,#12905,#12906,#12907,#12908,#12909,#12910,#12911,
#12912,#12913,#12914,#12915,#12916,#12917,#12918,#12919,#12920,#12921,#12922,
#12923,#12924,#12925,#12926,#12927,#12928,#12929,#12930,#12931,#12932,#12933,
#12934,#12935,#12936,#12937,#12938,#12939,#12940,#12941,#12942,#12943,#12944,
#12945,#12946,#12947,#12948,#12949,#12950,#12951,#12952,#12953,#12954,#12955,
#12956,#12957,#12958,#12959,#12960,#12961,#12962,#12963,#12964,#12965,#12966,
#12967,#12968,#12969,#12970,#12971,#12972,#12973,#12974,#12975,#12976,#12977,
#12978,#12979,#12980,#12981,#12982,#12983,#12984,#12985,#12986,#12987,#12988,
#12989,#12990,#12991,#12992,#12993,#12994,#12995,#12996,#12997,#12998,#12999,
#13000,#13001,#13002,#13003,#13004,#13005,#13006,#13007,#13008,#13009,#13010,
#13011,#13012,#13013,#13014,#13015,#13016,#13017,#13018,#13019,#13020,#13021,
#13022,#13023,#13024,#13025,#13026,#13027,#13028,#13029,#13030,#13031,#13032,
#13033,#13034,#13035,#13036,#13037,#13038,#13039,#13040,#13041,#13042,#13043,
#13044,#13045,#13046,#13047,#13048,#13049,#13050,#13051,#13052,#13053,#13054,
#13055,#13056,#13057,#13058,#13059,#13060,#13061,#13062,#13063,#13064,#13065,
#13066,#13067,#13068,#13069,#13070,#13071,#13072,#13073,#13074,#13075,#13076,
#13077,#13078,#13079,#13080,#13081,#13082,#13083,#13084,#13085,#13086,#13087,
#13088,#13089,#13090,#13091,#13092,#13093,#13094,#13095,#13096,#13097,#13098,
#13099,#13100,#13101,#13102,#13103,#13104,#13105,#13106,#13107,#13108,#13109,
#13110,#13111,#13112,#13113,#13114,#13115,#13116,#13117,#13118,#13119,#13120,
#13121,#13122,#13123,#13124,#13125,#13126,#13127,#13128,#13129,#13130,#13131,
#13132,#13133,#13134,#13135,#13136,#13137,#13138,#13139,#13140,#13141,#13142,
#13143,#13144,#13145,#13146,#13147,#13148,#13149,#13150,#13151,#13152,#13153,
#13154,#13155,#13156,#13157,#13158,#13159,#13160,#13161,#13162,#13163,#13164,
#13165,#13166,#13167,#13168,#13169,#13170,#13171,#13172,#13173,#13174,#13175,
#13176,#13177,#13178,#13179,#13180,#13181,#13182,#13183,#13184,#13185));
#13187=MANIFOLD_SOLID_BREP('250-212/000-012',#13186);
#13188=SHAPE_DEFINITION_REPRESENTATION(#19404,#13189);
#13189=SHAPE_REPRESENTATION('250-212/000-012',(#13190),#19399);
#13190=AXIS2_PLACEMENT_3D('',#16449,#13898,#13899);
#13191=AXIS2_PLACEMENT_3D('',#16450,#13900,#13901);
#13192=AXIS2_PLACEMENT_3D('',#16457,#13905,#13906);
#13193=AXIS2_PLACEMENT_3D('',#16464,#13910,#13911);
#13194=AXIS2_PLACEMENT_3D('',#16471,#13915,#13916);
#13195=AXIS2_PLACEMENT_3D('',#16478,#13920,#13921);
#13196=AXIS2_PLACEMENT_3D('',#16485,#13925,#13926);
#13197=AXIS2_PLACEMENT_3D('',#16492,#13930,#13931);
#13198=AXIS2_PLACEMENT_3D('',#16499,#13935,#13936);
#13199=AXIS2_PLACEMENT_3D('',#16506,#13940,#13941);
#13200=AXIS2_PLACEMENT_3D('',#16513,#13945,#13946);
#13201=AXIS2_PLACEMENT_3D('',#16520,#13950,#13951);
#13202=AXIS2_PLACEMENT_3D('',#16527,#13955,#13956);
#13203=AXIS2_PLACEMENT_3D('',#16534,#13960,#13961);
#13204=AXIS2_PLACEMENT_3D('',#16586,#13987,#13988);
#13205=AXIS2_PLACEMENT_3D('',#16594,#13992,#13993);
#13206=AXIS2_PLACEMENT_3D('',#16610,#14001,#14002);
#13207=AXIS2_PLACEMENT_3D('',#16618,#14006,#14007);
#13208=AXIS2_PLACEMENT_3D('',#16626,#14011,#14012);
#13209=AXIS2_PLACEMENT_3D('',#16634,#14016,#14017);
#13210=AXIS2_PLACEMENT_3D('',#16642,#14021,#14022);
#13211=AXIS2_PLACEMENT_3D('',#16650,#14026,#14027);
#13212=AXIS2_PLACEMENT_3D('',#16658,#14031,#14032);
#13213=AXIS2_PLACEMENT_3D('',#16666,#14036,#14037);
#13214=AXIS2_PLACEMENT_3D('',#16674,#14041,#14042);
#13215=AXIS2_PLACEMENT_3D('',#16682,#14046,#14047);
#13216=AXIS2_PLACEMENT_3D('',#16735,#14074,#14075);
#13217=AXIS2_PLACEMENT_3D('',#16736,#14076,#14077);
#13218=AXIS2_PLACEMENT_3D('',#16740,#14079,#14080);
#13219=AXIS2_PLACEMENT_3D('',#16741,#14081,#14082);
#13220=AXIS2_PLACEMENT_3D('',#16749,#14086,#14087);
#13221=AXIS2_PLACEMENT_3D('',#16757,#14091,#14092);
#13222=AXIS2_PLACEMENT_3D('',#16765,#14096,#14097);
#13223=AXIS2_PLACEMENT_3D('',#16773,#14101,#14102);
#13224=AXIS2_PLACEMENT_3D('',#16781,#14106,#14107);
#13225=AXIS2_PLACEMENT_3D('',#16789,#14111,#14112);
#13226=AXIS2_PLACEMENT_3D('',#16797,#14116,#14117);
#13227=AXIS2_PLACEMENT_3D('',#16805,#14121,#14122);
#13228=AXIS2_PLACEMENT_3D('',#16813,#14126,#14127);
#13229=AXIS2_PLACEMENT_3D('',#16821,#14131,#14132);
#13230=AXIS2_PLACEMENT_3D('',#16837,#14140,#14141);
#13231=AXIS2_PLACEMENT_3D('',#16842,#14144,#14145);
#13232=AXIS2_PLACEMENT_3D('',#16843,#14146,#14147);
#13233=AXIS2_PLACEMENT_3D('',#16846,#14149,#14150);
#13234=AXIS2_PLACEMENT_3D('',#16849,#14152,#14153);
#13235=AXIS2_PLACEMENT_3D('',#16852,#14155,#14156);
#13236=AXIS2_PLACEMENT_3D('',#16855,#14158,#14159);
#13237=AXIS2_PLACEMENT_3D('',#16858,#14161,#14162);
#13238=AXIS2_PLACEMENT_3D('',#16861,#14164,#14165);
#13239=AXIS2_PLACEMENT_3D('',#16864,#14167,#14168);
#13240=AXIS2_PLACEMENT_3D('',#16867,#14170,#14171);
#13241=AXIS2_PLACEMENT_3D('',#16870,#14173,#14174);
#13242=AXIS2_PLACEMENT_3D('',#16873,#14176,#14177);
#13243=AXIS2_PLACEMENT_3D('',#16876,#14179,#14180);
#13244=AXIS2_PLACEMENT_3D('',#16879,#14182,#14183);
#13245=AXIS2_PLACEMENT_3D('',#16882,#14185,#14186);
#13246=AXIS2_PLACEMENT_3D('',#16885,#14188,#14189);
#13247=AXIS2_PLACEMENT_3D('',#16888,#14191,#14192);
#13248=AXIS2_PLACEMENT_3D('',#16891,#14194,#14195);
#13249=AXIS2_PLACEMENT_3D('',#16894,#14197,#14198);
#13250=AXIS2_PLACEMENT_3D('',#16897,#14200,#14201);
#13251=AXIS2_PLACEMENT_3D('',#16900,#14203,#14204);
#13252=AXIS2_PLACEMENT_3D('',#16903,#14206,#14207);
#13253=AXIS2_PLACEMENT_3D('',#16906,#14209,#14210);
#13254=AXIS2_PLACEMENT_3D('',#16909,#14212,#14213);
#13255=AXIS2_PLACEMENT_3D('',#16912,#14215,#14216);
#13256=AXIS2_PLACEMENT_3D('',#16915,#14218,#14219);
#13257=AXIS2_PLACEMENT_3D('',#16918,#14221,#14222);
#13258=AXIS2_PLACEMENT_3D('',#16921,#14224,#14225);
#13259=AXIS2_PLACEMENT_3D('',#16924,#14227,#14228);
#13260=AXIS2_PLACEMENT_3D('',#16927,#14230,#14231);
#13261=AXIS2_PLACEMENT_3D('',#16930,#14233,#14234);
#13262=AXIS2_PLACEMENT_3D('',#16933,#14236,#14237);
#13263=AXIS2_PLACEMENT_3D('',#16936,#14239,#14240);
#13264=AXIS2_PLACEMENT_3D('',#16939,#14242,#14243);
#13265=AXIS2_PLACEMENT_3D('',#16942,#14245,#14246);
#13266=AXIS2_PLACEMENT_3D('',#16945,#14248,#14249);
#13267=AXIS2_PLACEMENT_3D('',#16948,#14251,#14252);
#13268=AXIS2_PLACEMENT_3D('',#16951,#14254,#14255);
#13269=AXIS2_PLACEMENT_3D('',#16954,#14257,#14258);
#13270=AXIS2_PLACEMENT_3D('',#16957,#14260,#14261);
#13271=AXIS2_PLACEMENT_3D('',#16960,#14263,#14264);
#13272=AXIS2_PLACEMENT_3D('',#16963,#14266,#14267);
#13273=AXIS2_PLACEMENT_3D('',#16966,#14269,#14270);
#13274=AXIS2_PLACEMENT_3D('',#16969,#14272,#14273);
#13275=AXIS2_PLACEMENT_3D('',#16972,#14275,#14276);
#13276=AXIS2_PLACEMENT_3D('',#16975,#14278,#14279);
#13277=AXIS2_PLACEMENT_3D('',#16976,#14280,#14281);
#13278=AXIS2_PLACEMENT_3D('',#16977,#14282,#14283);
#13279=AXIS2_PLACEMENT_3D('',#16978,#14284,#14285);
#13280=AXIS2_PLACEMENT_3D('',#16979,#14286,#14287);
#13281=AXIS2_PLACEMENT_3D('',#16980,#14288,#14289);
#13282=AXIS2_PLACEMENT_3D('',#16981,#14290,#14291);
#13283=AXIS2_PLACEMENT_3D('',#16982,#14292,#14293);
#13284=AXIS2_PLACEMENT_3D('',#16983,#14294,#14295);
#13285=AXIS2_PLACEMENT_3D('',#16984,#14296,#14297);
#13286=AXIS2_PLACEMENT_3D('',#16985,#14298,#14299);
#13287=AXIS2_PLACEMENT_3D('',#16986,#14300,#14301);
#13288=AXIS2_PLACEMENT_3D('',#16987,#14302,#14303);
#13289=AXIS2_PLACEMENT_3D('',#16988,#14304,#14305);
#13290=AXIS2_PLACEMENT_3D('',#16989,#14306,#14307);
#13291=AXIS2_PLACEMENT_3D('',#16990,#14308,#14309);
#13292=AXIS2_PLACEMENT_3D('',#16991,#14310,#14311);
#13293=AXIS2_PLACEMENT_3D('',#16992,#14312,#14313);
#13294=AXIS2_PLACEMENT_3D('',#16993,#14314,#14315);
#13295=AXIS2_PLACEMENT_3D('',#16994,#14316,#14317);
#13296=AXIS2_PLACEMENT_3D('',#16995,#14318,#14319);
#13297=AXIS2_PLACEMENT_3D('',#16996,#14320,#14321);
#13298=AXIS2_PLACEMENT_3D('',#16997,#14322,#14323);
#13299=AXIS2_PLACEMENT_3D('',#16998,#14324,#14325);
#13300=AXIS2_PLACEMENT_3D('',#16999,#14326,#14327);
#13301=AXIS2_PLACEMENT_3D('',#17000,#14328,#14329);
#13302=AXIS2_PLACEMENT_3D('',#17001,#14330,#14331);
#13303=AXIS2_PLACEMENT_3D('',#17002,#14332,#14333);
#13304=AXIS2_PLACEMENT_3D('',#17003,#14334,#14335);
#13305=AXIS2_PLACEMENT_3D('',#17004,#14336,#14337);
#13306=AXIS2_PLACEMENT_3D('',#17005,#14338,#14339);
#13307=AXIS2_PLACEMENT_3D('',#17006,#14340,#14341);
#13308=AXIS2_PLACEMENT_3D('',#17007,#14342,#14343);
#13309=AXIS2_PLACEMENT_3D('',#17008,#14344,#14345);
#13310=AXIS2_PLACEMENT_3D('',#17019,#14346,#14347);
#13311=AXIS2_PLACEMENT_3D('',#17030,#14348,#14349);
#13312=AXIS2_PLACEMENT_3D('',#17033,#14351,#14352);
#13313=AXIS2_PLACEMENT_3D('',#17036,#14354,#14355);
#13314=AXIS2_PLACEMENT_3D('',#17042,#14359,#14360);
#13315=AXIS2_PLACEMENT_3D('',#17053,#14361,#14362);
#13316=AXIS2_PLACEMENT_3D('',#17064,#14363,#14364);
#13317=AXIS2_PLACEMENT_3D('',#17067,#14366,#14367);
#13318=AXIS2_PLACEMENT_3D('',#17070,#14369,#14370);
#13319=AXIS2_PLACEMENT_3D('',#17076,#14374,#14375);
#13320=AXIS2_PLACEMENT_3D('',#17087,#14376,#14377);
#13321=AXIS2_PLACEMENT_3D('',#17098,#14378,#14379);
#13322=AXIS2_PLACEMENT_3D('',#17101,#14381,#14382);
#13323=AXIS2_PLACEMENT_3D('',#17104,#14384,#14385);
#13324=AXIS2_PLACEMENT_3D('',#17110,#14389,#14390);
#13325=AXIS2_PLACEMENT_3D('',#17121,#14391,#14392);
#13326=AXIS2_PLACEMENT_3D('',#17132,#14393,#14394);
#13327=AXIS2_PLACEMENT_3D('',#17135,#14396,#14397);
#13328=AXIS2_PLACEMENT_3D('',#17138,#14399,#14400);
#13329=AXIS2_PLACEMENT_3D('',#17144,#14404,#14405);
#13330=AXIS2_PLACEMENT_3D('',#17155,#14406,#14407);
#13331=AXIS2_PLACEMENT_3D('',#17166,#14408,#14409);
#13332=AXIS2_PLACEMENT_3D('',#17169,#14411,#14412);
#13333=AXIS2_PLACEMENT_3D('',#17172,#14414,#14415);
#13334=AXIS2_PLACEMENT_3D('',#17178,#14419,#14420);
#13335=AXIS2_PLACEMENT_3D('',#17189,#14421,#14422);
#13336=AXIS2_PLACEMENT_3D('',#17200,#14423,#14424);
#13337=AXIS2_PLACEMENT_3D('',#17203,#14426,#14427);
#13338=AXIS2_PLACEMENT_3D('',#17206,#14429,#14430);
#13339=AXIS2_PLACEMENT_3D('',#17212,#14434,#14435);
#13340=AXIS2_PLACEMENT_3D('',#17223,#14436,#14437);
#13341=AXIS2_PLACEMENT_3D('',#17234,#14438,#14439);
#13342=AXIS2_PLACEMENT_3D('',#17237,#14441,#14442);
#13343=AXIS2_PLACEMENT_3D('',#17240,#14444,#14445);
#13344=AXIS2_PLACEMENT_3D('',#17246,#14449,#14450);
#13345=AXIS2_PLACEMENT_3D('',#17257,#14451,#14452);
#13346=AXIS2_PLACEMENT_3D('',#17268,#14453,#14454);
#13347=AXIS2_PLACEMENT_3D('',#17271,#14456,#14457);
#13348=AXIS2_PLACEMENT_3D('',#17274,#14459,#14460);
#13349=AXIS2_PLACEMENT_3D('',#17280,#14464,#14465);
#13350=AXIS2_PLACEMENT_3D('',#17291,#14466,#14467);
#13351=AXIS2_PLACEMENT_3D('',#17302,#14468,#14469);
#13352=AXIS2_PLACEMENT_3D('',#17305,#14471,#14472);
#13353=AXIS2_PLACEMENT_3D('',#17308,#14474,#14475);
#13354=AXIS2_PLACEMENT_3D('',#17314,#14479,#14480);
#13355=AXIS2_PLACEMENT_3D('',#17325,#14481,#14482);
#13356=AXIS2_PLACEMENT_3D('',#17336,#14483,#14484);
#13357=AXIS2_PLACEMENT_3D('',#17339,#14486,#14487);
#13358=AXIS2_PLACEMENT_3D('',#17342,#14489,#14490);
#13359=AXIS2_PLACEMENT_3D('',#17348,#14494,#14495);
#13360=AXIS2_PLACEMENT_3D('',#17359,#14496,#14497);
#13361=AXIS2_PLACEMENT_3D('',#17370,#14498,#14499);
#13362=AXIS2_PLACEMENT_3D('',#17373,#14501,#14502);
#13363=AXIS2_PLACEMENT_3D('',#17376,#14504,#14505);
#13364=AXIS2_PLACEMENT_3D('',#17382,#14509,#14510);
#13365=AXIS2_PLACEMENT_3D('',#17385,#14512,#14513);
#13366=AXIS2_PLACEMENT_3D('',#17388,#14515,#14516);
#13367=AXIS2_PLACEMENT_3D('',#17391,#14518,#14519);
#13368=AXIS2_PLACEMENT_3D('',#17394,#14521,#14522);
#13369=AXIS2_PLACEMENT_3D('',#17395,#14523,#14524);
#13370=AXIS2_PLACEMENT_3D('',#17396,#14525,#14526);
#13371=AXIS2_PLACEMENT_3D('',#17397,#14527,#14528);
#13372=AXIS2_PLACEMENT_3D('',#17408,#14529,#14530);
#13373=AXIS2_PLACEMENT_3D('',#17419,#14531,#14532);
#13374=AXIS2_PLACEMENT_3D('',#17422,#14534,#14535);
#13375=AXIS2_PLACEMENT_3D('',#17425,#14537,#14538);
#13376=AXIS2_PLACEMENT_3D('',#17431,#14542,#14543);
#13377=AXIS2_PLACEMENT_3D('',#17434,#14546,#14547);
#13378=AXIS2_PLACEMENT_3D('',#17437,#14550,#14551);
#13379=AXIS2_PLACEMENT_3D('',#17440,#14554,#14555);
#13380=AXIS2_PLACEMENT_3D('',#17443,#14558,#14559);
#13381=AXIS2_PLACEMENT_3D('',#17446,#14562,#14563);
#13382=AXIS2_PLACEMENT_3D('',#17449,#14566,#14567);
#13383=AXIS2_PLACEMENT_3D('',#17452,#14570,#14571);
#13384=AXIS2_PLACEMENT_3D('',#17455,#14574,#14575);
#13385=AXIS2_PLACEMENT_3D('',#17458,#14578,#14579);
#13386=AXIS2_PLACEMENT_3D('',#17461,#14582,#14583);
#13387=AXIS2_PLACEMENT_3D('',#17464,#14586,#14587);
#13388=AXIS2_PLACEMENT_3D('',#17467,#14590,#14591);
#13389=AXIS2_PLACEMENT_3D('',#17764,#14740,#14741);
#13390=AXIS2_PLACEMENT_3D('',#17773,#14746,#14747);
#13391=AXIS2_PLACEMENT_3D('',#17774,#14748,#14749);
#13392=AXIS2_PLACEMENT_3D('',#17778,#14751,#14752);
#13393=AXIS2_PLACEMENT_3D('',#17779,#14753,#14754);
#13394=AXIS2_PLACEMENT_3D('',#17785,#14758,#14759);
#13395=AXIS2_PLACEMENT_3D('',#17786,#14760,#14761);
#13396=AXIS2_PLACEMENT_3D('',#17790,#14763,#14764);
#13397=AXIS2_PLACEMENT_3D('',#17791,#14765,#14766);
#13398=AXIS2_PLACEMENT_3D('',#17857,#14806,#14807);
#13399=AXIS2_PLACEMENT_3D('',#17926,#14848,#14849);
#13400=AXIS2_PLACEMENT_3D('',#17927,#14850,#14851);
#13401=AXIS2_PLACEMENT_3D('',#17928,#14852,#14853);
#13402=AXIS2_PLACEMENT_3D('',#17929,#14854,#14855);
#13403=AXIS2_PLACEMENT_3D('',#17930,#14856,#14857);
#13404=AXIS2_PLACEMENT_3D('',#17934,#14859,#14860);
#13405=AXIS2_PLACEMENT_3D('',#17935,#14861,#14862);
#13406=AXIS2_PLACEMENT_3D('',#17938,#14865,#14866);
#13407=AXIS2_PLACEMENT_3D('',#17943,#14869,#14870);
#13408=AXIS2_PLACEMENT_3D('',#17944,#14871,#14872);
#13409=AXIS2_PLACEMENT_3D('',#17949,#14875,#14876);
#13410=AXIS2_PLACEMENT_3D('',#17955,#14880,#14881);
#13411=AXIS2_PLACEMENT_3D('',#17956,#14882,#14883);
#13412=AXIS2_PLACEMENT_3D('',#17957,#14884,#14885);
#13413=AXIS2_PLACEMENT_3D('',#17959,#14887,#14888);
#13414=AXIS2_PLACEMENT_3D('',#17960,#14889,#14890);
#13415=AXIS2_PLACEMENT_3D('',#17961,#14891,#14892);
#13416=AXIS2_PLACEMENT_3D('',#17966,#14895,#14896);
#13417=AXIS2_PLACEMENT_3D('',#17968,#14898,#14899);
#13418=AXIS2_PLACEMENT_3D('',#17970,#14901,#14902);
#13419=AXIS2_PLACEMENT_3D('',#17971,#14903,#14904);
#13420=AXIS2_PLACEMENT_3D('',#17980,#14909,#14910);
#13421=AXIS2_PLACEMENT_3D('',#17981,#14911,#14912);
#13422=AXIS2_PLACEMENT_3D('',#17982,#14913,#14914);
#13423=AXIS2_PLACEMENT_3D('',#17983,#14915,#14916);
#13424=AXIS2_PLACEMENT_3D('',#17985,#14918,#14919);
#13425=AXIS2_PLACEMENT_3D('',#17987,#14921,#14922);
#13426=AXIS2_PLACEMENT_3D('',#17988,#14923,#14924);
#13427=AXIS2_PLACEMENT_3D('',#17994,#14928,#14929);
#13428=AXIS2_PLACEMENT_3D('',#17995,#14930,#14931);
#13429=AXIS2_PLACEMENT_3D('',#17998,#14933,#14934);
#13430=AXIS2_PLACEMENT_3D('',#18001,#14936,#14937);
#13431=AXIS2_PLACEMENT_3D('',#18002,#14938,#14939);
#13432=AXIS2_PLACEMENT_3D('',#18004,#14941,#14942);
#13433=AXIS2_PLACEMENT_3D('',#18005,#14943,#14944);
#13434=AXIS2_PLACEMENT_3D('',#18014,#14949,#14950);
#13435=AXIS2_PLACEMENT_3D('',#18015,#14951,#14952);
#13436=AXIS2_PLACEMENT_3D('',#18016,#14953,#14954);
#13437=AXIS2_PLACEMENT_3D('',#18017,#14955,#14956);
#13438=AXIS2_PLACEMENT_3D('',#18019,#14958,#14959);
#13439=AXIS2_PLACEMENT_3D('',#18021,#14961,#14962);
#13440=AXIS2_PLACEMENT_3D('',#18022,#14963,#14964);
#13441=AXIS2_PLACEMENT_3D('',#18028,#14968,#14969);
#13442=AXIS2_PLACEMENT_3D('',#18029,#14970,#14971);
#13443=AXIS2_PLACEMENT_3D('',#18032,#14973,#14974);
#13444=AXIS2_PLACEMENT_3D('',#18035,#14976,#14977);
#13445=AXIS2_PLACEMENT_3D('',#18036,#14978,#14979);
#13446=AXIS2_PLACEMENT_3D('',#18038,#14981,#14982);
#13447=AXIS2_PLACEMENT_3D('',#18039,#14983,#14984);
#13448=AXIS2_PLACEMENT_3D('',#18048,#14989,#14990);
#13449=AXIS2_PLACEMENT_3D('',#18049,#14991,#14992);
#13450=AXIS2_PLACEMENT_3D('',#18050,#14993,#14994);
#13451=AXIS2_PLACEMENT_3D('',#18051,#14995,#14996);
#13452=AXIS2_PLACEMENT_3D('',#18053,#14998,#14999);
#13453=AXIS2_PLACEMENT_3D('',#18055,#15001,#15002);
#13454=AXIS2_PLACEMENT_3D('',#18056,#15003,#15004);
#13455=AXIS2_PLACEMENT_3D('',#18062,#15008,#15009);
#13456=AXIS2_PLACEMENT_3D('',#18063,#15010,#15011);
#13457=AXIS2_PLACEMENT_3D('',#18066,#15013,#15014);
#13458=AXIS2_PLACEMENT_3D('',#18069,#15016,#15017);
#13459=AXIS2_PLACEMENT_3D('',#18070,#15018,#15019);
#13460=AXIS2_PLACEMENT_3D('',#18072,#15021,#15022);
#13461=AXIS2_PLACEMENT_3D('',#18073,#15023,#15024);
#13462=AXIS2_PLACEMENT_3D('',#18082,#15029,#15030);
#13463=AXIS2_PLACEMENT_3D('',#18083,#15031,#15032);
#13464=AXIS2_PLACEMENT_3D('',#18084,#15033,#15034);
#13465=AXIS2_PLACEMENT_3D('',#18085,#15035,#15036);
#13466=AXIS2_PLACEMENT_3D('',#18087,#15038,#15039);
#13467=AXIS2_PLACEMENT_3D('',#18089,#15041,#15042);
#13468=AXIS2_PLACEMENT_3D('',#18090,#15043,#15044);
#13469=AXIS2_PLACEMENT_3D('',#18096,#15048,#15049);
#13470=AXIS2_PLACEMENT_3D('',#18097,#15050,#15051);
#13471=AXIS2_PLACEMENT_3D('',#18100,#15053,#15054);
#13472=AXIS2_PLACEMENT_3D('',#18103,#15056,#15057);
#13473=AXIS2_PLACEMENT_3D('',#18104,#15058,#15059);
#13474=AXIS2_PLACEMENT_3D('',#18106,#15061,#15062);
#13475=AXIS2_PLACEMENT_3D('',#18107,#15063,#15064);
#13476=AXIS2_PLACEMENT_3D('',#18116,#15069,#15070);
#13477=AXIS2_PLACEMENT_3D('',#18117,#15071,#15072);
#13478=AXIS2_PLACEMENT_3D('',#18118,#15073,#15074);
#13479=AXIS2_PLACEMENT_3D('',#18119,#15075,#15076);
#13480=AXIS2_PLACEMENT_3D('',#18121,#15078,#15079);
#13481=AXIS2_PLACEMENT_3D('',#18123,#15081,#15082);
#13482=AXIS2_PLACEMENT_3D('',#18124,#15083,#15084);
#13483=AXIS2_PLACEMENT_3D('',#18130,#15088,#15089);
#13484=AXIS2_PLACEMENT_3D('',#18131,#15090,#15091);
#13485=AXIS2_PLACEMENT_3D('',#18134,#15093,#15094);
#13486=AXIS2_PLACEMENT_3D('',#18137,#15096,#15097);
#13487=AXIS2_PLACEMENT_3D('',#18138,#15098,#15099);
#13488=AXIS2_PLACEMENT_3D('',#18140,#15101,#15102);
#13489=AXIS2_PLACEMENT_3D('',#18141,#15103,#15104);
#13490=AXIS2_PLACEMENT_3D('',#18150,#15109,#15110);
#13491=AXIS2_PLACEMENT_3D('',#18151,#15111,#15112);
#13492=AXIS2_PLACEMENT_3D('',#18152,#15113,#15114);
#13493=AXIS2_PLACEMENT_3D('',#18153,#15115,#15116);
#13494=AXIS2_PLACEMENT_3D('',#18155,#15118,#15119);
#13495=AXIS2_PLACEMENT_3D('',#18157,#15121,#15122);
#13496=AXIS2_PLACEMENT_3D('',#18158,#15123,#15124);
#13497=AXIS2_PLACEMENT_3D('',#18164,#15128,#15129);
#13498=AXIS2_PLACEMENT_3D('',#18165,#15130,#15131);
#13499=AXIS2_PLACEMENT_3D('',#18168,#15133,#15134);
#13500=AXIS2_PLACEMENT_3D('',#18171,#15136,#15137);
#13501=AXIS2_PLACEMENT_3D('',#18172,#15138,#15139);
#13502=AXIS2_PLACEMENT_3D('',#18174,#15141,#15142);
#13503=AXIS2_PLACEMENT_3D('',#18175,#15143,#15144);
#13504=AXIS2_PLACEMENT_3D('',#18184,#15149,#15150);
#13505=AXIS2_PLACEMENT_3D('',#18185,#15151,#15152);
#13506=AXIS2_PLACEMENT_3D('',#18186,#15153,#15154);
#13507=AXIS2_PLACEMENT_3D('',#18187,#15155,#15156);
#13508=AXIS2_PLACEMENT_3D('',#18189,#15158,#15159);
#13509=AXIS2_PLACEMENT_3D('',#18191,#15161,#15162);
#13510=AXIS2_PLACEMENT_3D('',#18192,#15163,#15164);
#13511=AXIS2_PLACEMENT_3D('',#18198,#15168,#15169);
#13512=AXIS2_PLACEMENT_3D('',#18199,#15170,#15171);
#13513=AXIS2_PLACEMENT_3D('',#18202,#15173,#15174);
#13514=AXIS2_PLACEMENT_3D('',#18205,#15176,#15177);
#13515=AXIS2_PLACEMENT_3D('',#18206,#15178,#15179);
#13516=AXIS2_PLACEMENT_3D('',#18208,#15181,#15182);
#13517=AXIS2_PLACEMENT_3D('',#18209,#15183,#15184);
#13518=AXIS2_PLACEMENT_3D('',#18218,#15189,#15190);
#13519=AXIS2_PLACEMENT_3D('',#18219,#15191,#15192);
#13520=AXIS2_PLACEMENT_3D('',#18220,#15193,#15194);
#13521=AXIS2_PLACEMENT_3D('',#18221,#15195,#15196);
#13522=AXIS2_PLACEMENT_3D('',#18223,#15198,#15199);
#13523=AXIS2_PLACEMENT_3D('',#18225,#15201,#15202);
#13524=AXIS2_PLACEMENT_3D('',#18226,#15203,#15204);
#13525=AXIS2_PLACEMENT_3D('',#18232,#15208,#15209);
#13526=AXIS2_PLACEMENT_3D('',#18233,#15210,#15211);
#13527=AXIS2_PLACEMENT_3D('',#18236,#15213,#15214);
#13528=AXIS2_PLACEMENT_3D('',#18239,#15216,#15217);
#13529=AXIS2_PLACEMENT_3D('',#18240,#15218,#15219);
#13530=AXIS2_PLACEMENT_3D('',#18242,#15221,#15222);
#13531=AXIS2_PLACEMENT_3D('',#18243,#15223,#15224);
#13532=AXIS2_PLACEMENT_3D('',#18252,#15229,#15230);
#13533=AXIS2_PLACEMENT_3D('',#18253,#15231,#15232);
#13534=AXIS2_PLACEMENT_3D('',#18254,#15233,#15234);
#13535=AXIS2_PLACEMENT_3D('',#18255,#15235,#15236);
#13536=AXIS2_PLACEMENT_3D('',#18257,#15238,#15239);
#13537=AXIS2_PLACEMENT_3D('',#18259,#15241,#15242);
#13538=AXIS2_PLACEMENT_3D('',#18260,#15243,#15244);
#13539=AXIS2_PLACEMENT_3D('',#18266,#15248,#15249);
#13540=AXIS2_PLACEMENT_3D('',#18267,#15250,#15251);
#13541=AXIS2_PLACEMENT_3D('',#18270,#15253,#15254);
#13542=AXIS2_PLACEMENT_3D('',#18273,#15256,#15257);
#13543=AXIS2_PLACEMENT_3D('',#18274,#15258,#15259);
#13544=AXIS2_PLACEMENT_3D('',#18276,#15261,#15262);
#13545=AXIS2_PLACEMENT_3D('',#18277,#15263,#15264);
#13546=AXIS2_PLACEMENT_3D('',#18286,#15269,#15270);
#13547=AXIS2_PLACEMENT_3D('',#18287,#15271,#15272);
#13548=AXIS2_PLACEMENT_3D('',#18288,#15273,#15274);
#13549=AXIS2_PLACEMENT_3D('',#18289,#15275,#15276);
#13550=AXIS2_PLACEMENT_3D('',#18291,#15278,#15279);
#13551=AXIS2_PLACEMENT_3D('',#18293,#15281,#15282);
#13552=AXIS2_PLACEMENT_3D('',#18294,#15283,#15284);
#13553=AXIS2_PLACEMENT_3D('',#18300,#15288,#15289);
#13554=AXIS2_PLACEMENT_3D('',#18301,#15290,#15291);
#13555=AXIS2_PLACEMENT_3D('',#18304,#15293,#15294);
#13556=AXIS2_PLACEMENT_3D('',#18307,#15296,#15297);
#13557=AXIS2_PLACEMENT_3D('',#18308,#15298,#15299);
#13558=AXIS2_PLACEMENT_3D('',#18310,#15301,#15302);
#13559=AXIS2_PLACEMENT_3D('',#18311,#15303,#15304);
#13560=AXIS2_PLACEMENT_3D('',#18320,#15309,#15310);
#13561=AXIS2_PLACEMENT_3D('',#18321,#15311,#15312);
#13562=AXIS2_PLACEMENT_3D('',#18322,#15313,#15314);
#13563=AXIS2_PLACEMENT_3D('',#18323,#15315,#15316);
#13564=AXIS2_PLACEMENT_3D('',#18325,#15318,#15319);
#13565=AXIS2_PLACEMENT_3D('',#18327,#15321,#15322);
#13566=AXIS2_PLACEMENT_3D('',#18328,#15323,#15324);
#13567=AXIS2_PLACEMENT_3D('',#18334,#15328,#15329);
#13568=AXIS2_PLACEMENT_3D('',#18335,#15330,#15331);
#13569=AXIS2_PLACEMENT_3D('',#18338,#15333,#15334);
#13570=AXIS2_PLACEMENT_3D('',#18341,#15336,#15337);
#13571=AXIS2_PLACEMENT_3D('',#18342,#15338,#15339);
#13572=AXIS2_PLACEMENT_3D('',#18344,#15341,#15342);
#13573=AXIS2_PLACEMENT_3D('',#18345,#15343,#15344);
#13574=AXIS2_PLACEMENT_3D('',#18350,#15347,#15348);
#13575=AXIS2_PLACEMENT_3D('',#18351,#15349,#15350);
#13576=AXIS2_PLACEMENT_3D('',#18354,#15352,#15353);
#13577=AXIS2_PLACEMENT_3D('',#18357,#15355,#15356);
#13578=AXIS2_PLACEMENT_3D('',#18360,#15358,#15359);
#13579=AXIS2_PLACEMENT_3D('',#18361,#15360,#15361);
#13580=AXIS2_PLACEMENT_3D('',#18365,#15364,#15365);
#13581=AXIS2_PLACEMENT_3D('',#18367,#15367,#15368);
#13582=AXIS2_PLACEMENT_3D('',#18371,#15371,#15372);
#13583=AXIS2_PLACEMENT_3D('',#18375,#15375,#15376);
#13584=AXIS2_PLACEMENT_3D('',#18376,#15377,#15378);
#13585=AXIS2_PLACEMENT_3D('',#18377,#15379,#15380);
#13586=AXIS2_PLACEMENT_3D('',#18378,#15381,#15382);
#13587=AXIS2_PLACEMENT_3D('',#18380,#15384,#15385);
#13588=AXIS2_PLACEMENT_3D('',#18381,#15386,#15387);
#13589=AXIS2_PLACEMENT_3D('',#18383,#15389,#15390);
#13590=AXIS2_PLACEMENT_3D('',#18384,#15391,#15392);
#13591=AXIS2_PLACEMENT_3D('',#18386,#15394,#15395);
#13592=AXIS2_PLACEMENT_3D('',#18387,#15396,#15397);
#13593=AXIS2_PLACEMENT_3D('',#18389,#15399,#15400);
#13594=AXIS2_PLACEMENT_3D('',#18390,#15401,#15402);
#13595=AXIS2_PLACEMENT_3D('',#18392,#15404,#15405);
#13596=AXIS2_PLACEMENT_3D('',#18393,#15406,#15407);
#13597=AXIS2_PLACEMENT_3D('',#18395,#15409,#15410);
#13598=AXIS2_PLACEMENT_3D('',#18396,#15411,#15412);
#13599=AXIS2_PLACEMENT_3D('',#18398,#15414,#15415);
#13600=AXIS2_PLACEMENT_3D('',#18399,#15416,#15417);
#13601=AXIS2_PLACEMENT_3D('',#18401,#15419,#15420);
#13602=AXIS2_PLACEMENT_3D('',#18402,#15421,#15422);
#13603=AXIS2_PLACEMENT_3D('',#18404,#15424,#15425);
#13604=AXIS2_PLACEMENT_3D('',#18405,#15426,#15427);
#13605=AXIS2_PLACEMENT_3D('',#18407,#15429,#15430);
#13606=AXIS2_PLACEMENT_3D('',#18408,#15431,#15432);
#13607=AXIS2_PLACEMENT_3D('',#18410,#15434,#15435);
#13608=AXIS2_PLACEMENT_3D('',#18411,#15436,#15437);
#13609=AXIS2_PLACEMENT_3D('',#18413,#15439,#15440);
#13610=AXIS2_PLACEMENT_3D('',#18414,#15441,#15442);
#13611=AXIS2_PLACEMENT_3D('',#18416,#15444,#15445);
#13612=AXIS2_PLACEMENT_3D('',#18417,#15446,#15447);
#13613=AXIS2_PLACEMENT_3D('',#18419,#15449,#15450);
#13614=AXIS2_PLACEMENT_3D('',#18420,#15451,#15452);
#13615=AXIS2_PLACEMENT_3D('',#18422,#15454,#15455);
#13616=AXIS2_PLACEMENT_3D('',#18423,#15456,#15457);
#13617=AXIS2_PLACEMENT_3D('',#18425,#15459,#15460);
#13618=AXIS2_PLACEMENT_3D('',#18426,#15461,#15462);
#13619=AXIS2_PLACEMENT_3D('',#18428,#15464,#15465);
#13620=AXIS2_PLACEMENT_3D('',#18429,#15466,#15467);
#13621=AXIS2_PLACEMENT_3D('',#18431,#15469,#15470);
#13622=AXIS2_PLACEMENT_3D('',#18432,#15471,#15472);
#13623=AXIS2_PLACEMENT_3D('',#18434,#15474,#15475);
#13624=AXIS2_PLACEMENT_3D('',#18435,#15476,#15477);
#13625=AXIS2_PLACEMENT_3D('',#18437,#15479,#15480);
#13626=AXIS2_PLACEMENT_3D('',#18438,#15481,#15482);
#13627=AXIS2_PLACEMENT_3D('',#18440,#15484,#15485);
#13628=AXIS2_PLACEMENT_3D('',#18441,#15486,#15487);
#13629=AXIS2_PLACEMENT_3D('',#18443,#15489,#15490);
#13630=AXIS2_PLACEMENT_3D('',#18444,#15491,#15492);
#13631=AXIS2_PLACEMENT_3D('',#18446,#15494,#15495);
#13632=AXIS2_PLACEMENT_3D('',#18447,#15496,#15497);
#13633=AXIS2_PLACEMENT_3D('',#18449,#15499,#15500);
#13634=AXIS2_PLACEMENT_3D('',#18450,#15501,#15502);
#13635=AXIS2_PLACEMENT_3D('',#18456,#15506,#15507);
#13636=AXIS2_PLACEMENT_3D('',#18462,#15511,#15512);
#13637=AXIS2_PLACEMENT_3D('',#18464,#15514,#15515);
#13638=AXIS2_PLACEMENT_3D('',#18466,#15517,#15518);
#13639=AXIS2_PLACEMENT_3D('',#18467,#15519,#15520);
#13640=AXIS2_PLACEMENT_3D('',#18473,#15524,#15525);
#13641=AXIS2_PLACEMENT_3D('',#18479,#15529,#15530);
#13642=AXIS2_PLACEMENT_3D('',#18481,#15532,#15533);
#13643=AXIS2_PLACEMENT_3D('',#18483,#15535,#15536);
#13644=AXIS2_PLACEMENT_3D('',#18484,#15537,#15538);
#13645=AXIS2_PLACEMENT_3D('',#18490,#15542,#15543);
#13646=AXIS2_PLACEMENT_3D('',#18496,#15547,#15548);
#13647=AXIS2_PLACEMENT_3D('',#18498,#15550,#15551);
#13648=AXIS2_PLACEMENT_3D('',#18500,#15553,#15554);
#13649=AXIS2_PLACEMENT_3D('',#18501,#15555,#15556);
#13650=AXIS2_PLACEMENT_3D('',#18507,#15560,#15561);
#13651=AXIS2_PLACEMENT_3D('',#18513,#15565,#15566);
#13652=AXIS2_PLACEMENT_3D('',#18515,#15568,#15569);
#13653=AXIS2_PLACEMENT_3D('',#18517,#15571,#15572);
#13654=AXIS2_PLACEMENT_3D('',#18518,#15573,#15574);
#13655=AXIS2_PLACEMENT_3D('',#18524,#15578,#15579);
#13656=AXIS2_PLACEMENT_3D('',#18530,#15583,#15584);
#13657=AXIS2_PLACEMENT_3D('',#18532,#15586,#15587);
#13658=AXIS2_PLACEMENT_3D('',#18534,#15589,#15590);
#13659=AXIS2_PLACEMENT_3D('',#18535,#15591,#15592);
#13660=AXIS2_PLACEMENT_3D('',#18541,#15596,#15597);
#13661=AXIS2_PLACEMENT_3D('',#18547,#15601,#15602);
#13662=AXIS2_PLACEMENT_3D('',#18549,#15604,#15605);
#13663=AXIS2_PLACEMENT_3D('',#18551,#15607,#15608);
#13664=AXIS2_PLACEMENT_3D('',#18552,#15609,#15610);
#13665=AXIS2_PLACEMENT_3D('',#18558,#15614,#15615);
#13666=AXIS2_PLACEMENT_3D('',#18564,#15619,#15620);
#13667=AXIS2_PLACEMENT_3D('',#18566,#15622,#15623);
#13668=AXIS2_PLACEMENT_3D('',#18568,#15625,#15626);
#13669=AXIS2_PLACEMENT_3D('',#18569,#15627,#15628);
#13670=AXIS2_PLACEMENT_3D('',#18575,#15632,#15633);
#13671=AXIS2_PLACEMENT_3D('',#18581,#15637,#15638);
#13672=AXIS2_PLACEMENT_3D('',#18583,#15640,#15641);
#13673=AXIS2_PLACEMENT_3D('',#18585,#15643,#15644);
#13674=AXIS2_PLACEMENT_3D('',#18586,#15645,#15646);
#13675=AXIS2_PLACEMENT_3D('',#18592,#15650,#15651);
#13676=AXIS2_PLACEMENT_3D('',#18598,#15655,#15656);
#13677=AXIS2_PLACEMENT_3D('',#18600,#15658,#15659);
#13678=AXIS2_PLACEMENT_3D('',#18602,#15661,#15662);
#13679=AXIS2_PLACEMENT_3D('',#18603,#15663,#15664);
#13680=AXIS2_PLACEMENT_3D('',#18609,#15668,#15669);
#13681=AXIS2_PLACEMENT_3D('',#18615,#15673,#15674);
#13682=AXIS2_PLACEMENT_3D('',#18617,#15676,#15677);
#13683=AXIS2_PLACEMENT_3D('',#18619,#15679,#15680);
#13684=AXIS2_PLACEMENT_3D('',#18620,#15681,#15682);
#13685=AXIS2_PLACEMENT_3D('',#18626,#15686,#15687);
#13686=AXIS2_PLACEMENT_3D('',#18632,#15691,#15692);
#13687=AXIS2_PLACEMENT_3D('',#18634,#15694,#15695);
#13688=AXIS2_PLACEMENT_3D('',#18636,#15697,#15698);
#13689=AXIS2_PLACEMENT_3D('',#18637,#15699,#15700);
#13690=AXIS2_PLACEMENT_3D('',#18643,#15704,#15705);
#13691=AXIS2_PLACEMENT_3D('',#18649,#15709,#15710);
#13692=AXIS2_PLACEMENT_3D('',#18651,#15712,#15713);
#13693=AXIS2_PLACEMENT_3D('',#18653,#15715,#15716);
#13694=AXIS2_PLACEMENT_3D('',#18654,#15717,#15718);
#13695=AXIS2_PLACEMENT_3D('',#18660,#15722,#15723);
#13696=AXIS2_PLACEMENT_3D('',#18670,#15729,#15730);
#13697=AXIS2_PLACEMENT_3D('',#18675,#15733,#15734);
#13698=AXIS2_PLACEMENT_3D('',#18678,#15736,#15737);
#13699=AXIS2_PLACEMENT_3D('',#18681,#15739,#15740);
#13700=AXIS2_PLACEMENT_3D('',#18692,#15746,#15747);
#13701=AXIS2_PLACEMENT_3D('',#18695,#15749,#15750);
#13702=AXIS2_PLACEMENT_3D('',#18701,#15754,#15755);
#13703=AXIS2_PLACEMENT_3D('',#18704,#15758,#15759);
#13704=AXIS2_PLACEMENT_3D('',#18706,#15761,#15762);
#13705=AXIS2_PLACEMENT_3D('',#18707,#15763,#15764);
#13706=AXIS2_PLACEMENT_3D('',#18708,#15765,#15766);
#13707=AXIS2_PLACEMENT_3D('',#18709,#15767,#15768);
#13708=AXIS2_PLACEMENT_3D('',#18711,#15770,#15771);
#13709=AXIS2_PLACEMENT_3D('',#18717,#15775,#15776);
#13710=AXIS2_PLACEMENT_3D('',#18727,#15782,#15783);
#13711=AXIS2_PLACEMENT_3D('',#18732,#15786,#15787);
#13712=AXIS2_PLACEMENT_3D('',#18735,#15789,#15790);
#13713=AXIS2_PLACEMENT_3D('',#18738,#15792,#15793);
#13714=AXIS2_PLACEMENT_3D('',#18749,#15799,#15800);
#13715=AXIS2_PLACEMENT_3D('',#18752,#15802,#15803);
#13716=AXIS2_PLACEMENT_3D('',#18758,#15807,#15808);
#13717=AXIS2_PLACEMENT_3D('',#18761,#15811,#15812);
#13718=AXIS2_PLACEMENT_3D('',#18763,#15814,#15815);
#13719=AXIS2_PLACEMENT_3D('',#18764,#15816,#15817);
#13720=AXIS2_PLACEMENT_3D('',#18765,#15818,#15819);
#13721=AXIS2_PLACEMENT_3D('',#18766,#15820,#15821);
#13722=AXIS2_PLACEMENT_3D('',#18768,#15823,#15824);
#13723=AXIS2_PLACEMENT_3D('',#18774,#15828,#15829);
#13724=AXIS2_PLACEMENT_3D('',#18784,#15835,#15836);
#13725=AXIS2_PLACEMENT_3D('',#18789,#15839,#15840);
#13726=AXIS2_PLACEMENT_3D('',#18792,#15842,#15843);
#13727=AXIS2_PLACEMENT_3D('',#18795,#15845,#15846);
#13728=AXIS2_PLACEMENT_3D('',#18806,#15852,#15853);
#13729=AXIS2_PLACEMENT_3D('',#18809,#15855,#15856);
#13730=AXIS2_PLACEMENT_3D('',#18815,#15860,#15861);
#13731=AXIS2_PLACEMENT_3D('',#18818,#15864,#15865);
#13732=AXIS2_PLACEMENT_3D('',#18820,#15867,#15868);
#13733=AXIS2_PLACEMENT_3D('',#18821,#15869,#15870);
#13734=AXIS2_PLACEMENT_3D('',#18822,#15871,#15872);
#13735=AXIS2_PLACEMENT_3D('',#18823,#15873,#15874);
#13736=AXIS2_PLACEMENT_3D('',#18825,#15876,#15877);
#13737=AXIS2_PLACEMENT_3D('',#18831,#15881,#15882);
#13738=AXIS2_PLACEMENT_3D('',#18841,#15888,#15889);
#13739=AXIS2_PLACEMENT_3D('',#18846,#15892,#15893);
#13740=AXIS2_PLACEMENT_3D('',#18849,#15895,#15896);
#13741=AXIS2_PLACEMENT_3D('',#18852,#15898,#15899);
#13742=AXIS2_PLACEMENT_3D('',#18863,#15905,#15906);
#13743=AXIS2_PLACEMENT_3D('',#18866,#15908,#15909);
#13744=AXIS2_PLACEMENT_3D('',#18872,#15913,#15914);
#13745=AXIS2_PLACEMENT_3D('',#18875,#15917,#15918);
#13746=AXIS2_PLACEMENT_3D('',#18877,#15920,#15921);
#13747=AXIS2_PLACEMENT_3D('',#18878,#15922,#15923);
#13748=AXIS2_PLACEMENT_3D('',#18879,#15924,#15925);
#13749=AXIS2_PLACEMENT_3D('',#18880,#15926,#15927);
#13750=AXIS2_PLACEMENT_3D('',#18882,#15929,#15930);
#13751=AXIS2_PLACEMENT_3D('',#18888,#15934,#15935);
#13752=AXIS2_PLACEMENT_3D('',#18898,#15941,#15942);
#13753=AXIS2_PLACEMENT_3D('',#18903,#15945,#15946);
#13754=AXIS2_PLACEMENT_3D('',#18906,#15948,#15949);
#13755=AXIS2_PLACEMENT_3D('',#18909,#15951,#15952);
#13756=AXIS2_PLACEMENT_3D('',#18920,#15958,#15959);
#13757=AXIS2_PLACEMENT_3D('',#18923,#15961,#15962);
#13758=AXIS2_PLACEMENT_3D('',#18929,#15966,#15967);
#13759=AXIS2_PLACEMENT_3D('',#18932,#15970,#15971);
#13760=AXIS2_PLACEMENT_3D('',#18934,#15973,#15974);
#13761=AXIS2_PLACEMENT_3D('',#18935,#15975,#15976);
#13762=AXIS2_PLACEMENT_3D('',#18936,#15977,#15978);
#13763=AXIS2_PLACEMENT_3D('',#18937,#15979,#15980);
#13764=AXIS2_PLACEMENT_3D('',#18939,#15982,#15983);
#13765=AXIS2_PLACEMENT_3D('',#18945,#15987,#15988);
#13766=AXIS2_PLACEMENT_3D('',#18955,#15994,#15995);
#13767=AXIS2_PLACEMENT_3D('',#18960,#15998,#15999);
#13768=AXIS2_PLACEMENT_3D('',#18963,#16001,#16002);
#13769=AXIS2_PLACEMENT_3D('',#18966,#16004,#16005);
#13770=AXIS2_PLACEMENT_3D('',#18977,#16011,#16012);
#13771=AXIS2_PLACEMENT_3D('',#18980,#16014,#16015);
#13772=AXIS2_PLACEMENT_3D('',#18986,#16019,#16020);
#13773=AXIS2_PLACEMENT_3D('',#18989,#16023,#16024);
#13774=AXIS2_PLACEMENT_3D('',#18991,#16026,#16027);
#13775=AXIS2_PLACEMENT_3D('',#18992,#16028,#16029);
#13776=AXIS2_PLACEMENT_3D('',#18993,#16030,#16031);
#13777=AXIS2_PLACEMENT_3D('',#18994,#16032,#16033);
#13778=AXIS2_PLACEMENT_3D('',#18996,#16035,#16036);
#13779=AXIS2_PLACEMENT_3D('',#19002,#16040,#16041);
#13780=AXIS2_PLACEMENT_3D('',#19012,#16047,#16048);
#13781=AXIS2_PLACEMENT_3D('',#19017,#16051,#16052);
#13782=AXIS2_PLACEMENT_3D('',#19020,#16054,#16055);
#13783=AXIS2_PLACEMENT_3D('',#19023,#16057,#16058);
#13784=AXIS2_PLACEMENT_3D('',#19034,#16064,#16065);
#13785=AXIS2_PLACEMENT_3D('',#19037,#16067,#16068);
#13786=AXIS2_PLACEMENT_3D('',#19043,#16072,#16073);
#13787=AXIS2_PLACEMENT_3D('',#19046,#16076,#16077);
#13788=AXIS2_PLACEMENT_3D('',#19048,#16079,#16080);
#13789=AXIS2_PLACEMENT_3D('',#19049,#16081,#16082);
#13790=AXIS2_PLACEMENT_3D('',#19050,#16083,#16084);
#13791=AXIS2_PLACEMENT_3D('',#19051,#16085,#16086);
#13792=AXIS2_PLACEMENT_3D('',#19053,#16088,#16089);
#13793=AXIS2_PLACEMENT_3D('',#19059,#16093,#16094);
#13794=AXIS2_PLACEMENT_3D('',#19069,#16100,#16101);
#13795=AXIS2_PLACEMENT_3D('',#19074,#16104,#16105);
#13796=AXIS2_PLACEMENT_3D('',#19077,#16107,#16108);
#13797=AXIS2_PLACEMENT_3D('',#19080,#16110,#16111);
#13798=AXIS2_PLACEMENT_3D('',#19091,#16117,#16118);
#13799=AXIS2_PLACEMENT_3D('',#19094,#16120,#16121);
#13800=AXIS2_PLACEMENT_3D('',#19100,#16125,#16126);
#13801=AXIS2_PLACEMENT_3D('',#19103,#16129,#16130);
#13802=AXIS2_PLACEMENT_3D('',#19105,#16132,#16133);
#13803=AXIS2_PLACEMENT_3D('',#19106,#16134,#16135);
#13804=AXIS2_PLACEMENT_3D('',#19107,#16136,#16137);
#13805=AXIS2_PLACEMENT_3D('',#19108,#16138,#16139);
#13806=AXIS2_PLACEMENT_3D('',#19110,#16141,#16142);
#13807=AXIS2_PLACEMENT_3D('',#19116,#16146,#16147);
#13808=AXIS2_PLACEMENT_3D('',#19126,#16153,#16154);
#13809=AXIS2_PLACEMENT_3D('',#19131,#16157,#16158);
#13810=AXIS2_PLACEMENT_3D('',#19134,#16160,#16161);
#13811=AXIS2_PLACEMENT_3D('',#19137,#16163,#16164);
#13812=AXIS2_PLACEMENT_3D('',#19148,#16170,#16171);
#13813=AXIS2_PLACEMENT_3D('',#19151,#16173,#16174);
#13814=AXIS2_PLACEMENT_3D('',#19157,#16178,#16179);
#13815=AXIS2_PLACEMENT_3D('',#19160,#16182,#16183);
#13816=AXIS2_PLACEMENT_3D('',#19162,#16185,#16186);
#13817=AXIS2_PLACEMENT_3D('',#19163,#16187,#16188);
#13818=AXIS2_PLACEMENT_3D('',#19164,#16189,#16190);
#13819=AXIS2_PLACEMENT_3D('',#19165,#16191,#16192);
#13820=AXIS2_PLACEMENT_3D('',#19167,#16194,#16195);
#13821=AXIS2_PLACEMENT_3D('',#19173,#16199,#16200);
#13822=AXIS2_PLACEMENT_3D('',#19183,#16206,#16207);
#13823=AXIS2_PLACEMENT_3D('',#19188,#16210,#16211);
#13824=AXIS2_PLACEMENT_3D('',#19191,#16213,#16214);
#13825=AXIS2_PLACEMENT_3D('',#19194,#16216,#16217);
#13826=AXIS2_PLACEMENT_3D('',#19205,#16223,#16224);
#13827=AXIS2_PLACEMENT_3D('',#19208,#16226,#16227);
#13828=AXIS2_PLACEMENT_3D('',#19214,#16231,#16232);
#13829=AXIS2_PLACEMENT_3D('',#19217,#16235,#16236);
#13830=AXIS2_PLACEMENT_3D('',#19219,#16238,#16239);
#13831=AXIS2_PLACEMENT_3D('',#19220,#16240,#16241);
#13832=AXIS2_PLACEMENT_3D('',#19221,#16242,#16243);
#13833=AXIS2_PLACEMENT_3D('',#19222,#16244,#16245);
#13834=AXIS2_PLACEMENT_3D('',#19224,#16247,#16248);
#13835=AXIS2_PLACEMENT_3D('',#19230,#16252,#16253);
#13836=AXIS2_PLACEMENT_3D('',#19240,#16259,#16260);
#13837=AXIS2_PLACEMENT_3D('',#19245,#16263,#16264);
#13838=AXIS2_PLACEMENT_3D('',#19248,#16266,#16267);
#13839=AXIS2_PLACEMENT_3D('',#19251,#16269,#16270);
#13840=AXIS2_PLACEMENT_3D('',#19262,#16276,#16277);
#13841=AXIS2_PLACEMENT_3D('',#19265,#16279,#16280);
#13842=AXIS2_PLACEMENT_3D('',#19271,#16284,#16285);
#13843=AXIS2_PLACEMENT_3D('',#19274,#16288,#16289);
#13844=AXIS2_PLACEMENT_3D('',#19276,#16291,#16292);
#13845=AXIS2_PLACEMENT_3D('',#19277,#16293,#16294);
#13846=AXIS2_PLACEMENT_3D('',#19278,#16295,#16296);
#13847=AXIS2_PLACEMENT_3D('',#19279,#16297,#16298);
#13848=AXIS2_PLACEMENT_3D('',#19281,#16300,#16301);
#13849=AXIS2_PLACEMENT_3D('',#19287,#16305,#16306);
#13850=AXIS2_PLACEMENT_3D('',#19297,#16312,#16313);
#13851=AXIS2_PLACEMENT_3D('',#19302,#16316,#16317);
#13852=AXIS2_PLACEMENT_3D('',#19305,#16319,#16320);
#13853=AXIS2_PLACEMENT_3D('',#19308,#16322,#16323);
#13854=AXIS2_PLACEMENT_3D('',#19319,#16329,#16330);
#13855=AXIS2_PLACEMENT_3D('',#19322,#16332,#16333);
#13856=AXIS2_PLACEMENT_3D('',#19328,#16337,#16338);
#13857=AXIS2_PLACEMENT_3D('',#19331,#16341,#16342);
#13858=AXIS2_PLACEMENT_3D('',#19333,#16344,#16345);
#13859=AXIS2_PLACEMENT_3D('',#19334,#16346,#16347);
#13860=AXIS2_PLACEMENT_3D('',#19335,#16348,#16349);
#13861=AXIS2_PLACEMENT_3D('',#19336,#16350,#16351);
#13862=AXIS2_PLACEMENT_3D('',#19338,#16353,#16354);
#13863=AXIS2_PLACEMENT_3D('',#19341,#16357,#16358);
#13864=AXIS2_PLACEMENT_3D('',#19342,#16359,#16360);
#13865=AXIS2_PLACEMENT_3D('',#19343,#16361,#16362);
#13866=AXIS2_PLACEMENT_3D('',#19346,#16365,#16366);
#13867=AXIS2_PLACEMENT_3D('',#19347,#16367,#16368);
#13868=AXIS2_PLACEMENT_3D('',#19348,#16369,#16370);
#13869=AXIS2_PLACEMENT_3D('',#19351,#16373,#16374);
#13870=AXIS2_PLACEMENT_3D('',#19352,#16375,#16376);
#13871=AXIS2_PLACEMENT_3D('',#19353,#16377,#16378);
#13872=AXIS2_PLACEMENT_3D('',#19356,#16381,#16382);
#13873=AXIS2_PLACEMENT_3D('',#19357,#16383,#16384);
#13874=AXIS2_PLACEMENT_3D('',#19358,#16385,#16386);
#13875=AXIS2_PLACEMENT_3D('',#19361,#16389,#16390);
#13876=AXIS2_PLACEMENT_3D('',#19362,#16391,#16392);
#13877=AXIS2_PLACEMENT_3D('',#19363,#16393,#16394);
#13878=AXIS2_PLACEMENT_3D('',#19366,#16397,#16398);
#13879=AXIS2_PLACEMENT_3D('',#19367,#16399,#16400);
#13880=AXIS2_PLACEMENT_3D('',#19368,#16401,#16402);
#13881=AXIS2_PLACEMENT_3D('',#19371,#16405,#16406);
#13882=AXIS2_PLACEMENT_3D('',#19372,#16407,#16408);
#13883=AXIS2_PLACEMENT_3D('',#19373,#16409,#16410);
#13884=AXIS2_PLACEMENT_3D('',#19376,#16413,#16414);
#13885=AXIS2_PLACEMENT_3D('',#19377,#16415,#16416);
#13886=AXIS2_PLACEMENT_3D('',#19378,#16417,#16418);
#13887=AXIS2_PLACEMENT_3D('',#19381,#16421,#16422);
#13888=AXIS2_PLACEMENT_3D('',#19382,#16423,#16424);
#13889=AXIS2_PLACEMENT_3D('',#19383,#16425,#16426);
#13890=AXIS2_PLACEMENT_3D('',#19386,#16429,#16430);
#13891=AXIS2_PLACEMENT_3D('',#19387,#16431,#16432);
#13892=AXIS2_PLACEMENT_3D('',#19388,#16433,#16434);
#13893=AXIS2_PLACEMENT_3D('',#19391,#16437,#16438);
#13894=AXIS2_PLACEMENT_3D('',#19392,#16439,#16440);
#13895=AXIS2_PLACEMENT_3D('',#19393,#16441,#16442);
#13896=AXIS2_PLACEMENT_3D('',#19396,#16445,#16446);
#13897=AXIS2_PLACEMENT_3D('',#19397,#16447,#16448);
#13898=DIRECTION('',(0.,0.,1.));
#13899=DIRECTION('',(1.,0.,0.));
#13900=DIRECTION('',(0.,1.,0.));
#13901=DIRECTION('',(0.,0.,1.));
#13902=DIRECTION('',(-0.707106781186548,0.,-0.707106781186548));
#13903=DIRECTION('',(0.,0.,1.));
#13904=DIRECTION('',(-1.,0.,0.));
#13905=DIRECTION('',(0.,1.,0.));
#13906=DIRECTION('',(0.,0.,1.));
#13907=DIRECTION('',(-0.707106781186548,0.,-0.707106781186548));
#13908=DIRECTION('',(0.,0.,1.));
#13909=DIRECTION('',(-1.,0.,0.));
#13910=DIRECTION('',(0.,1.,0.));
#13911=DIRECTION('',(0.,0.,1.));
#13912=DIRECTION('',(-0.707106781186548,0.,-0.707106781186548));
#13913=DIRECTION('',(0.,0.,1.));
#13914=DIRECTION('',(-1.,0.,0.));
#13915=DIRECTION('',(0.,1.,0.));
#13916=DIRECTION('',(0.,0.,1.));
#13917=DIRECTION('',(-0.707106781186548,0.,-0.707106781186548));
#13918=DIRECTION('',(0.,0.,1.));
#13919=DIRECTION('',(-1.,0.,0.));
#13920=DIRECTION('',(0.,1.,0.));
#13921=DIRECTION('',(0.,0.,1.));
#13922=DIRECTION('',(-0.707106781186548,0.,-0.707106781186548));
#13923=DIRECTION('',(0.,0.,1.));
#13924=DIRECTION('',(-1.,0.,0.));
#13925=DIRECTION('',(0.,1.,0.));
#13926=DIRECTION('',(0.,0.,1.));
#13927=DIRECTION('',(-0.707106781186548,0.,-0.707106781186548));
#13928=DIRECTION('',(0.,0.,1.));
#13929=DIRECTION('',(-1.,0.,0.));
#13930=DIRECTION('',(0.,1.,0.));
#13931=DIRECTION('',(0.,0.,1.));
#13932=DIRECTION('',(-0.707106781186548,0.,-0.707106781186548));
#13933=DIRECTION('',(0.,0.,1.));
#13934=DIRECTION('',(-1.,0.,0.));
#13935=DIRECTION('',(0.,1.,0.));
#13936=DIRECTION('',(0.,0.,1.));
#13937=DIRECTION('',(-0.707106781186548,0.,-0.707106781186548));
#13938=DIRECTION('',(0.,0.,1.));
#13939=DIRECTION('',(-1.,0.,0.));
#13940=DIRECTION('',(0.,1.,0.));
#13941=DIRECTION('',(0.,0.,1.));
#13942=DIRECTION('',(-0.707106781186548,0.,-0.707106781186548));
#13943=DIRECTION('',(0.,0.,1.));
#13944=DIRECTION('',(-1.,0.,0.));
#13945=DIRECTION('',(0.,1.,0.));
#13946=DIRECTION('',(0.,0.,1.));
#13947=DIRECTION('',(-0.707106781186548,0.,-0.707106781186548));
#13948=DIRECTION('',(0.,0.,1.));
#13949=DIRECTION('',(-1.,0.,0.));
#13950=DIRECTION('',(0.,1.,0.));
#13951=DIRECTION('',(0.,0.,1.));
#13952=DIRECTION('',(-0.707106781186548,0.,-0.707106781186548));
#13953=DIRECTION('',(0.,0.,1.));
#13954=DIRECTION('',(-1.,0.,0.));
#13955=DIRECTION('',(0.,1.,0.));
#13956=DIRECTION('',(0.,0.,1.));
#13957=DIRECTION('',(-0.707106781186548,0.,-0.707106781186548));
#13958=DIRECTION('',(0.,0.,1.));
#13959=DIRECTION('',(-1.,0.,0.));
#13960=DIRECTION('',(0.,-1.,0.));
#13961=DIRECTION('',(0.,0.,-1.));
#13962=DIRECTION('',(-1.,0.,0.));
#13963=DIRECTION('',(0.,0.,1.));
#13964=DIRECTION('',(-1.,0.,0.));
#13965=DIRECTION('',(0.,0.,-1.));
#13966=DIRECTION('',(-1.,0.,0.));
#13967=DIRECTION('',(0.,0.,1.));
#13968=DIRECTION('',(-1.,0.,0.));
#13969=DIRECTION('',(0.,0.,-1.));
#13970=DIRECTION('',(-1.,0.,0.));
#13971=DIRECTION('',(0.,0.,1.));
#13972=DIRECTION('',(-1.,0.,0.));
#13973=DIRECTION('',(0.,0.,-1.));
#13974=DIRECTION('',(-1.,0.,0.));
#13975=DIRECTION('',(0.,0.,1.));
#13976=DIRECTION('',(-1.,0.,0.));
#13977=DIRECTION('',(0.,0.,-1.));
#13978=DIRECTION('',(-1.,0.,0.));
#13979=DIRECTION('',(0.,0.,1.));
#13980=DIRECTION('',(-1.,0.,0.));
#13981=DIRECTION('',(0.,0.,-1.));
#13982=DIRECTION('',(-1.,0.,0.));
#13983=DIRECTION('',(0.,0.,1.));
#13984=DIRECTION('',(-1.,0.,0.));
#13985=DIRECTION('',(0.,0.,-1.));
#13986=DIRECTION('',(-1.,0.,0.));
#13987=DIRECTION('',(0.,-1.,0.));
#13988=DIRECTION('',(0.,0.,-1.));
#13989=DIRECTION('',(-1.,0.,0.));
#13990=DIRECTION('',(0.,0.,-1.));
#13991=DIRECTION('',(-1.,0.,0.));
#13992=DIRECTION('',(0.,-1.,0.));
#13993=DIRECTION('',(0.,0.,-1.));
#13994=DIRECTION('',(-1.,0.,0.));
#13995=DIRECTION('',(0.,0.,-1.));
#13996=DIRECTION('',(-1.,0.,0.));
#13997=DIRECTION('',(0.,0.,-1.));
#13998=DIRECTION('',(-1.,0.,0.));
#13999=DIRECTION('',(0.,0.,-1.));
#14000=DIRECTION('',(-1.,0.,0.));
#14001=DIRECTION('',(0.,-1.,0.));
#14002=DIRECTION('',(0.,0.,-1.));
#14003=DIRECTION('',(-1.,0.,0.));
#14004=DIRECTION('',(0.,0.,-1.));
#14005=DIRECTION('',(-1.,0.,0.));
#14006=DIRECTION('',(0.,-1.,0.));
#14007=DIRECTION('',(0.,0.,-1.));
#14008=DIRECTION('',(-1.,0.,0.));
#14009=DIRECTION('',(0.,0.,-1.));
#14010=DIRECTION('',(-1.,0.,0.));
#14011=DIRECTION('',(0.,-1.,0.));
#14012=DIRECTION('',(0.,0.,-1.));
#14013=DIRECTION('',(-1.,0.,0.));
#14014=DIRECTION('',(0.,0.,-1.));
#14015=DIRECTION('',(-1.,0.,0.));
#14016=DIRECTION('',(0.,-1.,0.));
#14017=DIRECTION('',(0.,0.,-1.));
#14018=DIRECTION('',(-1.,0.,0.));
#14019=DIRECTION('',(0.,0.,-1.));
#14020=DIRECTION('',(-1.,0.,0.));
#14021=DIRECTION('',(0.,-1.,0.));
#14022=DIRECTION('',(0.,0.,-1.));
#14023=DIRECTION('',(-1.,0.,0.));
#14024=DIRECTION('',(0.,0.,-1.));
#14025=DIRECTION('',(-1.,0.,0.));
#14026=DIRECTION('',(0.,-1.,0.));
#14027=DIRECTION('',(0.,0.,-1.));
#14028=DIRECTION('',(-1.,0.,0.));
#14029=DIRECTION('',(0.,0.,-1.));
#14030=DIRECTION('',(-1.,0.,0.));
#14031=DIRECTION('',(0.,-1.,0.));
#14032=DIRECTION('',(0.,0.,-1.));
#14033=DIRECTION('',(-1.,0.,0.));
#14034=DIRECTION('',(0.,0.,-1.));
#14035=DIRECTION('',(-1.,0.,0.));
#14036=DIRECTION('',(0.,-1.,0.));
#14037=DIRECTION('',(0.,0.,-1.));
#14038=DIRECTION('',(-1.,0.,0.));
#14039=DIRECTION('',(0.,0.,-1.));
#14040=DIRECTION('',(-1.,0.,0.));
#14041=DIRECTION('',(0.,-1.,0.));
#14042=DIRECTION('',(0.,0.,-1.));
#14043=DIRECTION('',(-1.,0.,0.));
#14044=DIRECTION('',(0.,0.,-1.));
#14045=DIRECTION('',(-1.,0.,0.));
#14046=DIRECTION('',(0.,-1.,0.));
#14047=DIRECTION('',(0.,0.,-1.));
#14048=DIRECTION('',(-1.,0.,0.));
#14049=DIRECTION('',(0.,0.,-1.));
#14050=DIRECTION('',(-1.,0.,0.));
#14051=DIRECTION('',(0.,0.,1.));
#14052=DIRECTION('',(-1.,0.,0.));
#14053=DIRECTION('',(0.,0.,-1.));
#14054=DIRECTION('',(-1.,0.,0.));
#14055=DIRECTION('',(0.,0.,1.));
#14056=DIRECTION('',(-1.,0.,0.));
#14057=DIRECTION('',(0.,0.,-1.));
#14058=DIRECTION('',(-1.,0.,0.));
#14059=DIRECTION('',(0.,0.,1.));
#14060=DIRECTION('',(-1.,0.,0.));
#14061=DIRECTION('',(0.,0.,-1.));
#14062=DIRECTION('',(-1.,0.,0.));
#14063=DIRECTION('',(0.,0.,1.));
#14064=DIRECTION('',(-1.,0.,0.));
#14065=DIRECTION('',(0.,0.,-1.));
#14066=DIRECTION('',(-1.,0.,0.));
#14067=DIRECTION('',(0.,0.,1.));
#14068=DIRECTION('',(-1.,0.,0.));
#14069=DIRECTION('',(0.,0.,-1.));
#14070=DIRECTION('',(-1.,0.,0.));
#14071=DIRECTION('',(0.,0.,1.));
#14072=DIRECTION('',(-1.,0.,0.));
#14073=DIRECTION('',(0.,0.,-1.));
#14074=DIRECTION('',(0.,0.,-1.));
#14075=DIRECTION('',(-1.,0.,0.));
#14076=DIRECTION('',(0.,0.447213595499958,0.894427190999916));
#14077=DIRECTION('',(0.,0.894427190999916,-0.447213595499958));
#14078=DIRECTION('',(0.,0.,-1.));
#14079=DIRECTION('',(0.,0.447213595499958,-0.894427190999916));
#14080=DIRECTION('',(0.,-0.894427190999916,-0.447213595499958));
#14081=DIRECTION('',(-0.707106781186548,-0.707106781186547,0.));
#14082=DIRECTION('',(0.707106781186547,-0.707106781186548,0.));
#14083=DIRECTION('',(0.666666666666666,-0.666666666666667,-0.333333333333334));
#14084=DIRECTION('',(0.,0.,-1.));
#14085=DIRECTION('',(-0.666666666666666,0.666666666666667,-0.333333333333334));
#14086=DIRECTION('',(-0.707106781186548,-0.707106781186548,0.));
#14087=DIRECTION('',(0.707106781186548,-0.707106781186548,0.));
#14088=DIRECTION('',(0.666666666666666,-0.666666666666667,-0.333333333333334));
#14089=DIRECTION('',(0.,0.,-1.));
#14090=DIRECTION('',(-0.666666666666666,0.666666666666667,-0.333333333333334));
#14091=DIRECTION('',(-0.707106781186548,-0.707106781186548,0.));
#14092=DIRECTION('',(0.707106781186548,-0.707106781186548,0.));
#14093=DIRECTION('',(0.666666666666666,-0.666666666666667,-0.333333333333334));
#14094=DIRECTION('',(0.,0.,-1.));
#14095=DIRECTION('',(-0.666666666666666,0.666666666666667,-0.333333333333334));
#14096=DIRECTION('',(-0.707106781186548,-0.707106781186548,0.));
#14097=DIRECTION('',(0.707106781186548,-0.707106781186548,0.));
#14098=DIRECTION('',(0.666666666666666,-0.666666666666667,-0.333333333333334));
#14099=DIRECTION('',(0.,0.,-1.));
#14100=DIRECTION('',(-0.666666666666666,0.666666666666667,-0.333333333333334));
#14101=DIRECTION('',(-0.707106781186548,-0.707106781186548,0.));
#14102=DIRECTION('',(0.707106781186548,-0.707106781186548,0.));
#14103=DIRECTION('',(0.666666666666666,-0.666666666666667,-0.333333333333334));
#14104=DIRECTION('',(0.,0.,-1.));
#14105=DIRECTION('',(-0.666666666666666,0.666666666666667,-0.333333333333334));
#14106=DIRECTION('',(-0.707106781186548,-0.707106781186548,0.));
#14107=DIRECTION('',(0.707106781186548,-0.707106781186548,0.));
#14108=DIRECTION('',(0.666666666666666,-0.666666666666667,-0.333333333333334));
#14109=DIRECTION('',(0.,0.,-1.));
#14110=DIRECTION('',(-0.666666666666666,0.666666666666667,-0.333333333333334));
#14111=DIRECTION('',(-0.707106781186548,-0.707106781186548,0.));
#14112=DIRECTION('',(0.707106781186548,-0.707106781186548,0.));
#14113=DIRECTION('',(0.666666666666666,-0.666666666666667,-0.333333333333334));
#14114=DIRECTION('',(0.,0.,-1.));
#14115=DIRECTION('',(-0.666666666666666,0.666666666666667,-0.333333333333334));
#14116=DIRECTION('',(-0.707106781186548,-0.707106781186548,0.));
#14117=DIRECTION('',(0.707106781186548,-0.707106781186548,0.));
#14118=DIRECTION('',(0.666666666666666,-0.666666666666667,-0.333333333333334));
#14119=DIRECTION('',(0.,0.,-1.));
#14120=DIRECTION('',(-0.666666666666666,0.666666666666667,-0.333333333333334));
#14121=DIRECTION('',(-0.707106781186548,-0.707106781186548,0.));
#14122=DIRECTION('',(0.707106781186548,-0.707106781186548,0.));
#14123=DIRECTION('',(0.666666666666666,-0.666666666666667,-0.333333333333334));
#14124=DIRECTION('',(0.,0.,-1.));
#14125=DIRECTION('',(-0.666666666666666,0.666666666666667,-0.333333333333334));
#14126=DIRECTION('',(-0.707106781186548,-0.707106781186548,0.));
#14127=DIRECTION('',(0.707106781186548,-0.707106781186548,0.));
#14128=DIRECTION('',(0.666666666666666,-0.666666666666667,-0.333333333333334));
#14129=DIRECTION('',(0.,0.,-1.));
#14130=DIRECTION('',(-0.666666666666666,0.666666666666667,-0.333333333333334));
#14131=DIRECTION('',(-0.707106781186548,-0.707106781186548,0.));
#14132=DIRECTION('',(0.707106781186548,-0.707106781186548,0.));
#14133=DIRECTION('',(0.666666666666666,-0.666666666666667,-0.333333333333334));
#14134=DIRECTION('',(0.,0.,-1.));
#14135=DIRECTION('',(-0.707106781186547,0.707106781186548,0.));
#14136=DIRECTION('',(0.,0.,-1.));
#14137=DIRECTION('',(-0.707106781186547,0.707106781186548,0.));
#14138=DIRECTION('',(0.,0.,-1.));
#14139=DIRECTION('',(-0.666666666666666,0.666666666666667,-0.333333333333334));
#14140=DIRECTION('',(-0.707106781186548,-0.707106781186548,0.));
#14141=DIRECTION('',(0.707106781186548,-0.707106781186548,0.));
#14142=DIRECTION('',(0.666666666666666,-0.666666666666667,-0.333333333333334));
#14143=DIRECTION('',(-0.666666666666666,0.666666666666667,-0.333333333333334));
#14144=DIRECTION('',(-0.707106781186548,-0.707106781186548,0.));
#14145=DIRECTION('',(0.707106781186548,-0.707106781186548,0.));
#14146=DIRECTION('',(0.,1.,0.));
#14147=DIRECTION('',(0.,0.,1.));
#14148=DIRECTION('',(0.,-0.894427190999916,-0.447213595499958));
#14149=DIRECTION('',(0.,-1.,0.));
#14150=DIRECTION('',(0.,0.,-1.));
#14151=DIRECTION('',(0.,-0.894427190999916,0.447213595499958));
#14152=DIRECTION('',(0.,-1.,0.));
#14153=DIRECTION('',(0.,0.,-1.));
#14154=DIRECTION('',(0.,-1.,0.));
#14155=DIRECTION('',(0.,-1.,0.));
#14156=DIRECTION('',(0.,0.,-1.));
#14157=DIRECTION('',(0.,-1.,0.));
#14158=DIRECTION('',(0.,1.,0.));
#14159=DIRECTION('',(0.,0.,1.));
#14160=DIRECTION('',(0.,-0.894427190999916,-0.447213595499958));
#14161=DIRECTION('',(0.,-1.,0.));
#14162=DIRECTION('',(0.,0.,-1.));
#14163=DIRECTION('',(0.,-0.894427190999916,0.447213595499958));
#14164=DIRECTION('',(0.,-1.,0.));
#14165=DIRECTION('',(0.,0.,-1.));
#14166=DIRECTION('',(0.,-1.,0.));
#14167=DIRECTION('',(0.,-1.,0.));
#14168=DIRECTION('',(0.,0.,-1.));
#14169=DIRECTION('',(0.,-1.,0.));
#14170=DIRECTION('',(0.,1.,0.));
#14171=DIRECTION('',(0.,0.,1.));
#14172=DIRECTION('',(0.,-0.894427190999916,-0.447213595499958));
#14173=DIRECTION('',(0.,-1.,0.));
#14174=DIRECTION('',(0.,0.,-1.));
#14175=DIRECTION('',(0.,-0.894427190999916,0.447213595499958));
#14176=DIRECTION('',(0.,-1.,0.));
#14177=DIRECTION('',(0.,0.,-1.));
#14178=DIRECTION('',(0.,-1.,0.));
#14179=DIRECTION('',(0.,-1.,0.));
#14180=DIRECTION('',(0.,0.,-1.));
#14181=DIRECTION('',(0.,-1.,0.));
#14182=DIRECTION('',(0.,1.,0.));
#14183=DIRECTION('',(0.,0.,1.));
#14184=DIRECTION('',(0.,-0.894427190999916,-0.447213595499958));
#14185=DIRECTION('',(0.,-1.,0.));
#14186=DIRECTION('',(0.,0.,-1.));
#14187=DIRECTION('',(0.,-0.894427190999916,0.447213595499958));
#14188=DIRECTION('',(0.,-1.,0.));
#14189=DIRECTION('',(0.,0.,-1.));
#14190=DIRECTION('',(0.,-1.,0.));
#14191=DIRECTION('',(0.,-1.,0.));
#14192=DIRECTION('',(0.,0.,-1.));
#14193=DIRECTION('',(0.,-1.,0.));
#14194=DIRECTION('',(0.,1.,0.));
#14195=DIRECTION('',(0.,0.,1.));
#14196=DIRECTION('',(0.,-0.894427190999916,-0.447213595499958));
#14197=DIRECTION('',(0.,-1.,0.));
#14198=DIRECTION('',(0.,0.,-1.));
#14199=DIRECTION('',(0.,-0.894427190999916,0.447213595499958));
#14200=DIRECTION('',(0.,-1.,0.));
#14201=DIRECTION('',(0.,0.,-1.));
#14202=DIRECTION('',(0.,-1.,0.));
#14203=DIRECTION('',(0.,-1.,0.));
#14204=DIRECTION('',(0.,0.,-1.));
#14205=DIRECTION('',(0.,-1.,0.));
#14206=DIRECTION('',(0.,1.,0.));
#14207=DIRECTION('',(0.,0.,1.));
#14208=DIRECTION('',(0.,-0.894427190999916,-0.447213595499958));
#14209=DIRECTION('',(0.,-1.,0.));
#14210=DIRECTION('',(0.,0.,-1.));
#14211=DIRECTION('',(0.,-0.894427190999916,0.447213595499958));
#14212=DIRECTION('',(0.,-1.,0.));
#14213=DIRECTION('',(0.,0.,-1.));
#14214=DIRECTION('',(0.,-1.,0.));
#14215=DIRECTION('',(0.,-1.,0.));
#14216=DIRECTION('',(0.,0.,-1.));
#14217=DIRECTION('',(0.,-1.,0.));
#14218=DIRECTION('',(0.,1.,0.));
#14219=DIRECTION('',(0.,0.,1.));
#14220=DIRECTION('',(0.,-0.894427190999916,-0.447213595499958));
#14221=DIRECTION('',(0.,-1.,0.));
#14222=DIRECTION('',(0.,0.,-1.));
#14223=DIRECTION('',(0.,-0.894427190999916,0.447213595499958));
#14224=DIRECTION('',(0.,-1.,0.));
#14225=DIRECTION('',(0.,0.,-1.));
#14226=DIRECTION('',(0.,-1.,0.));
#14227=DIRECTION('',(0.,-1.,0.));
#14228=DIRECTION('',(0.,0.,-1.));
#14229=DIRECTION('',(0.,-1.,0.));
#14230=DIRECTION('',(0.,1.,0.));
#14231=DIRECTION('',(0.,0.,1.));
#14232=DIRECTION('',(0.,-0.894427190999916,-0.447213595499958));
#14233=DIRECTION('',(0.,-1.,0.));
#14234=DIRECTION('',(0.,0.,-1.));
#14235=DIRECTION('',(0.,-0.894427190999916,0.447213595499958));
#14236=DIRECTION('',(0.,-1.,0.));
#14237=DIRECTION('',(0.,0.,-1.));
#14238=DIRECTION('',(0.,-1.,0.));
#14239=DIRECTION('',(0.,-1.,0.));
#14240=DIRECTION('',(0.,0.,-1.));
#14241=DIRECTION('',(0.,-1.,0.));
#14242=DIRECTION('',(0.,1.,0.));
#14243=DIRECTION('',(0.,0.,1.));
#14244=DIRECTION('',(0.,-0.894427190999916,-0.447213595499958));
#14245=DIRECTION('',(0.,-1.,0.));
#14246=DIRECTION('',(0.,0.,-1.));
#14247=DIRECTION('',(0.,-0.894427190999916,0.447213595499958));
#14248=DIRECTION('',(0.,-1.,0.));
#14249=DIRECTION('',(0.,0.,-1.));
#14250=DIRECTION('',(0.,-1.,0.));
#14251=DIRECTION('',(0.,-1.,0.));
#14252=DIRECTION('',(0.,0.,-1.));
#14253=DIRECTION('',(0.,-1.,0.));
#14254=DIRECTION('',(0.,1.,0.));
#14255=DIRECTION('',(0.,0.,1.));
#14256=DIRECTION('',(0.,-0.894427190999916,-0.447213595499958));
#14257=DIRECTION('',(0.,-1.,0.));
#14258=DIRECTION('',(0.,0.,-1.));
#14259=DIRECTION('',(0.,-0.894427190999916,0.447213595499958));
#14260=DIRECTION('',(0.,-1.,0.));
#14261=DIRECTION('',(0.,0.,-1.));
#14262=DIRECTION('',(0.,-1.,0.));
#14263=DIRECTION('',(0.,-1.,0.));
#14264=DIRECTION('',(0.,0.,-1.));
#14265=DIRECTION('',(0.,-1.,0.));
#14266=DIRECTION('',(0.,1.,0.));
#14267=DIRECTION('',(0.,0.,1.));
#14268=DIRECTION('',(0.,-0.894427190999916,-0.447213595499958));
#14269=DIRECTION('',(0.,-1.,0.));
#14270=DIRECTION('',(0.,0.,-1.));
#14271=DIRECTION('',(0.,-0.894427190999916,0.447213595499958));
#14272=DIRECTION('',(0.,-1.,0.));
#14273=DIRECTION('',(0.,0.,-1.));
#14274=DIRECTION('',(0.,-1.,0.));
#14275=DIRECTION('',(0.,-1.,0.));
#14276=DIRECTION('',(0.,0.,-1.));
#14277=DIRECTION('',(0.,-1.,0.));
#14278=DIRECTION('',(0.,0.,-1.));
#14279=DIRECTION('',(-1.,0.,0.));
#14280=DIRECTION('',(0.,0.447213595499958,-0.894427190999916));
#14281=DIRECTION('',(0.,-0.894427190999916,-0.447213595499958));
#14282=DIRECTION('',(0.,0.447213595499958,0.894427190999916));
#14283=DIRECTION('',(0.,0.894427190999916,-0.447213595499958));
#14284=DIRECTION('',(0.,0.,-1.));
#14285=DIRECTION('',(-1.,0.,0.));
#14286=DIRECTION('',(0.,0.447213595499958,-0.894427190999916));
#14287=DIRECTION('',(0.,-0.894427190999916,-0.447213595499958));
#14288=DIRECTION('',(0.,0.447213595499958,0.894427190999916));
#14289=DIRECTION('',(0.,0.894427190999916,-0.447213595499958));
#14290=DIRECTION('',(0.,0.,-1.));
#14291=DIRECTION('',(-1.,0.,0.));
#14292=DIRECTION('',(0.,0.447213595499958,-0.894427190999916));
#14293=DIRECTION('',(0.,-0.894427190999916,-0.447213595499958));
#14294=DIRECTION('',(0.,0.447213595499958,0.894427190999916));
#14295=DIRECTION('',(0.,0.894427190999916,-0.447213595499958));
#14296=DIRECTION('',(0.,0.,-1.));
#14297=DIRECTION('',(-1.,0.,0.));
#14298=DIRECTION('',(0.,0.447213595499958,-0.894427190999916));
#14299=DIRECTION('',(0.,-0.894427190999916,-0.447213595499958));
#14300=DIRECTION('',(0.,0.447213595499958,0.894427190999916));
#14301=DIRECTION('',(0.,0.894427190999916,-0.447213595499958));
#14302=DIRECTION('',(0.,0.,-1.));
#14303=DIRECTION('',(-1.,0.,0.));
#14304=DIRECTION('',(0.,0.447213595499958,-0.894427190999916));
#14305=DIRECTION('',(0.,-0.894427190999916,-0.447213595499958));
#14306=DIRECTION('',(0.,0.447213595499958,0.894427190999916));
#14307=DIRECTION('',(0.,0.894427190999916,-0.447213595499958));
#14308=DIRECTION('',(0.,0.,-1.));
#14309=DIRECTION('',(-1.,0.,0.));
#14310=DIRECTION('',(0.,0.447213595499958,-0.894427190999916));
#14311=DIRECTION('',(0.,-0.894427190999916,-0.447213595499958));
#14312=DIRECTION('',(0.,0.447213595499958,0.894427190999916));
#14313=DIRECTION('',(0.,0.894427190999916,-0.447213595499958));
#14314=DIRECTION('',(0.,0.,-1.));
#14315=DIRECTION('',(-1.,0.,0.));
#14316=DIRECTION('',(0.,0.447213595499958,-0.894427190999916));
#14317=DIRECTION('',(0.,-0.894427190999916,-0.447213595499958));
#14318=DIRECTION('',(0.,0.447213595499958,0.894427190999916));
#14319=DIRECTION('',(0.,0.894427190999916,-0.447213595499958));
#14320=DIRECTION('',(0.,0.,-1.));
#14321=DIRECTION('',(-1.,0.,0.));
#14322=DIRECTION('',(0.,0.447213595499958,-0.894427190999916));
#14323=DIRECTION('',(0.,-0.894427190999916,-0.447213595499958));
#14324=DIRECTION('',(0.,0.447213595499958,0.894427190999916));
#14325=DIRECTION('',(0.,0.894427190999916,-0.447213595499958));
#14326=DIRECTION('',(0.,0.,-1.));
#14327=DIRECTION('',(-1.,0.,0.));
#14328=DIRECTION('',(0.,0.447213595499958,-0.894427190999916));
#14329=DIRECTION('',(0.,-0.894427190999916,-0.447213595499958));
#14330=DIRECTION('',(0.,0.447213595499958,0.894427190999916));
#14331=DIRECTION('',(0.,0.894427190999916,-0.447213595499958));
#14332=DIRECTION('',(0.,0.,-1.));
#14333=DIRECTION('',(-1.,0.,0.));
#14334=DIRECTION('',(0.,0.447213595499958,-0.894427190999916));
#14335=DIRECTION('',(0.,-0.894427190999916,-0.447213595499958));
#14336=DIRECTION('',(0.,0.447213595499958,0.894427190999916));
#14337=DIRECTION('',(0.,0.894427190999916,-0.447213595499958));
#14338=DIRECTION('',(0.,0.,-1.));
#14339=DIRECTION('',(-1.,0.,0.));
#14340=DIRECTION('',(0.,0.447213595499958,-0.894427190999916));
#14341=DIRECTION('',(0.,-0.894427190999916,-0.447213595499958));
#14342=DIRECTION('',(0.,0.,1.));
#14343=DIRECTION('',(1.,0.,0.));
#14344=DIRECTION('',(0.707106781186548,0.707106781186548,0.));
#14345=DIRECTION('',(-0.707106781186548,0.707106781186548,0.));
#14346=DIRECTION('',(-0.707106781186548,-0.707106781186548,0.));
#14347=DIRECTION('',(0.707106781186548,-0.707106781186548,0.));
#14348=DIRECTION('',(-0.707106781186548,-0.707106781186548,0.));
#14349=DIRECTION('',(0.707106781186548,-0.707106781186548,0.));
#14350=DIRECTION('',(-0.707106781186548,-0.707106781186548,0.));
#14351=DIRECTION('',(-0.707106781186548,-0.707106781186548,0.));
#14352=DIRECTION('',(0.707106781186548,-0.707106781186548,0.));
#14353=DIRECTION('',(-0.707106781186548,-0.707106781186548,0.));
#14354=DIRECTION('',(0.707106781186548,0.707106781186548,0.));
#14355=DIRECTION('',(-0.707106781186548,0.707106781186548,0.));
#14356=DIRECTION('',(0.,0.,-1.));
#14357=DIRECTION('',(-0.707106781186548,0.707106781186548,0.));
#14358=DIRECTION('',(0.707106781186548,-0.707106781186548,0.));
#14359=DIRECTION('',(0.707106781186548,0.707106781186548,0.));
#14360=DIRECTION('',(-0.707106781186548,0.707106781186548,0.));
#14361=DIRECTION('',(-0.707106781186548,-0.707106781186548,0.));
#14362=DIRECTION('',(0.707106781186548,-0.707106781186548,0.));
#14363=DIRECTION('',(-0.707106781186548,-0.707106781186548,0.));
#14364=DIRECTION('',(0.707106781186548,-0.707106781186548,0.));
#14365=DIRECTION('',(-0.707106781186548,-0.707106781186548,0.));
#14366=DIRECTION('',(-0.707106781186548,-0.707106781186548,0.));
#14367=DIRECTION('',(0.707106781186548,-0.707106781186548,0.));
#14368=DIRECTION('',(-0.707106781186548,-0.707106781186548,0.));
#14369=DIRECTION('',(0.707106781186548,0.707106781186548,0.));
#14370=DIRECTION('',(-0.707106781186548,0.707106781186548,0.));
#14371=DIRECTION('',(0.,0.,-1.));
#14372=DIRECTION('',(-0.707106781186548,0.707106781186548,0.));
#14373=DIRECTION('',(0.707106781186548,-0.707106781186548,0.));
#14374=DIRECTION('',(0.707106781186548,0.707106781186548,0.));
#14375=DIRECTION('',(-0.707106781186548,0.707106781186548,0.));
#14376=DIRECTION('',(-0.707106781186548,-0.707106781186548,0.));
#14377=DIRECTION('',(0.707106781186548,-0.707106781186548,0.));
#14378=DIRECTION('',(-0.707106781186548,-0.707106781186548,0.));
#14379=DIRECTION('',(0.707106781186548,-0.707106781186548,0.));
#14380=DIRECTION('',(-0.707106781186548,-0.707106781186548,0.));
#14381=DIRECTION('',(-0.707106781186548,-0.707106781186548,0.));
#14382=DIRECTION('',(0.707106781186548,-0.707106781186548,0.));
#14383=DIRECTION('',(-0.707106781186548,-0.707106781186548,0.));
#14384=DIRECTION('',(0.707106781186548,0.707106781186548,0.));
#14385=DIRECTION('',(-0.707106781186548,0.707106781186548,0.));
#14386=DIRECTION('',(0.,0.,-1.));
#14387=DIRECTION('',(-0.707106781186548,0.707106781186548,0.));
#14388=DIRECTION('',(0.707106781186548,-0.707106781186548,0.));
#14389=DIRECTION('',(0.707106781186548,0.707106781186548,0.));
#14390=DIRECTION('',(-0.707106781186548,0.707106781186548,0.));
#14391=DIRECTION('',(-0.707106781186548,-0.707106781186548,0.));
#14392=DIRECTION('',(0.707106781186548,-0.707106781186548,0.));
#14393=DIRECTION('',(-0.707106781186548,-0.707106781186548,0.));
#14394=DIRECTION('',(0.707106781186548,-0.707106781186548,0.));
#14395=DIRECTION('',(-0.707106781186548,-0.707106781186548,0.));
#14396=DIRECTION('',(-0.707106781186548,-0.707106781186548,0.));
#14397=DIRECTION('',(0.707106781186548,-0.707106781186548,0.));
#14398=DIRECTION('',(-0.707106781186548,-0.707106781186548,0.));
#14399=DIRECTION('',(0.707106781186548,0.707106781186548,0.));
#14400=DIRECTION('',(-0.707106781186548,0.707106781186548,0.));
#14401=DIRECTION('',(0.,0.,-1.));
#14402=DIRECTION('',(-0.707106781186548,0.707106781186548,0.));
#14403=DIRECTION('',(0.707106781186548,-0.707106781186548,0.));
#14404=DIRECTION('',(0.707106781186548,0.707106781186548,0.));
#14405=DIRECTION('',(-0.707106781186548,0.707106781186548,0.));
#14406=DIRECTION('',(-0.707106781186548,-0.707106781186548,0.));
#14407=DIRECTION('',(0.707106781186548,-0.707106781186548,0.));
#14408=DIRECTION('',(-0.707106781186548,-0.707106781186548,0.));
#14409=DIRECTION('',(0.707106781186548,-0.707106781186548,0.));
#14410=DIRECTION('',(-0.707106781186548,-0.707106781186548,0.));
#14411=DIRECTION('',(-0.707106781186548,-0.707106781186548,0.));
#14412=DIRECTION('',(0.707106781186548,-0.707106781186548,0.));
#14413=DIRECTION('',(-0.707106781186548,-0.707106781186548,0.));
#14414=DIRECTION('',(0.707106781186548,0.707106781186548,0.));
#14415=DIRECTION('',(-0.707106781186548,0.707106781186548,0.));
#14416=DIRECTION('',(0.,0.,-1.));
#14417=DIRECTION('',(-0.707106781186548,0.707106781186548,0.));
#14418=DIRECTION('',(0.707106781186548,-0.707106781186548,0.));
#14419=DIRECTION('',(0.707106781186548,0.707106781186548,0.));
#14420=DIRECTION('',(-0.707106781186548,0.707106781186548,0.));
#14421=DIRECTION('',(-0.707106781186548,-0.707106781186548,0.));
#14422=DIRECTION('',(0.707106781186548,-0.707106781186548,0.));
#14423=DIRECTION('',(-0.707106781186548,-0.707106781186548,0.));
#14424=DIRECTION('',(0.707106781186548,-0.707106781186548,0.));
#14425=DIRECTION('',(-0.707106781186548,-0.707106781186548,0.));
#14426=DIRECTION('',(-0.707106781186548,-0.707106781186548,0.));
#14427=DIRECTION('',(0.707106781186548,-0.707106781186548,0.));
#14428=DIRECTION('',(-0.707106781186548,-0.707106781186548,0.));
#14429=DIRECTION('',(0.707106781186548,0.707106781186548,0.));
#14430=DIRECTION('',(-0.707106781186548,0.707106781186548,0.));
#14431=DIRECTION('',(0.,0.,-1.));
#14432=DIRECTION('',(-0.707106781186548,0.707106781186548,0.));
#14433=DIRECTION('',(0.707106781186548,-0.707106781186548,0.));
#14434=DIRECTION('',(0.707106781186548,0.707106781186548,0.));
#14435=DIRECTION('',(-0.707106781186548,0.707106781186548,0.));
#14436=DIRECTION('',(-0.707106781186548,-0.707106781186548,0.));
#14437=DIRECTION('',(0.707106781186548,-0.707106781186548,0.));
#14438=DIRECTION('',(-0.707106781186548,-0.707106781186548,0.));
#14439=DIRECTION('',(0.707106781186548,-0.707106781186548,0.));
#14440=DIRECTION('',(-0.707106781186548,-0.707106781186548,0.));
#14441=DIRECTION('',(-0.707106781186548,-0.707106781186548,0.));
#14442=DIRECTION('',(0.707106781186548,-0.707106781186548,0.));
#14443=DIRECTION('',(-0.707106781186548,-0.707106781186548,0.));
#14444=DIRECTION('',(0.707106781186548,0.707106781186548,0.));
#14445=DIRECTION('',(-0.707106781186548,0.707106781186548,0.));
#14446=DIRECTION('',(0.,0.,-1.));
#14447=DIRECTION('',(-0.707106781186548,0.707106781186548,0.));
#14448=DIRECTION('',(0.707106781186548,-0.707106781186548,0.));
#14449=DIRECTION('',(0.707106781186548,0.707106781186548,0.));
#14450=DIRECTION('',(-0.707106781186548,0.707106781186548,0.));
#14451=DIRECTION('',(-0.707106781186548,-0.707106781186548,0.));
#14452=DIRECTION('',(0.707106781186548,-0.707106781186548,0.));
#14453=DIRECTION('',(-0.707106781186548,-0.707106781186548,0.));
#14454=DIRECTION('',(0.707106781186548,-0.707106781186548,0.));
#14455=DIRECTION('',(-0.707106781186548,-0.707106781186548,0.));
#14456=DIRECTION('',(-0.707106781186548,-0.707106781186548,0.));
#14457=DIRECTION('',(0.707106781186548,-0.707106781186548,0.));
#14458=DIRECTION('',(-0.707106781186548,-0.707106781186548,0.));
#14459=DIRECTION('',(0.707106781186548,0.707106781186548,0.));
#14460=DIRECTION('',(-0.707106781186548,0.707106781186548,0.));
#14461=DIRECTION('',(0.,0.,-1.));
#14462=DIRECTION('',(-0.707106781186548,0.707106781186548,0.));
#14463=DIRECTION('',(0.707106781186548,-0.707106781186548,0.));
#14464=DIRECTION('',(0.707106781186548,0.707106781186548,0.));
#14465=DIRECTION('',(-0.707106781186548,0.707106781186548,0.));
#14466=DIRECTION('',(-0.707106781186548,-0.707106781186548,0.));
#14467=DIRECTION('',(0.707106781186548,-0.707106781186548,0.));
#14468=DIRECTION('',(-0.707106781186548,-0.707106781186548,0.));
#14469=DIRECTION('',(0.707106781186548,-0.707106781186548,0.));
#14470=DIRECTION('',(-0.707106781186548,-0.707106781186548,0.));
#14471=DIRECTION('',(-0.707106781186548,-0.707106781186548,0.));
#14472=DIRECTION('',(0.707106781186548,-0.707106781186548,0.));
#14473=DIRECTION('',(-0.707106781186548,-0.707106781186548,0.));
#14474=DIRECTION('',(0.707106781186548,0.707106781186548,0.));
#14475=DIRECTION('',(-0.707106781186548,0.707106781186548,0.));
#14476=DIRECTION('',(0.,0.,-1.));
#14477=DIRECTION('',(-0.707106781186548,0.707106781186548,0.));
#14478=DIRECTION('',(0.707106781186548,-0.707106781186548,0.));
#14479=DIRECTION('',(0.707106781186548,0.707106781186548,0.));
#14480=DIRECTION('',(-0.707106781186548,0.707106781186548,0.));
#14481=DIRECTION('',(-0.707106781186548,-0.707106781186548,0.));
#14482=DIRECTION('',(0.707106781186548,-0.707106781186548,0.));
#14483=DIRECTION('',(-0.707106781186548,-0.707106781186548,0.));
#14484=DIRECTION('',(0.707106781186548,-0.707106781186548,0.));
#14485=DIRECTION('',(-0.707106781186548,-0.707106781186548,0.));
#14486=DIRECTION('',(-0.707106781186548,-0.707106781186548,0.));
#14487=DIRECTION('',(0.707106781186548,-0.707106781186548,0.));
#14488=DIRECTION('',(-0.707106781186548,-0.707106781186548,0.));
#14489=DIRECTION('',(0.707106781186548,0.707106781186548,0.));
#14490=DIRECTION('',(-0.707106781186548,0.707106781186548,0.));
#14491=DIRECTION('',(0.,0.,-1.));
#14492=DIRECTION('',(-0.707106781186548,0.707106781186548,0.));
#14493=DIRECTION('',(0.707106781186548,-0.707106781186548,0.));
#14494=DIRECTION('',(0.707106781186548,0.707106781186548,0.));
#14495=DIRECTION('',(-0.707106781186548,0.707106781186548,0.));
#14496=DIRECTION('',(-0.707106781186548,-0.707106781186548,0.));
#14497=DIRECTION('',(0.707106781186548,-0.707106781186548,0.));
#14498=DIRECTION('',(-0.707106781186548,-0.707106781186548,0.));
#14499=DIRECTION('',(0.707106781186548,-0.707106781186548,0.));
#14500=DIRECTION('',(-0.707106781186548,-0.707106781186548,0.));
#14501=DIRECTION('',(-0.707106781186548,-0.707106781186548,0.));
#14502=DIRECTION('',(0.707106781186548,-0.707106781186548,0.));
#14503=DIRECTION('',(-0.707106781186548,-0.707106781186548,0.));
#14504=DIRECTION('',(0.707106781186548,0.707106781186548,0.));
#14505=DIRECTION('',(-0.707106781186548,0.707106781186548,0.));
#14506=DIRECTION('',(0.,0.,-1.));
#14507=DIRECTION('',(-0.707106781186548,0.707106781186548,0.));
#14508=DIRECTION('',(0.707106781186548,-0.707106781186548,0.));
#14509=DIRECTION('',(0.,1.,0.));
#14510=DIRECTION('',(0.,0.,1.));
#14511=DIRECTION('',(0.,-0.894427190999916,-0.447213595499958));
#14512=DIRECTION('',(0.,-1.,0.));
#14513=DIRECTION('',(0.,0.,-1.));
#14514=DIRECTION('',(0.,-0.894427190999916,0.447213595499958));
#14515=DIRECTION('',(0.,-1.,0.));
#14516=DIRECTION('',(0.,0.,-1.));
#14517=DIRECTION('',(0.,-1.,0.));
#14518=DIRECTION('',(0.,-1.,0.));
#14519=DIRECTION('',(0.,0.,-1.));
#14520=DIRECTION('',(0.,-1.,0.));
#14521=DIRECTION('',(0.,0.,-1.));
#14522=DIRECTION('',(-1.,0.,0.));
#14523=DIRECTION('',(0.,0.447213595499958,0.894427190999916));
#14524=DIRECTION('',(0.,0.894427190999916,-0.447213595499958));
#14525=DIRECTION('',(0.,0.,1.));
#14526=DIRECTION('',(1.,0.,0.));
#14527=DIRECTION('',(0.707106781186548,0.707106781186548,0.));
#14528=DIRECTION('',(-0.707106781186548,0.707106781186548,0.));
#14529=DIRECTION('',(-0.707106781186548,-0.707106781186548,0.));
#14530=DIRECTION('',(0.707106781186548,-0.707106781186548,0.));
#14531=DIRECTION('',(-0.707106781186548,-0.707106781186548,0.));
#14532=DIRECTION('',(0.707106781186548,-0.707106781186548,0.));
#14533=DIRECTION('',(-0.707106781186548,-0.707106781186548,0.));
#14534=DIRECTION('',(-0.707106781186548,-0.707106781186548,0.));
#14535=DIRECTION('',(0.707106781186548,-0.707106781186548,0.));
#14536=DIRECTION('',(-0.707106781186548,-0.707106781186548,0.));
#14537=DIRECTION('',(0.707106781186548,0.707106781186548,0.));
#14538=DIRECTION('',(-0.707106781186548,0.707106781186548,0.));
#14539=DIRECTION('',(0.,0.,-1.));
#14540=DIRECTION('',(-0.707106781186548,0.707106781186548,0.));
#14541=DIRECTION('',(0.707106781186548,-0.707106781186548,0.));
#14542=DIRECTION('',(0.,1.,0.));
#14543=DIRECTION('',(0.,0.,1.));
#14544=DIRECTION('',(-1.,0.,0.));
#14545=DIRECTION('',(-1.,0.,0.));
#14546=DIRECTION('',(0.,1.,0.));
#14547=DIRECTION('',(0.,0.,1.));
#14548=DIRECTION('',(-1.,0.,0.));
#14549=DIRECTION('',(-1.,0.,0.));
#14550=DIRECTION('',(0.,1.,0.));
#14551=DIRECTION('',(0.,0.,1.));
#14552=DIRECTION('',(-1.,0.,0.));
#14553=DIRECTION('',(-1.,0.,0.));
#14554=DIRECTION('',(0.,1.,0.));
#14555=DIRECTION('',(0.,0.,1.));
#14556=DIRECTION('',(-1.,0.,0.));
#14557=DIRECTION('',(-1.,0.,0.));
#14558=DIRECTION('',(0.,1.,0.));
#14559=DIRECTION('',(0.,0.,1.));
#14560=DIRECTION('',(-1.,0.,0.));
#14561=DIRECTION('',(-1.,0.,0.));
#14562=DIRECTION('',(0.,1.,0.));
#14563=DIRECTION('',(0.,0.,1.));
#14564=DIRECTION('',(-1.,0.,0.));
#14565=DIRECTION('',(-1.,0.,0.));
#14566=DIRECTION('',(0.,1.,0.));
#14567=DIRECTION('',(0.,0.,1.));
#14568=DIRECTION('',(-1.,0.,0.));
#14569=DIRECTION('',(-1.,0.,0.));
#14570=DIRECTION('',(0.,1.,0.));
#14571=DIRECTION('',(0.,0.,1.));
#14572=DIRECTION('',(-1.,0.,0.));
#14573=DIRECTION('',(-1.,0.,0.));
#14574=DIRECTION('',(0.,1.,0.));
#14575=DIRECTION('',(0.,0.,1.));
#14576=DIRECTION('',(-1.,0.,0.));
#14577=DIRECTION('',(-1.,0.,0.));
#14578=DIRECTION('',(0.,1.,0.));
#14579=DIRECTION('',(0.,0.,1.));
#14580=DIRECTION('',(-1.,0.,0.));
#14581=DIRECTION('',(-1.,0.,0.));
#14582=DIRECTION('',(0.,1.,0.));
#14583=DIRECTION('',(0.,0.,1.));
#14584=DIRECTION('',(-1.,0.,0.));
#14585=DIRECTION('',(-1.,0.,0.));
#14586=DIRECTION('',(0.,1.,0.));
#14587=DIRECTION('',(0.,0.,1.));
#14588=DIRECTION('',(-1.,0.,0.));
#14589=DIRECTION('',(-1.,0.,0.));
#14590=DIRECTION('',(-1.35525271560688E-17,1.,0.));
#14591=DIRECTION('',(-1.,-1.35525271560688E-17,0.));
#14592=DIRECTION('',(-1.,-1.35525271560688E-17,0.));
#14593=DIRECTION('',(0.,0.,-1.));
#14594=DIRECTION('',(1.,1.35525271560688E-17,0.));
#14595=DIRECTION('',(0.,0.,-1.));
#14596=DIRECTION('',(-1.,-1.35525271560688E-17,0.));
#14597=DIRECTION('',(0.,0.,-1.));
#14598=DIRECTION('',(1.,1.35525271560688E-17,0.));
#14599=DIRECTION('',(0.,0.,-1.));
#14600=DIRECTION('',(-1.,-1.35525271560688E-17,0.));
#14601=DIRECTION('',(0.,0.,-1.));
#14602=DIRECTION('',(1.,1.35525271560688E-17,0.));
#14603=DIRECTION('',(0.,0.,-1.));
#14604=DIRECTION('',(-1.,-1.35525271560688E-17,0.));
#14605=DIRECTION('',(0.,0.,-1.));
#14606=DIRECTION('',(1.,1.35525271560688E-17,0.));
#14607=DIRECTION('',(0.,0.,-1.));
#14608=DIRECTION('',(-1.,-1.35525271560688E-17,0.));
#14609=DIRECTION('',(0.,0.,-1.));
#14610=DIRECTION('',(1.,1.35525271560688E-17,0.));
#14611=DIRECTION('',(0.,0.,-1.));
#14612=DIRECTION('',(-1.,-1.35525271560688E-17,0.));
#14613=DIRECTION('',(0.,0.,-1.));
#14614=DIRECTION('',(1.,1.35525271560688E-17,0.));
#14615=DIRECTION('',(0.,0.,-1.));
#14616=DIRECTION('',(-1.,-1.35525271560688E-17,0.));
#14617=DIRECTION('',(0.,0.,-1.));
#14618=DIRECTION('',(1.,1.35525271560688E-17,0.));
#14619=DIRECTION('',(0.,0.,-1.));
#14620=DIRECTION('',(-1.,-1.35525271560688E-17,0.));
#14621=DIRECTION('',(0.,0.,-1.));
#14622=DIRECTION('',(1.,1.35525271560688E-17,0.));
#14623=DIRECTION('',(0.,0.,-1.));
#14624=DIRECTION('',(-1.,-1.35525271560688E-17,0.));
#14625=DIRECTION('',(0.,0.,-1.));
#14626=DIRECTION('',(1.,1.35525271560688E-17,0.));
#14627=DIRECTION('',(0.,0.,-1.));
#14628=DIRECTION('',(-1.,-1.35525271560688E-17,0.));
#14629=DIRECTION('',(0.,0.,-1.));
#14630=DIRECTION('',(1.,1.35525271560688E-17,0.));
#14631=DIRECTION('',(0.,0.,-1.));
#14632=DIRECTION('',(-1.,-1.35525271560688E-17,0.));
#14633=DIRECTION('',(0.,0.,-1.));
#14634=DIRECTION('',(1.,1.35525271560688E-17,0.));
#14635=DIRECTION('',(0.,0.,-1.));
#14636=DIRECTION('',(-1.,-1.35525271560688E-17,0.));
#14637=DIRECTION('',(0.,0.,-1.));
#14638=DIRECTION('',(1.,1.35525271560688E-17,0.));
#14639=DIRECTION('',(0.,0.,-1.));
#14640=DIRECTION('',(0.,0.,-1.));
#14641=DIRECTION('',(1.,1.35525271560688E-17,0.));
#14642=DIRECTION('',(0.,0.,1.));
#14643=DIRECTION('',(1.,1.35525271560688E-17,0.));
#14644=DIRECTION('',(0.,0.,-1.));
#14645=DIRECTION('',(1.,1.35525271560688E-17,0.));
#14646=DIRECTION('',(0.,0.,1.));
#14647=DIRECTION('',(1.,1.35525271560688E-17,0.));
#14648=DIRECTION('',(0.,0.,-1.));
#14649=DIRECTION('',(1.,1.35525271560688E-17,0.));
#14650=DIRECTION('',(0.,0.,1.));
#14651=DIRECTION('',(1.,1.35525271560688E-17,0.));
#14652=DIRECTION('',(0.,0.,-1.));
#14653=DIRECTION('',(1.,1.35525271560688E-17,0.));
#14654=DIRECTION('',(0.,0.,1.));
#14655=DIRECTION('',(1.,1.35525271560688E-17,0.));
#14656=DIRECTION('',(0.,0.,-1.));
#14657=DIRECTION('',(1.,1.35525271560688E-17,0.));
#14658=DIRECTION('',(0.,0.,1.));
#14659=DIRECTION('',(1.,1.35525271560688E-17,0.));
#14660=DIRECTION('',(0.,0.,-1.));
#14661=DIRECTION('',(1.,1.35525271560688E-17,0.));
#14662=DIRECTION('',(0.,0.,1.));
#14663=DIRECTION('',(1.,1.35525271560688E-17,0.));
#14664=DIRECTION('',(0.,0.,-1.));
#14665=DIRECTION('',(1.,1.35525271560688E-17,0.));
#14666=DIRECTION('',(0.,0.,1.));
#14667=DIRECTION('',(1.,1.35525271560688E-17,0.));
#14668=DIRECTION('',(0.,0.,-1.));
#14669=DIRECTION('',(1.,1.35525271560688E-17,0.));
#14670=DIRECTION('',(0.,0.,1.));
#14671=DIRECTION('',(1.,1.35525271560688E-17,0.));
#14672=DIRECTION('',(0.,0.,-1.));
#14673=DIRECTION('',(1.,1.35525271560688E-17,0.));
#14674=DIRECTION('',(0.,0.,1.));
#14675=DIRECTION('',(1.,1.35525271560688E-17,0.));
#14676=DIRECTION('',(0.,0.,-1.));
#14677=DIRECTION('',(1.,1.35525271560688E-17,0.));
#14678=DIRECTION('',(0.,0.,1.));
#14679=DIRECTION('',(1.,1.35525271560688E-17,0.));
#14680=DIRECTION('',(0.,0.,-1.));
#14681=DIRECTION('',(1.,1.35525271560688E-17,0.));
#14682=DIRECTION('',(0.,0.,1.));
#14683=DIRECTION('',(1.,1.35525271560688E-17,0.));
#14684=DIRECTION('',(0.,0.,-1.));
#14685=DIRECTION('',(1.,1.35525271560688E-17,0.));
#14686=DIRECTION('',(0.,0.,1.));
#14687=DIRECTION('',(1.,1.35525271560688E-17,0.));
#14688=DIRECTION('',(0.,0.,-1.));
#14689=DIRECTION('',(1.,1.35525271560688E-17,0.));
#14690=DIRECTION('',(0.,0.,-1.));
#14691=DIRECTION('',(1.,1.35525271560688E-17,0.));
#14692=DIRECTION('',(0.,0.,-1.));
#14693=DIRECTION('',(1.,1.35525271560688E-17,0.));
#14694=DIRECTION('',(0.,0.,-1.));
#14695=DIRECTION('',(1.,1.35525271560688E-17,0.));
#14696=DIRECTION('',(0.,0.,-1.));
#14697=DIRECTION('',(1.,1.35525271560688E-17,0.));
#14698=DIRECTION('',(0.,0.,-1.));
#14699=DIRECTION('',(1.,1.35525271560688E-17,0.));
#14700=DIRECTION('',(0.,0.,-1.));
#14701=DIRECTION('',(1.,1.35525271560688E-17,0.));
#14702=DIRECTION('',(0.,0.,-1.));
#14703=DIRECTION('',(1.,1.35525271560688E-17,0.));
#14704=DIRECTION('',(0.,0.,-1.));
#14705=DIRECTION('',(1.,1.35525271560688E-17,0.));
#14706=DIRECTION('',(0.,0.,-1.));
#14707=DIRECTION('',(1.,1.35525271560688E-17,0.));
#14708=DIRECTION('',(0.,0.,-1.));
#14709=DIRECTION('',(1.,1.35525271560688E-17,0.));
#14710=DIRECTION('',(0.,0.,-1.));
#14711=DIRECTION('',(1.,1.35525271560688E-17,0.));
#14712=DIRECTION('',(0.,0.,-1.));
#14713=DIRECTION('',(1.,1.35525271560688E-17,0.));
#14714=DIRECTION('',(0.,0.,-1.));
#14715=DIRECTION('',(1.,1.35525271560688E-17,0.));
#14716=DIRECTION('',(0.,0.,-1.));
#14717=DIRECTION('',(1.,1.35525271560688E-17,0.));
#14718=DIRECTION('',(0.,0.,-1.));
#14719=DIRECTION('',(1.,1.35525271560688E-17,0.));
#14720=DIRECTION('',(0.,0.,-1.));
#14721=DIRECTION('',(1.,1.35525271560688E-17,0.));
#14722=DIRECTION('',(0.,0.,-1.));
#14723=DIRECTION('',(1.,1.35525271560688E-17,0.));
#14724=DIRECTION('',(0.,0.,-1.));
#14725=DIRECTION('',(1.,1.35525271560688E-17,0.));
#14726=DIRECTION('',(0.,0.,-1.));
#14727=DIRECTION('',(1.,1.35525271560688E-17,0.));
#14728=DIRECTION('',(0.,0.,-1.));
#14729=DIRECTION('',(1.,1.35525271560688E-17,0.));
#14730=DIRECTION('',(0.,0.,-1.));
#14731=DIRECTION('',(1.,1.35525271560688E-17,0.));
#14732=DIRECTION('',(0.,0.,-1.));
#14733=DIRECTION('',(1.,1.35525271560688E-17,0.));
#14734=DIRECTION('',(0.,0.,-1.));
#14735=DIRECTION('',(1.,1.35525271560688E-17,0.));
#14736=DIRECTION('',(0.,0.,-1.));
#14737=DIRECTION('',(1.,0.,0.));
#14738=DIRECTION('',(0.,0.,-1.));
#14739=DIRECTION('',(1.,1.35525271560688E-17,0.));
#14740=DIRECTION('',(1.,0.,0.));
#14741=DIRECTION('',(0.,0.,-1.));
#14742=DIRECTION('',(0.,-1.,0.));
#14743=DIRECTION('',(0.,0.,-1.));
#14744=DIRECTION('',(0.,-1.,0.));
#14745=DIRECTION('',(0.,0.,-1.));
#14746=DIRECTION('',(0.,0.,-1.));
#14747=DIRECTION('',(-1.,0.,0.));
#14748=DIRECTION('',(0.,0.,1.));
#14749=DIRECTION('',(1.,0.,0.));
#14750=DIRECTION('',(0.,0.,-1.));
#14751=DIRECTION('',(0.,0.,1.));
#14752=DIRECTION('',(1.,0.,0.));
#14753=DIRECTION('',(1.,0.,0.));
#14754=DIRECTION('',(0.,0.,-1.));
#14755=DIRECTION('',(0.,-1.,0.));
#14756=DIRECTION('',(0.,0.,-1.));
#14757=DIRECTION('',(0.,-1.,0.));
#14758=DIRECTION('',(0.,0.,-1.));
#14759=DIRECTION('',(-1.,0.,0.));
#14760=DIRECTION('',(0.,0.,1.));
#14761=DIRECTION('',(1.,0.,0.));
#14762=DIRECTION('',(0.,0.,-1.));
#14763=DIRECTION('',(0.,0.,1.));
#14764=DIRECTION('',(1.,0.,0.));
#14765=DIRECTION('',(1.,0.,0.));
#14766=DIRECTION('',(0.,0.,-1.));
#14767=DIRECTION('',(0.,-1.,0.));
#14768=DIRECTION('',(0.,0.,-1.));
#14769=DIRECTION('',(0.,-1.,0.));
#14770=DIRECTION('',(0.,-1.,0.));
#14771=DIRECTION('',(0.,0.,-1.));
#14772=DIRECTION('',(0.,-1.,0.));
#14773=DIRECTION('',(0.,-1.,0.));
#14774=DIRECTION('',(0.,0.,-1.));
#14775=DIRECTION('',(0.,-1.,0.));
#14776=DIRECTION('',(0.,-1.,0.));
#14777=DIRECTION('',(0.,0.,-1.));
#14778=DIRECTION('',(0.,-1.,0.));
#14779=DIRECTION('',(0.,-1.,0.));
#14780=DIRECTION('',(0.,0.,-1.));
#14781=DIRECTION('',(0.,-1.,0.));
#14782=DIRECTION('',(0.,-1.,0.));
#14783=DIRECTION('',(0.,0.,-1.));
#14784=DIRECTION('',(0.,-1.,0.));
#14785=DIRECTION('',(0.,-1.,0.));
#14786=DIRECTION('',(0.,0.,-1.));
#14787=DIRECTION('',(0.,-1.,0.));
#14788=DIRECTION('',(0.,-1.,0.));
#14789=DIRECTION('',(0.,0.,-1.));
#14790=DIRECTION('',(0.,-1.,0.));
#14791=DIRECTION('',(0.,-1.,0.));
#14792=DIRECTION('',(0.,0.,-1.));
#14793=DIRECTION('',(0.,-1.,0.));
#14794=DIRECTION('',(0.,-1.,0.));
#14795=DIRECTION('',(0.,0.,-1.));
#14796=DIRECTION('',(0.,-1.,0.));
#14797=DIRECTION('',(0.,-1.,0.));
#14798=DIRECTION('',(0.,0.,-1.));
#14799=DIRECTION('',(0.,-1.,0.));
#14800=DIRECTION('',(0.,-1.,0.));
#14801=DIRECTION('',(0.,0.,-1.));
#14802=DIRECTION('',(0.,-1.,0.));
#14803=DIRECTION('',(0.,-1.,0.));
#14804=DIRECTION('',(0.,0.,-1.));
#14805=DIRECTION('',(0.,-1.,0.));
#14806=DIRECTION('',(-1.,0.,0.));
#14807=DIRECTION('',(0.,0.,1.));
#14808=DIRECTION('',(0.,1.,0.));
#14809=DIRECTION('',(0.,0.,-1.));
#14810=DIRECTION('',(0.,1.,0.));
#14811=DIRECTION('',(0.,1.,0.));
#14812=DIRECTION('',(0.,0.,-1.));
#14813=DIRECTION('',(0.,1.,0.));
#14814=DIRECTION('',(0.,1.,0.));
#14815=DIRECTION('',(0.,0.,-1.));
#14816=DIRECTION('',(0.,1.,0.));
#14817=DIRECTION('',(0.,1.,0.));
#14818=DIRECTION('',(0.,0.,-1.));
#14819=DIRECTION('',(0.,1.,0.));
#14820=DIRECTION('',(0.,1.,0.));
#14821=DIRECTION('',(0.,0.,-1.));
#14822=DIRECTION('',(0.,1.,0.));
#14823=DIRECTION('',(0.,1.,0.));
#14824=DIRECTION('',(0.,0.,-1.));
#14825=DIRECTION('',(0.,1.,0.));
#14826=DIRECTION('',(0.,1.,0.));
#14827=DIRECTION('',(0.,0.,-1.));
#14828=DIRECTION('',(0.,1.,0.));
#14829=DIRECTION('',(0.,1.,0.));
#14830=DIRECTION('',(0.,0.,-1.));
#14831=DIRECTION('',(0.,1.,0.));
#14832=DIRECTION('',(0.,1.,0.));
#14833=DIRECTION('',(0.,0.,-1.));
#14834=DIRECTION('',(0.,1.,0.));
#14835=DIRECTION('',(0.,1.,0.));
#14836=DIRECTION('',(0.,0.,-1.));
#14837=DIRECTION('',(0.,1.,0.));
#14838=DIRECTION('',(0.,1.,0.));
#14839=DIRECTION('',(0.,0.,-1.));
#14840=DIRECTION('',(0.,1.,0.));
#14841=DIRECTION('',(0.,1.,0.));
#14842=DIRECTION('',(0.,0.,-1.));
#14843=DIRECTION('',(0.,1.,0.));
#14844=DIRECTION('',(0.,0.,-1.));
#14845=DIRECTION('',(0.,1.,0.));
#14846=DIRECTION('',(0.,0.,-1.));
#14847=DIRECTION('',(0.,1.,0.));
#14848=DIRECTION('',(0.,0.,-1.));
#14849=DIRECTION('',(-1.,0.,0.));
#14850=DIRECTION('',(0.,0.,1.));
#14851=DIRECTION('',(1.,0.,0.));
#14852=DIRECTION('',(0.,0.,1.));
#14853=DIRECTION('',(1.,0.,0.));
#14854=DIRECTION('',(0.,0.,-1.));
#14855=DIRECTION('',(-1.,0.,0.));
#14856=DIRECTION('',(0.,0.,1.));
#14857=DIRECTION('',(1.,0.,0.));
#14858=DIRECTION('',(0.,0.,-1.));
#14859=DIRECTION('',(0.,0.,1.));
#14860=DIRECTION('',(1.,0.,0.));
#14861=DIRECTION('',(0.939692620785908,-0.342020143325669,0.));
#14862=DIRECTION('',(0.342020143325669,0.939692620785908,0.));
#14863=DIRECTION('',(-0.342020143325669,-0.939692620785909,0.));
#14864=DIRECTION('',(-0.342020143325669,-0.939692620785909,0.));
#14865=DIRECTION('',(0.,0.,1.));
#14866=DIRECTION('',(1.,0.,0.));
#14867=DIRECTION('',(3.46944695195361E-15,1.,0.));
#14868=DIRECTION('',(1.,0.,0.));
#14869=DIRECTION('',(0.,0.,1.));
#14870=DIRECTION('',(1.,0.,0.));
#14871=DIRECTION('',(0.,0.,1.));
#14872=DIRECTION('',(1.,0.,0.));
#14873=DIRECTION('',(1.,0.,0.));
#14874=DIRECTION('',(1.73472347597681E-15,-1.,0.));
#14875=DIRECTION('',(0.,1.,0.));
#14876=DIRECTION('',(0.,0.,1.));
#14877=DIRECTION('',(0.,0.,-1.));
#14878=DIRECTION('',(1.,0.,0.));
#14879=DIRECTION('',(0.,0.,-1.));
#14880=DIRECTION('',(0.,0.,-1.));
#14881=DIRECTION('',(-1.,0.,0.));
#14882=DIRECTION('',(0.,0.,1.));
#14883=DIRECTION('',(1.,0.,0.));
#14884=DIRECTION('',(0.,0.,1.));
#14885=DIRECTION('',(1.,0.,0.));
#14886=DIRECTION('',(1.73472347597681E-15,-1.,0.));
#14887=DIRECTION('',(1.,1.73472347597681E-15,0.));
#14888=DIRECTION('',(-1.73472347597681E-15,1.,0.));
#14889=DIRECTION('',(0.,0.,1.));
#14890=DIRECTION('',(1.,0.,0.));
#14891=DIRECTION('',(0.,0.,1.));
#14892=DIRECTION('',(1.,0.,0.));
#14893=DIRECTION('',(1.,0.,0.));
#14894=DIRECTION('',(3.46944695195361E-15,1.,0.));
#14895=DIRECTION('',(-1.,3.46944695195361E-15,0.));
#14896=DIRECTION('',(-3.46944695195361E-15,-1.,0.));
#14897=DIRECTION('',(0.,0.,-1.));
#14898=DIRECTION('',(0.,0.,-1.));
#14899=DIRECTION('',(-1.,0.,0.));
#14900=DIRECTION('',(0.,0.,-1.));
#14901=DIRECTION('',(0.,1.,0.));
#14902=DIRECTION('',(0.,0.,1.));
#14903=DIRECTION('',(0.,1.,0.));
#14904=DIRECTION('',(0.,0.,1.));
#14905=DIRECTION('',(1.,0.,0.));
#14906=DIRECTION('',(0.,0.,-1.));
#14907=DIRECTION('',(1.,0.,0.));
#14908=DIRECTION('',(0.,0.,-1.));
#14909=DIRECTION('',(0.,0.,-1.));
#14910=DIRECTION('',(-1.,0.,0.));
#14911=DIRECTION('',(0.,0.,1.));
#14912=DIRECTION('',(1.,0.,0.));
#14913=DIRECTION('',(0.,0.,1.));
#14914=DIRECTION('',(1.,0.,0.));
#14915=DIRECTION('',(0.,0.,1.));
#14916=DIRECTION('',(1.,0.,0.));
#14917=DIRECTION('',(1.73472347597681E-15,-1.,0.));
#14918=DIRECTION('',(0.,0.,1.));
#14919=DIRECTION('',(1.,0.,0.));
#14920=DIRECTION('',(1.73472347597681E-15,-1.,0.));
#14921=DIRECTION('',(1.,1.73472347597681E-15,0.));
#14922=DIRECTION('',(-1.73472347597681E-15,1.,0.));
#14923=DIRECTION('',(-1.,3.46944695195361E-15,0.));
#14924=DIRECTION('',(-3.46944695195361E-15,-1.,0.));
#14925=DIRECTION('',(3.46944695195361E-15,1.,0.));
#14926=DIRECTION('',(3.46944695195361E-15,1.,0.));
#14927=DIRECTION('',(0.,0.,-1.));
#14928=DIRECTION('',(0.,0.,1.));
#14929=DIRECTION('',(1.,0.,0.));
#14930=DIRECTION('',(0.,0.,1.));
#14931=DIRECTION('',(1.,0.,0.));
#14932=DIRECTION('',(1.,0.,0.));
#14933=DIRECTION('',(0.,0.,1.));
#14934=DIRECTION('',(1.,0.,0.));
#14935=DIRECTION('',(1.,0.,0.));
#14936=DIRECTION('',(0.,0.,1.));
#14937=DIRECTION('',(1.,0.,0.));
#14938=DIRECTION('',(0.,0.,-1.));
#14939=DIRECTION('',(-1.,0.,0.));
#14940=DIRECTION('',(0.,0.,-1.));
#14941=DIRECTION('',(0.,1.,0.));
#14942=DIRECTION('',(0.,0.,1.));
#14943=DIRECTION('',(0.,1.,0.));
#14944=DIRECTION('',(0.,0.,1.));
#14945=DIRECTION('',(1.,0.,0.));
#14946=DIRECTION('',(0.,0.,-1.));
#14947=DIRECTION('',(1.,0.,0.));
#14948=DIRECTION('',(0.,0.,-1.));
#14949=DIRECTION('',(0.,0.,-1.));
#14950=DIRECTION('',(-1.,0.,0.));
#14951=DIRECTION('',(0.,0.,1.));
#14952=DIRECTION('',(1.,0.,0.));
#14953=DIRECTION('',(0.,0.,1.));
#14954=DIRECTION('',(1.,0.,0.));
#14955=DIRECTION('',(0.,0.,1.));
#14956=DIRECTION('',(1.,0.,0.));
#14957=DIRECTION('',(1.73472347597681E-15,-1.,0.));
#14958=DIRECTION('',(0.,0.,1.));
#14959=DIRECTION('',(1.,0.,0.));
#14960=DIRECTION('',(1.73472347597681E-15,-1.,0.));
#14961=DIRECTION('',(1.,1.73472347597681E-15,0.));
#14962=DIRECTION('',(-1.73472347597681E-15,1.,0.));
#14963=DIRECTION('',(-1.,3.46944695195361E-15,0.));
#14964=DIRECTION('',(-3.46944695195361E-15,-1.,0.));
#14965=DIRECTION('',(3.46944695195361E-15,1.,0.));
#14966=DIRECTION('',(3.46944695195361E-15,1.,0.));
#14967=DIRECTION('',(0.,0.,-1.));
#14968=DIRECTION('',(0.,0.,1.));
#14969=DIRECTION('',(1.,0.,0.));
#14970=DIRECTION('',(0.,0.,1.));
#14971=DIRECTION('',(1.,0.,0.));
#14972=DIRECTION('',(1.,0.,0.));
#14973=DIRECTION('',(0.,0.,1.));
#14974=DIRECTION('',(1.,0.,0.));
#14975=DIRECTION('',(1.,0.,0.));
#14976=DIRECTION('',(0.,0.,1.));
#14977=DIRECTION('',(1.,0.,0.));
#14978=DIRECTION('',(0.,0.,-1.));
#14979=DIRECTION('',(-1.,0.,0.));
#14980=DIRECTION('',(0.,0.,-1.));
#14981=DIRECTION('',(0.,1.,0.));
#14982=DIRECTION('',(0.,0.,1.));
#14983=DIRECTION('',(0.,1.,0.));
#14984=DIRECTION('',(0.,0.,1.));
#14985=DIRECTION('',(1.,0.,0.));
#14986=DIRECTION('',(0.,0.,-1.));
#14987=DIRECTION('',(1.,0.,0.));
#14988=DIRECTION('',(0.,0.,-1.));
#14989=DIRECTION('',(0.,0.,-1.));
#14990=DIRECTION('',(-1.,0.,0.));
#14991=DIRECTION('',(0.,0.,1.));
#14992=DIRECTION('',(1.,0.,0.));
#14993=DIRECTION('',(0.,0.,1.));
#14994=DIRECTION('',(1.,0.,0.));
#14995=DIRECTION('',(0.,0.,1.));
#14996=DIRECTION('',(1.,0.,0.));
#14997=DIRECTION('',(1.73472347597681E-15,-1.,0.));
#14998=DIRECTION('',(0.,0.,1.));
#14999=DIRECTION('',(1.,0.,0.));
#15000=DIRECTION('',(1.73472347597681E-15,-1.,0.));
#15001=DIRECTION('',(1.,1.73472347597681E-15,0.));
#15002=DIRECTION('',(-1.73472347597681E-15,1.,0.));
#15003=DIRECTION('',(-1.,3.46944695195361E-15,0.));
#15004=DIRECTION('',(-3.46944695195361E-15,-1.,0.));
#15005=DIRECTION('',(3.46944695195361E-15,1.,0.));
#15006=DIRECTION('',(3.46944695195361E-15,1.,0.));
#15007=DIRECTION('',(0.,0.,-1.));
#15008=DIRECTION('',(0.,0.,1.));
#15009=DIRECTION('',(1.,0.,0.));
#15010=DIRECTION('',(0.,0.,1.));
#15011=DIRECTION('',(1.,0.,0.));
#15012=DIRECTION('',(1.,0.,0.));
#15013=DIRECTION('',(0.,0.,1.));
#15014=DIRECTION('',(1.,0.,0.));
#15015=DIRECTION('',(1.,0.,0.));
#15016=DIRECTION('',(0.,0.,1.));
#15017=DIRECTION('',(1.,0.,0.));
#15018=DIRECTION('',(0.,0.,-1.));
#15019=DIRECTION('',(-1.,0.,0.));
#15020=DIRECTION('',(0.,0.,-1.));
#15021=DIRECTION('',(0.,1.,0.));
#15022=DIRECTION('',(0.,0.,1.));
#15023=DIRECTION('',(0.,1.,0.));
#15024=DIRECTION('',(0.,0.,1.));
#15025=DIRECTION('',(1.,0.,0.));
#15026=DIRECTION('',(0.,0.,-1.));
#15027=DIRECTION('',(1.,0.,0.));
#15028=DIRECTION('',(0.,0.,-1.));
#15029=DIRECTION('',(0.,0.,-1.));
#15030=DIRECTION('',(-1.,0.,0.));
#15031=DIRECTION('',(0.,0.,1.));
#15032=DIRECTION('',(1.,0.,0.));
#15033=DIRECTION('',(0.,0.,1.));
#15034=DIRECTION('',(1.,0.,0.));
#15035=DIRECTION('',(0.,0.,1.));
#15036=DIRECTION('',(1.,0.,0.));
#15037=DIRECTION('',(1.73472347597681E-15,-1.,0.));
#15038=DIRECTION('',(0.,0.,1.));
#15039=DIRECTION('',(1.,0.,0.));
#15040=DIRECTION('',(1.73472347597681E-15,-1.,0.));
#15041=DIRECTION('',(1.,1.73472347597681E-15,0.));
#15042=DIRECTION('',(-1.73472347597681E-15,1.,0.));
#15043=DIRECTION('',(-1.,3.46944695195361E-15,0.));
#15044=DIRECTION('',(-3.46944695195361E-15,-1.,0.));
#15045=DIRECTION('',(3.46944695195361E-15,1.,0.));
#15046=DIRECTION('',(3.46944695195361E-15,1.,0.));
#15047=DIRECTION('',(0.,0.,-1.));
#15048=DIRECTION('',(0.,0.,1.));
#15049=DIRECTION('',(1.,0.,0.));
#15050=DIRECTION('',(0.,0.,1.));
#15051=DIRECTION('',(1.,0.,0.));
#15052=DIRECTION('',(1.,0.,0.));
#15053=DIRECTION('',(0.,0.,1.));
#15054=DIRECTION('',(1.,0.,0.));
#15055=DIRECTION('',(1.,0.,0.));
#15056=DIRECTION('',(0.,0.,1.));
#15057=DIRECTION('',(1.,0.,0.));
#15058=DIRECTION('',(0.,0.,-1.));
#15059=DIRECTION('',(-1.,0.,0.));
#15060=DIRECTION('',(0.,0.,-1.));
#15061=DIRECTION('',(0.,1.,0.));
#15062=DIRECTION('',(0.,0.,1.));
#15063=DIRECTION('',(0.,1.,0.));
#15064=DIRECTION('',(0.,0.,1.));
#15065=DIRECTION('',(1.,0.,0.));
#15066=DIRECTION('',(0.,0.,-1.));
#15067=DIRECTION('',(1.,0.,0.));
#15068=DIRECTION('',(0.,0.,-1.));
#15069=DIRECTION('',(0.,0.,-1.));
#15070=DIRECTION('',(-1.,0.,0.));
#15071=DIRECTION('',(0.,0.,1.));
#15072=DIRECTION('',(1.,0.,0.));
#15073=DIRECTION('',(0.,0.,1.));
#15074=DIRECTION('',(1.,0.,0.));
#15075=DIRECTION('',(0.,0.,1.));
#15076=DIRECTION('',(1.,0.,0.));
#15077=DIRECTION('',(1.73472347597681E-15,-1.,0.));
#15078=DIRECTION('',(0.,0.,1.));
#15079=DIRECTION('',(1.,0.,0.));
#15080=DIRECTION('',(1.73472347597681E-15,-1.,0.));
#15081=DIRECTION('',(1.,1.73472347597681E-15,0.));
#15082=DIRECTION('',(-1.73472347597681E-15,1.,0.));
#15083=DIRECTION('',(-1.,3.46944695195361E-15,0.));
#15084=DIRECTION('',(-3.46944695195361E-15,-1.,0.));
#15085=DIRECTION('',(3.46944695195361E-15,1.,0.));
#15086=DIRECTION('',(3.46944695195361E-15,1.,0.));
#15087=DIRECTION('',(0.,0.,-1.));
#15088=DIRECTION('',(0.,0.,1.));
#15089=DIRECTION('',(1.,0.,0.));
#15090=DIRECTION('',(0.,0.,1.));
#15091=DIRECTION('',(1.,0.,0.));
#15092=DIRECTION('',(1.,0.,0.));
#15093=DIRECTION('',(0.,0.,1.));
#15094=DIRECTION('',(1.,0.,0.));
#15095=DIRECTION('',(1.,0.,0.));
#15096=DIRECTION('',(0.,0.,1.));
#15097=DIRECTION('',(1.,0.,0.));
#15098=DIRECTION('',(0.,0.,-1.));
#15099=DIRECTION('',(-1.,0.,0.));
#15100=DIRECTION('',(0.,0.,-1.));
#15101=DIRECTION('',(0.,1.,0.));
#15102=DIRECTION('',(0.,0.,1.));
#15103=DIRECTION('',(0.,1.,0.));
#15104=DIRECTION('',(0.,0.,1.));
#15105=DIRECTION('',(1.,0.,0.));
#15106=DIRECTION('',(0.,0.,-1.));
#15107=DIRECTION('',(1.,0.,0.));
#15108=DIRECTION('',(0.,0.,-1.));
#15109=DIRECTION('',(0.,0.,-1.));
#15110=DIRECTION('',(-1.,0.,0.));
#15111=DIRECTION('',(0.,0.,1.));
#15112=DIRECTION('',(1.,0.,0.));
#15113=DIRECTION('',(0.,0.,1.));
#15114=DIRECTION('',(1.,0.,0.));
#15115=DIRECTION('',(0.,0.,1.));
#15116=DIRECTION('',(1.,0.,0.));
#15117=DIRECTION('',(1.73472347597681E-15,-1.,0.));
#15118=DIRECTION('',(0.,0.,1.));
#15119=DIRECTION('',(1.,0.,0.));
#15120=DIRECTION('',(1.73472347597681E-15,-1.,0.));
#15121=DIRECTION('',(1.,1.73472347597681E-15,0.));
#15122=DIRECTION('',(-1.73472347597681E-15,1.,0.));
#15123=DIRECTION('',(-1.,3.46944695195361E-15,0.));
#15124=DIRECTION('',(-3.46944695195361E-15,-1.,0.));
#15125=DIRECTION('',(3.46944695195361E-15,1.,0.));
#15126=DIRECTION('',(3.46944695195361E-15,1.,0.));
#15127=DIRECTION('',(0.,0.,-1.));
#15128=DIRECTION('',(0.,0.,1.));
#15129=DIRECTION('',(1.,0.,0.));
#15130=DIRECTION('',(0.,0.,1.));
#15131=DIRECTION('',(1.,0.,0.));
#15132=DIRECTION('',(1.,0.,0.));
#15133=DIRECTION('',(0.,0.,1.));
#15134=DIRECTION('',(1.,0.,0.));
#15135=DIRECTION('',(1.,0.,0.));
#15136=DIRECTION('',(0.,0.,1.));
#15137=DIRECTION('',(1.,0.,0.));
#15138=DIRECTION('',(0.,0.,-1.));
#15139=DIRECTION('',(-1.,0.,0.));
#15140=DIRECTION('',(0.,0.,-1.));
#15141=DIRECTION('',(0.,1.,0.));
#15142=DIRECTION('',(0.,0.,1.));
#15143=DIRECTION('',(0.,1.,0.));
#15144=DIRECTION('',(0.,0.,1.));
#15145=DIRECTION('',(1.,0.,0.));
#15146=DIRECTION('',(0.,0.,-1.));
#15147=DIRECTION('',(1.,0.,0.));
#15148=DIRECTION('',(0.,0.,-1.));
#15149=DIRECTION('',(0.,0.,-1.));
#15150=DIRECTION('',(-1.,0.,0.));
#15151=DIRECTION('',(0.,0.,1.));
#15152=DIRECTION('',(1.,0.,0.));
#15153=DIRECTION('',(0.,0.,1.));
#15154=DIRECTION('',(1.,0.,0.));
#15155=DIRECTION('',(0.,0.,1.));
#15156=DIRECTION('',(1.,0.,0.));
#15157=DIRECTION('',(1.73472347597681E-15,-1.,0.));
#15158=DIRECTION('',(0.,0.,1.));
#15159=DIRECTION('',(1.,0.,0.));
#15160=DIRECTION('',(1.73472347597681E-15,-1.,0.));
#15161=DIRECTION('',(1.,1.73472347597681E-15,0.));
#15162=DIRECTION('',(-1.73472347597681E-15,1.,0.));
#15163=DIRECTION('',(-1.,3.46944695195361E-15,0.));
#15164=DIRECTION('',(-3.46944695195361E-15,-1.,0.));
#15165=DIRECTION('',(3.46944695195361E-15,1.,0.));
#15166=DIRECTION('',(3.46944695195361E-15,1.,0.));
#15167=DIRECTION('',(0.,0.,-1.));
#15168=DIRECTION('',(0.,0.,1.));
#15169=DIRECTION('',(1.,0.,0.));
#15170=DIRECTION('',(0.,0.,1.));
#15171=DIRECTION('',(1.,0.,0.));
#15172=DIRECTION('',(1.,0.,0.));
#15173=DIRECTION('',(0.,0.,1.));
#15174=DIRECTION('',(1.,0.,0.));
#15175=DIRECTION('',(1.,0.,0.));
#15176=DIRECTION('',(0.,0.,1.));
#15177=DIRECTION('',(1.,0.,0.));
#15178=DIRECTION('',(0.,0.,-1.));
#15179=DIRECTION('',(-1.,0.,0.));
#15180=DIRECTION('',(0.,0.,-1.));
#15181=DIRECTION('',(0.,1.,0.));
#15182=DIRECTION('',(0.,0.,1.));
#15183=DIRECTION('',(0.,1.,0.));
#15184=DIRECTION('',(0.,0.,1.));
#15185=DIRECTION('',(1.,0.,0.));
#15186=DIRECTION('',(0.,0.,-1.));
#15187=DIRECTION('',(1.,0.,0.));
#15188=DIRECTION('',(0.,0.,-1.));
#15189=DIRECTION('',(0.,0.,-1.));
#15190=DIRECTION('',(-1.,0.,0.));
#15191=DIRECTION('',(0.,0.,1.));
#15192=DIRECTION('',(1.,0.,0.));
#15193=DIRECTION('',(0.,0.,1.));
#15194=DIRECTION('',(1.,0.,0.));
#15195=DIRECTION('',(0.,0.,1.));
#15196=DIRECTION('',(1.,0.,0.));
#15197=DIRECTION('',(1.73472347597681E-15,-1.,0.));
#15198=DIRECTION('',(0.,0.,1.));
#15199=DIRECTION('',(1.,0.,0.));
#15200=DIRECTION('',(1.73472347597681E-15,-1.,0.));
#15201=DIRECTION('',(1.,1.73472347597681E-15,0.));
#15202=DIRECTION('',(-1.73472347597681E-15,1.,0.));
#15203=DIRECTION('',(-1.,3.46944695195361E-15,0.));
#15204=DIRECTION('',(-3.46944695195361E-15,-1.,0.));
#15205=DIRECTION('',(3.46944695195361E-15,1.,0.));
#15206=DIRECTION('',(3.46944695195361E-15,1.,0.));
#15207=DIRECTION('',(0.,0.,-1.));
#15208=DIRECTION('',(0.,0.,1.));
#15209=DIRECTION('',(1.,0.,0.));
#15210=DIRECTION('',(0.,0.,1.));
#15211=DIRECTION('',(1.,0.,0.));
#15212=DIRECTION('',(1.,0.,0.));
#15213=DIRECTION('',(0.,0.,1.));
#15214=DIRECTION('',(1.,0.,0.));
#15215=DIRECTION('',(1.,0.,0.));
#15216=DIRECTION('',(0.,0.,1.));
#15217=DIRECTION('',(1.,0.,0.));
#15218=DIRECTION('',(0.,0.,-1.));
#15219=DIRECTION('',(-1.,0.,0.));
#15220=DIRECTION('',(0.,0.,-1.));
#15221=DIRECTION('',(0.,1.,0.));
#15222=DIRECTION('',(0.,0.,1.));
#15223=DIRECTION('',(0.,1.,0.));
#15224=DIRECTION('',(0.,0.,1.));
#15225=DIRECTION('',(1.,0.,0.));
#15226=DIRECTION('',(0.,0.,-1.));
#15227=DIRECTION('',(1.,0.,0.));
#15228=DIRECTION('',(0.,0.,-1.));
#15229=DIRECTION('',(0.,0.,-1.));
#15230=DIRECTION('',(-1.,0.,0.));
#15231=DIRECTION('',(0.,0.,1.));
#15232=DIRECTION('',(1.,0.,0.));
#15233=DIRECTION('',(0.,0.,1.));
#15234=DIRECTION('',(1.,0.,0.));
#15235=DIRECTION('',(0.,0.,1.));
#15236=DIRECTION('',(1.,0.,0.));
#15237=DIRECTION('',(1.73472347597681E-15,-1.,0.));
#15238=DIRECTION('',(0.,0.,1.));
#15239=DIRECTION('',(1.,0.,0.));
#15240=DIRECTION('',(1.73472347597681E-15,-1.,0.));
#15241=DIRECTION('',(1.,1.73472347597681E-15,0.));
#15242=DIRECTION('',(-1.73472347597681E-15,1.,0.));
#15243=DIRECTION('',(-1.,3.46944695195361E-15,0.));
#15244=DIRECTION('',(-3.46944695195361E-15,-1.,0.));
#15245=DIRECTION('',(3.46944695195361E-15,1.,0.));
#15246=DIRECTION('',(3.46944695195361E-15,1.,0.));
#15247=DIRECTION('',(0.,0.,-1.));
#15248=DIRECTION('',(0.,0.,1.));
#15249=DIRECTION('',(1.,0.,0.));
#15250=DIRECTION('',(0.,0.,1.));
#15251=DIRECTION('',(1.,0.,0.));
#15252=DIRECTION('',(1.,0.,0.));
#15253=DIRECTION('',(0.,0.,1.));
#15254=DIRECTION('',(1.,0.,0.));
#15255=DIRECTION('',(1.,0.,0.));
#15256=DIRECTION('',(0.,0.,1.));
#15257=DIRECTION('',(1.,0.,0.));
#15258=DIRECTION('',(0.,0.,-1.));
#15259=DIRECTION('',(-1.,0.,0.));
#15260=DIRECTION('',(0.,0.,-1.));
#15261=DIRECTION('',(0.,1.,0.));
#15262=DIRECTION('',(0.,0.,1.));
#15263=DIRECTION('',(0.,1.,0.));
#15264=DIRECTION('',(0.,0.,1.));
#15265=DIRECTION('',(1.,0.,0.));
#15266=DIRECTION('',(0.,0.,-1.));
#15267=DIRECTION('',(1.,0.,0.));
#15268=DIRECTION('',(0.,0.,-1.));
#15269=DIRECTION('',(0.,0.,-1.));
#15270=DIRECTION('',(-1.,0.,0.));
#15271=DIRECTION('',(0.,0.,1.));
#15272=DIRECTION('',(1.,0.,0.));
#15273=DIRECTION('',(0.,0.,1.));
#15274=DIRECTION('',(1.,0.,0.));
#15275=DIRECTION('',(0.,0.,1.));
#15276=DIRECTION('',(1.,0.,0.));
#15277=DIRECTION('',(1.73472347597681E-15,-1.,0.));
#15278=DIRECTION('',(0.,0.,1.));
#15279=DIRECTION('',(1.,0.,0.));
#15280=DIRECTION('',(1.73472347597681E-15,-1.,0.));
#15281=DIRECTION('',(1.,1.73472347597681E-15,0.));
#15282=DIRECTION('',(-1.73472347597681E-15,1.,0.));
#15283=DIRECTION('',(-1.,3.46944695195361E-15,0.));
#15284=DIRECTION('',(-3.46944695195361E-15,-1.,0.));
#15285=DIRECTION('',(3.46944695195361E-15,1.,0.));
#15286=DIRECTION('',(3.46944695195361E-15,1.,0.));
#15287=DIRECTION('',(0.,0.,-1.));
#15288=DIRECTION('',(0.,0.,1.));
#15289=DIRECTION('',(1.,0.,0.));
#15290=DIRECTION('',(0.,0.,1.));
#15291=DIRECTION('',(1.,0.,0.));
#15292=DIRECTION('',(1.,0.,0.));
#15293=DIRECTION('',(0.,0.,1.));
#15294=DIRECTION('',(1.,0.,0.));
#15295=DIRECTION('',(1.,0.,0.));
#15296=DIRECTION('',(0.,0.,1.));
#15297=DIRECTION('',(1.,0.,0.));
#15298=DIRECTION('',(0.,0.,-1.));
#15299=DIRECTION('',(-1.,0.,0.));
#15300=DIRECTION('',(0.,0.,-1.));
#15301=DIRECTION('',(0.,1.,0.));
#15302=DIRECTION('',(0.,0.,1.));
#15303=DIRECTION('',(0.,1.,0.));
#15304=DIRECTION('',(0.,0.,1.));
#15305=DIRECTION('',(1.,0.,0.));
#15306=DIRECTION('',(0.,0.,-1.));
#15307=DIRECTION('',(1.,0.,0.));
#15308=DIRECTION('',(0.,0.,-1.));
#15309=DIRECTION('',(0.,0.,-1.));
#15310=DIRECTION('',(-1.,0.,0.));
#15311=DIRECTION('',(0.,0.,1.));
#15312=DIRECTION('',(1.,0.,0.));
#15313=DIRECTION('',(0.,0.,1.));
#15314=DIRECTION('',(1.,0.,0.));
#15315=DIRECTION('',(0.,0.,1.));
#15316=DIRECTION('',(1.,0.,0.));
#15317=DIRECTION('',(1.73472347597681E-15,-1.,0.));
#15318=DIRECTION('',(0.,0.,1.));
#15319=DIRECTION('',(1.,0.,0.));
#15320=DIRECTION('',(1.73472347597681E-15,-1.,0.));
#15321=DIRECTION('',(1.,1.73472347597681E-15,0.));
#15322=DIRECTION('',(-1.73472347597681E-15,1.,0.));
#15323=DIRECTION('',(-1.,3.46944695195361E-15,0.));
#15324=DIRECTION('',(-3.46944695195361E-15,-1.,0.));
#15325=DIRECTION('',(3.46944695195361E-15,1.,0.));
#15326=DIRECTION('',(3.46944695195361E-15,1.,0.));
#15327=DIRECTION('',(0.,0.,-1.));
#15328=DIRECTION('',(0.,0.,1.));
#15329=DIRECTION('',(1.,0.,0.));
#15330=DIRECTION('',(0.,0.,1.));
#15331=DIRECTION('',(1.,0.,0.));
#15332=DIRECTION('',(1.,0.,0.));
#15333=DIRECTION('',(0.,0.,1.));
#15334=DIRECTION('',(1.,0.,0.));
#15335=DIRECTION('',(1.,0.,0.));
#15336=DIRECTION('',(0.,0.,1.));
#15337=DIRECTION('',(1.,0.,0.));
#15338=DIRECTION('',(0.,0.,-1.));
#15339=DIRECTION('',(-1.,0.,0.));
#15340=DIRECTION('',(0.,0.,-1.));
#15341=DIRECTION('',(0.,1.,0.));
#15342=DIRECTION('',(0.,0.,1.));
#15343=DIRECTION('',(0.,0.,1.));
#15344=DIRECTION('',(1.,0.,0.));
#15345=DIRECTION('',(5.78241158658936E-15,1.,0.));
#15346=DIRECTION('',(1.,0.,0.));
#15347=DIRECTION('',(0.,0.,1.));
#15348=DIRECTION('',(1.,0.,0.));
#15349=DIRECTION('',(0.,0.,1.));
#15350=DIRECTION('',(1.,0.,0.));
#15351=DIRECTION('',(2.89120579329468E-15,-1.,0.));
#15352=DIRECTION('',(0.,0.,1.));
#15353=DIRECTION('',(1.,0.,0.));
#15354=DIRECTION('',(1.,0.,0.));
#15355=DIRECTION('',(0.,0.,-1.));
#15356=DIRECTION('',(-1.,0.,0.));
#15357=DIRECTION('',(0.,0.,-1.));
#15358=DIRECTION('',(0.,0.,1.));
#15359=DIRECTION('',(1.,0.,0.));
#15360=DIRECTION('',(0.,1.,0.));
#15361=DIRECTION('',(0.,0.,1.));
#15362=DIRECTION('',(0.,0.,-1.));
#15363=DIRECTION('',(1.,0.,0.));
#15364=DIRECTION('',(-1.,5.78241158658936E-15,0.));
#15365=DIRECTION('',(-5.78241158658936E-15,-1.,0.));
#15366=DIRECTION('',(5.78241158658936E-15,1.,0.));
#15367=DIRECTION('',(1.,2.89120579329468E-15,0.));
#15368=DIRECTION('',(-2.89120579329468E-15,1.,0.));
#15369=DIRECTION('',(0.,0.,-1.));
#15370=DIRECTION('',(2.89120579329468E-15,-1.,0.));
#15371=DIRECTION('',(0.,1.,0.));
#15372=DIRECTION('',(0.,0.,1.));
#15373=DIRECTION('',(0.,0.,-1.));
#15374=DIRECTION('',(1.,0.,0.));
#15375=DIRECTION('',(0.,0.,-1.));
#15376=DIRECTION('',(-1.,0.,0.));
#15377=DIRECTION('',(0.,0.,1.));
#15378=DIRECTION('',(1.,0.,0.));
#15379=DIRECTION('',(0.,0.,1.));
#15380=DIRECTION('',(1.,0.,0.));
#15381=DIRECTION('',(0.,0.,1.));
#15382=DIRECTION('',(1.,0.,0.));
#15383=DIRECTION('',(-1.,0.,0.));
#15384=DIRECTION('',(0.,0.447213595499958,0.894427190999916));
#15385=DIRECTION('',(0.,-0.894427190999916,0.447213595499958));
#15386=DIRECTION('',(0.,0.447213595499958,-0.894427190999916));
#15387=DIRECTION('',(0.,0.894427190999916,0.447213595499958));
#15388=DIRECTION('',(-1.,0.,0.));
#15389=DIRECTION('',(0.,0.,-1.));
#15390=DIRECTION('',(-1.,0.,0.));
#15391=DIRECTION('',(0.,0.,1.));
#15392=DIRECTION('',(1.,0.,0.));
#15393=DIRECTION('',(-1.,0.,0.));
#15394=DIRECTION('',(0.,0.447213595499958,0.894427190999916));
#15395=DIRECTION('',(0.,-0.894427190999916,0.447213595499958));
#15396=DIRECTION('',(0.,0.447213595499958,-0.894427190999916));
#15397=DIRECTION('',(0.,0.894427190999916,0.447213595499958));
#15398=DIRECTION('',(-1.,0.,0.));
#15399=DIRECTION('',(0.,0.,-1.));
#15400=DIRECTION('',(-1.,0.,0.));
#15401=DIRECTION('',(0.,0.,1.));
#15402=DIRECTION('',(1.,0.,0.));
#15403=DIRECTION('',(-1.,0.,0.));
#15404=DIRECTION('',(0.,0.447213595499958,0.894427190999916));
#15405=DIRECTION('',(0.,-0.894427190999916,0.447213595499958));
#15406=DIRECTION('',(0.,0.447213595499958,-0.894427190999916));
#15407=DIRECTION('',(0.,0.894427190999916,0.447213595499958));
#15408=DIRECTION('',(-1.,0.,0.));
#15409=DIRECTION('',(0.,0.,-1.));
#15410=DIRECTION('',(-1.,0.,0.));
#15411=DIRECTION('',(0.,0.,1.));
#15412=DIRECTION('',(1.,0.,0.));
#15413=DIRECTION('',(-1.,0.,0.));
#15414=DIRECTION('',(0.,0.447213595499958,0.894427190999916));
#15415=DIRECTION('',(0.,-0.894427190999916,0.447213595499958));
#15416=DIRECTION('',(0.,0.447213595499958,-0.894427190999916));
#15417=DIRECTION('',(0.,0.894427190999916,0.447213595499958));
#15418=DIRECTION('',(-1.,0.,0.));
#15419=DIRECTION('',(0.,0.,-1.));
#15420=DIRECTION('',(-1.,0.,0.));
#15421=DIRECTION('',(0.,0.,1.));
#15422=DIRECTION('',(1.,0.,0.));
#15423=DIRECTION('',(-1.,0.,0.));
#15424=DIRECTION('',(0.,0.447213595499958,0.894427190999916));
#15425=DIRECTION('',(0.,-0.894427190999916,0.447213595499958));
#15426=DIRECTION('',(0.,0.447213595499958,-0.894427190999916));
#15427=DIRECTION('',(0.,0.894427190999916,0.447213595499958));
#15428=DIRECTION('',(-1.,0.,0.));
#15429=DIRECTION('',(0.,0.,-1.));
#15430=DIRECTION('',(-1.,0.,0.));
#15431=DIRECTION('',(0.,0.,1.));
#15432=DIRECTION('',(1.,0.,0.));
#15433=DIRECTION('',(-1.,0.,0.));
#15434=DIRECTION('',(0.,0.447213595499958,0.894427190999916));
#15435=DIRECTION('',(0.,-0.894427190999916,0.447213595499958));
#15436=DIRECTION('',(0.,0.447213595499958,-0.894427190999916));
#15437=DIRECTION('',(0.,0.894427190999916,0.447213595499958));
#15438=DIRECTION('',(-1.,0.,0.));
#15439=DIRECTION('',(0.,0.,-1.));
#15440=DIRECTION('',(-1.,0.,0.));
#15441=DIRECTION('',(0.,0.,1.));
#15442=DIRECTION('',(1.,0.,0.));
#15443=DIRECTION('',(-1.,0.,0.));
#15444=DIRECTION('',(0.,0.447213595499958,0.894427190999916));
#15445=DIRECTION('',(0.,-0.894427190999916,0.447213595499958));
#15446=DIRECTION('',(0.,0.447213595499958,-0.894427190999916));
#15447=DIRECTION('',(0.,0.894427190999916,0.447213595499958));
#15448=DIRECTION('',(-1.,0.,0.));
#15449=DIRECTION('',(0.,0.,-1.));
#15450=DIRECTION('',(-1.,0.,0.));
#15451=DIRECTION('',(0.,0.,1.));
#15452=DIRECTION('',(1.,0.,0.));
#15453=DIRECTION('',(-1.,0.,0.));
#15454=DIRECTION('',(0.,0.447213595499958,0.894427190999916));
#15455=DIRECTION('',(0.,-0.894427190999916,0.447213595499958));
#15456=DIRECTION('',(0.,0.447213595499958,-0.894427190999916));
#15457=DIRECTION('',(0.,0.894427190999916,0.447213595499958));
#15458=DIRECTION('',(-1.,0.,0.));
#15459=DIRECTION('',(0.,0.,-1.));
#15460=DIRECTION('',(-1.,0.,0.));
#15461=DIRECTION('',(0.,0.,1.));
#15462=DIRECTION('',(1.,0.,0.));
#15463=DIRECTION('',(-1.,0.,0.));
#15464=DIRECTION('',(0.,0.447213595499958,0.894427190999916));
#15465=DIRECTION('',(0.,-0.894427190999916,0.447213595499958));
#15466=DIRECTION('',(0.,0.447213595499958,-0.894427190999916));
#15467=DIRECTION('',(0.,0.894427190999916,0.447213595499958));
#15468=DIRECTION('',(-1.,0.,0.));
#15469=DIRECTION('',(0.,0.,-1.));
#15470=DIRECTION('',(-1.,0.,0.));
#15471=DIRECTION('',(0.,0.,1.));
#15472=DIRECTION('',(1.,0.,0.));
#15473=DIRECTION('',(-1.,0.,0.));
#15474=DIRECTION('',(0.,0.447213595499958,0.894427190999916));
#15475=DIRECTION('',(0.,-0.894427190999916,0.447213595499958));
#15476=DIRECTION('',(0.,0.447213595499958,-0.894427190999916));
#15477=DIRECTION('',(0.,0.894427190999916,0.447213595499958));
#15478=DIRECTION('',(-1.,0.,0.));
#15479=DIRECTION('',(0.,0.,-1.));
#15480=DIRECTION('',(-1.,0.,0.));
#15481=DIRECTION('',(0.,0.,1.));
#15482=DIRECTION('',(1.,0.,0.));
#15483=DIRECTION('',(-1.,0.,0.));
#15484=DIRECTION('',(0.,0.447213595499958,0.894427190999916));
#15485=DIRECTION('',(0.,-0.894427190999916,0.447213595499958));
#15486=DIRECTION('',(0.,0.447213595499958,-0.894427190999916));
#15487=DIRECTION('',(0.,0.894427190999916,0.447213595499958));
#15488=DIRECTION('',(-1.,0.,0.));
#15489=DIRECTION('',(0.,0.,-1.));
#15490=DIRECTION('',(-1.,0.,0.));
#15491=DIRECTION('',(0.,0.,1.));
#15492=DIRECTION('',(1.,0.,0.));
#15493=DIRECTION('',(-1.,0.,0.));
#15494=DIRECTION('',(0.,0.447213595499958,0.894427190999916));
#15495=DIRECTION('',(0.,-0.894427190999916,0.447213595499958));
#15496=DIRECTION('',(0.,0.447213595499958,-0.894427190999916));
#15497=DIRECTION('',(0.,0.894427190999916,0.447213595499958));
#15498=DIRECTION('',(-1.,0.,0.));
#15499=DIRECTION('',(0.,0.,-1.));
#15500=DIRECTION('',(-1.,0.,0.));
#15501=DIRECTION('',(0.,0.,-1.));
#15502=DIRECTION('',(-1.,0.,0.));
#15503=DIRECTION('',(0.,-1.,0.));
#15504=DIRECTION('',(0.,-1.,0.));
#15505=DIRECTION('',(-1.,0.,0.));
#15506=DIRECTION('',(0.,0.,1.));
#15507=DIRECTION('',(1.,0.,0.));
#15508=DIRECTION('',(0.,1.,0.));
#15509=DIRECTION('',(0.,1.,0.));
#15510=DIRECTION('',(-1.,0.,0.));
#15511=DIRECTION('',(1.,0.,0.));
#15512=DIRECTION('',(0.,0.,-1.));
#15513=DIRECTION('',(0.,0.,-1.));
#15514=DIRECTION('',(1.,0.,0.));
#15515=DIRECTION('',(0.,0.,-1.));
#15516=DIRECTION('',(0.,0.,-1.));
#15517=DIRECTION('',(0.,1.,0.));
#15518=DIRECTION('',(0.,0.,1.));
#15519=DIRECTION('',(0.,0.,-1.));
#15520=DIRECTION('',(-1.,0.,0.));
#15521=DIRECTION('',(0.,-1.,0.));
#15522=DIRECTION('',(0.,-1.,0.));
#15523=DIRECTION('',(-1.,0.,0.));
#15524=DIRECTION('',(0.,0.,1.));
#15525=DIRECTION('',(1.,0.,0.));
#15526=DIRECTION('',(0.,1.,0.));
#15527=DIRECTION('',(0.,1.,0.));
#15528=DIRECTION('',(-1.,0.,0.));
#15529=DIRECTION('',(1.,0.,0.));
#15530=DIRECTION('',(0.,0.,-1.));
#15531=DIRECTION('',(0.,0.,-1.));
#15532=DIRECTION('',(1.,0.,0.));
#15533=DIRECTION('',(0.,0.,-1.));
#15534=DIRECTION('',(0.,0.,-1.));
#15535=DIRECTION('',(0.,1.,0.));
#15536=DIRECTION('',(0.,0.,1.));
#15537=DIRECTION('',(0.,0.,-1.));
#15538=DIRECTION('',(-1.,0.,0.));
#15539=DIRECTION('',(0.,-1.,0.));
#15540=DIRECTION('',(0.,-1.,0.));
#15541=DIRECTION('',(-1.,0.,0.));
#15542=DIRECTION('',(0.,0.,1.));
#15543=DIRECTION('',(1.,0.,0.));
#15544=DIRECTION('',(0.,1.,0.));
#15545=DIRECTION('',(0.,1.,0.));
#15546=DIRECTION('',(-1.,0.,0.));
#15547=DIRECTION('',(1.,0.,0.));
#15548=DIRECTION('',(0.,0.,-1.));
#15549=DIRECTION('',(0.,0.,-1.));
#15550=DIRECTION('',(1.,0.,0.));
#15551=DIRECTION('',(0.,0.,-1.));
#15552=DIRECTION('',(0.,0.,-1.));
#15553=DIRECTION('',(0.,1.,0.));
#15554=DIRECTION('',(0.,0.,1.));
#15555=DIRECTION('',(0.,0.,-1.));
#15556=DIRECTION('',(-1.,0.,0.));
#15557=DIRECTION('',(0.,-1.,0.));
#15558=DIRECTION('',(0.,-1.,0.));
#15559=DIRECTION('',(-1.,0.,0.));
#15560=DIRECTION('',(0.,0.,1.));
#15561=DIRECTION('',(1.,0.,0.));
#15562=DIRECTION('',(0.,1.,0.));
#15563=DIRECTION('',(0.,1.,0.));
#15564=DIRECTION('',(-1.,0.,0.));
#15565=DIRECTION('',(1.,0.,0.));
#15566=DIRECTION('',(0.,0.,-1.));
#15567=DIRECTION('',(0.,0.,-1.));
#15568=DIRECTION('',(1.,0.,0.));
#15569=DIRECTION('',(0.,0.,-1.));
#15570=DIRECTION('',(0.,0.,-1.));
#15571=DIRECTION('',(0.,1.,0.));
#15572=DIRECTION('',(0.,0.,1.));
#15573=DIRECTION('',(0.,0.,-1.));
#15574=DIRECTION('',(-1.,0.,0.));
#15575=DIRECTION('',(0.,-1.,0.));
#15576=DIRECTION('',(0.,-1.,0.));
#15577=DIRECTION('',(-1.,0.,0.));
#15578=DIRECTION('',(0.,0.,1.));
#15579=DIRECTION('',(1.,0.,0.));
#15580=DIRECTION('',(0.,1.,0.));
#15581=DIRECTION('',(0.,1.,0.));
#15582=DIRECTION('',(-1.,0.,0.));
#15583=DIRECTION('',(1.,0.,0.));
#15584=DIRECTION('',(0.,0.,-1.));
#15585=DIRECTION('',(0.,0.,-1.));
#15586=DIRECTION('',(1.,0.,0.));
#15587=DIRECTION('',(0.,0.,-1.));
#15588=DIRECTION('',(0.,0.,-1.));
#15589=DIRECTION('',(0.,1.,0.));
#15590=DIRECTION('',(0.,0.,1.));
#15591=DIRECTION('',(0.,0.,-1.));
#15592=DIRECTION('',(-1.,0.,0.));
#15593=DIRECTION('',(0.,-1.,0.));
#15594=DIRECTION('',(0.,-1.,0.));
#15595=DIRECTION('',(-1.,0.,0.));
#15596=DIRECTION('',(0.,0.,1.));
#15597=DIRECTION('',(1.,0.,0.));
#15598=DIRECTION('',(0.,1.,0.));
#15599=DIRECTION('',(0.,1.,0.));
#15600=DIRECTION('',(-1.,0.,0.));
#15601=DIRECTION('',(1.,0.,0.));
#15602=DIRECTION('',(0.,0.,-1.));
#15603=DIRECTION('',(0.,0.,-1.));
#15604=DIRECTION('',(1.,0.,0.));
#15605=DIRECTION('',(0.,0.,-1.));
#15606=DIRECTION('',(0.,0.,-1.));
#15607=DIRECTION('',(0.,1.,0.));
#15608=DIRECTION('',(0.,0.,1.));
#15609=DIRECTION('',(0.,0.,-1.));
#15610=DIRECTION('',(-1.,0.,0.));
#15611=DIRECTION('',(0.,-1.,0.));
#15612=DIRECTION('',(0.,-1.,0.));
#15613=DIRECTION('',(-1.,0.,0.));
#15614=DIRECTION('',(0.,0.,1.));
#15615=DIRECTION('',(1.,0.,0.));
#15616=DIRECTION('',(0.,1.,0.));
#15617=DIRECTION('',(0.,1.,0.));
#15618=DIRECTION('',(-1.,0.,0.));
#15619=DIRECTION('',(1.,0.,0.));
#15620=DIRECTION('',(0.,0.,-1.));
#15621=DIRECTION('',(0.,0.,-1.));
#15622=DIRECTION('',(1.,0.,0.));
#15623=DIRECTION('',(0.,0.,-1.));
#15624=DIRECTION('',(0.,0.,-1.));
#15625=DIRECTION('',(0.,1.,0.));
#15626=DIRECTION('',(0.,0.,1.));
#15627=DIRECTION('',(0.,0.,-1.));
#15628=DIRECTION('',(-1.,0.,0.));
#15629=DIRECTION('',(0.,-1.,0.));
#15630=DIRECTION('',(0.,-1.,0.));
#15631=DIRECTION('',(-1.,0.,0.));
#15632=DIRECTION('',(0.,0.,1.));
#15633=DIRECTION('',(1.,0.,0.));
#15634=DIRECTION('',(0.,1.,0.));
#15635=DIRECTION('',(0.,1.,0.));
#15636=DIRECTION('',(-1.,0.,0.));
#15637=DIRECTION('',(1.,0.,0.));
#15638=DIRECTION('',(0.,0.,-1.));
#15639=DIRECTION('',(0.,0.,-1.));
#15640=DIRECTION('',(1.,0.,0.));
#15641=DIRECTION('',(0.,0.,-1.));
#15642=DIRECTION('',(0.,0.,-1.));
#15643=DIRECTION('',(0.,1.,0.));
#15644=DIRECTION('',(0.,0.,1.));
#15645=DIRECTION('',(0.,0.,-1.));
#15646=DIRECTION('',(-1.,0.,0.));
#15647=DIRECTION('',(0.,-1.,0.));
#15648=DIRECTION('',(0.,-1.,0.));
#15649=DIRECTION('',(-1.,0.,0.));
#15650=DIRECTION('',(0.,0.,1.));
#15651=DIRECTION('',(1.,0.,0.));
#15652=DIRECTION('',(0.,1.,0.));
#15653=DIRECTION('',(0.,1.,0.));
#15654=DIRECTION('',(-1.,0.,0.));
#15655=DIRECTION('',(1.,0.,0.));
#15656=DIRECTION('',(0.,0.,-1.));
#15657=DIRECTION('',(0.,0.,-1.));
#15658=DIRECTION('',(1.,0.,0.));
#15659=DIRECTION('',(0.,0.,-1.));
#15660=DIRECTION('',(0.,0.,-1.));
#15661=DIRECTION('',(0.,1.,0.));
#15662=DIRECTION('',(0.,0.,1.));
#15663=DIRECTION('',(0.,0.,-1.));
#15664=DIRECTION('',(-1.,0.,0.));
#15665=DIRECTION('',(0.,-1.,0.));
#15666=DIRECTION('',(0.,-1.,0.));
#15667=DIRECTION('',(-1.,0.,0.));
#15668=DIRECTION('',(0.,0.,1.));
#15669=DIRECTION('',(1.,0.,0.));
#15670=DIRECTION('',(0.,1.,0.));
#15671=DIRECTION('',(0.,1.,0.));
#15672=DIRECTION('',(-1.,0.,0.));
#15673=DIRECTION('',(1.,0.,0.));
#15674=DIRECTION('',(0.,0.,-1.));
#15675=DIRECTION('',(0.,0.,-1.));
#15676=DIRECTION('',(1.,0.,0.));
#15677=DIRECTION('',(0.,0.,-1.));
#15678=DIRECTION('',(0.,0.,-1.));
#15679=DIRECTION('',(0.,1.,0.));
#15680=DIRECTION('',(0.,0.,1.));
#15681=DIRECTION('',(0.,0.,-1.));
#15682=DIRECTION('',(-1.,0.,0.));
#15683=DIRECTION('',(0.,-1.,0.));
#15684=DIRECTION('',(0.,-1.,0.));
#15685=DIRECTION('',(-1.,0.,0.));
#15686=DIRECTION('',(0.,0.,1.));
#15687=DIRECTION('',(1.,0.,0.));
#15688=DIRECTION('',(0.,1.,0.));
#15689=DIRECTION('',(0.,1.,0.));
#15690=DIRECTION('',(-1.,0.,0.));
#15691=DIRECTION('',(1.,0.,0.));
#15692=DIRECTION('',(0.,0.,-1.));
#15693=DIRECTION('',(0.,0.,-1.));
#15694=DIRECTION('',(1.,0.,0.));
#15695=DIRECTION('',(0.,0.,-1.));
#15696=DIRECTION('',(0.,0.,-1.));
#15697=DIRECTION('',(0.,1.,0.));
#15698=DIRECTION('',(0.,0.,1.));
#15699=DIRECTION('',(0.,0.,-1.));
#15700=DIRECTION('',(-1.,0.,0.));
#15701=DIRECTION('',(0.,-1.,0.));
#15702=DIRECTION('',(0.,-1.,0.));
#15703=DIRECTION('',(-1.,0.,0.));
#15704=DIRECTION('',(0.,0.,1.));
#15705=DIRECTION('',(1.,0.,0.));
#15706=DIRECTION('',(0.,1.,0.));
#15707=DIRECTION('',(0.,1.,0.));
#15708=DIRECTION('',(-1.,0.,0.));
#15709=DIRECTION('',(1.,0.,0.));
#15710=DIRECTION('',(0.,0.,-1.));
#15711=DIRECTION('',(0.,0.,-1.));
#15712=DIRECTION('',(1.,0.,0.));
#15713=DIRECTION('',(0.,0.,-1.));
#15714=DIRECTION('',(0.,0.,-1.));
#15715=DIRECTION('',(0.,1.,0.));
#15716=DIRECTION('',(0.,0.,1.));
#15717=DIRECTION('',(-1.,0.,0.));
#15718=DIRECTION('',(0.,0.,1.));
#15719=DIRECTION('',(0.,-1.,0.));
#15720=DIRECTION('',(0.,0.,1.));
#15721=DIRECTION('',(0.,-1.,0.));
#15722=DIRECTION('',(1.,0.,0.));
#15723=DIRECTION('',(0.,0.,-1.));
#15724=DIRECTION('',(0.,0.727606875108999,-0.685994340570035));
#15725=DIRECTION('',(0.,0.,-1.));
#15726=DIRECTION('',(0.,1.,0.));
#15727=DIRECTION('',(0.,1.,0.));
#15728=DIRECTION('',(0.,0.,1.));
#15729=DIRECTION('',(0.,0.,1.));
#15730=DIRECTION('',(1.,0.,0.));
#15731=DIRECTION('',(1.,0.,0.));
#15732=DIRECTION('',(0.685994340570035,0.727606875108999,0.));
#15733=DIRECTION('',(0.,0.,1.));
#15734=DIRECTION('',(1.,0.,0.));
#15735=DIRECTION('',(1.,0.,0.));
#15736=DIRECTION('',(0.,0.,1.));
#15737=DIRECTION('',(1.,0.,0.));
#15738=DIRECTION('',(0.,-1.,0.));
#15739=DIRECTION('',(0.,0.,1.));
#15740=DIRECTION('',(1.,0.,0.));
#15741=DIRECTION('',(1.,0.,0.));
#15742=DIRECTION('',(0.685994340570035,-0.727606875108999,0.));
#15743=DIRECTION('',(-1.,0.,0.));
#15744=DIRECTION('',(-0.707106781186547,-0.707106781186547,0.));
#15745=DIRECTION('',(0.,-1.,0.));
#15746=DIRECTION('',(0.,0.,1.));
#15747=DIRECTION('',(1.,0.,0.));
#15748=DIRECTION('',(1.,0.,0.));
#15749=DIRECTION('',(-0.707106781186547,0.707106781186547,0.));
#15750=DIRECTION('',(-0.707106781186548,-0.707106781186548,0.));
#15751=DIRECTION('',(0.416142953312923,0.416142953312923,0.80848629228701));
#15752=DIRECTION('',(0.,0.,1.));
#15753=DIRECTION('',(0.,0.,1.));
#15754=DIRECTION('',(-1.,0.,0.));
#15755=DIRECTION('',(0.,0.,1.));
#15756=DIRECTION('',(0.,0.,1.));
#15757=DIRECTION('',(0.,0.,1.));
#15758=DIRECTION('',(0.,0.,1.));
#15759=DIRECTION('',(1.,0.,0.));
#15760=DIRECTION('',(0.,0.,1.));
#15761=DIRECTION('',(0.,-1.,0.));
#15762=DIRECTION('',(0.,0.,-1.));
#15763=DIRECTION('',(0.,0.,1.));
#15764=DIRECTION('',(1.,0.,0.));
#15765=DIRECTION('',(0.588348405414552,-0.554700196225229,-0.588348405414552));
#15766=DIRECTION('',(0.428086344739045,-0.403603676397787,0.80860754006264));
#15767=DIRECTION('',(0.,1.,0.));
#15768=DIRECTION('',(0.,0.,1.));
#15769=DIRECTION('',(0.707106781186548,0.,0.707106781186548));
#15770=DIRECTION('',(-1.,0.,0.));
#15771=DIRECTION('',(0.,0.,1.));
#15772=DIRECTION('',(0.,-1.,0.));
#15773=DIRECTION('',(0.,0.,1.));
#15774=DIRECTION('',(0.,-1.,0.));
#15775=DIRECTION('',(1.,0.,0.));
#15776=DIRECTION('',(0.,0.,-1.));
#15777=DIRECTION('',(0.,0.727606875108999,-0.685994340570035));
#15778=DIRECTION('',(0.,0.,-1.));
#15779=DIRECTION('',(0.,1.,0.));
#15780=DIRECTION('',(0.,1.,0.));
#15781=DIRECTION('',(0.,0.,1.));
#15782=DIRECTION('',(0.,0.,1.));
#15783=DIRECTION('',(1.,0.,0.));
#15784=DIRECTION('',(1.,0.,0.));
#15785=DIRECTION('',(0.685994340570035,0.727606875108999,0.));
#15786=DIRECTION('',(0.,0.,1.));
#15787=DIRECTION('',(1.,0.,0.));
#15788=DIRECTION('',(1.,0.,0.));
#15789=DIRECTION('',(0.,0.,1.));
#15790=DIRECTION('',(1.,0.,0.));
#15791=DIRECTION('',(0.,-1.,0.));
#15792=DIRECTION('',(0.,0.,1.));
#15793=DIRECTION('',(1.,0.,0.));
#15794=DIRECTION('',(1.,0.,0.));
#15795=DIRECTION('',(0.685994340570035,-0.727606875108999,0.));
#15796=DIRECTION('',(-1.,0.,0.));
#15797=DIRECTION('',(-0.707106781186547,-0.707106781186547,0.));
#15798=DIRECTION('',(0.,-1.,0.));
#15799=DIRECTION('',(0.,0.,1.));
#15800=DIRECTION('',(1.,0.,0.));
#15801=DIRECTION('',(1.,0.,0.));
#15802=DIRECTION('',(-0.707106781186547,0.707106781186547,0.));
#15803=DIRECTION('',(-0.707106781186548,-0.707106781186548,0.));
#15804=DIRECTION('',(0.416142953312923,0.416142953312923,0.80848629228701));
#15805=DIRECTION('',(0.,0.,1.));
#15806=DIRECTION('',(0.,0.,1.));
#15807=DIRECTION('',(-1.,0.,0.));
#15808=DIRECTION('',(0.,0.,1.));
#15809=DIRECTION('',(0.,0.,1.));
#15810=DIRECTION('',(0.,0.,1.));
#15811=DIRECTION('',(0.,0.,1.));
#15812=DIRECTION('',(1.,0.,0.));
#15813=DIRECTION('',(0.,0.,1.));
#15814=DIRECTION('',(0.,-1.,0.));
#15815=DIRECTION('',(0.,0.,-1.));
#15816=DIRECTION('',(0.,0.,1.));
#15817=DIRECTION('',(1.,0.,0.));
#15818=DIRECTION('',(0.588348405414552,-0.554700196225229,-0.588348405414552));
#15819=DIRECTION('',(0.428086344739045,-0.403603676397787,0.80860754006264));
#15820=DIRECTION('',(0.,1.,0.));
#15821=DIRECTION('',(0.,0.,1.));
#15822=DIRECTION('',(0.707106781186548,0.,0.707106781186548));
#15823=DIRECTION('',(-1.,0.,0.));
#15824=DIRECTION('',(0.,0.,1.));
#15825=DIRECTION('',(0.,-1.,0.));
#15826=DIRECTION('',(0.,0.,1.));
#15827=DIRECTION('',(0.,-1.,0.));
#15828=DIRECTION('',(1.,0.,0.));
#15829=DIRECTION('',(0.,0.,-1.));
#15830=DIRECTION('',(0.,0.727606875108999,-0.685994340570035));
#15831=DIRECTION('',(0.,0.,-1.));
#15832=DIRECTION('',(0.,1.,0.));
#15833=DIRECTION('',(0.,1.,0.));
#15834=DIRECTION('',(0.,0.,1.));
#15835=DIRECTION('',(0.,0.,1.));
#15836=DIRECTION('',(1.,0.,0.));
#15837=DIRECTION('',(1.,0.,0.));
#15838=DIRECTION('',(0.685994340570035,0.727606875108999,0.));
#15839=DIRECTION('',(0.,0.,1.));
#15840=DIRECTION('',(1.,0.,0.));
#15841=DIRECTION('',(1.,0.,0.));
#15842=DIRECTION('',(0.,0.,1.));
#15843=DIRECTION('',(1.,0.,0.));
#15844=DIRECTION('',(0.,-1.,0.));
#15845=DIRECTION('',(0.,0.,1.));
#15846=DIRECTION('',(1.,0.,0.));
#15847=DIRECTION('',(1.,0.,0.));
#15848=DIRECTION('',(0.685994340570035,-0.727606875108999,0.));
#15849=DIRECTION('',(-1.,0.,0.));
#15850=DIRECTION('',(-0.707106781186547,-0.707106781186547,0.));
#15851=DIRECTION('',(0.,-1.,0.));
#15852=DIRECTION('',(0.,0.,1.));
#15853=DIRECTION('',(1.,0.,0.));
#15854=DIRECTION('',(1.,0.,0.));
#15855=DIRECTION('',(-0.707106781186547,0.707106781186547,0.));
#15856=DIRECTION('',(-0.707106781186548,-0.707106781186548,0.));
#15857=DIRECTION('',(0.416142953312923,0.416142953312923,0.80848629228701));
#15858=DIRECTION('',(0.,0.,1.));
#15859=DIRECTION('',(0.,0.,1.));
#15860=DIRECTION('',(-1.,0.,0.));
#15861=DIRECTION('',(0.,0.,1.));
#15862=DIRECTION('',(0.,0.,1.));
#15863=DIRECTION('',(0.,0.,1.));
#15864=DIRECTION('',(0.,0.,1.));
#15865=DIRECTION('',(1.,0.,0.));
#15866=DIRECTION('',(0.,0.,1.));
#15867=DIRECTION('',(0.,-1.,0.));
#15868=DIRECTION('',(0.,0.,-1.));
#15869=DIRECTION('',(0.,0.,1.));
#15870=DIRECTION('',(1.,0.,0.));
#15871=DIRECTION('',(0.588348405414552,-0.554700196225229,-0.588348405414552));
#15872=DIRECTION('',(0.428086344739045,-0.403603676397787,0.80860754006264));
#15873=DIRECTION('',(0.,1.,0.));
#15874=DIRECTION('',(0.,0.,1.));
#15875=DIRECTION('',(0.707106781186548,0.,0.707106781186548));
#15876=DIRECTION('',(-1.,0.,0.));
#15877=DIRECTION('',(0.,0.,1.));
#15878=DIRECTION('',(0.,-1.,0.));
#15879=DIRECTION('',(0.,0.,1.));
#15880=DIRECTION('',(0.,-1.,0.));
#15881=DIRECTION('',(1.,0.,0.));
#15882=DIRECTION('',(0.,0.,-1.));
#15883=DIRECTION('',(0.,0.727606875108999,-0.685994340570035));
#15884=DIRECTION('',(0.,0.,-1.));
#15885=DIRECTION('',(0.,1.,0.));
#15886=DIRECTION('',(0.,1.,0.));
#15887=DIRECTION('',(0.,0.,1.));
#15888=DIRECTION('',(0.,0.,1.));
#15889=DIRECTION('',(1.,0.,0.));
#15890=DIRECTION('',(1.,0.,0.));
#15891=DIRECTION('',(0.685994340570035,0.727606875108999,0.));
#15892=DIRECTION('',(0.,0.,1.));
#15893=DIRECTION('',(1.,0.,0.));
#15894=DIRECTION('',(1.,0.,0.));
#15895=DIRECTION('',(0.,0.,1.));
#15896=DIRECTION('',(1.,0.,0.));
#15897=DIRECTION('',(0.,-1.,0.));
#15898=DIRECTION('',(0.,0.,1.));
#15899=DIRECTION('',(1.,0.,0.));
#15900=DIRECTION('',(1.,0.,0.));
#15901=DIRECTION('',(0.685994340570035,-0.727606875108999,0.));
#15902=DIRECTION('',(-1.,0.,0.));
#15903=DIRECTION('',(-0.707106781186547,-0.707106781186547,0.));
#15904=DIRECTION('',(0.,-1.,0.));
#15905=DIRECTION('',(0.,0.,1.));
#15906=DIRECTION('',(1.,0.,0.));
#15907=DIRECTION('',(1.,0.,0.));
#15908=DIRECTION('',(-0.707106781186547,0.707106781186547,0.));
#15909=DIRECTION('',(-0.707106781186548,-0.707106781186548,0.));
#15910=DIRECTION('',(0.416142953312923,0.416142953312923,0.80848629228701));
#15911=DIRECTION('',(0.,0.,1.));
#15912=DIRECTION('',(0.,0.,1.));
#15913=DIRECTION('',(-1.,0.,0.));
#15914=DIRECTION('',(0.,0.,1.));
#15915=DIRECTION('',(0.,0.,1.));
#15916=DIRECTION('',(0.,0.,1.));
#15917=DIRECTION('',(0.,0.,1.));
#15918=DIRECTION('',(1.,0.,0.));
#15919=DIRECTION('',(0.,0.,1.));
#15920=DIRECTION('',(0.,-1.,0.));
#15921=DIRECTION('',(0.,0.,-1.));
#15922=DIRECTION('',(0.,0.,1.));
#15923=DIRECTION('',(1.,0.,0.));
#15924=DIRECTION('',(0.588348405414552,-0.554700196225229,-0.588348405414552));
#15925=DIRECTION('',(0.428086344739045,-0.403603676397787,0.80860754006264));
#15926=DIRECTION('',(0.,1.,0.));
#15927=DIRECTION('',(0.,0.,1.));
#15928=DIRECTION('',(0.707106781186548,0.,0.707106781186548));
#15929=DIRECTION('',(-1.,0.,0.));
#15930=DIRECTION('',(0.,0.,1.));
#15931=DIRECTION('',(0.,-1.,0.));
#15932=DIRECTION('',(0.,0.,1.));
#15933=DIRECTION('',(0.,-1.,0.));
#15934=DIRECTION('',(1.,0.,0.));
#15935=DIRECTION('',(0.,0.,-1.));
#15936=DIRECTION('',(0.,0.727606875108999,-0.685994340570035));
#15937=DIRECTION('',(0.,0.,-1.));
#15938=DIRECTION('',(0.,1.,0.));
#15939=DIRECTION('',(0.,1.,0.));
#15940=DIRECTION('',(0.,0.,1.));
#15941=DIRECTION('',(0.,0.,1.));
#15942=DIRECTION('',(1.,0.,0.));
#15943=DIRECTION('',(1.,0.,0.));
#15944=DIRECTION('',(0.685994340570035,0.727606875108999,0.));
#15945=DIRECTION('',(0.,0.,1.));
#15946=DIRECTION('',(1.,0.,0.));
#15947=DIRECTION('',(1.,0.,0.));
#15948=DIRECTION('',(0.,0.,1.));
#15949=DIRECTION('',(1.,0.,0.));
#15950=DIRECTION('',(0.,-1.,0.));
#15951=DIRECTION('',(0.,0.,1.));
#15952=DIRECTION('',(1.,0.,0.));
#15953=DIRECTION('',(1.,0.,0.));
#15954=DIRECTION('',(0.685994340570035,-0.727606875108999,0.));
#15955=DIRECTION('',(-1.,0.,0.));
#15956=DIRECTION('',(-0.707106781186547,-0.707106781186547,0.));
#15957=DIRECTION('',(0.,-1.,0.));
#15958=DIRECTION('',(0.,0.,1.));
#15959=DIRECTION('',(1.,0.,0.));
#15960=DIRECTION('',(1.,0.,0.));
#15961=DIRECTION('',(-0.707106781186547,0.707106781186547,0.));
#15962=DIRECTION('',(-0.707106781186548,-0.707106781186548,0.));
#15963=DIRECTION('',(0.416142953312923,0.416142953312923,0.80848629228701));
#15964=DIRECTION('',(0.,0.,1.));
#15965=DIRECTION('',(0.,0.,1.));
#15966=DIRECTION('',(-1.,0.,0.));
#15967=DIRECTION('',(0.,0.,1.));
#15968=DIRECTION('',(0.,0.,1.));
#15969=DIRECTION('',(0.,0.,1.));
#15970=DIRECTION('',(0.,0.,1.));
#15971=DIRECTION('',(1.,0.,0.));
#15972=DIRECTION('',(0.,0.,1.));
#15973=DIRECTION('',(0.,-1.,0.));
#15974=DIRECTION('',(0.,0.,-1.));
#15975=DIRECTION('',(0.,0.,1.));
#15976=DIRECTION('',(1.,0.,0.));
#15977=DIRECTION('',(0.588348405414552,-0.554700196225229,-0.588348405414552));
#15978=DIRECTION('',(0.428086344739045,-0.403603676397787,0.80860754006264));
#15979=DIRECTION('',(0.,1.,0.));
#15980=DIRECTION('',(0.,0.,1.));
#15981=DIRECTION('',(0.707106781186548,0.,0.707106781186548));
#15982=DIRECTION('',(-1.,0.,0.));
#15983=DIRECTION('',(0.,0.,1.));
#15984=DIRECTION('',(0.,-1.,0.));
#15985=DIRECTION('',(0.,0.,1.));
#15986=DIRECTION('',(0.,-1.,0.));
#15987=DIRECTION('',(1.,0.,0.));
#15988=DIRECTION('',(0.,0.,-1.));
#15989=DIRECTION('',(0.,0.727606875108999,-0.685994340570035));
#15990=DIRECTION('',(0.,0.,-1.));
#15991=DIRECTION('',(0.,1.,0.));
#15992=DIRECTION('',(0.,1.,0.));
#15993=DIRECTION('',(0.,0.,1.));
#15994=DIRECTION('',(0.,0.,1.));
#15995=DIRECTION('',(1.,0.,0.));
#15996=DIRECTION('',(1.,0.,0.));
#15997=DIRECTION('',(0.685994340570035,0.727606875108999,0.));
#15998=DIRECTION('',(0.,0.,1.));
#15999=DIRECTION('',(1.,0.,0.));
#16000=DIRECTION('',(1.,0.,0.));
#16001=DIRECTION('',(0.,0.,1.));
#16002=DIRECTION('',(1.,0.,0.));
#16003=DIRECTION('',(0.,-1.,0.));
#16004=DIRECTION('',(0.,0.,1.));
#16005=DIRECTION('',(1.,0.,0.));
#16006=DIRECTION('',(1.,0.,0.));
#16007=DIRECTION('',(0.685994340570035,-0.727606875108999,0.));
#16008=DIRECTION('',(-1.,0.,0.));
#16009=DIRECTION('',(-0.707106781186547,-0.707106781186547,0.));
#16010=DIRECTION('',(0.,-1.,0.));
#16011=DIRECTION('',(0.,0.,1.));
#16012=DIRECTION('',(1.,0.,0.));
#16013=DIRECTION('',(1.,0.,0.));
#16014=DIRECTION('',(-0.707106781186547,0.707106781186547,0.));
#16015=DIRECTION('',(-0.707106781186548,-0.707106781186548,0.));
#16016=DIRECTION('',(0.416142953312923,0.416142953312923,0.80848629228701));
#16017=DIRECTION('',(0.,0.,1.));
#16018=DIRECTION('',(0.,0.,1.));
#16019=DIRECTION('',(-1.,0.,0.));
#16020=DIRECTION('',(0.,0.,1.));
#16021=DIRECTION('',(0.,0.,1.));
#16022=DIRECTION('',(0.,0.,1.));
#16023=DIRECTION('',(0.,0.,1.));
#16024=DIRECTION('',(1.,0.,0.));
#16025=DIRECTION('',(0.,0.,1.));
#16026=DIRECTION('',(0.,-1.,0.));
#16027=DIRECTION('',(0.,0.,-1.));
#16028=DIRECTION('',(0.,0.,1.));
#16029=DIRECTION('',(1.,0.,0.));
#16030=DIRECTION('',(0.588348405414552,-0.554700196225229,-0.588348405414552));
#16031=DIRECTION('',(0.428086344739045,-0.403603676397787,0.80860754006264));
#16032=DIRECTION('',(0.,1.,0.));
#16033=DIRECTION('',(0.,0.,1.));
#16034=DIRECTION('',(0.707106781186548,0.,0.707106781186548));
#16035=DIRECTION('',(-1.,0.,0.));
#16036=DIRECTION('',(0.,0.,1.));
#16037=DIRECTION('',(0.,-1.,0.));
#16038=DIRECTION('',(0.,0.,1.));
#16039=DIRECTION('',(0.,-1.,0.));
#16040=DIRECTION('',(1.,0.,0.));
#16041=DIRECTION('',(0.,0.,-1.));
#16042=DIRECTION('',(0.,0.727606875108999,-0.685994340570035));
#16043=DIRECTION('',(0.,0.,-1.));
#16044=DIRECTION('',(0.,1.,0.));
#16045=DIRECTION('',(0.,1.,0.));
#16046=DIRECTION('',(0.,0.,1.));
#16047=DIRECTION('',(0.,0.,1.));
#16048=DIRECTION('',(1.,0.,0.));
#16049=DIRECTION('',(1.,0.,0.));
#16050=DIRECTION('',(0.685994340570035,0.727606875108999,0.));
#16051=DIRECTION('',(0.,0.,1.));
#16052=DIRECTION('',(1.,0.,0.));
#16053=DIRECTION('',(1.,0.,0.));
#16054=DIRECTION('',(0.,0.,1.));
#16055=DIRECTION('',(1.,0.,0.));
#16056=DIRECTION('',(0.,-1.,0.));
#16057=DIRECTION('',(0.,0.,1.));
#16058=DIRECTION('',(1.,0.,0.));
#16059=DIRECTION('',(1.,0.,0.));
#16060=DIRECTION('',(0.685994340570035,-0.727606875108999,0.));
#16061=DIRECTION('',(-1.,0.,0.));
#16062=DIRECTION('',(-0.707106781186547,-0.707106781186547,0.));
#16063=DIRECTION('',(0.,-1.,0.));
#16064=DIRECTION('',(0.,0.,1.));
#16065=DIRECTION('',(1.,0.,0.));
#16066=DIRECTION('',(1.,0.,0.));
#16067=DIRECTION('',(-0.707106781186547,0.707106781186547,0.));
#16068=DIRECTION('',(-0.707106781186548,-0.707106781186548,0.));
#16069=DIRECTION('',(0.416142953312923,0.416142953312923,0.80848629228701));
#16070=DIRECTION('',(0.,0.,1.));
#16071=DIRECTION('',(0.,0.,1.));
#16072=DIRECTION('',(-1.,0.,0.));
#16073=DIRECTION('',(0.,0.,1.));
#16074=DIRECTION('',(0.,0.,1.));
#16075=DIRECTION('',(0.,0.,1.));
#16076=DIRECTION('',(0.,0.,1.));
#16077=DIRECTION('',(1.,0.,0.));
#16078=DIRECTION('',(0.,0.,1.));
#16079=DIRECTION('',(0.,-1.,0.));
#16080=DIRECTION('',(0.,0.,-1.));
#16081=DIRECTION('',(0.,0.,1.));
#16082=DIRECTION('',(1.,0.,0.));
#16083=DIRECTION('',(0.588348405414552,-0.554700196225229,-0.588348405414552));
#16084=DIRECTION('',(0.428086344739045,-0.403603676397787,0.80860754006264));
#16085=DIRECTION('',(0.,1.,0.));
#16086=DIRECTION('',(0.,0.,1.));
#16087=DIRECTION('',(0.707106781186548,0.,0.707106781186548));
#16088=DIRECTION('',(-1.,0.,0.));
#16089=DIRECTION('',(0.,0.,1.));
#16090=DIRECTION('',(0.,-1.,0.));
#16091=DIRECTION('',(0.,0.,1.));
#16092=DIRECTION('',(0.,-1.,0.));
#16093=DIRECTION('',(1.,0.,0.));
#16094=DIRECTION('',(0.,0.,-1.));
#16095=DIRECTION('',(0.,0.727606875108999,-0.685994340570035));
#16096=DIRECTION('',(0.,0.,-1.));
#16097=DIRECTION('',(0.,1.,0.));
#16098=DIRECTION('',(0.,1.,0.));
#16099=DIRECTION('',(0.,0.,1.));
#16100=DIRECTION('',(0.,0.,1.));
#16101=DIRECTION('',(1.,0.,0.));
#16102=DIRECTION('',(1.,0.,0.));
#16103=DIRECTION('',(0.685994340570035,0.727606875108999,0.));
#16104=DIRECTION('',(0.,0.,1.));
#16105=DIRECTION('',(1.,0.,0.));
#16106=DIRECTION('',(1.,0.,0.));
#16107=DIRECTION('',(0.,0.,1.));
#16108=DIRECTION('',(1.,0.,0.));
#16109=DIRECTION('',(0.,-1.,0.));
#16110=DIRECTION('',(0.,0.,1.));
#16111=DIRECTION('',(1.,0.,0.));
#16112=DIRECTION('',(1.,0.,0.));
#16113=DIRECTION('',(0.685994340570035,-0.727606875108999,0.));
#16114=DIRECTION('',(-1.,0.,0.));
#16115=DIRECTION('',(-0.707106781186547,-0.707106781186547,0.));
#16116=DIRECTION('',(0.,-1.,0.));
#16117=DIRECTION('',(0.,0.,1.));
#16118=DIRECTION('',(1.,0.,0.));
#16119=DIRECTION('',(1.,0.,0.));
#16120=DIRECTION('',(-0.707106781186547,0.707106781186547,0.));
#16121=DIRECTION('',(-0.707106781186548,-0.707106781186548,0.));
#16122=DIRECTION('',(0.416142953312923,0.416142953312923,0.80848629228701));
#16123=DIRECTION('',(0.,0.,1.));
#16124=DIRECTION('',(0.,0.,1.));
#16125=DIRECTION('',(-1.,0.,0.));
#16126=DIRECTION('',(0.,0.,1.));
#16127=DIRECTION('',(0.,0.,1.));
#16128=DIRECTION('',(0.,0.,1.));
#16129=DIRECTION('',(0.,0.,1.));
#16130=DIRECTION('',(1.,0.,0.));
#16131=DIRECTION('',(0.,0.,1.));
#16132=DIRECTION('',(0.,-1.,0.));
#16133=DIRECTION('',(0.,0.,-1.));
#16134=DIRECTION('',(0.,0.,1.));
#16135=DIRECTION('',(1.,0.,0.));
#16136=DIRECTION('',(0.588348405414552,-0.554700196225229,-0.588348405414552));
#16137=DIRECTION('',(0.428086344739045,-0.403603676397787,0.80860754006264));
#16138=DIRECTION('',(0.,1.,0.));
#16139=DIRECTION('',(0.,0.,1.));
#16140=DIRECTION('',(0.707106781186548,0.,0.707106781186548));
#16141=DIRECTION('',(-1.,0.,0.));
#16142=DIRECTION('',(0.,0.,1.));
#16143=DIRECTION('',(0.,-1.,0.));
#16144=DIRECTION('',(0.,0.,1.));
#16145=DIRECTION('',(0.,-1.,0.));
#16146=DIRECTION('',(1.,0.,0.));
#16147=DIRECTION('',(0.,0.,-1.));
#16148=DIRECTION('',(0.,0.727606875108999,-0.685994340570035));
#16149=DIRECTION('',(0.,0.,-1.));
#16150=DIRECTION('',(0.,1.,0.));
#16151=DIRECTION('',(0.,1.,0.));
#16152=DIRECTION('',(0.,0.,1.));
#16153=DIRECTION('',(0.,0.,1.));
#16154=DIRECTION('',(1.,0.,0.));
#16155=DIRECTION('',(1.,0.,0.));
#16156=DIRECTION('',(0.685994340570035,0.727606875108999,0.));
#16157=DIRECTION('',(0.,0.,1.));
#16158=DIRECTION('',(1.,0.,0.));
#16159=DIRECTION('',(1.,0.,0.));
#16160=DIRECTION('',(0.,0.,1.));
#16161=DIRECTION('',(1.,0.,0.));
#16162=DIRECTION('',(0.,-1.,0.));
#16163=DIRECTION('',(0.,0.,1.));
#16164=DIRECTION('',(1.,0.,0.));
#16165=DIRECTION('',(1.,0.,0.));
#16166=DIRECTION('',(0.685994340570035,-0.727606875108999,0.));
#16167=DIRECTION('',(-1.,0.,0.));
#16168=DIRECTION('',(-0.707106781186547,-0.707106781186547,0.));
#16169=DIRECTION('',(0.,-1.,0.));
#16170=DIRECTION('',(0.,0.,1.));
#16171=DIRECTION('',(1.,0.,0.));
#16172=DIRECTION('',(1.,0.,0.));
#16173=DIRECTION('',(-0.707106781186547,0.707106781186547,0.));
#16174=DIRECTION('',(-0.707106781186548,-0.707106781186548,0.));
#16175=DIRECTION('',(0.416142953312923,0.416142953312923,0.80848629228701));
#16176=DIRECTION('',(0.,0.,1.));
#16177=DIRECTION('',(0.,0.,1.));
#16178=DIRECTION('',(-1.,0.,0.));
#16179=DIRECTION('',(0.,0.,1.));
#16180=DIRECTION('',(0.,0.,1.));
#16181=DIRECTION('',(0.,0.,1.));
#16182=DIRECTION('',(0.,0.,1.));
#16183=DIRECTION('',(1.,0.,0.));
#16184=DIRECTION('',(0.,0.,1.));
#16185=DIRECTION('',(0.,-1.,0.));
#16186=DIRECTION('',(0.,0.,-1.));
#16187=DIRECTION('',(0.,0.,1.));
#16188=DIRECTION('',(1.,0.,0.));
#16189=DIRECTION('',(0.588348405414552,-0.554700196225229,-0.588348405414552));
#16190=DIRECTION('',(0.428086344739045,-0.403603676397787,0.80860754006264));
#16191=DIRECTION('',(0.,1.,0.));
#16192=DIRECTION('',(0.,0.,1.));
#16193=DIRECTION('',(0.707106781186548,0.,0.707106781186548));
#16194=DIRECTION('',(-1.,0.,0.));
#16195=DIRECTION('',(0.,0.,1.));
#16196=DIRECTION('',(0.,-1.,0.));
#16197=DIRECTION('',(0.,0.,1.));
#16198=DIRECTION('',(0.,-1.,0.));
#16199=DIRECTION('',(1.,0.,0.));
#16200=DIRECTION('',(0.,0.,-1.));
#16201=DIRECTION('',(0.,0.727606875108999,-0.685994340570035));
#16202=DIRECTION('',(0.,0.,-1.));
#16203=DIRECTION('',(0.,1.,0.));
#16204=DIRECTION('',(0.,1.,0.));
#16205=DIRECTION('',(0.,0.,1.));
#16206=DIRECTION('',(0.,0.,1.));
#16207=DIRECTION('',(1.,0.,0.));
#16208=DIRECTION('',(1.,0.,0.));
#16209=DIRECTION('',(0.685994340570035,0.727606875108999,0.));
#16210=DIRECTION('',(0.,0.,1.));
#16211=DIRECTION('',(1.,0.,0.));
#16212=DIRECTION('',(1.,0.,0.));
#16213=DIRECTION('',(0.,0.,1.));
#16214=DIRECTION('',(1.,0.,0.));
#16215=DIRECTION('',(0.,-1.,0.));
#16216=DIRECTION('',(0.,0.,1.));
#16217=DIRECTION('',(1.,0.,0.));
#16218=DIRECTION('',(1.,0.,0.));
#16219=DIRECTION('',(0.685994340570035,-0.727606875108999,0.));
#16220=DIRECTION('',(-1.,0.,0.));
#16221=DIRECTION('',(-0.707106781186547,-0.707106781186547,0.));
#16222=DIRECTION('',(0.,-1.,0.));
#16223=DIRECTION('',(0.,0.,1.));
#16224=DIRECTION('',(1.,0.,0.));
#16225=DIRECTION('',(1.,0.,0.));
#16226=DIRECTION('',(-0.707106781186547,0.707106781186547,0.));
#16227=DIRECTION('',(-0.707106781186548,-0.707106781186548,0.));
#16228=DIRECTION('',(0.416142953312923,0.416142953312923,0.80848629228701));
#16229=DIRECTION('',(0.,0.,1.));
#16230=DIRECTION('',(0.,0.,1.));
#16231=DIRECTION('',(-1.,0.,0.));
#16232=DIRECTION('',(0.,0.,1.));
#16233=DIRECTION('',(0.,0.,1.));
#16234=DIRECTION('',(0.,0.,1.));
#16235=DIRECTION('',(0.,0.,1.));
#16236=DIRECTION('',(1.,0.,0.));
#16237=DIRECTION('',(0.,0.,1.));
#16238=DIRECTION('',(0.,-1.,0.));
#16239=DIRECTION('',(0.,0.,-1.));
#16240=DIRECTION('',(0.,0.,1.));
#16241=DIRECTION('',(1.,0.,0.));
#16242=DIRECTION('',(0.588348405414552,-0.554700196225229,-0.588348405414552));
#16243=DIRECTION('',(0.428086344739045,-0.403603676397787,0.80860754006264));
#16244=DIRECTION('',(0.,1.,0.));
#16245=DIRECTION('',(0.,0.,1.));
#16246=DIRECTION('',(0.707106781186548,0.,0.707106781186548));
#16247=DIRECTION('',(-1.,0.,0.));
#16248=DIRECTION('',(0.,0.,1.));
#16249=DIRECTION('',(0.,-1.,0.));
#16250=DIRECTION('',(0.,0.,1.));
#16251=DIRECTION('',(0.,-1.,0.));
#16252=DIRECTION('',(1.,0.,0.));
#16253=DIRECTION('',(0.,0.,-1.));
#16254=DIRECTION('',(0.,0.727606875108999,-0.685994340570035));
#16255=DIRECTION('',(0.,0.,-1.));
#16256=DIRECTION('',(0.,1.,0.));
#16257=DIRECTION('',(0.,1.,0.));
#16258=DIRECTION('',(0.,0.,1.));
#16259=DIRECTION('',(0.,0.,1.));
#16260=DIRECTION('',(1.,0.,0.));
#16261=DIRECTION('',(1.,0.,0.));
#16262=DIRECTION('',(0.685994340570035,0.727606875108999,0.));
#16263=DIRECTION('',(0.,0.,1.));
#16264=DIRECTION('',(1.,0.,0.));
#16265=DIRECTION('',(1.,0.,0.));
#16266=DIRECTION('',(0.,0.,1.));
#16267=DIRECTION('',(1.,0.,0.));
#16268=DIRECTION('',(0.,-1.,0.));
#16269=DIRECTION('',(0.,0.,1.));
#16270=DIRECTION('',(1.,0.,0.));
#16271=DIRECTION('',(1.,0.,0.));
#16272=DIRECTION('',(0.685994340570035,-0.727606875108999,0.));
#16273=DIRECTION('',(-1.,0.,0.));
#16274=DIRECTION('',(-0.707106781186547,-0.707106781186547,0.));
#16275=DIRECTION('',(0.,-1.,0.));
#16276=DIRECTION('',(0.,0.,1.));
#16277=DIRECTION('',(1.,0.,0.));
#16278=DIRECTION('',(1.,0.,0.));
#16279=DIRECTION('',(-0.707106781186547,0.707106781186547,0.));
#16280=DIRECTION('',(-0.707106781186548,-0.707106781186548,0.));
#16281=DIRECTION('',(0.416142953312923,0.416142953312923,0.80848629228701));
#16282=DIRECTION('',(0.,0.,1.));
#16283=DIRECTION('',(0.,0.,1.));
#16284=DIRECTION('',(-1.,0.,0.));
#16285=DIRECTION('',(0.,0.,1.));
#16286=DIRECTION('',(0.,0.,1.));
#16287=DIRECTION('',(0.,0.,1.));
#16288=DIRECTION('',(0.,0.,1.));
#16289=DIRECTION('',(1.,0.,0.));
#16290=DIRECTION('',(0.,0.,1.));
#16291=DIRECTION('',(0.,-1.,0.));
#16292=DIRECTION('',(0.,0.,-1.));
#16293=DIRECTION('',(0.,0.,1.));
#16294=DIRECTION('',(1.,0.,0.));
#16295=DIRECTION('',(0.588348405414552,-0.554700196225229,-0.588348405414552));
#16296=DIRECTION('',(0.428086344739045,-0.403603676397787,0.80860754006264));
#16297=DIRECTION('',(0.,1.,0.));
#16298=DIRECTION('',(0.,0.,1.));
#16299=DIRECTION('',(0.707106781186548,0.,0.707106781186548));
#16300=DIRECTION('',(-1.,0.,0.));
#16301=DIRECTION('',(0.,0.,1.));
#16302=DIRECTION('',(0.,-1.,0.));
#16303=DIRECTION('',(0.,0.,1.));
#16304=DIRECTION('',(0.,-1.,0.));
#16305=DIRECTION('',(1.,0.,0.));
#16306=DIRECTION('',(0.,0.,-1.));
#16307=DIRECTION('',(0.,0.727606875108999,-0.685994340570035));
#16308=DIRECTION('',(0.,0.,-1.));
#16309=DIRECTION('',(0.,1.,0.));
#16310=DIRECTION('',(0.,1.,0.));
#16311=DIRECTION('',(0.,0.,1.));
#16312=DIRECTION('',(0.,0.,1.));
#16313=DIRECTION('',(1.,0.,0.));
#16314=DIRECTION('',(1.,0.,0.));
#16315=DIRECTION('',(0.685994340570035,0.727606875108999,0.));
#16316=DIRECTION('',(0.,0.,1.));
#16317=DIRECTION('',(1.,0.,0.));
#16318=DIRECTION('',(1.,0.,0.));
#16319=DIRECTION('',(0.,0.,1.));
#16320=DIRECTION('',(1.,0.,0.));
#16321=DIRECTION('',(0.,-1.,0.));
#16322=DIRECTION('',(0.,0.,1.));
#16323=DIRECTION('',(1.,0.,0.));
#16324=DIRECTION('',(1.,0.,0.));
#16325=DIRECTION('',(0.685994340570035,-0.727606875108999,0.));
#16326=DIRECTION('',(-1.,0.,0.));
#16327=DIRECTION('',(-0.707106781186547,-0.707106781186547,0.));
#16328=DIRECTION('',(0.,-1.,0.));
#16329=DIRECTION('',(0.,0.,1.));
#16330=DIRECTION('',(1.,0.,0.));
#16331=DIRECTION('',(1.,0.,0.));
#16332=DIRECTION('',(-0.707106781186547,0.707106781186547,0.));
#16333=DIRECTION('',(-0.707106781186548,-0.707106781186548,0.));
#16334=DIRECTION('',(0.416142953312923,0.416142953312923,0.80848629228701));
#16335=DIRECTION('',(0.,0.,1.));
#16336=DIRECTION('',(0.,0.,1.));
#16337=DIRECTION('',(-1.,0.,0.));
#16338=DIRECTION('',(0.,0.,1.));
#16339=DIRECTION('',(0.,0.,1.));
#16340=DIRECTION('',(0.,0.,1.));
#16341=DIRECTION('',(0.,0.,1.));
#16342=DIRECTION('',(1.,0.,0.));
#16343=DIRECTION('',(0.,0.,1.));
#16344=DIRECTION('',(0.,-1.,0.));
#16345=DIRECTION('',(0.,0.,-1.));
#16346=DIRECTION('',(0.,0.,1.));
#16347=DIRECTION('',(1.,0.,0.));
#16348=DIRECTION('',(0.588348405414552,-0.554700196225229,-0.588348405414552));
#16349=DIRECTION('',(0.428086344739045,-0.403603676397787,0.80860754006264));
#16350=DIRECTION('',(0.,1.,0.));
#16351=DIRECTION('',(0.,0.,1.));
#16352=DIRECTION('',(0.707106781186548,0.,0.707106781186548));
#16353=DIRECTION('',(0.,-1.,0.));
#16354=DIRECTION('',(0.,0.,-1.));
#16355=DIRECTION('',(-0.707106781186547,0.,-0.707106781186547));
#16356=DIRECTION('',(-0.707106781186547,0.,-0.707106781186547));
#16357=DIRECTION('',(0.588348405414552,-0.554700196225229,-0.588348405414552));
#16358=DIRECTION('',(-0.707106781186548,0.,-0.707106781186548));
#16359=DIRECTION('',(-0.588348405414552,-0.554700196225229,0.588348405414552));
#16360=DIRECTION('',(0.707106781186548,0.,0.707106781186548));
#16361=DIRECTION('',(0.,-1.,0.));
#16362=DIRECTION('',(0.,0.,-1.));
#16363=DIRECTION('',(-0.707106781186547,0.,-0.707106781186547));
#16364=DIRECTION('',(-0.707106781186547,0.,-0.707106781186547));
#16365=DIRECTION('',(0.588348405414552,-0.554700196225229,-0.588348405414552));
#16366=DIRECTION('',(-0.707106781186548,0.,-0.707106781186548));
#16367=DIRECTION('',(-0.588348405414552,-0.554700196225229,0.588348405414552));
#16368=DIRECTION('',(0.707106781186548,0.,0.707106781186548));
#16369=DIRECTION('',(0.,-1.,0.));
#16370=DIRECTION('',(0.,0.,-1.));
#16371=DIRECTION('',(-0.707106781186547,0.,-0.707106781186547));
#16372=DIRECTION('',(-0.707106781186547,0.,-0.707106781186547));
#16373=DIRECTION('',(0.588348405414552,-0.554700196225229,-0.588348405414552));
#16374=DIRECTION('',(-0.707106781186548,0.,-0.707106781186548));
#16375=DIRECTION('',(-0.588348405414552,-0.554700196225229,0.588348405414552));
#16376=DIRECTION('',(0.707106781186548,0.,0.707106781186548));
#16377=DIRECTION('',(0.,-1.,0.));
#16378=DIRECTION('',(0.,0.,-1.));
#16379=DIRECTION('',(-0.707106781186547,0.,-0.707106781186547));
#16380=DIRECTION('',(-0.707106781186547,0.,-0.707106781186547));
#16381=DIRECTION('',(0.588348405414552,-0.554700196225229,-0.588348405414552));
#16382=DIRECTION('',(-0.707106781186548,0.,-0.707106781186548));
#16383=DIRECTION('',(-0.588348405414552,-0.554700196225229,0.588348405414552));
#16384=DIRECTION('',(0.707106781186548,0.,0.707106781186548));
#16385=DIRECTION('',(0.,-1.,0.));
#16386=DIRECTION('',(0.,0.,-1.));
#16387=DIRECTION('',(-0.707106781186547,0.,-0.707106781186547));
#16388=DIRECTION('',(-0.707106781186547,0.,-0.707106781186547));
#16389=DIRECTION('',(0.588348405414552,-0.554700196225229,-0.588348405414552));
#16390=DIRECTION('',(-0.707106781186548,0.,-0.707106781186548));
#16391=DIRECTION('',(-0.588348405414552,-0.554700196225229,0.588348405414552));
#16392=DIRECTION('',(0.707106781186548,0.,0.707106781186548));
#16393=DIRECTION('',(0.,-1.,0.));
#16394=DIRECTION('',(0.,0.,-1.));
#16395=DIRECTION('',(-0.707106781186547,0.,-0.707106781186547));
#16396=DIRECTION('',(-0.707106781186547,0.,-0.707106781186547));
#16397=DIRECTION('',(0.588348405414552,-0.554700196225229,-0.588348405414552));
#16398=DIRECTION('',(-0.707106781186548,0.,-0.707106781186548));
#16399=DIRECTION('',(-0.588348405414552,-0.554700196225229,0.588348405414552));
#16400=DIRECTION('',(0.707106781186548,0.,0.707106781186548));
#16401=DIRECTION('',(0.,-1.,0.));
#16402=DIRECTION('',(0.,0.,-1.));
#16403=DIRECTION('',(-0.707106781186547,0.,-0.707106781186547));
#16404=DIRECTION('',(-0.707106781186547,0.,-0.707106781186547));
#16405=DIRECTION('',(0.588348405414552,-0.554700196225229,-0.588348405414552));
#16406=DIRECTION('',(-0.707106781186548,0.,-0.707106781186548));
#16407=DIRECTION('',(-0.588348405414552,-0.554700196225229,0.588348405414552));
#16408=DIRECTION('',(0.707106781186548,0.,0.707106781186548));
#16409=DIRECTION('',(0.,-1.,0.));
#16410=DIRECTION('',(0.,0.,-1.));
#16411=DIRECTION('',(-0.707106781186547,0.,-0.707106781186547));
#16412=DIRECTION('',(-0.707106781186547,0.,-0.707106781186547));
#16413=DIRECTION('',(0.588348405414552,-0.554700196225229,-0.588348405414552));
#16414=DIRECTION('',(-0.707106781186548,0.,-0.707106781186548));
#16415=DIRECTION('',(-0.588348405414552,-0.554700196225229,0.588348405414552));
#16416=DIRECTION('',(0.707106781186548,0.,0.707106781186548));
#16417=DIRECTION('',(0.,-1.,0.));
#16418=DIRECTION('',(0.,0.,-1.));
#16419=DIRECTION('',(-0.707106781186547,0.,-0.707106781186547));
#16420=DIRECTION('',(-0.707106781186547,0.,-0.707106781186547));
#16421=DIRECTION('',(0.588348405414552,-0.554700196225229,-0.588348405414552));
#16422=DIRECTION('',(-0.707106781186548,0.,-0.707106781186548));
#16423=DIRECTION('',(-0.588348405414552,-0.554700196225229,0.588348405414552));
#16424=DIRECTION('',(0.707106781186548,0.,0.707106781186548));
#16425=DIRECTION('',(0.,-1.,0.));
#16426=DIRECTION('',(0.,0.,-1.));
#16427=DIRECTION('',(-0.707106781186547,0.,-0.707106781186547));
#16428=DIRECTION('',(-0.707106781186547,0.,-0.707106781186547));
#16429=DIRECTION('',(0.588348405414552,-0.554700196225229,-0.588348405414552));
#16430=DIRECTION('',(-0.707106781186548,0.,-0.707106781186548));
#16431=DIRECTION('',(-0.588348405414552,-0.554700196225229,0.588348405414552));
#16432=DIRECTION('',(0.707106781186548,0.,0.707106781186548));
#16433=DIRECTION('',(0.,-1.,0.));
#16434=DIRECTION('',(0.,0.,-1.));
#16435=DIRECTION('',(-0.707106781186547,0.,-0.707106781186547));
#16436=DIRECTION('',(-0.707106781186547,0.,-0.707106781186547));
#16437=DIRECTION('',(0.588348405414552,-0.554700196225229,-0.588348405414552));
#16438=DIRECTION('',(-0.707106781186548,0.,-0.707106781186548));
#16439=DIRECTION('',(-0.588348405414552,-0.554700196225229,0.588348405414552));
#16440=DIRECTION('',(0.707106781186548,0.,0.707106781186548));
#16441=DIRECTION('',(0.,-1.,0.));
#16442=DIRECTION('',(0.,0.,-1.));
#16443=DIRECTION('',(-0.707106781186547,0.,-0.707106781186547));
#16444=DIRECTION('',(-0.707106781186547,0.,-0.707106781186547));
#16445=DIRECTION('',(0.588348405414552,-0.554700196225229,-0.588348405414552));
#16446=DIRECTION('',(-0.707106781186548,0.,-0.707106781186548));
#16447=DIRECTION('',(-0.588348405414552,-0.554700196225229,0.588348405414552));
#16448=DIRECTION('',(0.707106781186548,0.,0.707106781186548));
#16449=CARTESIAN_POINT('',(0.,0.,0.));
#16450=CARTESIAN_POINT('',(-2.9,13.1,4.3));
#16451=CARTESIAN_POINT('',(-3.74644660940673,13.1,5.14644660940673));
#16452=CARTESIAN_POINT('',(-2.9,13.1,5.99289321881345));
#16453=CARTESIAN_POINT('',(-4.59289321881345,13.1,4.3));
#16454=CARTESIAN_POINT('',(-2.9,13.1,4.3));
#16455=CARTESIAN_POINT('',(-2.9,13.1,4.3));
#16456=CARTESIAN_POINT('',(-2.9,13.1,4.3));
#16457=CARTESIAN_POINT('',(-2.9,13.1,7.8));
#16458=CARTESIAN_POINT('',(-3.74644660940673,13.1,8.64644660940673));
#16459=CARTESIAN_POINT('',(-2.9,13.1,9.49289321881345));
#16460=CARTESIAN_POINT('',(-4.59289321881345,13.1,7.8));
#16461=CARTESIAN_POINT('',(-2.9,13.1,7.8));
#16462=CARTESIAN_POINT('',(-2.9,13.1,7.8));
#16463=CARTESIAN_POINT('',(-2.9,13.1,7.8));
#16464=CARTESIAN_POINT('',(-2.9,13.1,11.3));
#16465=CARTESIAN_POINT('',(-3.74644660940673,13.1,12.1464466094067));
#16466=CARTESIAN_POINT('',(-2.9,13.1,12.9928932188135));
#16467=CARTESIAN_POINT('',(-4.59289321881345,13.1,11.3));
#16468=CARTESIAN_POINT('',(-2.9,13.1,11.3));
#16469=CARTESIAN_POINT('',(-2.9,13.1,11.3));
#16470=CARTESIAN_POINT('',(-2.9,13.1,11.3));
#16471=CARTESIAN_POINT('',(-2.9,13.1,14.8));
#16472=CARTESIAN_POINT('',(-3.74644660940672,13.1,15.6464466094067));
#16473=CARTESIAN_POINT('',(-2.9,13.1,16.4928932188135));
#16474=CARTESIAN_POINT('',(-4.59289321881345,13.1,14.8));
#16475=CARTESIAN_POINT('',(-2.9,13.1,14.8));
#16476=CARTESIAN_POINT('',(-2.9,13.1,14.8));
#16477=CARTESIAN_POINT('',(-2.9,13.1,14.8));
#16478=CARTESIAN_POINT('',(-2.9,13.1,18.3));
#16479=CARTESIAN_POINT('',(-3.74644660940673,13.1,19.1464466094067));
#16480=CARTESIAN_POINT('',(-2.9,13.1,19.9928932188135));
#16481=CARTESIAN_POINT('',(-4.59289321881345,13.1,18.3));
#16482=CARTESIAN_POINT('',(-2.9,13.1,18.3));
#16483=CARTESIAN_POINT('',(-2.9,13.1,18.3));
#16484=CARTESIAN_POINT('',(-2.9,13.1,18.3));
#16485=CARTESIAN_POINT('',(-2.9,13.1,21.8));
#16486=CARTESIAN_POINT('',(-3.74644660940673,13.1,22.6464466094067));
#16487=CARTESIAN_POINT('',(-2.9,13.1,23.4928932188135));
#16488=CARTESIAN_POINT('',(-4.59289321881345,13.1,21.8));
#16489=CARTESIAN_POINT('',(-2.9,13.1,21.8));
#16490=CARTESIAN_POINT('',(-2.9,13.1,21.8));
#16491=CARTESIAN_POINT('',(-2.9,13.1,21.8));
#16492=CARTESIAN_POINT('',(-2.9,13.1,25.3));
#16493=CARTESIAN_POINT('',(-3.74644660940673,13.1,26.1464466094067));
#16494=CARTESIAN_POINT('',(-2.9,13.1,26.9928932188135));
#16495=CARTESIAN_POINT('',(-4.59289321881345,13.1,25.3));
#16496=CARTESIAN_POINT('',(-2.9,13.1,25.3));
#16497=CARTESIAN_POINT('',(-2.9,13.1,25.3));
#16498=CARTESIAN_POINT('',(-2.9,13.1,25.3));
#16499=CARTESIAN_POINT('',(-2.9,13.1,28.8));
#16500=CARTESIAN_POINT('',(-3.74644660940673,13.1,29.6464466094067));
#16501=CARTESIAN_POINT('',(-2.9,13.1,30.4928932188135));
#16502=CARTESIAN_POINT('',(-4.59289321881346,13.1,28.8));
#16503=CARTESIAN_POINT('',(-2.9,13.1,28.8));
#16504=CARTESIAN_POINT('',(-2.9,13.1,28.8));
#16505=CARTESIAN_POINT('',(-2.9,13.1,28.8));
#16506=CARTESIAN_POINT('',(-2.9,13.1,32.3));
#16507=CARTESIAN_POINT('',(-3.74644660940672,13.1,33.1464466094067));
#16508=CARTESIAN_POINT('',(-2.9,13.1,33.9928932188134));
#16509=CARTESIAN_POINT('',(-4.59289321881344,13.1,32.3));
#16510=CARTESIAN_POINT('',(-2.9,13.1,32.3));
#16511=CARTESIAN_POINT('',(-2.9,13.1,32.3));
#16512=CARTESIAN_POINT('',(-2.9,13.1,32.3));
#16513=CARTESIAN_POINT('',(-2.9,13.1,35.8));
#16514=CARTESIAN_POINT('',(-3.74644660940673,13.1,36.6464466094067));
#16515=CARTESIAN_POINT('',(-2.9,13.1,37.4928932188134));
#16516=CARTESIAN_POINT('',(-4.59289321881345,13.1,35.8));
#16517=CARTESIAN_POINT('',(-2.9,13.1,35.8));
#16518=CARTESIAN_POINT('',(-2.9,13.1,35.8));
#16519=CARTESIAN_POINT('',(-2.9,13.1,35.8));
#16520=CARTESIAN_POINT('',(-2.9,13.1,39.3));
#16521=CARTESIAN_POINT('',(-3.74644660940672,13.1,40.1464466094067));
#16522=CARTESIAN_POINT('',(-2.9,13.1,40.9928932188134));
#16523=CARTESIAN_POINT('',(-4.59289321881344,13.1,39.3));
#16524=CARTESIAN_POINT('',(-2.9,13.1,39.3));
#16525=CARTESIAN_POINT('',(-2.9,13.1,39.3));
#16526=CARTESIAN_POINT('',(-2.9,13.1,39.3));
#16527=CARTESIAN_POINT('',(-2.9,13.1,0.8));
#16528=CARTESIAN_POINT('',(-3.74644660940673,13.1,1.64644660940673));
#16529=CARTESIAN_POINT('',(-2.9,13.1,2.49289321881345));
#16530=CARTESIAN_POINT('',(-4.59289321881345,13.1,0.800000000000001));
#16531=CARTESIAN_POINT('',(-2.9,13.1,0.8));
#16532=CARTESIAN_POINT('',(-2.9,13.1,0.8));
#16533=CARTESIAN_POINT('',(-2.9,13.1,0.8));
#16534=CARTESIAN_POINT('',(-0.207106781186544,11.5,42.));
#16535=CARTESIAN_POINT('',(-0.207106781186544,11.5,35.8));
#16536=CARTESIAN_POINT('',(-2.5,11.5,35.8));
#16537=CARTESIAN_POINT('',(-4.8,11.5,35.8));
#16538=CARTESIAN_POINT('',(-2.5,11.5,42.));
#16539=CARTESIAN_POINT('',(-2.5,11.5,38.5));
#16540=CARTESIAN_POINT('',(-0.207106781186544,11.5,38.5));
#16541=CARTESIAN_POINT('',(-4.8,11.5,38.5));
#16542=CARTESIAN_POINT('',(-4.8,11.5,42.));
#16543=CARTESIAN_POINT('',(-0.207106781186544,11.5,28.8));
#16544=CARTESIAN_POINT('',(-2.5,11.5,28.8));
#16545=CARTESIAN_POINT('',(-4.8,11.5,28.8));
#16546=CARTESIAN_POINT('',(-2.5,11.5,42.));
#16547=CARTESIAN_POINT('',(-2.5,11.5,31.5));
#16548=CARTESIAN_POINT('',(-0.207106781186544,11.5,31.5));
#16549=CARTESIAN_POINT('',(-4.8,11.5,31.5));
#16550=CARTESIAN_POINT('',(-4.8,11.5,42.));
#16551=CARTESIAN_POINT('',(-0.207106781186544,11.5,21.8));
#16552=CARTESIAN_POINT('',(-2.5,11.5,21.8));
#16553=CARTESIAN_POINT('',(-4.8,11.5,21.8));
#16554=CARTESIAN_POINT('',(-2.5,11.5,42.));
#16555=CARTESIAN_POINT('',(-2.5,11.5,24.5));
#16556=CARTESIAN_POINT('',(-0.207106781186544,11.5,24.5));
#16557=CARTESIAN_POINT('',(-4.8,11.5,24.5));
#16558=CARTESIAN_POINT('',(-4.8,11.5,42.));
#16559=CARTESIAN_POINT('',(-0.207106781186544,11.5,14.8));
#16560=CARTESIAN_POINT('',(-2.5,11.5,14.8));
#16561=CARTESIAN_POINT('',(-4.8,11.5,14.8));
#16562=CARTESIAN_POINT('',(-2.5,11.5,42.));
#16563=CARTESIAN_POINT('',(-2.5,11.5,17.5));
#16564=CARTESIAN_POINT('',(-0.207106781186544,11.5,17.5));
#16565=CARTESIAN_POINT('',(-4.8,11.5,17.5));
#16566=CARTESIAN_POINT('',(-4.8,11.5,42.));
#16567=CARTESIAN_POINT('',(-0.207106781186544,11.5,7.8));
#16568=CARTESIAN_POINT('',(-2.5,11.5,7.8));
#16569=CARTESIAN_POINT('',(-4.8,11.5,7.8));
#16570=CARTESIAN_POINT('',(-2.5,11.5,42.));
#16571=CARTESIAN_POINT('',(-2.5,11.5,10.5));
#16572=CARTESIAN_POINT('',(-0.207106781186544,11.5,10.5));
#16573=CARTESIAN_POINT('',(-4.8,11.5,10.5));
#16574=CARTESIAN_POINT('',(-4.8,11.5,42.));
#16575=CARTESIAN_POINT('',(-0.207106781186544,11.5,0.800000000000002));
#16576=CARTESIAN_POINT('',(-2.5,11.5,0.8));
#16577=CARTESIAN_POINT('',(-4.8,11.5,0.8));
#16578=CARTESIAN_POINT('',(-2.5,11.5,42.));
#16579=CARTESIAN_POINT('',(-2.5,11.5,3.5));
#16580=CARTESIAN_POINT('',(-0.207106781186544,11.5,3.5));
#16581=CARTESIAN_POINT('',(-4.8,11.5,3.5));
#16582=CARTESIAN_POINT('',(-4.8,11.5,42.));
#16583=CARTESIAN_POINT('',(0.95,11.5,6.4));
#16584=CARTESIAN_POINT('',(-0.207106781186547,11.5,6.4));
#16585=CARTESIAN_POINT('',(-0.55,11.5,6.4));
#16586=CARTESIAN_POINT('',(-0.55,11.5,5.25));
#16587=CARTESIAN_POINT('',(-0.55,11.5,4.1));
#16588=CARTESIAN_POINT('',(0.95,11.5,4.1));
#16589=CARTESIAN_POINT('',(-0.207106781186544,11.5,4.1));
#16590=CARTESIAN_POINT('',(-0.207106781186544,11.5,42.));
#16591=CARTESIAN_POINT('',(-0.207106781186544,11.5,2.9));
#16592=CARTESIAN_POINT('',(0.95,11.5,2.9));
#16593=CARTESIAN_POINT('',(-0.55,11.5,2.9));
#16594=CARTESIAN_POINT('',(-0.55,11.5,1.75));
#16595=CARTESIAN_POINT('',(-0.55,11.5,0.6));
#16596=CARTESIAN_POINT('',(0.95,11.5,0.6));
#16597=CARTESIAN_POINT('',(-0.207106781186544,11.5,0.6));
#16598=CARTESIAN_POINT('',(-0.207106781186544,11.5,42.));
#16599=CARTESIAN_POINT('',(-0.207106781186544,11.5,0.));
#16600=CARTESIAN_POINT('',(-0.207106781186544,11.5,0.));
#16601=CARTESIAN_POINT('',(-6.11276469208288,11.5,0.));
#16602=CARTESIAN_POINT('',(-6.11276469208288,11.5,42.));
#16603=CARTESIAN_POINT('',(-6.11276469208288,11.5,43.5));
#16604=CARTESIAN_POINT('',(-0.207106781186544,11.5,43.5));
#16605=CARTESIAN_POINT('',(-0.207106781186544,11.5,43.5));
#16606=CARTESIAN_POINT('',(-0.207106781186544,11.5,42.));
#16607=CARTESIAN_POINT('',(-0.207106781186547,11.5,41.4));
#16608=CARTESIAN_POINT('',(0.95,11.5,41.4));
#16609=CARTESIAN_POINT('',(-0.55,11.5,41.4));
#16610=CARTESIAN_POINT('',(-0.55,11.5,40.25));
#16611=CARTESIAN_POINT('',(-0.55,11.5,39.1));
#16612=CARTESIAN_POINT('',(0.95,11.5,39.1));
#16613=CARTESIAN_POINT('',(-0.207106781186547,11.5,39.1));
#16614=CARTESIAN_POINT('',(-0.207106781186544,11.5,42.));
#16615=CARTESIAN_POINT('',(-0.207106781186547,11.5,37.9));
#16616=CARTESIAN_POINT('',(0.95,11.5,37.9));
#16617=CARTESIAN_POINT('',(-0.55,11.5,37.9));
#16618=CARTESIAN_POINT('',(-0.55,11.5,36.75));
#16619=CARTESIAN_POINT('',(-0.55,11.5,35.6));
#16620=CARTESIAN_POINT('',(0.95,11.5,35.6));
#16621=CARTESIAN_POINT('',(-0.207106781186547,11.5,35.6));
#16622=CARTESIAN_POINT('',(-0.207106781186544,11.5,42.));
#16623=CARTESIAN_POINT('',(-0.207106781186547,11.5,34.4));
#16624=CARTESIAN_POINT('',(0.95,11.5,34.4));
#16625=CARTESIAN_POINT('',(-0.55,11.5,34.4));
#16626=CARTESIAN_POINT('',(-0.55,11.5,33.25));
#16627=CARTESIAN_POINT('',(-0.55,11.5,32.1));
#16628=CARTESIAN_POINT('',(0.95,11.5,32.1));
#16629=CARTESIAN_POINT('',(-0.207106781186547,11.5,32.1));
#16630=CARTESIAN_POINT('',(-0.207106781186544,11.5,42.));
#16631=CARTESIAN_POINT('',(-0.207106781186547,11.5,30.9));
#16632=CARTESIAN_POINT('',(0.95,11.5,30.9));
#16633=CARTESIAN_POINT('',(-0.55,11.5,30.9));
#16634=CARTESIAN_POINT('',(-0.55,11.5,29.75));
#16635=CARTESIAN_POINT('',(-0.55,11.5,28.6));
#16636=CARTESIAN_POINT('',(0.95,11.5,28.6));
#16637=CARTESIAN_POINT('',(-0.207106781186547,11.5,28.6));
#16638=CARTESIAN_POINT('',(-0.207106781186544,11.5,42.));
#16639=CARTESIAN_POINT('',(-0.207106781186547,11.5,27.4));
#16640=CARTESIAN_POINT('',(0.95,11.5,27.4));
#16641=CARTESIAN_POINT('',(-0.55,11.5,27.4));
#16642=CARTESIAN_POINT('',(-0.55,11.5,26.25));
#16643=CARTESIAN_POINT('',(-0.55,11.5,25.1));
#16644=CARTESIAN_POINT('',(0.95,11.5,25.1));
#16645=CARTESIAN_POINT('',(-0.207106781186547,11.5,25.1));
#16646=CARTESIAN_POINT('',(-0.207106781186544,11.5,42.));
#16647=CARTESIAN_POINT('',(-0.207106781186547,11.5,23.9));
#16648=CARTESIAN_POINT('',(0.95,11.5,23.9));
#16649=CARTESIAN_POINT('',(-0.55,11.5,23.9));
#16650=CARTESIAN_POINT('',(-0.55,11.5,22.75));
#16651=CARTESIAN_POINT('',(-0.55,11.5,21.6));
#16652=CARTESIAN_POINT('',(0.95,11.5,21.6));
#16653=CARTESIAN_POINT('',(-0.207106781186547,11.5,21.6));
#16654=CARTESIAN_POINT('',(-0.207106781186544,11.5,42.));
#16655=CARTESIAN_POINT('',(-0.207106781186547,11.5,20.4));
#16656=CARTESIAN_POINT('',(0.95,11.5,20.4));
#16657=CARTESIAN_POINT('',(-0.55,11.5,20.4));
#16658=CARTESIAN_POINT('',(-0.55,11.5,19.25));
#16659=CARTESIAN_POINT('',(-0.55,11.5,18.1));
#16660=CARTESIAN_POINT('',(0.95,11.5,18.1));
#16661=CARTESIAN_POINT('',(-0.207106781186547,11.5,18.1));
#16662=CARTESIAN_POINT('',(-0.207106781186544,11.5,42.));
#16663=CARTESIAN_POINT('',(-0.207106781186547,11.5,16.9));
#16664=CARTESIAN_POINT('',(0.95,11.5,16.9));
#16665=CARTESIAN_POINT('',(-0.55,11.5,16.9));
#16666=CARTESIAN_POINT('',(-0.55,11.5,15.75));
#16667=CARTESIAN_POINT('',(-0.55,11.5,14.6));
#16668=CARTESIAN_POINT('',(0.95,11.5,14.6));
#16669=CARTESIAN_POINT('',(-0.207106781186547,11.5,14.6));
#16670=CARTESIAN_POINT('',(-0.207106781186544,11.5,42.));
#16671=CARTESIAN_POINT('',(-0.207106781186547,11.5,13.4));
#16672=CARTESIAN_POINT('',(0.95,11.5,13.4));
#16673=CARTESIAN_POINT('',(-0.55,11.5,13.4));
#16674=CARTESIAN_POINT('',(-0.55,11.5,12.25));
#16675=CARTESIAN_POINT('',(-0.55,11.5,11.1));
#16676=CARTESIAN_POINT('',(0.95,11.5,11.1));
#16677=CARTESIAN_POINT('',(-0.207106781186547,11.5,11.1));
#16678=CARTESIAN_POINT('',(-0.207106781186544,11.5,42.));
#16679=CARTESIAN_POINT('',(-0.207106781186547,11.5,9.9));
#16680=CARTESIAN_POINT('',(0.95,11.5,9.9));
#16681=CARTESIAN_POINT('',(-0.55,11.5,9.9));
#16682=CARTESIAN_POINT('',(-0.55,11.5,8.75));
#16683=CARTESIAN_POINT('',(-0.55,11.5,7.6));
#16684=CARTESIAN_POINT('',(0.95,11.5,7.6));
#16685=CARTESIAN_POINT('',(-0.207106781186547,11.5,7.6));
#16686=CARTESIAN_POINT('',(-0.207106781186544,11.5,42.));
#16687=CARTESIAN_POINT('',(-0.207106781186544,11.5,4.3));
#16688=CARTESIAN_POINT('',(-2.5,11.5,4.3));
#16689=CARTESIAN_POINT('',(-4.8,11.5,4.3));
#16690=CARTESIAN_POINT('',(-2.5,11.5,42.));
#16691=CARTESIAN_POINT('',(-2.5,11.5,7.));
#16692=CARTESIAN_POINT('',(-0.207106781186544,11.5,7.));
#16693=CARTESIAN_POINT('',(-4.8,11.5,7.));
#16694=CARTESIAN_POINT('',(-4.8,11.5,42.));
#16695=CARTESIAN_POINT('',(-0.207106781186544,11.5,11.3));
#16696=CARTESIAN_POINT('',(-2.5,11.5,11.3));
#16697=CARTESIAN_POINT('',(-4.8,11.5,11.3));
#16698=CARTESIAN_POINT('',(-2.5,11.5,42.));
#16699=CARTESIAN_POINT('',(-2.5,11.5,14.));
#16700=CARTESIAN_POINT('',(-0.207106781186544,11.5,14.));
#16701=CARTESIAN_POINT('',(-4.8,11.5,14.));
#16702=CARTESIAN_POINT('',(-4.8,11.5,42.));
#16703=CARTESIAN_POINT('',(-0.207106781186544,11.5,18.3));
#16704=CARTESIAN_POINT('',(-2.5,11.5,18.3));
#16705=CARTESIAN_POINT('',(-4.8,11.5,18.3));
#16706=CARTESIAN_POINT('',(-2.5,11.5,42.));
#16707=CARTESIAN_POINT('',(-2.5,11.5,21.));
#16708=CARTESIAN_POINT('',(-0.207106781186544,11.5,21.));
#16709=CARTESIAN_POINT('',(-4.8,11.5,21.));
#16710=CARTESIAN_POINT('',(-4.8,11.5,42.));
#16711=CARTESIAN_POINT('',(-0.207106781186544,11.5,25.3));
#16712=CARTESIAN_POINT('',(-2.5,11.5,25.3));
#16713=CARTESIAN_POINT('',(-4.8,11.5,25.3));
#16714=CARTESIAN_POINT('',(-2.5,11.5,42.));
#16715=CARTESIAN_POINT('',(-2.5,11.5,28.));
#16716=CARTESIAN_POINT('',(-0.207106781186544,11.5,28.));
#16717=CARTESIAN_POINT('',(-4.8,11.5,28.));
#16718=CARTESIAN_POINT('',(-4.8,11.5,42.));
#16719=CARTESIAN_POINT('',(-0.207106781186544,11.5,32.3));
#16720=CARTESIAN_POINT('',(-2.5,11.5,32.3));
#16721=CARTESIAN_POINT('',(-4.8,11.5,32.3));
#16722=CARTESIAN_POINT('',(-2.5,11.5,42.));
#16723=CARTESIAN_POINT('',(-2.5,11.5,35.));
#16724=CARTESIAN_POINT('',(-0.207106781186544,11.5,35.));
#16725=CARTESIAN_POINT('',(-4.8,11.5,35.));
#16726=CARTESIAN_POINT('',(-4.8,11.5,42.));
#16727=CARTESIAN_POINT('',(-0.207106781186544,11.5,39.3));
#16728=CARTESIAN_POINT('',(-2.5,11.5,39.3));
#16729=CARTESIAN_POINT('',(-4.8,11.5,39.3));
#16730=CARTESIAN_POINT('',(-2.5,11.5,42.));
#16731=CARTESIAN_POINT('',(-2.5,11.5,42.));
#16732=CARTESIAN_POINT('',(-0.207106781186544,11.5,42.));
#16733=CARTESIAN_POINT('',(-4.8,11.5,42.));
#16734=CARTESIAN_POINT('',(-4.8,11.5,42.));
#16735=CARTESIAN_POINT('',(-0.207106781186547,11.,42.));
#16736=CARTESIAN_POINT('',(-0.207106781186547,11.,4.35000000000001));
#16737=CARTESIAN_POINT('',(0.14644660940673,11.3535533905933,4.17322330470336));
#16738=CARTESIAN_POINT('',(0.14644660940673,11.3535533905933,42.));
#16739=CARTESIAN_POINT('',(0.146446609406731,11.3535533905933,2.82677669529664));
#16740=CARTESIAN_POINT('',(-0.207106781186547,11.,2.65000000000001));
#16741=CARTESIAN_POINT('',(4.55355339059327,6.94644660940673,42.));
#16742=CARTESIAN_POINT('',(-3.86350809725043,15.3635080972504,8.33175404862522));
#16743=CARTESIAN_POINT('',(0.146446609406731,11.3535533905933,6.32677669529663));
#16744=CARTESIAN_POINT('',(0.483794065852769,11.0162059341472,6.15810296707362));
#16745=CARTESIAN_POINT('',(0.14644660940673,11.3535533905933,42.));
#16746=CARTESIAN_POINT('',(0.146446609406728,11.3535533905933,7.67322330470336));
#16747=CARTESIAN_POINT('',(11.6920474583051,-0.192047458305144,13.4460237291526));
#16748=CARTESIAN_POINT('',(0.483794065852769,11.0162059341472,7.84189703292639));
#16749=CARTESIAN_POINT('',(1.5,10.,8.75));
#16750=CARTESIAN_POINT('',(0.483794065852769,11.0162059341472,9.65810296707362));
#16751=CARTESIAN_POINT('',(-3.08573031947265,14.5857303194727,11.4428651597363));
#16752=CARTESIAN_POINT('',(0.146446609406731,11.3535533905933,9.82677669529664));
#16753=CARTESIAN_POINT('',(0.14644660940673,11.3535533905933,42.));
#16754=CARTESIAN_POINT('',(0.14644660940673,11.3535533905933,11.1732233047034));
#16755=CARTESIAN_POINT('',(10.9142696805274,0.585730319472635,16.5571348402637));
#16756=CARTESIAN_POINT('',(0.483794065852769,11.0162059341472,11.3418970329264));
#16757=CARTESIAN_POINT('',(1.5,10.,12.25));
#16758=CARTESIAN_POINT('',(0.483794065852769,11.0162059341472,13.1581029670736));
#16759=CARTESIAN_POINT('',(-2.30795254169487,13.8079525416949,14.5539762708474));
#16760=CARTESIAN_POINT('',(0.14644660940673,11.3535533905933,13.3267766952966));
#16761=CARTESIAN_POINT('',(0.14644660940673,11.3535533905933,42.));
#16762=CARTESIAN_POINT('',(0.146446609406731,11.3535533905933,14.6732233047034));
#16763=CARTESIAN_POINT('',(10.1364919027496,1.36350809725041,19.6682459513748));
#16764=CARTESIAN_POINT('',(0.483794065852769,11.0162059341472,14.8418970329264));
#16765=CARTESIAN_POINT('',(1.5,10.,15.75));
#16766=CARTESIAN_POINT('',(0.483794065852769,11.0162059341472,16.6581029670736));
#16767=CARTESIAN_POINT('',(-1.5301747639171,13.0301747639171,17.6650873819585));
#16768=CARTESIAN_POINT('',(0.146446609406731,11.3535533905933,16.8267766952966));
#16769=CARTESIAN_POINT('',(0.14644660940673,11.3535533905933,42.));
#16770=CARTESIAN_POINT('',(0.146446609406731,11.3535533905933,18.1732233047034));
#16771=CARTESIAN_POINT('',(9.3587141249718,2.14128587502819,22.7793570624859));
#16772=CARTESIAN_POINT('',(0.483794065852769,11.0162059341472,18.3418970329264));
#16773=CARTESIAN_POINT('',(1.5,10.,19.25));
#16774=CARTESIAN_POINT('',(0.48379406585277,11.0162059341472,20.1581029670736));
#16775=CARTESIAN_POINT('',(-0.752396986139317,12.2523969861393,20.7761984930697));
#16776=CARTESIAN_POINT('',(0.146446609406731,11.3535533905933,20.3267766952966));
#16777=CARTESIAN_POINT('',(0.14644660940673,11.3535533905933,42.));
#16778=CARTESIAN_POINT('',(0.14644660940673,11.3535533905933,21.6732233047034));
#16779=CARTESIAN_POINT('',(8.58093634719402,2.91906365280597,25.890468173597));
#16780=CARTESIAN_POINT('',(0.483794065852769,11.0162059341472,21.8418970329264));
#16781=CARTESIAN_POINT('',(1.5,10.,22.75));
#16782=CARTESIAN_POINT('',(0.48379406585277,11.0162059341472,23.6581029670736));
#16783=CARTESIAN_POINT('',(0.0253807916384607,11.4746192083615,23.8873096041808));
#16784=CARTESIAN_POINT('',(0.14644660940673,11.3535533905933,23.8267766952966));
#16785=CARTESIAN_POINT('',(0.14644660940673,11.3535533905933,42.));
#16786=CARTESIAN_POINT('',(0.146446609406731,11.3535533905933,25.1732233047034));
#16787=CARTESIAN_POINT('',(7.80315856941625,3.69684143058375,29.0015792847081));
#16788=CARTESIAN_POINT('',(0.483794065852769,11.0162059341472,25.3418970329264));
#16789=CARTESIAN_POINT('',(1.5,10.,26.25));
#16790=CARTESIAN_POINT('',(0.48379406585277,11.0162059341472,27.1581029670736));
#16791=CARTESIAN_POINT('',(0.803158569416239,10.6968414305838,26.9984207152919));
#16792=CARTESIAN_POINT('',(0.14644660940673,11.3535533905933,27.3267766952966));
#16793=CARTESIAN_POINT('',(0.14644660940673,11.3535533905933,42.));
#16794=CARTESIAN_POINT('',(0.146446609406731,11.3535533905933,28.6732233047034));
#16795=CARTESIAN_POINT('',(7.02538079163847,4.47461920836153,32.1126903958192));
#16796=CARTESIAN_POINT('',(0.483794065852769,11.0162059341472,28.8418970329264));
#16797=CARTESIAN_POINT('',(1.5,10.,29.75));
#16798=CARTESIAN_POINT('',(0.483794065852769,11.0162059341472,30.6581029670736));
#16799=CARTESIAN_POINT('',(1.58093634719402,9.91906365280598,30.109531826403));
#16800=CARTESIAN_POINT('',(0.14644660940673,11.3535533905933,30.8267766952966));
#16801=CARTESIAN_POINT('',(0.14644660940673,11.3535533905933,42.));
#16802=CARTESIAN_POINT('',(0.146446609406731,11.3535533905933,32.1732233047034));
#16803=CARTESIAN_POINT('',(6.24760301386069,5.25239698613931,35.2238015069303));
#16804=CARTESIAN_POINT('',(0.48379406585277,11.0162059341472,32.3418970329264));
#16805=CARTESIAN_POINT('',(1.5,10.,33.25));
#16806=CARTESIAN_POINT('',(0.483794065852769,11.0162059341472,34.1581029670736));
#16807=CARTESIAN_POINT('',(2.3587141249718,9.1412858750282,33.2206429375141));
#16808=CARTESIAN_POINT('',(0.14644660940673,11.3535533905933,34.3267766952966));
#16809=CARTESIAN_POINT('',(0.14644660940673,11.3535533905933,42.));
#16810=CARTESIAN_POINT('',(0.14644660940673,11.3535533905933,35.6732233047034));
#16811=CARTESIAN_POINT('',(5.46982523608291,6.03017476391709,38.3349126180415));
#16812=CARTESIAN_POINT('',(0.483794065852768,11.0162059341472,35.8418970329264));
#16813=CARTESIAN_POINT('',(1.5,10.,36.75));
#16814=CARTESIAN_POINT('',(0.483794065852772,11.0162059341472,37.6581029670736));
#16815=CARTESIAN_POINT('',(3.13649190274958,8.36350809725043,36.3317540486252));
#16816=CARTESIAN_POINT('',(0.14644660940673,11.3535533905933,37.8267766952966));
#16817=CARTESIAN_POINT('',(0.14644660940673,11.3535533905933,42.));
#16818=CARTESIAN_POINT('',(0.146446609406731,11.3535533905933,39.1732233047034));
#16819=CARTESIAN_POINT('',(4.69204745830513,6.80795254169487,41.4460237291526));
#16820=CARTESIAN_POINT('',(0.48379406585277,11.0162059341472,39.3418970329264));
#16821=CARTESIAN_POINT('',(1.5,10.,40.25));
#16822=CARTESIAN_POINT('',(0.483794065852769,11.0162059341472,41.1581029670736));
#16823=CARTESIAN_POINT('',(3.91426968052735,7.58573031947265,39.4428651597363));
#16824=CARTESIAN_POINT('',(0.146446609406731,11.3535533905933,41.3267766952966));
#16825=CARTESIAN_POINT('',(0.14644660940673,11.3535533905933,42.));
#16826=CARTESIAN_POINT('',(0.14644660940673,11.3535533905933,43.5));
#16827=CARTESIAN_POINT('',(4.55355339059327,6.94644660940673,43.5));
#16828=CARTESIAN_POINT('',(4.55355339059327,6.94644660940673,43.5));
#16829=CARTESIAN_POINT('',(4.55355339059327,6.94644660940673,42.));
#16830=CARTESIAN_POINT('',(4.55355339059327,6.94644660940673,0.));
#16831=CARTESIAN_POINT('',(4.55355339059327,6.94644660940673,0.));
#16832=CARTESIAN_POINT('',(0.14644660940673,11.3535533905933,0.));
#16833=CARTESIAN_POINT('',(0.14644660940673,11.3535533905933,42.));
#16834=CARTESIAN_POINT('',(0.146446609406731,11.3535533905933,0.67322330470336));
#16835=CARTESIAN_POINT('',(13.2476030138607,-1.7476030138607,7.22380150693035));
#16836=CARTESIAN_POINT('',(0.483794065852769,11.0162059341472,0.841897032926385));
#16837=CARTESIAN_POINT('',(1.5,10.,1.75));
#16838=CARTESIAN_POINT('',(0.483794065852769,11.0162059341472,2.65810296707361));
#16839=CARTESIAN_POINT('',(-4.64128587502821,16.1412858750282,5.22064293751411));
#16840=CARTESIAN_POINT('',(12.4698252360829,-0.969825236082922,10.3349126180415));
#16841=CARTESIAN_POINT('',(0.483794065852769,11.0162059341472,4.34189703292638));
#16842=CARTESIAN_POINT('',(1.5,10.,5.25));
#16843=CARTESIAN_POINT('',(-0.55,11.5,40.25));
#16844=CARTESIAN_POINT('',(-0.55,11.5,41.4));
#16845=CARTESIAN_POINT('',(-0.55,10.8,41.05));
#16846=CARTESIAN_POINT('',(-0.55,10.8,40.25));
#16847=CARTESIAN_POINT('',(-0.55,10.8,39.45));
#16848=CARTESIAN_POINT('',(-0.55,11.5,39.1));
#16849=CARTESIAN_POINT('',(-0.55,9.8,40.25));
#16850=CARTESIAN_POINT('',(-0.55,10.8,41.05));
#16851=CARTESIAN_POINT('',(-0.55,9.8,41.05));
#16852=CARTESIAN_POINT('',(-0.55,9.8,40.25));
#16853=CARTESIAN_POINT('',(-0.55,9.8,39.45));
#16854=CARTESIAN_POINT('',(-0.55,10.8,39.45));
#16855=CARTESIAN_POINT('',(-0.55,11.5,36.75));
#16856=CARTESIAN_POINT('',(-0.55,11.5,37.9));
#16857=CARTESIAN_POINT('',(-0.55,10.8,37.55));
#16858=CARTESIAN_POINT('',(-0.55,10.8,36.75));
#16859=CARTESIAN_POINT('',(-0.55,10.8,35.95));
#16860=CARTESIAN_POINT('',(-0.55,11.5,35.6));
#16861=CARTESIAN_POINT('',(-0.55,9.8,36.75));
#16862=CARTESIAN_POINT('',(-0.55,10.8,37.55));
#16863=CARTESIAN_POINT('',(-0.55,9.8,37.55));
#16864=CARTESIAN_POINT('',(-0.55,9.8,36.75));
#16865=CARTESIAN_POINT('',(-0.55,9.8,35.95));
#16866=CARTESIAN_POINT('',(-0.55,10.8,35.95));
#16867=CARTESIAN_POINT('',(-0.55,11.5,33.25));
#16868=CARTESIAN_POINT('',(-0.55,11.5,34.4));
#16869=CARTESIAN_POINT('',(-0.55,10.8,34.05));
#16870=CARTESIAN_POINT('',(-0.55,10.8,33.25));
#16871=CARTESIAN_POINT('',(-0.55,10.8,32.45));
#16872=CARTESIAN_POINT('',(-0.55,11.5,32.1));
#16873=CARTESIAN_POINT('',(-0.55,9.8,33.25));
#16874=CARTESIAN_POINT('',(-0.55,10.8,34.05));
#16875=CARTESIAN_POINT('',(-0.55,9.8,34.05));
#16876=CARTESIAN_POINT('',(-0.55,9.8,33.25));
#16877=CARTESIAN_POINT('',(-0.55,9.8,32.45));
#16878=CARTESIAN_POINT('',(-0.55,10.8,32.45));
#16879=CARTESIAN_POINT('',(-0.55,11.5,29.75));
#16880=CARTESIAN_POINT('',(-0.55,11.5,30.9));
#16881=CARTESIAN_POINT('',(-0.55,10.8,30.55));
#16882=CARTESIAN_POINT('',(-0.55,10.8,29.75));
#16883=CARTESIAN_POINT('',(-0.55,10.8,28.95));
#16884=CARTESIAN_POINT('',(-0.55,11.5,28.6));
#16885=CARTESIAN_POINT('',(-0.55,9.8,29.75));
#16886=CARTESIAN_POINT('',(-0.55,10.8,30.55));
#16887=CARTESIAN_POINT('',(-0.55,9.8,30.55));
#16888=CARTESIAN_POINT('',(-0.55,9.8,29.75));
#16889=CARTESIAN_POINT('',(-0.55,9.8,28.95));
#16890=CARTESIAN_POINT('',(-0.55,10.8,28.95));
#16891=CARTESIAN_POINT('',(-0.55,11.5,26.25));
#16892=CARTESIAN_POINT('',(-0.55,11.5,27.4));
#16893=CARTESIAN_POINT('',(-0.55,10.8,27.05));
#16894=CARTESIAN_POINT('',(-0.55,10.8,26.25));
#16895=CARTESIAN_POINT('',(-0.55,10.8,25.45));
#16896=CARTESIAN_POINT('',(-0.55,11.5,25.1));
#16897=CARTESIAN_POINT('',(-0.55,9.8,26.25));
#16898=CARTESIAN_POINT('',(-0.55,10.8,27.05));
#16899=CARTESIAN_POINT('',(-0.55,9.8,27.05));
#16900=CARTESIAN_POINT('',(-0.55,9.8,26.25));
#16901=CARTESIAN_POINT('',(-0.55,9.8,25.45));
#16902=CARTESIAN_POINT('',(-0.55,10.8,25.45));
#16903=CARTESIAN_POINT('',(-0.55,11.5,22.75));
#16904=CARTESIAN_POINT('',(-0.55,11.5,23.9));
#16905=CARTESIAN_POINT('',(-0.55,10.8,23.55));
#16906=CARTESIAN_POINT('',(-0.55,10.8,22.75));
#16907=CARTESIAN_POINT('',(-0.55,10.8,21.95));
#16908=CARTESIAN_POINT('',(-0.55,11.5,21.6));
#16909=CARTESIAN_POINT('',(-0.55,9.8,22.75));
#16910=CARTESIAN_POINT('',(-0.55,10.8,23.55));
#16911=CARTESIAN_POINT('',(-0.55,9.8,23.55));
#16912=CARTESIAN_POINT('',(-0.55,9.8,22.75));
#16913=CARTESIAN_POINT('',(-0.55,9.8,21.95));
#16914=CARTESIAN_POINT('',(-0.55,10.8,21.95));
#16915=CARTESIAN_POINT('',(-0.55,11.5,19.25));
#16916=CARTESIAN_POINT('',(-0.55,11.5,20.4));
#16917=CARTESIAN_POINT('',(-0.55,10.8,20.05));
#16918=CARTESIAN_POINT('',(-0.55,10.8,19.25));
#16919=CARTESIAN_POINT('',(-0.55,10.8,18.45));
#16920=CARTESIAN_POINT('',(-0.55,11.5,18.1));
#16921=CARTESIAN_POINT('',(-0.55,9.8,19.25));
#16922=CARTESIAN_POINT('',(-0.55,10.8,20.05));
#16923=CARTESIAN_POINT('',(-0.55,9.8,20.05));
#16924=CARTESIAN_POINT('',(-0.55,9.8,19.25));
#16925=CARTESIAN_POINT('',(-0.55,9.8,18.45));
#16926=CARTESIAN_POINT('',(-0.55,10.8,18.45));
#16927=CARTESIAN_POINT('',(-0.55,11.5,15.75));
#16928=CARTESIAN_POINT('',(-0.55,11.5,16.9));
#16929=CARTESIAN_POINT('',(-0.55,10.8,16.55));
#16930=CARTESIAN_POINT('',(-0.55,10.8,15.75));
#16931=CARTESIAN_POINT('',(-0.55,10.8,14.95));
#16932=CARTESIAN_POINT('',(-0.55,11.5,14.6));
#16933=CARTESIAN_POINT('',(-0.55,9.8,15.75));
#16934=CARTESIAN_POINT('',(-0.55,10.8,16.55));
#16935=CARTESIAN_POINT('',(-0.55,9.8,16.55));
#16936=CARTESIAN_POINT('',(-0.55,9.8,15.75));
#16937=CARTESIAN_POINT('',(-0.55,9.8,14.95));
#16938=CARTESIAN_POINT('',(-0.55,10.8,14.95));
#16939=CARTESIAN_POINT('',(-0.55,11.5,12.25));
#16940=CARTESIAN_POINT('',(-0.55,11.5,13.4));
#16941=CARTESIAN_POINT('',(-0.55,10.8,13.05));
#16942=CARTESIAN_POINT('',(-0.55,10.8,12.25));
#16943=CARTESIAN_POINT('',(-0.55,10.8,11.45));
#16944=CARTESIAN_POINT('',(-0.55,11.5,11.1));
#16945=CARTESIAN_POINT('',(-0.55,9.8,12.25));
#16946=CARTESIAN_POINT('',(-0.55,10.8,13.05));
#16947=CARTESIAN_POINT('',(-0.55,9.8,13.05));
#16948=CARTESIAN_POINT('',(-0.55,9.8,12.25));
#16949=CARTESIAN_POINT('',(-0.55,9.8,11.45));
#16950=CARTESIAN_POINT('',(-0.55,10.8,11.45));
#16951=CARTESIAN_POINT('',(-0.55,11.5,8.75));
#16952=CARTESIAN_POINT('',(-0.55,11.5,9.9));
#16953=CARTESIAN_POINT('',(-0.55,10.8,9.55));
#16954=CARTESIAN_POINT('',(-0.55,10.8,8.75));
#16955=CARTESIAN_POINT('',(-0.55,10.8,7.95));
#16956=CARTESIAN_POINT('',(-0.55,11.5,7.6));
#16957=CARTESIAN_POINT('',(-0.55,9.8,8.75));
#16958=CARTESIAN_POINT('',(-0.55,10.8,9.55));
#16959=CARTESIAN_POINT('',(-0.55,9.8,9.55));
#16960=CARTESIAN_POINT('',(-0.55,9.8,8.75));
#16961=CARTESIAN_POINT('',(-0.55,9.8,7.95));
#16962=CARTESIAN_POINT('',(-0.55,10.8,7.95));
#16963=CARTESIAN_POINT('',(-0.55,11.5,5.25));
#16964=CARTESIAN_POINT('',(-0.55,11.5,6.4));
#16965=CARTESIAN_POINT('',(-0.55,10.8,6.05));
#16966=CARTESIAN_POINT('',(-0.55,10.8,5.25));
#16967=CARTESIAN_POINT('',(-0.55,10.8,4.45));
#16968=CARTESIAN_POINT('',(-0.55,11.5,4.1));
#16969=CARTESIAN_POINT('',(-0.55,9.8,5.25));
#16970=CARTESIAN_POINT('',(-0.55,10.8,6.05));
#16971=CARTESIAN_POINT('',(-0.55,9.8,6.05));
#16972=CARTESIAN_POINT('',(-0.55,9.8,5.25));
#16973=CARTESIAN_POINT('',(-0.55,9.8,4.45));
#16974=CARTESIAN_POINT('',(-0.55,10.8,4.45));
#16975=CARTESIAN_POINT('',(-0.207106781186547,11.,42.));
#16976=CARTESIAN_POINT('',(-0.207106781186547,11.,6.15));
#16977=CARTESIAN_POINT('',(-0.207106781186547,11.,7.85));
#16978=CARTESIAN_POINT('',(-0.207106781186547,11.,42.));
#16979=CARTESIAN_POINT('',(-0.207106781186547,11.,9.65));
#16980=CARTESIAN_POINT('',(-0.207106781186547,11.,11.35));
#16981=CARTESIAN_POINT('',(-0.207106781186547,11.,42.));
#16982=CARTESIAN_POINT('',(-0.207106781186547,11.,13.15));
#16983=CARTESIAN_POINT('',(-0.207106781186547,11.,14.85));
#16984=CARTESIAN_POINT('',(-0.207106781186547,11.,42.));
#16985=CARTESIAN_POINT('',(-0.207106781186547,11.,16.65));
#16986=CARTESIAN_POINT('',(-0.207106781186547,11.,18.35));
#16987=CARTESIAN_POINT('',(-0.207106781186547,11.,42.));
#16988=CARTESIAN_POINT('',(-0.207106781186547,11.,20.15));
#16989=CARTESIAN_POINT('',(-0.207106781186547,11.,21.85));
#16990=CARTESIAN_POINT('',(-0.207106781186547,11.,42.));
#16991=CARTESIAN_POINT('',(-0.207106781186547,11.,23.65));
#16992=CARTESIAN_POINT('',(-0.207106781186547,11.,25.35));
#16993=CARTESIAN_POINT('',(-0.207106781186547,11.,42.));
#16994=CARTESIAN_POINT('',(-0.207106781186547,11.,27.15));
#16995=CARTESIAN_POINT('',(-0.207106781186547,11.,28.85));
#16996=CARTESIAN_POINT('',(-0.207106781186547,11.,42.));
#16997=CARTESIAN_POINT('',(-0.207106781186547,11.,30.65));
#16998=CARTESIAN_POINT('',(-0.207106781186547,11.,32.35));
#16999=CARTESIAN_POINT('',(-0.207106781186547,11.,42.));
#17000=CARTESIAN_POINT('',(-0.207106781186547,11.,34.15));
#17001=CARTESIAN_POINT('',(-0.207106781186547,11.,35.85));
#17002=CARTESIAN_POINT('',(-0.207106781186547,11.,42.));
#17003=CARTESIAN_POINT('',(-0.207106781186547,11.,37.65));
#17004=CARTESIAN_POINT('',(-0.207106781186547,11.,39.35));
#17005=CARTESIAN_POINT('',(-0.207106781186547,11.,42.));
#17006=CARTESIAN_POINT('',(-0.207106781186547,11.,41.15));
#17007=CARTESIAN_POINT('',(-0.207106781186547,11.,43.5));
#17008=CARTESIAN_POINT('',(1.5,10.,5.25));
#17009=CARTESIAN_POINT('',(0.48379406585277,11.0162059341472,4.34189703292638));
#17010=CARTESIAN_POINT('',(0.436284391639867,10.9443219333537,4.37783903332314));
#17011=CARTESIAN_POINT('',(0.389107015335223,10.8722628195204,4.4138685902398));
#17012=CARTESIAN_POINT('',(0.342316194902173,10.8,4.45));
#17013=CARTESIAN_POINT('',(0.342316194902173,10.8,4.45));
#17014=CARTESIAN_POINT('',(0.342316194902172,10.8,4.45));
#17015=CARTESIAN_POINT('',(0.310919349264157,10.7146815103461,4.45));
#17016=CARTESIAN_POINT('',(0.279858458889512,10.6292472823267,4.45));
#17017=CARTESIAN_POINT('',(0.249228687160409,10.543664531653,4.45));
#17018=CARTESIAN_POINT('',(0.249228687160409,10.543664531653,4.45));
#17019=CARTESIAN_POINT('',(1.14644660940673,9.64644660940673,5.25));
#17020=CARTESIAN_POINT('',(0.249228687160409,10.543664531653,6.05));
#17021=CARTESIAN_POINT('',(0.249228687160409,10.543664531653,6.05));
#17022=CARTESIAN_POINT('',(0.279859244700059,10.6292494779626,6.05));
#17023=CARTESIAN_POINT('',(0.310920090743562,10.7146835252588,6.05));
#17024=CARTESIAN_POINT('',(0.342316194902164,10.8,6.05));
#17025=CARTESIAN_POINT('',(0.342316194902095,10.8,6.05));
#17026=CARTESIAN_POINT('',(0.342316194902153,10.8,6.04999999999998));
#17027=CARTESIAN_POINT('',(0.389107015335209,10.8722628195204,6.08613140976019));
#17028=CARTESIAN_POINT('',(0.43628439163986,10.9443219333537,6.12216096667685));
#17029=CARTESIAN_POINT('',(0.483794065852769,11.0162059341472,6.15810296707362));
#17030=CARTESIAN_POINT('',(0.43933982822018,8.93933982822018,5.25));
#17031=CARTESIAN_POINT('',(-0.457878094026137,9.8365577504665,4.45));
#17032=CARTESIAN_POINT('',(-0.457878094026138,9.8365577504665,4.45));
#17033=CARTESIAN_POINT('',(0.43933982822018,8.93933982822018,5.25));
#17034=CARTESIAN_POINT('',(-0.457878094026138,9.8365577504665,6.05));
#17035=CARTESIAN_POINT('',(-0.457878094026138,9.8365577504665,6.05));
#17036=CARTESIAN_POINT('',(1.5,7.87867965644036,5.25));
#17037=CARTESIAN_POINT('',(-0.421320343559642,9.8,4.45));
#17038=CARTESIAN_POINT('',(-0.421320343559642,9.8,6.05));
#17039=CARTESIAN_POINT('',(-0.421320343559643,9.8,4.45));
#17040=CARTESIAN_POINT('',(1.5,7.87867965644036,6.05));
#17041=CARTESIAN_POINT('',(1.5,7.87867965644036,4.45));
#17042=CARTESIAN_POINT('',(1.5,10.,8.75));
#17043=CARTESIAN_POINT('',(0.48379406585277,11.0162059341472,7.84189703292638));
#17044=CARTESIAN_POINT('',(0.436284391639867,10.9443219333537,7.87783903332314));
#17045=CARTESIAN_POINT('',(0.389107015335222,10.8722628195204,7.9138685902398));
#17046=CARTESIAN_POINT('',(0.342316194902173,10.8,7.95));
#17047=CARTESIAN_POINT('',(0.342316194902173,10.8,7.95));
#17048=CARTESIAN_POINT('',(0.342316194902172,10.8,7.95));
#17049=CARTESIAN_POINT('',(0.310919349264157,10.7146815103461,7.95));
#17050=CARTESIAN_POINT('',(0.279858458889512,10.6292472823267,7.95));
#17051=CARTESIAN_POINT('',(0.249228687160409,10.543664531653,7.95));
#17052=CARTESIAN_POINT('',(0.249228687160409,10.543664531653,7.95));
#17053=CARTESIAN_POINT('',(1.14644660940673,9.64644660940673,8.75));
#17054=CARTESIAN_POINT('',(0.249228687160408,10.543664531653,9.55));
#17055=CARTESIAN_POINT('',(0.249228687160408,10.543664531653,9.55));
#17056=CARTESIAN_POINT('',(0.279859244700058,10.6292494779626,9.55));
#17057=CARTESIAN_POINT('',(0.310920090743562,10.7146835252588,9.55));
#17058=CARTESIAN_POINT('',(0.342316194902163,10.8,9.55));
#17059=CARTESIAN_POINT('',(0.342316194902094,10.8,9.55));
#17060=CARTESIAN_POINT('',(0.342316194902152,10.8,9.54999999999998));
#17061=CARTESIAN_POINT('',(0.389107015335209,10.8722628195204,9.58613140976019));
#17062=CARTESIAN_POINT('',(0.43628439163986,10.9443219333537,9.62216096667685));
#17063=CARTESIAN_POINT('',(0.48379406585277,11.0162059341472,9.65810296707362));
#17064=CARTESIAN_POINT('',(0.43933982822018,8.93933982822018,8.75));
#17065=CARTESIAN_POINT('',(-0.457878094026137,9.8365577504665,7.95));
#17066=CARTESIAN_POINT('',(-0.457878094026138,9.8365577504665,7.95));
#17067=CARTESIAN_POINT('',(0.43933982822018,8.93933982822018,8.75));
#17068=CARTESIAN_POINT('',(-0.457878094026138,9.8365577504665,9.55));
#17069=CARTESIAN_POINT('',(-0.457878094026138,9.8365577504665,9.55));
#17070=CARTESIAN_POINT('',(1.5,7.87867965644036,8.75));
#17071=CARTESIAN_POINT('',(-0.421320343559642,9.8,7.95));
#17072=CARTESIAN_POINT('',(-0.421320343559642,9.8,9.55));
#17073=CARTESIAN_POINT('',(-0.421320343559643,9.8,7.95));
#17074=CARTESIAN_POINT('',(1.5,7.87867965644036,9.55));
#17075=CARTESIAN_POINT('',(1.5,7.87867965644036,7.95));
#17076=CARTESIAN_POINT('',(1.5,10.,12.25));
#17077=CARTESIAN_POINT('',(0.48379406585277,11.0162059341472,11.3418970329264));
#17078=CARTESIAN_POINT('',(0.436284391639867,10.9443219333537,11.3778390333231));
#17079=CARTESIAN_POINT('',(0.389107015335222,10.8722628195204,11.4138685902398));
#17080=CARTESIAN_POINT('',(0.342316194902173,10.8,11.45));
#17081=CARTESIAN_POINT('',(0.342316194902173,10.8,11.45));
#17082=CARTESIAN_POINT('',(0.342316194902172,10.8,11.45));
#17083=CARTESIAN_POINT('',(0.310919349264157,10.7146815103461,11.45));
#17084=CARTESIAN_POINT('',(0.279858458889512,10.6292472823267,11.45));
#17085=CARTESIAN_POINT('',(0.249228687160409,10.543664531653,11.45));
#17086=CARTESIAN_POINT('',(0.249228687160409,10.543664531653,11.45));
#17087=CARTESIAN_POINT('',(1.14644660940673,9.64644660940673,12.25));
#17088=CARTESIAN_POINT('',(0.249228687160409,10.543664531653,13.05));
#17089=CARTESIAN_POINT('',(0.24922868716041,10.543664531653,13.05));
#17090=CARTESIAN_POINT('',(0.279859244700059,10.6292494779626,13.05));
#17091=CARTESIAN_POINT('',(0.310920090743562,10.7146835252588,13.05));
#17092=CARTESIAN_POINT('',(0.342316194902163,10.8,13.05));
#17093=CARTESIAN_POINT('',(0.342316194902095,10.8,13.05));
#17094=CARTESIAN_POINT('',(0.342316194902153,10.8,13.05));
#17095=CARTESIAN_POINT('',(0.389107015335209,10.8722628195204,13.0861314097602));
#17096=CARTESIAN_POINT('',(0.43628439163986,10.9443219333537,13.1221609666769));
#17097=CARTESIAN_POINT('',(0.483794065852769,11.0162059341472,13.1581029670736));
#17098=CARTESIAN_POINT('',(0.43933982822018,8.93933982822018,12.25));
#17099=CARTESIAN_POINT('',(-0.457878094026137,9.8365577504665,11.45));
#17100=CARTESIAN_POINT('',(-0.457878094026138,9.8365577504665,11.45));
#17101=CARTESIAN_POINT('',(0.43933982822018,8.93933982822018,12.25));
#17102=CARTESIAN_POINT('',(-0.457878094026138,9.8365577504665,13.05));
#17103=CARTESIAN_POINT('',(-0.457878094026137,9.8365577504665,13.05));
#17104=CARTESIAN_POINT('',(1.5,7.87867965644036,12.25));
#17105=CARTESIAN_POINT('',(-0.421320343559642,9.8,11.45));
#17106=CARTESIAN_POINT('',(-0.421320343559642,9.8,13.05));
#17107=CARTESIAN_POINT('',(-0.421320343559643,9.8,11.45));
#17108=CARTESIAN_POINT('',(1.5,7.87867965644036,13.05));
#17109=CARTESIAN_POINT('',(1.5,7.87867965644036,11.45));
#17110=CARTESIAN_POINT('',(1.5,10.,15.75));
#17111=CARTESIAN_POINT('',(0.48379406585277,11.0162059341472,14.8418970329264));
#17112=CARTESIAN_POINT('',(0.436284391639867,10.9443219333537,14.8778390333231));
#17113=CARTESIAN_POINT('',(0.389107015335222,10.8722628195204,14.9138685902398));
#17114=CARTESIAN_POINT('',(0.342316194902173,10.8,14.95));
#17115=CARTESIAN_POINT('',(0.342316194902173,10.8,14.95));
#17116=CARTESIAN_POINT('',(0.342316194902172,10.8,14.95));
#17117=CARTESIAN_POINT('',(0.310919349264157,10.7146815103461,14.95));
#17118=CARTESIAN_POINT('',(0.279858458889512,10.6292472823267,14.95));
#17119=CARTESIAN_POINT('',(0.249228687160409,10.543664531653,14.95));
#17120=CARTESIAN_POINT('',(0.249228687160409,10.543664531653,14.95));
#17121=CARTESIAN_POINT('',(1.14644660940673,9.64644660940673,15.75));
#17122=CARTESIAN_POINT('',(0.249228687160408,10.543664531653,16.55));
#17123=CARTESIAN_POINT('',(0.249228687160408,10.543664531653,16.55));
#17124=CARTESIAN_POINT('',(0.279859244700058,10.6292494779626,16.55));
#17125=CARTESIAN_POINT('',(0.310920090743562,10.7146835252588,16.55));
#17126=CARTESIAN_POINT('',(0.342316194902163,10.8,16.55));
#17127=CARTESIAN_POINT('',(0.342316194902094,10.8,16.55));
#17128=CARTESIAN_POINT('',(0.342316194902152,10.8,16.55));
#17129=CARTESIAN_POINT('',(0.389107015335208,10.8722628195204,16.5861314097602));
#17130=CARTESIAN_POINT('',(0.436284391639859,10.9443219333537,16.6221609666769));
#17131=CARTESIAN_POINT('',(0.483794065852768,11.0162059341472,16.6581029670736));
#17132=CARTESIAN_POINT('',(0.43933982822018,8.93933982822018,15.75));
#17133=CARTESIAN_POINT('',(-0.457878094026137,9.8365577504665,14.95));
#17134=CARTESIAN_POINT('',(-0.457878094026138,9.8365577504665,14.95));
#17135=CARTESIAN_POINT('',(0.43933982822018,8.93933982822018,15.75));
#17136=CARTESIAN_POINT('',(-0.457878094026138,9.8365577504665,16.55));
#17137=CARTESIAN_POINT('',(-0.457878094026138,9.8365577504665,16.55));
#17138=CARTESIAN_POINT('',(1.5,7.87867965644036,15.75));
#17139=CARTESIAN_POINT('',(-0.421320343559642,9.8,14.95));
#17140=CARTESIAN_POINT('',(-0.421320343559642,9.8,16.55));
#17141=CARTESIAN_POINT('',(-0.421320343559643,9.8,14.95));
#17142=CARTESIAN_POINT('',(1.5,7.87867965644036,16.55));
#17143=CARTESIAN_POINT('',(1.5,7.87867965644036,14.95));
#17144=CARTESIAN_POINT('',(1.5,10.,19.25));
#17145=CARTESIAN_POINT('',(0.483794065852769,11.0162059341472,18.3418970329264));
#17146=CARTESIAN_POINT('',(0.436284391639866,10.9443219333537,18.3778390333231));
#17147=CARTESIAN_POINT('',(0.389107015335222,10.8722628195204,18.4138685902398));
#17148=CARTESIAN_POINT('',(0.342316194902171,10.8,18.45));
#17149=CARTESIAN_POINT('',(0.342316194902172,10.8,18.45));
#17150=CARTESIAN_POINT('',(0.342316194902172,10.8,18.45));
#17151=CARTESIAN_POINT('',(0.310919349264156,10.7146815103461,18.45));
#17152=CARTESIAN_POINT('',(0.279858458889511,10.6292472823267,18.45));
#17153=CARTESIAN_POINT('',(0.249228687160408,10.543664531653,18.45));
#17154=CARTESIAN_POINT('',(0.249228687160408,10.543664531653,18.45));
#17155=CARTESIAN_POINT('',(1.14644660940673,9.64644660940673,19.25));
#17156=CARTESIAN_POINT('',(0.24922868716041,10.543664531653,20.05));
#17157=CARTESIAN_POINT('',(0.24922868716041,10.543664531653,20.05));
#17158=CARTESIAN_POINT('',(0.27985924470006,10.6292494779626,20.05));
#17159=CARTESIAN_POINT('',(0.310920090743563,10.7146835252588,20.05));
#17160=CARTESIAN_POINT('',(0.342316194902165,10.8,20.05));
#17161=CARTESIAN_POINT('',(0.342316194902096,10.8,20.05));
#17162=CARTESIAN_POINT('',(0.342316194902154,10.8,20.05));
#17163=CARTESIAN_POINT('',(0.38910701533521,10.8722628195204,20.0861314097602));
#17164=CARTESIAN_POINT('',(0.436284391639861,10.9443219333537,20.1221609666769));
#17165=CARTESIAN_POINT('',(0.48379406585277,11.0162059341472,20.1581029670736));
#17166=CARTESIAN_POINT('',(0.43933982822018,8.93933982822018,19.25));
#17167=CARTESIAN_POINT('',(-0.457878094026138,9.8365577504665,18.45));
#17168=CARTESIAN_POINT('',(-0.457878094026138,9.8365577504665,18.45));
#17169=CARTESIAN_POINT('',(0.43933982822018,8.93933982822018,19.25));
#17170=CARTESIAN_POINT('',(-0.457878094026137,9.8365577504665,20.05));
#17171=CARTESIAN_POINT('',(-0.457878094026137,9.8365577504665,20.05));
#17172=CARTESIAN_POINT('',(1.5,7.87867965644036,19.25));
#17173=CARTESIAN_POINT('',(-0.421320343559642,9.8,18.45));
#17174=CARTESIAN_POINT('',(-0.421320343559642,9.8,20.05));
#17175=CARTESIAN_POINT('',(-0.421320343559643,9.8,18.45));
#17176=CARTESIAN_POINT('',(1.5,7.87867965644036,20.05));
#17177=CARTESIAN_POINT('',(1.5,7.87867965644036,18.45));
#17178=CARTESIAN_POINT('',(1.5,10.,22.75));
#17179=CARTESIAN_POINT('',(0.483794065852769,11.0162059341472,21.8418970329264));
#17180=CARTESIAN_POINT('',(0.436284391639866,10.9443219333537,21.8778390333231));
#17181=CARTESIAN_POINT('',(0.389107015335222,10.8722628195204,21.9138685902398));
#17182=CARTESIAN_POINT('',(0.342316194902171,10.8,21.95));
#17183=CARTESIAN_POINT('',(0.342316194902172,10.8,21.95));
#17184=CARTESIAN_POINT('',(0.342316194902172,10.8,21.95));
#17185=CARTESIAN_POINT('',(0.310919349264156,10.7146815103461,21.95));
#17186=CARTESIAN_POINT('',(0.279858458889511,10.6292472823267,21.95));
#17187=CARTESIAN_POINT('',(0.249228687160408,10.543664531653,21.95));
#17188=CARTESIAN_POINT('',(0.249228687160408,10.543664531653,21.95));
#17189=CARTESIAN_POINT('',(1.14644660940673,9.64644660940673,22.75));
#17190=CARTESIAN_POINT('',(0.24922868716041,10.543664531653,23.55));
#17191=CARTESIAN_POINT('',(0.24922868716041,10.543664531653,23.55));
#17192=CARTESIAN_POINT('',(0.27985924470006,10.6292494779626,23.55));
#17193=CARTESIAN_POINT('',(0.310920090743563,10.7146835252588,23.55));
#17194=CARTESIAN_POINT('',(0.342316194902165,10.8,23.55));
#17195=CARTESIAN_POINT('',(0.342316194902096,10.8,23.55));
#17196=CARTESIAN_POINT('',(0.342316194902154,10.8,23.55));
#17197=CARTESIAN_POINT('',(0.38910701533521,10.8722628195204,23.5861314097602));
#17198=CARTESIAN_POINT('',(0.436284391639861,10.9443219333537,23.6221609666769));
#17199=CARTESIAN_POINT('',(0.48379406585277,11.0162059341472,23.6581029670736));
#17200=CARTESIAN_POINT('',(0.43933982822018,8.93933982822018,22.75));
#17201=CARTESIAN_POINT('',(-0.457878094026138,9.8365577504665,21.95));
#17202=CARTESIAN_POINT('',(-0.457878094026138,9.8365577504665,21.95));
#17203=CARTESIAN_POINT('',(0.43933982822018,8.93933982822018,22.75));
#17204=CARTESIAN_POINT('',(-0.457878094026137,9.8365577504665,23.55));
#17205=CARTESIAN_POINT('',(-0.457878094026137,9.8365577504665,23.55));
#17206=CARTESIAN_POINT('',(1.5,7.87867965644036,22.75));
#17207=CARTESIAN_POINT('',(-0.421320343559642,9.8,21.95));
#17208=CARTESIAN_POINT('',(-0.421320343559642,9.8,23.55));
#17209=CARTESIAN_POINT('',(-0.421320343559643,9.8,21.95));
#17210=CARTESIAN_POINT('',(1.5,7.87867965644036,23.55));
#17211=CARTESIAN_POINT('',(1.5,7.87867965644036,21.95));
#17212=CARTESIAN_POINT('',(1.5,10.,26.25));
#17213=CARTESIAN_POINT('',(0.483794065852769,11.0162059341472,25.3418970329264));
#17214=CARTESIAN_POINT('',(0.436284391639866,10.9443219333537,25.3778390333231));
#17215=CARTESIAN_POINT('',(0.389107015335222,10.8722628195204,25.4138685902398));
#17216=CARTESIAN_POINT('',(0.342316194902171,10.8,25.45));
#17217=CARTESIAN_POINT('',(0.342316194902172,10.8,25.45));
#17218=CARTESIAN_POINT('',(0.342316194902172,10.8,25.45));
#17219=CARTESIAN_POINT('',(0.310919349264156,10.7146815103461,25.45));
#17220=CARTESIAN_POINT('',(0.279858458889511,10.6292472823267,25.45));
#17221=CARTESIAN_POINT('',(0.249228687160408,10.543664531653,25.45));
#17222=CARTESIAN_POINT('',(0.249228687160408,10.543664531653,25.45));
#17223=CARTESIAN_POINT('',(1.14644660940673,9.64644660940673,26.25));
#17224=CARTESIAN_POINT('',(0.24922868716041,10.543664531653,27.05));
#17225=CARTESIAN_POINT('',(0.24922868716041,10.543664531653,27.05));
#17226=CARTESIAN_POINT('',(0.27985924470006,10.6292494779626,27.05));
#17227=CARTESIAN_POINT('',(0.310920090743563,10.7146835252588,27.05));
#17228=CARTESIAN_POINT('',(0.342316194902165,10.8,27.05));
#17229=CARTESIAN_POINT('',(0.342316194902096,10.8,27.05));
#17230=CARTESIAN_POINT('',(0.342316194902154,10.8,27.05));
#17231=CARTESIAN_POINT('',(0.38910701533521,10.8722628195204,27.0861314097602));
#17232=CARTESIAN_POINT('',(0.436284391639861,10.9443219333537,27.1221609666769));
#17233=CARTESIAN_POINT('',(0.48379406585277,11.0162059341472,27.1581029670736));
#17234=CARTESIAN_POINT('',(0.43933982822018,8.93933982822018,26.25));
#17235=CARTESIAN_POINT('',(-0.457878094026138,9.8365577504665,25.45));
#17236=CARTESIAN_POINT('',(-0.457878094026138,9.8365577504665,25.45));
#17237=CARTESIAN_POINT('',(0.43933982822018,8.93933982822018,26.25));
#17238=CARTESIAN_POINT('',(-0.457878094026137,9.8365577504665,27.05));
#17239=CARTESIAN_POINT('',(-0.457878094026137,9.8365577504665,27.05));
#17240=CARTESIAN_POINT('',(1.5,7.87867965644036,26.25));
#17241=CARTESIAN_POINT('',(-0.421320343559642,9.8,25.45));
#17242=CARTESIAN_POINT('',(-0.421320343559642,9.8,27.05));
#17243=CARTESIAN_POINT('',(-0.421320343559643,9.8,25.45));
#17244=CARTESIAN_POINT('',(1.5,7.87867965644036,27.05));
#17245=CARTESIAN_POINT('',(1.5,7.87867965644036,25.45));
#17246=CARTESIAN_POINT('',(1.5,10.,29.75));
#17247=CARTESIAN_POINT('',(0.483794065852769,11.0162059341472,28.8418970329264));
#17248=CARTESIAN_POINT('',(0.436284391639867,10.9443219333537,28.8778390333231));
#17249=CARTESIAN_POINT('',(0.389107015335223,10.8722628195204,28.9138685902398));
#17250=CARTESIAN_POINT('',(0.342316194902174,10.8,28.95));
#17251=CARTESIAN_POINT('',(0.342316194902174,10.8,28.95));
#17252=CARTESIAN_POINT('',(0.342316194902173,10.8,28.95));
#17253=CARTESIAN_POINT('',(0.310919349264157,10.7146815103461,28.95));
#17254=CARTESIAN_POINT('',(0.279858458889513,10.6292472823267,28.95));
#17255=CARTESIAN_POINT('',(0.24922868716041,10.543664531653,28.95));
#17256=CARTESIAN_POINT('',(0.24922868716041,10.543664531653,28.95));
#17257=CARTESIAN_POINT('',(1.14644660940673,9.64644660940673,29.75));
#17258=CARTESIAN_POINT('',(0.249228687160408,10.543664531653,30.55));
#17259=CARTESIAN_POINT('',(0.249228687160408,10.543664531653,30.55));
#17260=CARTESIAN_POINT('',(0.279859244700058,10.6292494779626,30.55));
#17261=CARTESIAN_POINT('',(0.310920090743562,10.7146835252588,30.55));
#17262=CARTESIAN_POINT('',(0.342316194902163,10.8,30.55));
#17263=CARTESIAN_POINT('',(0.342316194902093,10.8,30.55));
#17264=CARTESIAN_POINT('',(0.342316194902152,10.8,30.55));
#17265=CARTESIAN_POINT('',(0.389107015335208,10.8722628195204,30.5861314097602));
#17266=CARTESIAN_POINT('',(0.436284391639859,10.9443219333537,30.6221609666768));
#17267=CARTESIAN_POINT('',(0.483794065852768,11.0162059341472,30.6581029670736));
#17268=CARTESIAN_POINT('',(0.43933982822018,8.93933982822018,29.75));
#17269=CARTESIAN_POINT('',(-0.457878094026137,9.8365577504665,28.95));
#17270=CARTESIAN_POINT('',(-0.457878094026137,9.8365577504665,28.95));
#17271=CARTESIAN_POINT('',(0.43933982822018,8.93933982822018,29.75));
#17272=CARTESIAN_POINT('',(-0.457878094026138,9.8365577504665,30.55));
#17273=CARTESIAN_POINT('',(-0.457878094026138,9.8365577504665,30.55));
#17274=CARTESIAN_POINT('',(1.5,7.87867965644036,29.75));
#17275=CARTESIAN_POINT('',(-0.421320343559642,9.8,28.95));
#17276=CARTESIAN_POINT('',(-0.421320343559642,9.8,30.55));
#17277=CARTESIAN_POINT('',(-0.421320343559643,9.8,28.95));
#17278=CARTESIAN_POINT('',(1.5,7.87867965644036,30.55));
#17279=CARTESIAN_POINT('',(1.5,7.87867965644036,28.95));
#17280=CARTESIAN_POINT('',(1.5,10.,33.25));
#17281=CARTESIAN_POINT('',(0.483794065852769,11.0162059341472,32.3418970329264));
#17282=CARTESIAN_POINT('',(0.436284391639867,10.9443219333537,32.3778390333231));
#17283=CARTESIAN_POINT('',(0.389107015335224,10.8722628195204,32.4138685902398));
#17284=CARTESIAN_POINT('',(0.342316194902175,10.8,32.45));
#17285=CARTESIAN_POINT('',(0.342316194902174,10.8,32.45));
#17286=CARTESIAN_POINT('',(0.342316194902173,10.8,32.45));
#17287=CARTESIAN_POINT('',(0.310919349264157,10.7146815103461,32.45));
#17288=CARTESIAN_POINT('',(0.279858458889513,10.6292472823267,32.45));
#17289=CARTESIAN_POINT('',(0.24922868716041,10.543664531653,32.45));
#17290=CARTESIAN_POINT('',(0.24922868716041,10.543664531653,32.45));
#17291=CARTESIAN_POINT('',(1.14644660940673,9.64644660940673,33.25));
#17292=CARTESIAN_POINT('',(0.249228687160407,10.543664531653,34.05));
#17293=CARTESIAN_POINT('',(0.249228687160407,10.543664531653,34.05));
#17294=CARTESIAN_POINT('',(0.279859244700057,10.6292494779626,34.05));
#17295=CARTESIAN_POINT('',(0.31092009074356,10.7146835252588,34.05));
#17296=CARTESIAN_POINT('',(0.342316194902162,10.8,34.05));
#17297=CARTESIAN_POINT('',(0.342316194902091,10.8,34.05));
#17298=CARTESIAN_POINT('',(0.34231619490215,10.8,34.05));
#17299=CARTESIAN_POINT('',(0.389107015335208,10.8722628195204,34.0861314097602));
#17300=CARTESIAN_POINT('',(0.436284391639859,10.9443219333537,34.1221609666769));
#17301=CARTESIAN_POINT('',(0.48379406585277,11.0162059341472,34.1581029670736));
#17302=CARTESIAN_POINT('',(0.43933982822018,8.93933982822018,33.25));
#17303=CARTESIAN_POINT('',(-0.457878094026137,9.8365577504665,32.45));
#17304=CARTESIAN_POINT('',(-0.457878094026137,9.8365577504665,32.45));
#17305=CARTESIAN_POINT('',(0.43933982822018,8.93933982822018,33.25));
#17306=CARTESIAN_POINT('',(-0.45787809402614,9.8365577504665,34.05));
#17307=CARTESIAN_POINT('',(-0.45787809402614,9.8365577504665,34.05));
#17308=CARTESIAN_POINT('',(1.5,7.87867965644036,33.25));
#17309=CARTESIAN_POINT('',(-0.421320343559642,9.8,32.45));
#17310=CARTESIAN_POINT('',(-0.421320343559642,9.8,34.05));
#17311=CARTESIAN_POINT('',(-0.421320343559643,9.8,32.45));
#17312=CARTESIAN_POINT('',(1.5,7.87867965644036,34.05));
#17313=CARTESIAN_POINT('',(1.5,7.87867965644036,32.45));
#17314=CARTESIAN_POINT('',(1.5,10.,36.75));
#17315=CARTESIAN_POINT('',(0.483794065852769,11.0162059341472,35.8418970329264));
#17316=CARTESIAN_POINT('',(0.436284391639866,10.9443219333537,35.8778390333232));
#17317=CARTESIAN_POINT('',(0.389107015335221,10.8722628195204,35.9138685902398));
#17318=CARTESIAN_POINT('',(0.342316194902171,10.8,35.95));
#17319=CARTESIAN_POINT('',(0.34231619490217,10.8,35.95));
#17320=CARTESIAN_POINT('',(0.342316194902169,10.8,35.95));
#17321=CARTESIAN_POINT('',(0.310919349264154,10.7146815103461,35.95));
#17322=CARTESIAN_POINT('',(0.279858458889509,10.6292472823267,35.95));
#17323=CARTESIAN_POINT('',(0.249228687160407,10.543664531653,35.95));
#17324=CARTESIAN_POINT('',(0.249228687160407,10.543664531653,35.95));
#17325=CARTESIAN_POINT('',(1.14644660940673,9.64644660940673,36.75));
#17326=CARTESIAN_POINT('',(0.24922868716041,10.543664531653,37.55));
#17327=CARTESIAN_POINT('',(0.24922868716041,10.543664531653,37.55));
#17328=CARTESIAN_POINT('',(0.27985924470006,10.6292494779626,37.55));
#17329=CARTESIAN_POINT('',(0.310920090743563,10.7146835252588,37.55));
#17330=CARTESIAN_POINT('',(0.342316194902165,10.8,37.55));
#17331=CARTESIAN_POINT('',(0.342316194902095,10.8,37.55));
#17332=CARTESIAN_POINT('',(0.342316194902154,10.8,37.55));
#17333=CARTESIAN_POINT('',(0.389107015335211,10.8722628195204,37.5861314097602));
#17334=CARTESIAN_POINT('',(0.436284391639863,10.9443219333537,37.6221609666769));
#17335=CARTESIAN_POINT('',(0.483794065852773,11.0162059341472,37.6581029670736));
#17336=CARTESIAN_POINT('',(0.43933982822018,8.93933982822018,36.75));
#17337=CARTESIAN_POINT('',(-0.45787809402614,9.8365577504665,35.95));
#17338=CARTESIAN_POINT('',(-0.45787809402614,9.8365577504665,35.95));
#17339=CARTESIAN_POINT('',(0.43933982822018,8.93933982822018,36.75));
#17340=CARTESIAN_POINT('',(-0.457878094026137,9.8365577504665,37.55));
#17341=CARTESIAN_POINT('',(-0.457878094026137,9.8365577504665,37.55));
#17342=CARTESIAN_POINT('',(1.5,7.87867965644036,36.75));
#17343=CARTESIAN_POINT('',(-0.421320343559642,9.8,35.95));
#17344=CARTESIAN_POINT('',(-0.421320343559642,9.8,37.55));
#17345=CARTESIAN_POINT('',(-0.421320343559643,9.8,35.95));
#17346=CARTESIAN_POINT('',(1.5,7.87867965644036,37.55));
#17347=CARTESIAN_POINT('',(1.5,7.87867965644036,35.95));
#17348=CARTESIAN_POINT('',(1.5,10.,40.25));
#17349=CARTESIAN_POINT('',(0.483794065852769,11.0162059341472,39.3418970329264));
#17350=CARTESIAN_POINT('',(0.436284391639867,10.9443219333537,39.3778390333231));
#17351=CARTESIAN_POINT('',(0.389107015335224,10.8722628195204,39.4138685902398));
#17352=CARTESIAN_POINT('',(0.342316194902175,10.8,39.45));
#17353=CARTESIAN_POINT('',(0.342316194902174,10.8,39.45));
#17354=CARTESIAN_POINT('',(0.342316194902173,10.8,39.45));
#17355=CARTESIAN_POINT('',(0.310919349264157,10.7146815103461,39.45));
#17356=CARTESIAN_POINT('',(0.279858458889513,10.6292472823267,39.45));
#17357=CARTESIAN_POINT('',(0.24922868716041,10.543664531653,39.45));
#17358=CARTESIAN_POINT('',(0.24922868716041,10.543664531653,39.45));
#17359=CARTESIAN_POINT('',(1.14644660940673,9.64644660940673,40.25));
#17360=CARTESIAN_POINT('',(0.249228687160407,10.543664531653,41.05));
#17361=CARTESIAN_POINT('',(0.249228687160407,10.543664531653,41.05));
#17362=CARTESIAN_POINT('',(0.279859244700057,10.6292494779626,41.05));
#17363=CARTESIAN_POINT('',(0.31092009074356,10.7146835252588,41.05));
#17364=CARTESIAN_POINT('',(0.342316194902162,10.8,41.05));
#17365=CARTESIAN_POINT('',(0.342316194902091,10.8,41.05));
#17366=CARTESIAN_POINT('',(0.34231619490215,10.8,41.05));
#17367=CARTESIAN_POINT('',(0.389107015335207,10.8722628195204,41.0861314097602));
#17368=CARTESIAN_POINT('',(0.436284391639858,10.9443219333537,41.1221609666768));
#17369=CARTESIAN_POINT('',(0.483794065852768,11.0162059341472,41.1581029670736));
#17370=CARTESIAN_POINT('',(0.43933982822018,8.93933982822018,40.25));
#17371=CARTESIAN_POINT('',(-0.457878094026137,9.8365577504665,39.45));
#17372=CARTESIAN_POINT('',(-0.457878094026137,9.8365577504665,39.45));
#17373=CARTESIAN_POINT('',(0.43933982822018,8.93933982822018,40.25));
#17374=CARTESIAN_POINT('',(-0.45787809402614,9.8365577504665,41.05));
#17375=CARTESIAN_POINT('',(-0.45787809402614,9.8365577504665,41.05));
#17376=CARTESIAN_POINT('',(1.5,7.87867965644036,40.25));
#17377=CARTESIAN_POINT('',(-0.421320343559642,9.8,39.45));
#17378=CARTESIAN_POINT('',(-0.421320343559642,9.8,41.05));
#17379=CARTESIAN_POINT('',(-0.421320343559643,9.8,39.45));
#17380=CARTESIAN_POINT('',(1.5,7.87867965644036,41.05));
#17381=CARTESIAN_POINT('',(1.5,7.87867965644036,39.45));
#17382=CARTESIAN_POINT('',(-0.55,11.5,1.75));
#17383=CARTESIAN_POINT('',(-0.55,11.5,2.9));
#17384=CARTESIAN_POINT('',(-0.55,10.8,2.55));
#17385=CARTESIAN_POINT('',(-0.55,10.8,1.75));
#17386=CARTESIAN_POINT('',(-0.55,10.8,0.95));
#17387=CARTESIAN_POINT('',(-0.55,11.5,0.6));
#17388=CARTESIAN_POINT('',(-0.55,9.8,1.75));
#17389=CARTESIAN_POINT('',(-0.55,10.8,2.55));
#17390=CARTESIAN_POINT('',(-0.55,9.8,2.55));
#17391=CARTESIAN_POINT('',(-0.55,9.8,1.75));
#17392=CARTESIAN_POINT('',(-0.55,9.8,0.95));
#17393=CARTESIAN_POINT('',(-0.55,10.8,0.95));
#17394=CARTESIAN_POINT('',(-0.207106781186547,11.,42.));
#17395=CARTESIAN_POINT('',(-0.207106781186547,11.,0.850000000000004));
#17396=CARTESIAN_POINT('',(-0.207106781186547,11.,0.));
#17397=CARTESIAN_POINT('',(1.5,10.,1.75));
#17398=CARTESIAN_POINT('',(0.483794065852769,11.0162059341472,0.841897032926385));
#17399=CARTESIAN_POINT('',(0.436284391639867,10.9443219333537,0.877839033323142));
#17400=CARTESIAN_POINT('',(0.389107015335222,10.8722628195204,0.913868590239796));
#17401=CARTESIAN_POINT('',(0.342316194902172,10.8,0.95));
#17402=CARTESIAN_POINT('',(0.342316194902173,10.8,0.95));
#17403=CARTESIAN_POINT('',(0.342316194902172,10.8,0.95));
#17404=CARTESIAN_POINT('',(0.310919349264156,10.7146815103461,0.95));
#17405=CARTESIAN_POINT('',(0.279858458889512,10.6292472823267,0.95));
#17406=CARTESIAN_POINT('',(0.249228687160409,10.543664531653,0.95));
#17407=CARTESIAN_POINT('',(0.249228687160409,10.543664531653,0.95));
#17408=CARTESIAN_POINT('',(1.14644660940673,9.64644660940673,1.75));
#17409=CARTESIAN_POINT('',(0.249228687160409,10.543664531653,2.55));
#17410=CARTESIAN_POINT('',(0.249228687160409,10.543664531653,2.55));
#17411=CARTESIAN_POINT('',(0.279859244700059,10.6292494779626,2.55));
#17412=CARTESIAN_POINT('',(0.310920090743562,10.7146835252588,2.55));
#17413=CARTESIAN_POINT('',(0.342316194902164,10.8,2.55));
#17414=CARTESIAN_POINT('',(0.342316194902094,10.8,2.55));
#17415=CARTESIAN_POINT('',(0.342316194902152,10.8,2.54999999999998));
#17416=CARTESIAN_POINT('',(0.389107015335208,10.8722628195204,2.58613140976019));
#17417=CARTESIAN_POINT('',(0.436284391639859,10.9443219333537,2.62216096667685));
#17418=CARTESIAN_POINT('',(0.483794065852769,11.0162059341472,2.65810296707361));
#17419=CARTESIAN_POINT('',(0.43933982822018,8.93933982822018,1.75));
#17420=CARTESIAN_POINT('',(-0.457878094026137,9.8365577504665,0.95));
#17421=CARTESIAN_POINT('',(-0.457878094026138,9.8365577504665,0.95));
#17422=CARTESIAN_POINT('',(0.43933982822018,8.93933982822018,1.75));
#17423=CARTESIAN_POINT('',(-0.457878094026138,9.8365577504665,2.55));
#17424=CARTESIAN_POINT('',(-0.457878094026138,9.8365577504665,2.55));
#17425=CARTESIAN_POINT('',(1.5,7.87867965644036,1.75));
#17426=CARTESIAN_POINT('',(-0.421320343559642,9.8,0.95));
#17427=CARTESIAN_POINT('',(-0.421320343559642,9.8,2.55));
#17428=CARTESIAN_POINT('',(-0.421320343559643,9.8,0.95));
#17429=CARTESIAN_POINT('',(1.5,7.87867965644036,2.55));
#17430=CARTESIAN_POINT('',(1.5,7.87867965644036,0.95));
#17431=CARTESIAN_POINT('',(-0.55,9.8,39.45));
#17432=CARTESIAN_POINT('',(0.95,9.8,41.05));
#17433=CARTESIAN_POINT('',(0.95,9.8,39.45));
#17434=CARTESIAN_POINT('',(-0.55,9.8,35.95));
#17435=CARTESIAN_POINT('',(0.95,9.8,37.55));
#17436=CARTESIAN_POINT('',(0.95,9.8,35.95));
#17437=CARTESIAN_POINT('',(-0.55,9.8,32.45));
#17438=CARTESIAN_POINT('',(0.95,9.8,34.05));
#17439=CARTESIAN_POINT('',(0.95,9.8,32.45));
#17440=CARTESIAN_POINT('',(-0.55,9.8,28.95));
#17441=CARTESIAN_POINT('',(0.95,9.8,30.55));
#17442=CARTESIAN_POINT('',(0.95,9.8,28.95));
#17443=CARTESIAN_POINT('',(-0.55,9.8,25.45));
#17444=CARTESIAN_POINT('',(0.95,9.8,27.05));
#17445=CARTESIAN_POINT('',(0.95,9.8,25.45));
#17446=CARTESIAN_POINT('',(-0.55,9.8,21.95));
#17447=CARTESIAN_POINT('',(0.95,9.8,23.55));
#17448=CARTESIAN_POINT('',(0.95,9.8,21.95));
#17449=CARTESIAN_POINT('',(-0.55,9.8,18.45));
#17450=CARTESIAN_POINT('',(0.95,9.8,20.05));
#17451=CARTESIAN_POINT('',(0.95,9.8,18.45));
#17452=CARTESIAN_POINT('',(-0.55,9.8,14.95));
#17453=CARTESIAN_POINT('',(0.95,9.8,16.55));
#17454=CARTESIAN_POINT('',(0.95,9.8,14.95));
#17455=CARTESIAN_POINT('',(-0.55,9.8,11.45));
#17456=CARTESIAN_POINT('',(0.95,9.8,13.05));
#17457=CARTESIAN_POINT('',(0.95,9.8,11.45));
#17458=CARTESIAN_POINT('',(-0.55,9.8,7.95));
#17459=CARTESIAN_POINT('',(0.95,9.8,9.55));
#17460=CARTESIAN_POINT('',(0.95,9.8,7.95));
#17461=CARTESIAN_POINT('',(-0.55,9.8,4.45));
#17462=CARTESIAN_POINT('',(0.95,9.8,6.05));
#17463=CARTESIAN_POINT('',(0.95,9.8,4.45));
#17464=CARTESIAN_POINT('',(-0.55,9.8,0.95));
#17465=CARTESIAN_POINT('',(0.95,9.8,2.55));
#17466=CARTESIAN_POINT('',(0.95,9.8,0.95));
#17467=CARTESIAN_POINT('',(-7.3,0.3,42.));
#17468=CARTESIAN_POINT('',(-7.3,0.3,40.625));
#17469=CARTESIAN_POINT('',(-4.8,0.3,40.625));
#17470=CARTESIAN_POINT('',(-5.2,0.3,40.625));
#17471=CARTESIAN_POINT('',(-4.8,0.3,42.));
#17472=CARTESIAN_POINT('',(-4.8,0.3,39.875));
#17473=CARTESIAN_POINT('',(-7.3,0.3,39.875));
#17474=CARTESIAN_POINT('',(-5.2,0.3,39.875));
#17475=CARTESIAN_POINT('',(-5.2,0.3,42.));
#17476=CARTESIAN_POINT('',(-7.3,0.3,33.625));
#17477=CARTESIAN_POINT('',(-4.8,0.3,33.625));
#17478=CARTESIAN_POINT('',(-5.2,0.3,33.625));
#17479=CARTESIAN_POINT('',(-4.8,0.3,42.));
#17480=CARTESIAN_POINT('',(-4.8,0.3,32.875));
#17481=CARTESIAN_POINT('',(-7.3,0.3,32.875));
#17482=CARTESIAN_POINT('',(-5.2,0.3,32.875));
#17483=CARTESIAN_POINT('',(-5.2,0.3,42.));
#17484=CARTESIAN_POINT('',(-7.3,0.3,26.625));
#17485=CARTESIAN_POINT('',(-4.8,0.3,26.625));
#17486=CARTESIAN_POINT('',(-5.2,0.3,26.625));
#17487=CARTESIAN_POINT('',(-4.8,0.3,42.));
#17488=CARTESIAN_POINT('',(-4.8,0.3,25.875));
#17489=CARTESIAN_POINT('',(-7.3,0.3,25.875));
#17490=CARTESIAN_POINT('',(-5.2,0.3,25.875));
#17491=CARTESIAN_POINT('',(-5.2,0.3,42.));
#17492=CARTESIAN_POINT('',(-7.3,0.3,19.625));
#17493=CARTESIAN_POINT('',(-4.8,0.3,19.625));
#17494=CARTESIAN_POINT('',(-5.2,0.3,19.625));
#17495=CARTESIAN_POINT('',(-4.8,0.3,42.));
#17496=CARTESIAN_POINT('',(-4.8,0.3,18.875));
#17497=CARTESIAN_POINT('',(-7.3,0.3,18.875));
#17498=CARTESIAN_POINT('',(-5.2,0.3,18.875));
#17499=CARTESIAN_POINT('',(-5.2,0.3,42.));
#17500=CARTESIAN_POINT('',(-7.3,0.3,12.625));
#17501=CARTESIAN_POINT('',(-4.8,0.3,12.625));
#17502=CARTESIAN_POINT('',(-5.2,0.3,12.625));
#17503=CARTESIAN_POINT('',(-4.8,0.3,42.));
#17504=CARTESIAN_POINT('',(-4.8,0.3,11.875));
#17505=CARTESIAN_POINT('',(-7.3,0.3,11.875));
#17506=CARTESIAN_POINT('',(-5.2,0.3,11.875));
#17507=CARTESIAN_POINT('',(-5.2,0.3,42.));
#17508=CARTESIAN_POINT('',(-7.3,0.3,5.625));
#17509=CARTESIAN_POINT('',(-4.8,0.3,5.625));
#17510=CARTESIAN_POINT('',(-5.2,0.3,5.625));
#17511=CARTESIAN_POINT('',(-4.8,0.3,42.));
#17512=CARTESIAN_POINT('',(-4.8,0.3,4.875));
#17513=CARTESIAN_POINT('',(-7.3,0.3,4.875));
#17514=CARTESIAN_POINT('',(-5.2,0.3,4.875));
#17515=CARTESIAN_POINT('',(-5.2,0.3,42.));
#17516=CARTESIAN_POINT('',(-7.3,0.3,37.125));
#17517=CARTESIAN_POINT('',(0.200000000000001,0.3,37.125));
#17518=CARTESIAN_POINT('',(-0.2,0.3,37.125));
#17519=CARTESIAN_POINT('',(0.2,0.3,42.));
#17520=CARTESIAN_POINT('',(0.200000000000001,0.3,36.375));
#17521=CARTESIAN_POINT('',(-7.3,0.3,36.375));
#17522=CARTESIAN_POINT('',(-0.2,0.3,36.375));
#17523=CARTESIAN_POINT('',(-0.2,0.3,42.));
#17524=CARTESIAN_POINT('',(-7.3,0.3,30.125));
#17525=CARTESIAN_POINT('',(0.200000000000001,0.3,30.125));
#17526=CARTESIAN_POINT('',(-0.2,0.3,30.125));
#17527=CARTESIAN_POINT('',(0.2,0.3,42.));
#17528=CARTESIAN_POINT('',(0.200000000000001,0.3,29.375));
#17529=CARTESIAN_POINT('',(-7.3,0.3,29.375));
#17530=CARTESIAN_POINT('',(-0.2,0.3,29.375));
#17531=CARTESIAN_POINT('',(-0.2,0.3,42.));
#17532=CARTESIAN_POINT('',(-7.3,0.3,23.125));
#17533=CARTESIAN_POINT('',(0.200000000000001,0.3,23.125));
#17534=CARTESIAN_POINT('',(-0.2,0.3,23.125));
#17535=CARTESIAN_POINT('',(0.2,0.3,42.));
#17536=CARTESIAN_POINT('',(0.200000000000001,0.3,22.375));
#17537=CARTESIAN_POINT('',(-7.3,0.3,22.375));
#17538=CARTESIAN_POINT('',(-0.2,0.3,22.375));
#17539=CARTESIAN_POINT('',(-0.2,0.3,42.));
#17540=CARTESIAN_POINT('',(-7.3,0.3,16.125));
#17541=CARTESIAN_POINT('',(0.200000000000001,0.3,16.125));
#17542=CARTESIAN_POINT('',(-0.2,0.3,16.125));
#17543=CARTESIAN_POINT('',(0.2,0.3,42.));
#17544=CARTESIAN_POINT('',(0.200000000000001,0.3,15.375));
#17545=CARTESIAN_POINT('',(-7.3,0.3,15.375));
#17546=CARTESIAN_POINT('',(-0.2,0.3,15.375));
#17547=CARTESIAN_POINT('',(-0.2,0.3,42.));
#17548=CARTESIAN_POINT('',(-7.3,0.3,9.125));
#17549=CARTESIAN_POINT('',(0.200000000000001,0.3,9.125));
#17550=CARTESIAN_POINT('',(-0.2,0.3,9.125));
#17551=CARTESIAN_POINT('',(0.2,0.3,42.));
#17552=CARTESIAN_POINT('',(0.200000000000001,0.3,8.375));
#17553=CARTESIAN_POINT('',(-7.3,0.3,8.375));
#17554=CARTESIAN_POINT('',(-0.2,0.3,8.375));
#17555=CARTESIAN_POINT('',(-0.2,0.3,42.));
#17556=CARTESIAN_POINT('',(-7.3,0.3,2.125));
#17557=CARTESIAN_POINT('',(0.200000000000001,0.3,2.125));
#17558=CARTESIAN_POINT('',(-0.2,0.3,2.125));
#17559=CARTESIAN_POINT('',(0.2,0.3,42.));
#17560=CARTESIAN_POINT('',(0.200000000000001,0.3,1.375));
#17561=CARTESIAN_POINT('',(-7.3,0.3,1.375));
#17562=CARTESIAN_POINT('',(-0.2,0.3,1.375));
#17563=CARTESIAN_POINT('',(-0.2,0.3,42.));
#17564=CARTESIAN_POINT('',(-7.3,0.3,42.));
#17565=CARTESIAN_POINT('',(-7.3,0.3,42.));
#17566=CARTESIAN_POINT('',(-7.3,0.3,41.));
#17567=CARTESIAN_POINT('',(-7.3,0.3,41.));
#17568=CARTESIAN_POINT('',(-6.5,0.3,41.));
#17569=CARTESIAN_POINT('',(-6.5,0.3,42.));
#17570=CARTESIAN_POINT('',(-6.5,0.3,38.5));
#17571=CARTESIAN_POINT('',(-7.3,0.3,38.5));
#17572=CARTESIAN_POINT('',(-7.3,0.3,38.5));
#17573=CARTESIAN_POINT('',(-7.3,0.3,42.));
#17574=CARTESIAN_POINT('',(-7.3,0.3,37.5));
#17575=CARTESIAN_POINT('',(-7.3,0.3,37.5));
#17576=CARTESIAN_POINT('',(-6.5,0.3,37.5));
#17577=CARTESIAN_POINT('',(-6.5,0.3,42.));
#17578=CARTESIAN_POINT('',(-6.5,0.3,35.));
#17579=CARTESIAN_POINT('',(-7.3,0.3,35.));
#17580=CARTESIAN_POINT('',(-7.3,0.3,35.));
#17581=CARTESIAN_POINT('',(-7.3,0.3,42.));
#17582=CARTESIAN_POINT('',(-7.3,0.3,34.));
#17583=CARTESIAN_POINT('',(-7.3,0.3,34.));
#17584=CARTESIAN_POINT('',(-6.5,0.3,34.));
#17585=CARTESIAN_POINT('',(-6.5,0.3,42.));
#17586=CARTESIAN_POINT('',(-6.5,0.3,31.5));
#17587=CARTESIAN_POINT('',(-7.3,0.3,31.5));
#17588=CARTESIAN_POINT('',(-7.3,0.3,31.5));
#17589=CARTESIAN_POINT('',(-7.3,0.3,42.));
#17590=CARTESIAN_POINT('',(-7.3,0.3,30.5));
#17591=CARTESIAN_POINT('',(-7.3,0.3,30.5));
#17592=CARTESIAN_POINT('',(-6.5,0.3,30.5));
#17593=CARTESIAN_POINT('',(-6.5,0.3,42.));
#17594=CARTESIAN_POINT('',(-6.5,0.3,28.));
#17595=CARTESIAN_POINT('',(-7.3,0.3,28.));
#17596=CARTESIAN_POINT('',(-7.3,0.3,28.));
#17597=CARTESIAN_POINT('',(-7.3,0.3,42.));
#17598=CARTESIAN_POINT('',(-7.3,0.3,27.));
#17599=CARTESIAN_POINT('',(-7.3,0.3,27.));
#17600=CARTESIAN_POINT('',(-6.5,0.3,27.));
#17601=CARTESIAN_POINT('',(-6.5,0.3,42.));
#17602=CARTESIAN_POINT('',(-6.5,0.3,24.5));
#17603=CARTESIAN_POINT('',(-7.3,0.3,24.5));
#17604=CARTESIAN_POINT('',(-7.3,0.3,24.5));
#17605=CARTESIAN_POINT('',(-7.3,0.3,42.));
#17606=CARTESIAN_POINT('',(-7.3,0.3,23.5));
#17607=CARTESIAN_POINT('',(-7.3,0.3,23.5));
#17608=CARTESIAN_POINT('',(-6.5,0.3,23.5));
#17609=CARTESIAN_POINT('',(-6.5,0.3,42.));
#17610=CARTESIAN_POINT('',(-6.5,0.3,21.));
#17611=CARTESIAN_POINT('',(-7.3,0.3,21.));
#17612=CARTESIAN_POINT('',(-7.3,0.3,21.));
#17613=CARTESIAN_POINT('',(-7.3,0.3,42.));
#17614=CARTESIAN_POINT('',(-7.3,0.3,20.));
#17615=CARTESIAN_POINT('',(-7.3,0.3,20.));
#17616=CARTESIAN_POINT('',(-6.5,0.3,20.));
#17617=CARTESIAN_POINT('',(-6.5,0.3,42.));
#17618=CARTESIAN_POINT('',(-6.5,0.3,17.5));
#17619=CARTESIAN_POINT('',(-7.3,0.3,17.5));
#17620=CARTESIAN_POINT('',(-7.3,0.3,17.5));
#17621=CARTESIAN_POINT('',(-7.3,0.3,42.));
#17622=CARTESIAN_POINT('',(-7.3,0.3,16.5));
#17623=CARTESIAN_POINT('',(-7.3,0.3,16.5));
#17624=CARTESIAN_POINT('',(-6.5,0.3,16.5));
#17625=CARTESIAN_POINT('',(-6.5,0.3,42.));
#17626=CARTESIAN_POINT('',(-6.5,0.3,14.));
#17627=CARTESIAN_POINT('',(-7.3,0.3,14.));
#17628=CARTESIAN_POINT('',(-7.3,0.3,14.));
#17629=CARTESIAN_POINT('',(-7.3,0.3,42.));
#17630=CARTESIAN_POINT('',(-7.3,0.3,13.));
#17631=CARTESIAN_POINT('',(-7.3,0.3,13.));
#17632=CARTESIAN_POINT('',(-6.5,0.3,13.));
#17633=CARTESIAN_POINT('',(-6.5,0.3,42.));
#17634=CARTESIAN_POINT('',(-6.5,0.3,10.5));
#17635=CARTESIAN_POINT('',(-7.3,0.3,10.5));
#17636=CARTESIAN_POINT('',(-7.3,0.3,10.5));
#17637=CARTESIAN_POINT('',(-7.3,0.3,42.));
#17638=CARTESIAN_POINT('',(-7.3,0.3,9.50000000000002));
#17639=CARTESIAN_POINT('',(-7.3,0.3,9.5));
#17640=CARTESIAN_POINT('',(-6.5,0.3,9.5));
#17641=CARTESIAN_POINT('',(-6.5,0.3,42.));
#17642=CARTESIAN_POINT('',(-6.5,0.3,7.));
#17643=CARTESIAN_POINT('',(-7.3,0.3,7.));
#17644=CARTESIAN_POINT('',(-7.3,0.3,7.00000000000001));
#17645=CARTESIAN_POINT('',(-7.3,0.3,42.));
#17646=CARTESIAN_POINT('',(-7.3,0.3,6.00000000000001));
#17647=CARTESIAN_POINT('',(-7.3,0.3,6.));
#17648=CARTESIAN_POINT('',(-6.5,0.3,6.));
#17649=CARTESIAN_POINT('',(-6.5,0.3,42.));
#17650=CARTESIAN_POINT('',(-6.5,0.3,3.5));
#17651=CARTESIAN_POINT('',(-7.3,0.3,3.5));
#17652=CARTESIAN_POINT('',(-7.3,0.3,3.50000000000002));
#17653=CARTESIAN_POINT('',(-7.3,0.3,42.));
#17654=CARTESIAN_POINT('',(-7.3,0.3,2.50000000000002));
#17655=CARTESIAN_POINT('',(-7.3,0.3,2.5));
#17656=CARTESIAN_POINT('',(-6.5,0.3,2.5));
#17657=CARTESIAN_POINT('',(-6.5,0.3,42.));
#17658=CARTESIAN_POINT('',(-6.5,0.3,0.));
#17659=CARTESIAN_POINT('',(-7.3,0.3,0.));
#17660=CARTESIAN_POINT('',(3.9,0.3,0.));
#17661=CARTESIAN_POINT('',(3.9,0.3,42.));
#17662=CARTESIAN_POINT('',(3.9,0.3,2.5));
#17663=CARTESIAN_POINT('',(-7.3,0.3,2.5));
#17664=CARTESIAN_POINT('',(4.7,0.3,2.50000000000002));
#17665=CARTESIAN_POINT('',(4.7,0.3,42.));
#17666=CARTESIAN_POINT('',(4.7,0.3,3.5));
#17667=CARTESIAN_POINT('',(-7.3,0.3,3.5));
#17668=CARTESIAN_POINT('',(3.9,0.3,3.5));
#17669=CARTESIAN_POINT('',(3.9,0.3,42.));
#17670=CARTESIAN_POINT('',(3.9,0.3,6.));
#17671=CARTESIAN_POINT('',(-7.3,0.3,6.));
#17672=CARTESIAN_POINT('',(4.7,0.3,6.00000000000001));
#17673=CARTESIAN_POINT('',(4.7,0.3,42.));
#17674=CARTESIAN_POINT('',(4.7,0.3,7.));
#17675=CARTESIAN_POINT('',(-7.3,0.3,7.));
#17676=CARTESIAN_POINT('',(3.9,0.3,7.));
#17677=CARTESIAN_POINT('',(3.9,0.3,42.));
#17678=CARTESIAN_POINT('',(3.9,0.3,9.5));
#17679=CARTESIAN_POINT('',(-7.3,0.3,9.5));
#17680=CARTESIAN_POINT('',(4.7,0.3,9.50000000000002));
#17681=CARTESIAN_POINT('',(4.7,0.3,42.));
#17682=CARTESIAN_POINT('',(4.7,0.3,10.5));
#17683=CARTESIAN_POINT('',(-7.3,0.3,10.5));
#17684=CARTESIAN_POINT('',(3.9,0.3,10.5));
#17685=CARTESIAN_POINT('',(3.9,0.3,42.));
#17686=CARTESIAN_POINT('',(3.9,0.3,13.));
#17687=CARTESIAN_POINT('',(-7.3,0.3,13.));
#17688=CARTESIAN_POINT('',(4.7,0.3,13.));
#17689=CARTESIAN_POINT('',(4.7,0.3,42.));
#17690=CARTESIAN_POINT('',(4.7,0.3,14.));
#17691=CARTESIAN_POINT('',(-7.3,0.3,14.));
#17692=CARTESIAN_POINT('',(3.9,0.3,14.));
#17693=CARTESIAN_POINT('',(3.9,0.3,42.));
#17694=CARTESIAN_POINT('',(3.9,0.3,16.5));
#17695=CARTESIAN_POINT('',(-7.3,0.3,16.5));
#17696=CARTESIAN_POINT('',(4.7,0.3,16.5));
#17697=CARTESIAN_POINT('',(4.7,0.3,42.));
#17698=CARTESIAN_POINT('',(4.7,0.3,17.5));
#17699=CARTESIAN_POINT('',(-7.3,0.3,17.5));
#17700=CARTESIAN_POINT('',(3.9,0.3,17.5));
#17701=CARTESIAN_POINT('',(3.9,0.3,42.));
#17702=CARTESIAN_POINT('',(3.9,0.3,20.));
#17703=CARTESIAN_POINT('',(-7.3,0.3,20.));
#17704=CARTESIAN_POINT('',(4.7,0.3,20.));
#17705=CARTESIAN_POINT('',(4.7,0.3,42.));
#17706=CARTESIAN_POINT('',(4.7,0.3,21.));
#17707=CARTESIAN_POINT('',(-7.3,0.3,21.));
#17708=CARTESIAN_POINT('',(3.9,0.3,21.));
#17709=CARTESIAN_POINT('',(3.9,0.3,42.));
#17710=CARTESIAN_POINT('',(3.9,0.3,23.5));
#17711=CARTESIAN_POINT('',(-7.3,0.3,23.5));
#17712=CARTESIAN_POINT('',(4.7,0.3,23.5));
#17713=CARTESIAN_POINT('',(4.7,0.3,42.));
#17714=CARTESIAN_POINT('',(4.7,0.3,24.5));
#17715=CARTESIAN_POINT('',(-7.3,0.3,24.5));
#17716=CARTESIAN_POINT('',(3.9,0.3,24.5));
#17717=CARTESIAN_POINT('',(3.9,0.3,42.));
#17718=CARTESIAN_POINT('',(3.9,0.3,27.));
#17719=CARTESIAN_POINT('',(-7.3,0.3,27.));
#17720=CARTESIAN_POINT('',(4.7,0.3,27.));
#17721=CARTESIAN_POINT('',(4.7,0.3,42.));
#17722=CARTESIAN_POINT('',(4.7,0.3,28.));
#17723=CARTESIAN_POINT('',(-7.3,0.3,28.));
#17724=CARTESIAN_POINT('',(3.9,0.3,28.));
#17725=CARTESIAN_POINT('',(3.9,0.3,42.));
#17726=CARTESIAN_POINT('',(3.9,0.3,30.5));
#17727=CARTESIAN_POINT('',(-7.3,0.3,30.5));
#17728=CARTESIAN_POINT('',(4.7,0.3,30.5));
#17729=CARTESIAN_POINT('',(4.7,0.3,42.));
#17730=CARTESIAN_POINT('',(4.7,0.3,31.5));
#17731=CARTESIAN_POINT('',(-7.3,0.3,31.5));
#17732=CARTESIAN_POINT('',(3.9,0.3,31.5));
#17733=CARTESIAN_POINT('',(3.9,0.3,42.));
#17734=CARTESIAN_POINT('',(3.9,0.3,34.));
#17735=CARTESIAN_POINT('',(-7.3,0.3,34.));
#17736=CARTESIAN_POINT('',(4.7,0.3,34.));
#17737=CARTESIAN_POINT('',(4.7,0.3,42.));
#17738=CARTESIAN_POINT('',(4.7,0.3,35.));
#17739=CARTESIAN_POINT('',(-7.3,0.3,35.));
#17740=CARTESIAN_POINT('',(3.9,0.3,35.));
#17741=CARTESIAN_POINT('',(3.9,0.3,42.));
#17742=CARTESIAN_POINT('',(3.9,0.3,37.5));
#17743=CARTESIAN_POINT('',(-7.3,0.3,37.5));
#17744=CARTESIAN_POINT('',(4.7,0.3,37.5));
#17745=CARTESIAN_POINT('',(4.7,0.3,42.));
#17746=CARTESIAN_POINT('',(4.7,0.3,38.5));
#17747=CARTESIAN_POINT('',(-7.3,0.3,38.5));
#17748=CARTESIAN_POINT('',(3.9,0.3,38.5));
#17749=CARTESIAN_POINT('',(3.9,0.3,42.));
#17750=CARTESIAN_POINT('',(3.9,0.3,41.));
#17751=CARTESIAN_POINT('',(-7.3,0.3,41.));
#17752=CARTESIAN_POINT('',(4.7,0.3,41.));
#17753=CARTESIAN_POINT('',(4.7,0.3,42.));
#17754=CARTESIAN_POINT('',(4.7,0.3,42.));
#17755=CARTESIAN_POINT('',(-7.3,0.3,42.));
#17756=CARTESIAN_POINT('',(3.9,0.3,42.));
#17757=CARTESIAN_POINT('',(3.9,0.3,43.5));
#17758=CARTESIAN_POINT('',(3.9,0.3,43.5));
#17759=CARTESIAN_POINT('',(-6.5,0.3,43.5));
#17760=CARTESIAN_POINT('',(-6.5,0.3,43.5));
#17761=CARTESIAN_POINT('',(-6.5,0.3,43.5));
#17762=CARTESIAN_POINT('',(-6.5,0.3,42.));
#17763=CARTESIAN_POINT('',(-7.3,0.3,42.));
#17764=CARTESIAN_POINT('',(-7.3,9.2,42.));
#17765=CARTESIAN_POINT('',(-7.3,9.2,0.));
#17766=CARTESIAN_POINT('',(-7.3,9.2,0.));
#17767=CARTESIAN_POINT('',(-7.3,5.7,0.));
#17768=CARTESIAN_POINT('',(-7.3,5.7,42.));
#17769=CARTESIAN_POINT('',(-7.3,5.7,43.5));
#17770=CARTESIAN_POINT('',(-7.3,9.2,43.5));
#17771=CARTESIAN_POINT('',(-7.3,9.2,43.5));
#17772=CARTESIAN_POINT('',(-7.3,9.2,42.));
#17773=CARTESIAN_POINT('',(-7.3,5.55,42.));
#17774=CARTESIAN_POINT('',(-7.3,5.55,0.));
#17775=CARTESIAN_POINT('',(-7.15,5.55,0.));
#17776=CARTESIAN_POINT('',(-7.15,5.55,42.));
#17777=CARTESIAN_POINT('',(-7.15,5.55,43.5));
#17778=CARTESIAN_POINT('',(-7.3,5.55,43.5));
#17779=CARTESIAN_POINT('',(-7.15,5.55,42.));
#17780=CARTESIAN_POINT('',(-7.15,5.55,0.));
#17781=CARTESIAN_POINT('',(-7.15,4.25,0.));
#17782=CARTESIAN_POINT('',(-7.15,4.25,42.));
#17783=CARTESIAN_POINT('',(-7.15,4.25,43.5));
#17784=CARTESIAN_POINT('',(-7.15,5.55,43.5));
#17785=CARTESIAN_POINT('',(-7.3,4.25,42.));
#17786=CARTESIAN_POINT('',(-7.3,4.25,0.));
#17787=CARTESIAN_POINT('',(-7.3,4.1,0.));
#17788=CARTESIAN_POINT('',(-7.3,4.1,42.));
#17789=CARTESIAN_POINT('',(-7.3,4.1,43.5));
#17790=CARTESIAN_POINT('',(-7.3,4.25,43.5));
#17791=CARTESIAN_POINT('',(-7.3,4.1,42.));
#17792=CARTESIAN_POINT('',(-7.3,1.,38.5));
#17793=CARTESIAN_POINT('',(-7.3,0.2,38.5));
#17794=CARTESIAN_POINT('',(-7.3,0.2,41.));
#17795=CARTESIAN_POINT('',(-7.3,0.2,41.));
#17796=CARTESIAN_POINT('',(-7.3,1.,41.));
#17797=CARTESIAN_POINT('',(-7.3,4.1,42.));
#17798=CARTESIAN_POINT('',(-7.3,0.2,42.));
#17799=CARTESIAN_POINT('',(-7.3,0.2,43.5));
#17800=CARTESIAN_POINT('',(-7.3,0.2,43.5));
#17801=CARTESIAN_POINT('',(-7.3,4.1,43.5));
#17802=CARTESIAN_POINT('',(-7.3,4.1,0.));
#17803=CARTESIAN_POINT('',(-7.3,0.2,0.));
#17804=CARTESIAN_POINT('',(-7.3,0.2,2.5));
#17805=CARTESIAN_POINT('',(-7.3,0.2,2.5));
#17806=CARTESIAN_POINT('',(-7.3,1.,2.5));
#17807=CARTESIAN_POINT('',(-7.3,1.,3.5));
#17808=CARTESIAN_POINT('',(-7.3,0.2,3.5));
#17809=CARTESIAN_POINT('',(-7.3,0.2,6.));
#17810=CARTESIAN_POINT('',(-7.3,0.2,6.));
#17811=CARTESIAN_POINT('',(-7.3,1.,6.));
#17812=CARTESIAN_POINT('',(-7.3,1.,7.));
#17813=CARTESIAN_POINT('',(-7.3,0.2,7.));
#17814=CARTESIAN_POINT('',(-7.3,0.2,9.5));
#17815=CARTESIAN_POINT('',(-7.3,0.2,9.5));
#17816=CARTESIAN_POINT('',(-7.3,1.,9.5));
#17817=CARTESIAN_POINT('',(-7.3,1.,10.5));
#17818=CARTESIAN_POINT('',(-7.3,0.2,10.5));
#17819=CARTESIAN_POINT('',(-7.3,0.2,13.));
#17820=CARTESIAN_POINT('',(-7.3,0.2,13.));
#17821=CARTESIAN_POINT('',(-7.3,1.,13.));
#17822=CARTESIAN_POINT('',(-7.3,1.,14.));
#17823=CARTESIAN_POINT('',(-7.3,0.2,14.));
#17824=CARTESIAN_POINT('',(-7.3,0.2,16.5));
#17825=CARTESIAN_POINT('',(-7.3,0.2,16.5));
#17826=CARTESIAN_POINT('',(-7.3,1.,16.5));
#17827=CARTESIAN_POINT('',(-7.3,1.,17.5));
#17828=CARTESIAN_POINT('',(-7.3,0.2,17.5));
#17829=CARTESIAN_POINT('',(-7.3,0.2,20.));
#17830=CARTESIAN_POINT('',(-7.3,0.2,20.));
#17831=CARTESIAN_POINT('',(-7.3,1.,20.));
#17832=CARTESIAN_POINT('',(-7.3,1.,21.));
#17833=CARTESIAN_POINT('',(-7.3,0.2,21.));
#17834=CARTESIAN_POINT('',(-7.3,0.2,23.5));
#17835=CARTESIAN_POINT('',(-7.3,0.2,23.5));
#17836=CARTESIAN_POINT('',(-7.3,1.,23.5));
#17837=CARTESIAN_POINT('',(-7.3,1.,24.5));
#17838=CARTESIAN_POINT('',(-7.3,0.2,24.5));
#17839=CARTESIAN_POINT('',(-7.3,0.2,27.));
#17840=CARTESIAN_POINT('',(-7.3,0.2,27.));
#17841=CARTESIAN_POINT('',(-7.3,1.,27.));
#17842=CARTESIAN_POINT('',(-7.3,1.,28.));
#17843=CARTESIAN_POINT('',(-7.3,0.2,28.));
#17844=CARTESIAN_POINT('',(-7.3,0.2,30.5));
#17845=CARTESIAN_POINT('',(-7.3,0.2,30.5));
#17846=CARTESIAN_POINT('',(-7.3,1.,30.5));
#17847=CARTESIAN_POINT('',(-7.3,1.,31.5));
#17848=CARTESIAN_POINT('',(-7.3,0.2,31.5));
#17849=CARTESIAN_POINT('',(-7.3,0.2,34.));
#17850=CARTESIAN_POINT('',(-7.3,0.2,34.));
#17851=CARTESIAN_POINT('',(-7.3,1.,34.));
#17852=CARTESIAN_POINT('',(-7.3,1.,35.));
#17853=CARTESIAN_POINT('',(-7.3,0.2,35.));
#17854=CARTESIAN_POINT('',(-7.3,0.2,37.5));
#17855=CARTESIAN_POINT('',(-7.3,0.2,37.5));
#17856=CARTESIAN_POINT('',(-7.3,1.,37.5));
#17857=CARTESIAN_POINT('',(4.7,0.3,42.));
#17858=CARTESIAN_POINT('',(4.7,0.2,41.));
#17859=CARTESIAN_POINT('',(4.7,0.2,41.));
#17860=CARTESIAN_POINT('',(4.7,0.2,41.));
#17861=CARTESIAN_POINT('',(4.7,0.2,38.5));
#17862=CARTESIAN_POINT('',(4.7,0.2,38.5));
#17863=CARTESIAN_POINT('',(4.7,0.2,37.5));
#17864=CARTESIAN_POINT('',(4.7,0.2,37.5));
#17865=CARTESIAN_POINT('',(4.7,0.2,37.5));
#17866=CARTESIAN_POINT('',(4.7,0.2,35.));
#17867=CARTESIAN_POINT('',(4.7,0.2,35.));
#17868=CARTESIAN_POINT('',(4.7,0.2,34.));
#17869=CARTESIAN_POINT('',(4.7,0.2,34.));
#17870=CARTESIAN_POINT('',(4.7,0.2,34.));
#17871=CARTESIAN_POINT('',(4.7,0.2,31.5));
#17872=CARTESIAN_POINT('',(4.7,0.2,31.5));
#17873=CARTESIAN_POINT('',(4.7,0.2,30.5));
#17874=CARTESIAN_POINT('',(4.7,0.2,30.5));
#17875=CARTESIAN_POINT('',(4.7,0.2,30.5));
#17876=CARTESIAN_POINT('',(4.7,0.2,28.));
#17877=CARTESIAN_POINT('',(4.7,0.2,28.));
#17878=CARTESIAN_POINT('',(4.7,0.2,27.));
#17879=CARTESIAN_POINT('',(4.7,0.2,27.));
#17880=CARTESIAN_POINT('',(4.7,0.2,27.));
#17881=CARTESIAN_POINT('',(4.7,0.2,24.5));
#17882=CARTESIAN_POINT('',(4.7,0.2,24.5));
#17883=CARTESIAN_POINT('',(4.7,0.2,23.5));
#17884=CARTESIAN_POINT('',(4.7,0.2,23.5));
#17885=CARTESIAN_POINT('',(4.7,0.2,23.5));
#17886=CARTESIAN_POINT('',(4.7,0.2,21.));
#17887=CARTESIAN_POINT('',(4.7,0.2,21.));
#17888=CARTESIAN_POINT('',(4.7,0.2,20.));
#17889=CARTESIAN_POINT('',(4.7,0.2,20.));
#17890=CARTESIAN_POINT('',(4.7,0.2,20.));
#17891=CARTESIAN_POINT('',(4.7,0.2,17.5));
#17892=CARTESIAN_POINT('',(4.7,0.2,17.5));
#17893=CARTESIAN_POINT('',(4.7,0.2,16.5));
#17894=CARTESIAN_POINT('',(4.7,0.2,16.5));
#17895=CARTESIAN_POINT('',(4.7,0.2,16.5));
#17896=CARTESIAN_POINT('',(4.7,0.2,14.));
#17897=CARTESIAN_POINT('',(4.7,0.2,14.));
#17898=CARTESIAN_POINT('',(4.7,0.2,13.));
#17899=CARTESIAN_POINT('',(4.7,0.2,13.));
#17900=CARTESIAN_POINT('',(4.7,0.2,13.));
#17901=CARTESIAN_POINT('',(4.7,0.2,10.5));
#17902=CARTESIAN_POINT('',(4.7,0.2,10.5));
#17903=CARTESIAN_POINT('',(4.7,0.2,9.5));
#17904=CARTESIAN_POINT('',(4.7,0.2,9.5));
#17905=CARTESIAN_POINT('',(4.7,0.2,9.5));
#17906=CARTESIAN_POINT('',(4.7,0.2,7.));
#17907=CARTESIAN_POINT('',(4.7,0.2,7.));
#17908=CARTESIAN_POINT('',(4.7,0.2,6.));
#17909=CARTESIAN_POINT('',(4.7,0.2,6.));
#17910=CARTESIAN_POINT('',(4.7,0.2,6.));
#17911=CARTESIAN_POINT('',(4.7,0.2,3.5));
#17912=CARTESIAN_POINT('',(4.7,0.2,3.5));
#17913=CARTESIAN_POINT('',(4.7,0.2,2.5));
#17914=CARTESIAN_POINT('',(4.7,0.2,2.5));
#17915=CARTESIAN_POINT('',(4.7,0.2,2.5));
#17916=CARTESIAN_POINT('',(4.7,0.2,0.));
#17917=CARTESIAN_POINT('',(4.7,0.3,0.));
#17918=CARTESIAN_POINT('',(4.7,6.59289321881345,0.));
#17919=CARTESIAN_POINT('',(4.7,6.59289321881345,42.));
#17920=CARTESIAN_POINT('',(4.7,6.59289321881345,43.5));
#17921=CARTESIAN_POINT('',(4.7,0.2,43.5));
#17922=CARTESIAN_POINT('',(4.7,0.2,43.5));
#17923=CARTESIAN_POINT('',(4.7,0.2,43.5));
#17924=CARTESIAN_POINT('',(4.7,0.2,42.));
#17925=CARTESIAN_POINT('',(4.7,0.2,42.));
#17926=CARTESIAN_POINT('',(4.20000000000002,6.59289321881346,42.));
#17927=CARTESIAN_POINT('',(4.20000000000002,6.59289321881346,0.));
#17928=CARTESIAN_POINT('',(4.2,6.59289321881345,43.5));
#17929=CARTESIAN_POINT('',(-6.11276469208288,11.,42.));
#17930=CARTESIAN_POINT('',(-6.11276469208288,11.,0.));
#17931=CARTESIAN_POINT('',(-6.58261100247583,11.1710100716628,0.));
#17932=CARTESIAN_POINT('',(-6.58261100247583,11.1710100716628,42.));
#17933=CARTESIAN_POINT('',(-6.58261100247583,11.1710100716628,43.5));
#17934=CARTESIAN_POINT('',(-6.11276469208288,11.,43.5));
#17935=CARTESIAN_POINT('',(-6.58261100247583,11.1710100716628,42.));
#17936=CARTESIAN_POINT('',(-6.58261100247583,11.1710100716628,0.));
#17937=CARTESIAN_POINT('',(-6.58261100247583,11.1710100716628,43.5));
#17938=CARTESIAN_POINT('',(-7.3,5.55,0.));
#17939=CARTESIAN_POINT('',(-6.5,0.,0.));
#17940=CARTESIAN_POINT('',(-6.5,0.,0.));
#17941=CARTESIAN_POINT('',(-7.1,0.,0.));
#17942=CARTESIAN_POINT('',(-7.1,1.62630325872826E-16,0.));
#17943=CARTESIAN_POINT('',(-7.1,0.2,0.));
#17944=CARTESIAN_POINT('',(4.5,0.2,0.));
#17945=CARTESIAN_POINT('',(4.5,0.,0.));
#17946=CARTESIAN_POINT('',(3.9,0.,0.));
#17947=CARTESIAN_POINT('',(3.9,0.,0.));
#17948=CARTESIAN_POINT('',(3.9,0.5,0.));
#17949=CARTESIAN_POINT('',(3.9,0.,2.5));
#17950=CARTESIAN_POINT('',(4.5,0.,2.5));
#17951=CARTESIAN_POINT('',(4.5,0.,2.5));
#17952=CARTESIAN_POINT('',(3.9,0.,2.5));
#17953=CARTESIAN_POINT('',(3.9,0.,2.5));
#17954=CARTESIAN_POINT('',(3.9,0.,2.5));
#17955=CARTESIAN_POINT('',(4.5,0.2,2.5));
#17956=CARTESIAN_POINT('',(4.5,0.2,2.5));
#17957=CARTESIAN_POINT('',(-7.1,0.2,2.5));
#17958=CARTESIAN_POINT('',(3.9,0.5,2.5));
#17959=CARTESIAN_POINT('',(3.9,0.5,2.5));
#17960=CARTESIAN_POINT('',(-7.1,0.2,2.5));
#17961=CARTESIAN_POINT('',(-7.1,0.2,2.5));
#17962=CARTESIAN_POINT('',(-7.1,1.62630325872826E-16,2.5));
#17963=CARTESIAN_POINT('',(-7.1,0.,2.5));
#17964=CARTESIAN_POINT('',(-6.5,0.,2.5));
#17965=CARTESIAN_POINT('',(-6.5,0.,2.5));
#17966=CARTESIAN_POINT('',(-6.5,0.,2.5));
#17967=CARTESIAN_POINT('',(-6.5,0.,2.5));
#17968=CARTESIAN_POINT('',(-7.1,0.2,2.5));
#17969=CARTESIAN_POINT('',(-7.1,1.62630325872826E-16,2.5));
#17970=CARTESIAN_POINT('',(-7.1,0.,2.5));
#17971=CARTESIAN_POINT('',(3.9,0.,6.));
#17972=CARTESIAN_POINT('',(3.9,0.,3.5));
#17973=CARTESIAN_POINT('',(3.9,0.,3.5));
#17974=CARTESIAN_POINT('',(4.5,0.,3.5));
#17975=CARTESIAN_POINT('',(4.5,0.,6.));
#17976=CARTESIAN_POINT('',(4.5,0.,6.));
#17977=CARTESIAN_POINT('',(3.9,0.,6.));
#17978=CARTESIAN_POINT('',(3.9,0.,6.));
#17979=CARTESIAN_POINT('',(3.9,0.,6.));
#17980=CARTESIAN_POINT('',(4.5,0.2,6.));
#17981=CARTESIAN_POINT('',(4.5,0.2,3.5));
#17982=CARTESIAN_POINT('',(4.5,0.2,6.));
#17983=CARTESIAN_POINT('',(-7.1,0.2,6.));
#17984=CARTESIAN_POINT('',(3.9,0.5,6.));
#17985=CARTESIAN_POINT('',(-7.1,0.2,3.5));
#17986=CARTESIAN_POINT('',(3.9,0.5,3.5));
#17987=CARTESIAN_POINT('',(3.9,0.5,6.));
#17988=CARTESIAN_POINT('',(-6.5,0.,6.));
#17989=CARTESIAN_POINT('',(-6.5,0.,3.5));
#17990=CARTESIAN_POINT('',(-6.5,0.,3.5));
#17991=CARTESIAN_POINT('',(-6.5,0.,6.));
#17992=CARTESIAN_POINT('',(-6.5,0.,6.));
#17993=CARTESIAN_POINT('',(-6.5,0.,6.));
#17994=CARTESIAN_POINT('',(-7.1,0.2,6.));
#17995=CARTESIAN_POINT('',(-7.1,0.2,6.));
#17996=CARTESIAN_POINT('',(-7.1,1.62630325872826E-16,6.));
#17997=CARTESIAN_POINT('',(-7.1,0.,6.));
#17998=CARTESIAN_POINT('',(-7.1,0.2,3.5));
#17999=CARTESIAN_POINT('',(-7.1,0.,3.5));
#18000=CARTESIAN_POINT('',(-7.1,1.62630325872826E-16,3.5));
#18001=CARTESIAN_POINT('',(-7.1,0.2,3.5));
#18002=CARTESIAN_POINT('',(-7.1,0.2,6.));
#18003=CARTESIAN_POINT('',(-7.1,1.62630325872826E-16,6.));
#18004=CARTESIAN_POINT('',(-7.1,0.,6.));
#18005=CARTESIAN_POINT('',(3.9,0.,9.5));
#18006=CARTESIAN_POINT('',(3.9,0.,7.));
#18007=CARTESIAN_POINT('',(3.9,0.,7.));
#18008=CARTESIAN_POINT('',(4.5,0.,7.));
#18009=CARTESIAN_POINT('',(4.5,0.,9.5));
#18010=CARTESIAN_POINT('',(4.5,0.,9.5));
#18011=CARTESIAN_POINT('',(3.9,0.,9.5));
#18012=CARTESIAN_POINT('',(3.9,0.,9.5));
#18013=CARTESIAN_POINT('',(3.9,0.,9.5));
#18014=CARTESIAN_POINT('',(4.5,0.2,9.5));
#18015=CARTESIAN_POINT('',(4.5,0.2,7.));
#18016=CARTESIAN_POINT('',(4.5,0.2,9.5));
#18017=CARTESIAN_POINT('',(-7.1,0.2,9.5));
#18018=CARTESIAN_POINT('',(3.9,0.5,9.5));
#18019=CARTESIAN_POINT('',(-7.1,0.2,7.));
#18020=CARTESIAN_POINT('',(3.9,0.5,7.));
#18021=CARTESIAN_POINT('',(3.9,0.5,9.5));
#18022=CARTESIAN_POINT('',(-6.5,0.,9.5));
#18023=CARTESIAN_POINT('',(-6.5,0.,7.));
#18024=CARTESIAN_POINT('',(-6.5,0.,7.));
#18025=CARTESIAN_POINT('',(-6.5,0.,9.5));
#18026=CARTESIAN_POINT('',(-6.5,0.,9.5));
#18027=CARTESIAN_POINT('',(-6.5,0.,9.5));
#18028=CARTESIAN_POINT('',(-7.1,0.2,9.5));
#18029=CARTESIAN_POINT('',(-7.1,0.2,9.5));
#18030=CARTESIAN_POINT('',(-7.1,1.62630325872826E-16,9.5));
#18031=CARTESIAN_POINT('',(-7.1,0.,9.5));
#18032=CARTESIAN_POINT('',(-7.1,0.2,7.));
#18033=CARTESIAN_POINT('',(-7.1,0.,7.));
#18034=CARTESIAN_POINT('',(-7.1,1.62630325872826E-16,7.));
#18035=CARTESIAN_POINT('',(-7.1,0.2,7.));
#18036=CARTESIAN_POINT('',(-7.1,0.2,9.5));
#18037=CARTESIAN_POINT('',(-7.1,1.62630325872826E-16,9.5));
#18038=CARTESIAN_POINT('',(-7.1,0.,9.5));
#18039=CARTESIAN_POINT('',(3.9,0.,13.));
#18040=CARTESIAN_POINT('',(3.9,0.,10.5));
#18041=CARTESIAN_POINT('',(3.9,0.,10.5));
#18042=CARTESIAN_POINT('',(4.5,0.,10.5));
#18043=CARTESIAN_POINT('',(4.5,0.,13.));
#18044=CARTESIAN_POINT('',(4.5,0.,13.));
#18045=CARTESIAN_POINT('',(3.9,0.,13.));
#18046=CARTESIAN_POINT('',(3.9,0.,13.));
#18047=CARTESIAN_POINT('',(3.9,0.,13.));
#18048=CARTESIAN_POINT('',(4.5,0.2,13.));
#18049=CARTESIAN_POINT('',(4.5,0.2,10.5));
#18050=CARTESIAN_POINT('',(4.5,0.2,13.));
#18051=CARTESIAN_POINT('',(-7.1,0.2,13.));
#18052=CARTESIAN_POINT('',(3.9,0.5,13.));
#18053=CARTESIAN_POINT('',(-7.1,0.2,10.5));
#18054=CARTESIAN_POINT('',(3.9,0.5,10.5));
#18055=CARTESIAN_POINT('',(3.9,0.5,13.));
#18056=CARTESIAN_POINT('',(-6.5,0.,13.));
#18057=CARTESIAN_POINT('',(-6.5,0.,10.5));
#18058=CARTESIAN_POINT('',(-6.5,0.,10.5));
#18059=CARTESIAN_POINT('',(-6.5,0.,13.));
#18060=CARTESIAN_POINT('',(-6.5,0.,13.));
#18061=CARTESIAN_POINT('',(-6.5,0.,13.));
#18062=CARTESIAN_POINT('',(-7.1,0.2,13.));
#18063=CARTESIAN_POINT('',(-7.1,0.2,13.));
#18064=CARTESIAN_POINT('',(-7.1,1.62630325872826E-16,13.));
#18065=CARTESIAN_POINT('',(-7.1,0.,13.));
#18066=CARTESIAN_POINT('',(-7.1,0.2,10.5));
#18067=CARTESIAN_POINT('',(-7.1,0.,10.5));
#18068=CARTESIAN_POINT('',(-7.1,1.62630325872826E-16,10.5));
#18069=CARTESIAN_POINT('',(-7.1,0.2,10.5));
#18070=CARTESIAN_POINT('',(-7.1,0.2,13.));
#18071=CARTESIAN_POINT('',(-7.1,1.62630325872826E-16,13.));
#18072=CARTESIAN_POINT('',(-7.1,0.,13.));
#18073=CARTESIAN_POINT('',(3.9,0.,16.5));
#18074=CARTESIAN_POINT('',(3.9,0.,14.));
#18075=CARTESIAN_POINT('',(3.9,0.,14.));
#18076=CARTESIAN_POINT('',(4.5,0.,14.));
#18077=CARTESIAN_POINT('',(4.5,0.,16.5));
#18078=CARTESIAN_POINT('',(4.5,0.,16.5));
#18079=CARTESIAN_POINT('',(3.9,0.,16.5));
#18080=CARTESIAN_POINT('',(3.9,0.,16.5));
#18081=CARTESIAN_POINT('',(3.9,0.,16.5));
#18082=CARTESIAN_POINT('',(4.5,0.2,16.5));
#18083=CARTESIAN_POINT('',(4.5,0.2,14.));
#18084=CARTESIAN_POINT('',(4.5,0.2,16.5));
#18085=CARTESIAN_POINT('',(-7.1,0.2,16.5));
#18086=CARTESIAN_POINT('',(3.9,0.5,16.5));
#18087=CARTESIAN_POINT('',(-7.1,0.2,14.));
#18088=CARTESIAN_POINT('',(3.9,0.5,14.));
#18089=CARTESIAN_POINT('',(3.9,0.5,16.5));
#18090=CARTESIAN_POINT('',(-6.5,0.,16.5));
#18091=CARTESIAN_POINT('',(-6.5,0.,14.));
#18092=CARTESIAN_POINT('',(-6.5,0.,14.));
#18093=CARTESIAN_POINT('',(-6.5,0.,16.5));
#18094=CARTESIAN_POINT('',(-6.5,0.,16.5));
#18095=CARTESIAN_POINT('',(-6.5,0.,16.5));
#18096=CARTESIAN_POINT('',(-7.1,0.2,16.5));
#18097=CARTESIAN_POINT('',(-7.1,0.2,16.5));
#18098=CARTESIAN_POINT('',(-7.1,1.62630325872826E-16,16.5));
#18099=CARTESIAN_POINT('',(-7.1,0.,16.5));
#18100=CARTESIAN_POINT('',(-7.1,0.2,14.));
#18101=CARTESIAN_POINT('',(-7.1,0.,14.));
#18102=CARTESIAN_POINT('',(-7.1,1.62630325872826E-16,14.));
#18103=CARTESIAN_POINT('',(-7.1,0.2,14.));
#18104=CARTESIAN_POINT('',(-7.1,0.2,16.5));
#18105=CARTESIAN_POINT('',(-7.1,1.62630325872826E-16,16.5));
#18106=CARTESIAN_POINT('',(-7.1,0.,16.5));
#18107=CARTESIAN_POINT('',(3.9,0.,20.));
#18108=CARTESIAN_POINT('',(3.9,0.,17.5));
#18109=CARTESIAN_POINT('',(3.9,0.,17.5));
#18110=CARTESIAN_POINT('',(4.5,0.,17.5));
#18111=CARTESIAN_POINT('',(4.5,0.,20.));
#18112=CARTESIAN_POINT('',(4.5,0.,20.));
#18113=CARTESIAN_POINT('',(3.9,0.,20.));
#18114=CARTESIAN_POINT('',(3.9,0.,20.));
#18115=CARTESIAN_POINT('',(3.9,0.,20.));
#18116=CARTESIAN_POINT('',(4.5,0.2,20.));
#18117=CARTESIAN_POINT('',(4.5,0.2,17.5));
#18118=CARTESIAN_POINT('',(4.5,0.2,20.));
#18119=CARTESIAN_POINT('',(-7.1,0.2,20.));
#18120=CARTESIAN_POINT('',(3.9,0.5,20.));
#18121=CARTESIAN_POINT('',(-7.1,0.2,17.5));
#18122=CARTESIAN_POINT('',(3.9,0.5,17.5));
#18123=CARTESIAN_POINT('',(3.9,0.5,20.));
#18124=CARTESIAN_POINT('',(-6.5,0.,20.));
#18125=CARTESIAN_POINT('',(-6.5,0.,17.5));
#18126=CARTESIAN_POINT('',(-6.5,0.,17.5));
#18127=CARTESIAN_POINT('',(-6.5,0.,20.));
#18128=CARTESIAN_POINT('',(-6.5,0.,20.));
#18129=CARTESIAN_POINT('',(-6.5,0.,20.));
#18130=CARTESIAN_POINT('',(-7.1,0.2,20.));
#18131=CARTESIAN_POINT('',(-7.1,0.2,20.));
#18132=CARTESIAN_POINT('',(-7.1,1.62630325872826E-16,20.));
#18133=CARTESIAN_POINT('',(-7.1,0.,20.));
#18134=CARTESIAN_POINT('',(-7.1,0.2,17.5));
#18135=CARTESIAN_POINT('',(-7.1,0.,17.5));
#18136=CARTESIAN_POINT('',(-7.1,1.62630325872826E-16,17.5));
#18137=CARTESIAN_POINT('',(-7.1,0.2,17.5));
#18138=CARTESIAN_POINT('',(-7.1,0.2,20.));
#18139=CARTESIAN_POINT('',(-7.1,1.62630325872826E-16,20.));
#18140=CARTESIAN_POINT('',(-7.1,0.,20.));
#18141=CARTESIAN_POINT('',(3.9,0.,23.5));
#18142=CARTESIAN_POINT('',(3.9,0.,21.));
#18143=CARTESIAN_POINT('',(3.9,0.,21.));
#18144=CARTESIAN_POINT('',(4.5,0.,21.));
#18145=CARTESIAN_POINT('',(4.5,0.,23.5));
#18146=CARTESIAN_POINT('',(4.5,0.,23.5));
#18147=CARTESIAN_POINT('',(3.9,0.,23.5));
#18148=CARTESIAN_POINT('',(3.9,0.,23.5));
#18149=CARTESIAN_POINT('',(3.9,0.,23.5));
#18150=CARTESIAN_POINT('',(4.5,0.2,23.5));
#18151=CARTESIAN_POINT('',(4.5,0.2,21.));
#18152=CARTESIAN_POINT('',(4.5,0.2,23.5));
#18153=CARTESIAN_POINT('',(-7.1,0.2,23.5));
#18154=CARTESIAN_POINT('',(3.9,0.5,23.5));
#18155=CARTESIAN_POINT('',(-7.1,0.2,21.));
#18156=CARTESIAN_POINT('',(3.9,0.5,21.));
#18157=CARTESIAN_POINT('',(3.9,0.5,23.5));
#18158=CARTESIAN_POINT('',(-6.5,0.,23.5));
#18159=CARTESIAN_POINT('',(-6.5,0.,21.));
#18160=CARTESIAN_POINT('',(-6.5,0.,21.));
#18161=CARTESIAN_POINT('',(-6.5,0.,23.5));
#18162=CARTESIAN_POINT('',(-6.5,0.,23.5));
#18163=CARTESIAN_POINT('',(-6.5,0.,23.5));
#18164=CARTESIAN_POINT('',(-7.1,0.2,23.5));
#18165=CARTESIAN_POINT('',(-7.1,0.2,23.5));
#18166=CARTESIAN_POINT('',(-7.1,1.62630325872826E-16,23.5));
#18167=CARTESIAN_POINT('',(-7.1,0.,23.5));
#18168=CARTESIAN_POINT('',(-7.1,0.2,21.));
#18169=CARTESIAN_POINT('',(-7.1,0.,21.));
#18170=CARTESIAN_POINT('',(-7.1,1.62630325872826E-16,21.));
#18171=CARTESIAN_POINT('',(-7.1,0.2,21.));
#18172=CARTESIAN_POINT('',(-7.1,0.2,23.5));
#18173=CARTESIAN_POINT('',(-7.1,1.62630325872826E-16,23.5));
#18174=CARTESIAN_POINT('',(-7.1,0.,23.5));
#18175=CARTESIAN_POINT('',(3.9,0.,27.));
#18176=CARTESIAN_POINT('',(3.9,0.,24.5));
#18177=CARTESIAN_POINT('',(3.9,0.,24.5));
#18178=CARTESIAN_POINT('',(4.5,0.,24.5));
#18179=CARTESIAN_POINT('',(4.5,0.,27.));
#18180=CARTESIAN_POINT('',(4.5,0.,27.));
#18181=CARTESIAN_POINT('',(3.9,0.,27.));
#18182=CARTESIAN_POINT('',(3.9,0.,27.));
#18183=CARTESIAN_POINT('',(3.9,0.,27.));
#18184=CARTESIAN_POINT('',(4.5,0.2,27.));
#18185=CARTESIAN_POINT('',(4.5,0.2,24.5));
#18186=CARTESIAN_POINT('',(4.5,0.2,27.));
#18187=CARTESIAN_POINT('',(-7.1,0.2,27.));
#18188=CARTESIAN_POINT('',(3.9,0.5,27.));
#18189=CARTESIAN_POINT('',(-7.1,0.2,24.5));
#18190=CARTESIAN_POINT('',(3.9,0.5,24.5));
#18191=CARTESIAN_POINT('',(3.9,0.5,27.));
#18192=CARTESIAN_POINT('',(-6.5,0.,27.));
#18193=CARTESIAN_POINT('',(-6.5,0.,24.5));
#18194=CARTESIAN_POINT('',(-6.5,0.,24.5));
#18195=CARTESIAN_POINT('',(-6.5,0.,27.));
#18196=CARTESIAN_POINT('',(-6.5,0.,27.));
#18197=CARTESIAN_POINT('',(-6.5,0.,27.));
#18198=CARTESIAN_POINT('',(-7.1,0.2,27.));
#18199=CARTESIAN_POINT('',(-7.1,0.2,27.));
#18200=CARTESIAN_POINT('',(-7.1,1.62630325872826E-16,27.));
#18201=CARTESIAN_POINT('',(-7.1,0.,27.));
#18202=CARTESIAN_POINT('',(-7.1,0.2,24.5));
#18203=CARTESIAN_POINT('',(-7.1,0.,24.5));
#18204=CARTESIAN_POINT('',(-7.1,1.62630325872826E-16,24.5));
#18205=CARTESIAN_POINT('',(-7.1,0.2,24.5));
#18206=CARTESIAN_POINT('',(-7.1,0.2,27.));
#18207=CARTESIAN_POINT('',(-7.1,1.62630325872826E-16,27.));
#18208=CARTESIAN_POINT('',(-7.1,0.,27.));
#18209=CARTESIAN_POINT('',(3.9,0.,30.5));
#18210=CARTESIAN_POINT('',(3.9,0.,28.));
#18211=CARTESIAN_POINT('',(3.9,0.,28.));
#18212=CARTESIAN_POINT('',(4.5,0.,28.));
#18213=CARTESIAN_POINT('',(4.5,0.,30.5));
#18214=CARTESIAN_POINT('',(4.5,0.,30.5));
#18215=CARTESIAN_POINT('',(3.9,0.,30.5));
#18216=CARTESIAN_POINT('',(3.9,0.,30.5));
#18217=CARTESIAN_POINT('',(3.9,0.,30.5));
#18218=CARTESIAN_POINT('',(4.5,0.2,30.5));
#18219=CARTESIAN_POINT('',(4.5,0.2,28.));
#18220=CARTESIAN_POINT('',(4.5,0.2,30.5));
#18221=CARTESIAN_POINT('',(-7.1,0.2,30.5));
#18222=CARTESIAN_POINT('',(3.9,0.5,30.5));
#18223=CARTESIAN_POINT('',(-7.1,0.2,28.));
#18224=CARTESIAN_POINT('',(3.9,0.5,28.));
#18225=CARTESIAN_POINT('',(3.9,0.5,30.5));
#18226=CARTESIAN_POINT('',(-6.5,0.,30.5));
#18227=CARTESIAN_POINT('',(-6.5,0.,28.));
#18228=CARTESIAN_POINT('',(-6.5,0.,28.));
#18229=CARTESIAN_POINT('',(-6.5,0.,30.5));
#18230=CARTESIAN_POINT('',(-6.5,0.,30.5));
#18231=CARTESIAN_POINT('',(-6.5,0.,30.5));
#18232=CARTESIAN_POINT('',(-7.1,0.2,30.5));
#18233=CARTESIAN_POINT('',(-7.1,0.2,30.5));
#18234=CARTESIAN_POINT('',(-7.1,1.62630325872826E-16,30.5));
#18235=CARTESIAN_POINT('',(-7.1,0.,30.5));
#18236=CARTESIAN_POINT('',(-7.1,0.2,28.));
#18237=CARTESIAN_POINT('',(-7.1,0.,28.));
#18238=CARTESIAN_POINT('',(-7.1,1.62630325872826E-16,28.));
#18239=CARTESIAN_POINT('',(-7.1,0.2,28.));
#18240=CARTESIAN_POINT('',(-7.1,0.2,30.5));
#18241=CARTESIAN_POINT('',(-7.1,1.62630325872826E-16,30.5));
#18242=CARTESIAN_POINT('',(-7.1,0.,30.5));
#18243=CARTESIAN_POINT('',(3.9,0.,34.));
#18244=CARTESIAN_POINT('',(3.9,0.,31.5));
#18245=CARTESIAN_POINT('',(3.9,0.,31.5));
#18246=CARTESIAN_POINT('',(4.5,0.,31.5));
#18247=CARTESIAN_POINT('',(4.5,0.,34.));
#18248=CARTESIAN_POINT('',(4.5,0.,34.));
#18249=CARTESIAN_POINT('',(3.9,0.,34.));
#18250=CARTESIAN_POINT('',(3.9,0.,34.));
#18251=CARTESIAN_POINT('',(3.9,0.,34.));
#18252=CARTESIAN_POINT('',(4.5,0.2,34.));
#18253=CARTESIAN_POINT('',(4.5,0.2,31.5));
#18254=CARTESIAN_POINT('',(4.5,0.2,34.));
#18255=CARTESIAN_POINT('',(-7.1,0.2,34.));
#18256=CARTESIAN_POINT('',(3.9,0.5,34.));
#18257=CARTESIAN_POINT('',(-7.1,0.2,31.5));
#18258=CARTESIAN_POINT('',(3.9,0.5,31.5));
#18259=CARTESIAN_POINT('',(3.9,0.5,34.));
#18260=CARTESIAN_POINT('',(-6.5,0.,34.));
#18261=CARTESIAN_POINT('',(-6.5,0.,31.5));
#18262=CARTESIAN_POINT('',(-6.5,0.,31.5));
#18263=CARTESIAN_POINT('',(-6.5,0.,34.));
#18264=CARTESIAN_POINT('',(-6.5,0.,34.));
#18265=CARTESIAN_POINT('',(-6.5,0.,34.));
#18266=CARTESIAN_POINT('',(-7.1,0.2,34.));
#18267=CARTESIAN_POINT('',(-7.1,0.2,34.));
#18268=CARTESIAN_POINT('',(-7.1,1.62630325872826E-16,34.));
#18269=CARTESIAN_POINT('',(-7.1,0.,34.));
#18270=CARTESIAN_POINT('',(-7.1,0.2,31.5));
#18271=CARTESIAN_POINT('',(-7.1,0.,31.5));
#18272=CARTESIAN_POINT('',(-7.1,1.62630325872826E-16,31.5));
#18273=CARTESIAN_POINT('',(-7.1,0.2,31.5));
#18274=CARTESIAN_POINT('',(-7.1,0.2,34.));
#18275=CARTESIAN_POINT('',(-7.1,1.62630325872826E-16,34.));
#18276=CARTESIAN_POINT('',(-7.1,0.,34.));
#18277=CARTESIAN_POINT('',(3.9,0.,37.5));
#18278=CARTESIAN_POINT('',(3.9,0.,35.));
#18279=CARTESIAN_POINT('',(3.9,0.,35.));
#18280=CARTESIAN_POINT('',(4.5,0.,35.));
#18281=CARTESIAN_POINT('',(4.5,0.,37.5));
#18282=CARTESIAN_POINT('',(4.5,0.,37.5));
#18283=CARTESIAN_POINT('',(3.9,0.,37.5));
#18284=CARTESIAN_POINT('',(3.9,0.,37.5));
#18285=CARTESIAN_POINT('',(3.9,0.,37.5));
#18286=CARTESIAN_POINT('',(4.5,0.2,37.5));
#18287=CARTESIAN_POINT('',(4.5,0.2,35.));
#18288=CARTESIAN_POINT('',(4.5,0.2,37.5));
#18289=CARTESIAN_POINT('',(-7.1,0.2,37.5));
#18290=CARTESIAN_POINT('',(3.9,0.5,37.5));
#18291=CARTESIAN_POINT('',(-7.1,0.2,35.));
#18292=CARTESIAN_POINT('',(3.9,0.5,35.));
#18293=CARTESIAN_POINT('',(3.9,0.5,37.5));
#18294=CARTESIAN_POINT('',(-6.5,0.,37.5));
#18295=CARTESIAN_POINT('',(-6.5,0.,35.));
#18296=CARTESIAN_POINT('',(-6.5,0.,35.));
#18297=CARTESIAN_POINT('',(-6.5,0.,37.5));
#18298=CARTESIAN_POINT('',(-6.5,0.,37.5));
#18299=CARTESIAN_POINT('',(-6.5,0.,37.5));
#18300=CARTESIAN_POINT('',(-7.1,0.2,37.5));
#18301=CARTESIAN_POINT('',(-7.1,0.2,37.5));
#18302=CARTESIAN_POINT('',(-7.1,1.62630325872826E-16,37.5));
#18303=CARTESIAN_POINT('',(-7.1,0.,37.5));
#18304=CARTESIAN_POINT('',(-7.1,0.2,35.));
#18305=CARTESIAN_POINT('',(-7.1,0.,35.));
#18306=CARTESIAN_POINT('',(-7.1,1.62630325872826E-16,35.));
#18307=CARTESIAN_POINT('',(-7.1,0.2,35.));
#18308=CARTESIAN_POINT('',(-7.1,0.2,37.5));
#18309=CARTESIAN_POINT('',(-7.1,1.62630325872826E-16,37.5));
#18310=CARTESIAN_POINT('',(-7.1,0.,37.5));
#18311=CARTESIAN_POINT('',(3.9,0.,41.));
#18312=CARTESIAN_POINT('',(3.9,0.,38.5));
#18313=CARTESIAN_POINT('',(3.9,0.,38.5));
#18314=CARTESIAN_POINT('',(4.5,0.,38.5));
#18315=CARTESIAN_POINT('',(4.5,0.,41.));
#18316=CARTESIAN_POINT('',(4.5,0.,41.));
#18317=CARTESIAN_POINT('',(3.9,0.,41.));
#18318=CARTESIAN_POINT('',(3.9,0.,41.));
#18319=CARTESIAN_POINT('',(3.9,0.,41.));
#18320=CARTESIAN_POINT('',(4.5,0.2,41.));
#18321=CARTESIAN_POINT('',(4.5,0.2,38.5));
#18322=CARTESIAN_POINT('',(4.5,0.2,41.));
#18323=CARTESIAN_POINT('',(-7.1,0.2,41.));
#18324=CARTESIAN_POINT('',(3.9,0.5,41.));
#18325=CARTESIAN_POINT('',(-7.1,0.2,38.5));
#18326=CARTESIAN_POINT('',(3.9,0.5,38.5));
#18327=CARTESIAN_POINT('',(3.9,0.5,41.));
#18328=CARTESIAN_POINT('',(-6.5,0.,41.));
#18329=CARTESIAN_POINT('',(-6.5,0.,38.5));
#18330=CARTESIAN_POINT('',(-6.5,0.,38.5));
#18331=CARTESIAN_POINT('',(-6.5,0.,41.));
#18332=CARTESIAN_POINT('',(-6.5,0.,41.));
#18333=CARTESIAN_POINT('',(-6.5,0.,41.));
#18334=CARTESIAN_POINT('',(-7.1,0.2,41.));
#18335=CARTESIAN_POINT('',(-7.1,0.2,41.));
#18336=CARTESIAN_POINT('',(-7.1,1.62630325872826E-16,41.));
#18337=CARTESIAN_POINT('',(-7.1,0.,41.));
#18338=CARTESIAN_POINT('',(-7.1,0.2,38.5));
#18339=CARTESIAN_POINT('',(-7.1,0.,38.5));
#18340=CARTESIAN_POINT('',(-7.1,1.62630325872826E-16,38.5));
#18341=CARTESIAN_POINT('',(-7.1,0.2,38.5));
#18342=CARTESIAN_POINT('',(-7.1,0.2,41.));
#18343=CARTESIAN_POINT('',(-7.1,1.62630325872826E-16,41.));
#18344=CARTESIAN_POINT('',(-7.1,0.,41.));
#18345=CARTESIAN_POINT('',(-7.3,5.55,42.));
#18346=CARTESIAN_POINT('',(-6.5,0.,42.));
#18347=CARTESIAN_POINT('',(-6.5,0.,42.));
#18348=CARTESIAN_POINT('',(-7.1,0.,42.));
#18349=CARTESIAN_POINT('',(-7.1,-3.79470760369927E-16,42.));
#18350=CARTESIAN_POINT('',(-7.1,0.200000000000001,42.));
#18351=CARTESIAN_POINT('',(-7.3,5.55,42.));
#18352=CARTESIAN_POINT('',(3.9,0.3,42.));
#18353=CARTESIAN_POINT('',(3.9,0.,42.));
#18354=CARTESIAN_POINT('',(4.5,0.2,42.));
#18355=CARTESIAN_POINT('',(4.5,0.,42.));
#18356=CARTESIAN_POINT('',(3.9,0.,42.));
#18357=CARTESIAN_POINT('',(-7.1,0.200000000000001,43.5));
#18358=CARTESIAN_POINT('',(-7.1,-3.79470760369927E-16,43.5));
#18359=CARTESIAN_POINT('',(-7.1,-3.79470760369927E-16,43.5));
#18360=CARTESIAN_POINT('',(-7.1,0.200000000000001,43.5));
#18361=CARTESIAN_POINT('',(-7.1,0.,43.5));
#18362=CARTESIAN_POINT('',(-6.5,0.,43.5));
#18363=CARTESIAN_POINT('',(-6.5,0.,43.5));
#18364=CARTESIAN_POINT('',(-7.1,0.,43.5));
#18365=CARTESIAN_POINT('',(-6.5,0.,43.5));
#18366=CARTESIAN_POINT('',(-6.5,0.,43.5));
#18367=CARTESIAN_POINT('',(3.9,0.3,43.5));
#18368=CARTESIAN_POINT('',(3.9,0.,43.5));
#18369=CARTESIAN_POINT('',(3.9,0.,43.5));
#18370=CARTESIAN_POINT('',(3.9,0.3,43.5));
#18371=CARTESIAN_POINT('',(3.9,0.,43.5));
#18372=CARTESIAN_POINT('',(4.5,0.,43.5));
#18373=CARTESIAN_POINT('',(4.5,0.,43.5));
#18374=CARTESIAN_POINT('',(3.9,0.,43.5));
#18375=CARTESIAN_POINT('',(4.5,0.2,43.5));
#18376=CARTESIAN_POINT('',(4.5,0.2,43.5));
#18377=CARTESIAN_POINT('',(-7.3,5.55,43.5));
#18378=CARTESIAN_POINT('',(0.95,9.8,0.95));
#18379=CARTESIAN_POINT('',(0.95,10.8,0.95));
#18380=CARTESIAN_POINT('',(0.95,10.8,0.95));
#18381=CARTESIAN_POINT('',(0.95,11.5,2.9));
#18382=CARTESIAN_POINT('',(0.95,10.8,2.55));
#18383=CARTESIAN_POINT('',(0.95,10.8,2.55));
#18384=CARTESIAN_POINT('',(0.95,9.8,39.45));
#18385=CARTESIAN_POINT('',(0.95,10.8,39.45));
#18386=CARTESIAN_POINT('',(0.95,10.8,39.45));
#18387=CARTESIAN_POINT('',(0.95,11.5,41.4));
#18388=CARTESIAN_POINT('',(0.95,10.8,41.05));
#18389=CARTESIAN_POINT('',(0.95,10.8,41.05));
#18390=CARTESIAN_POINT('',(0.95,9.8,35.95));
#18391=CARTESIAN_POINT('',(0.95,10.8,35.95));
#18392=CARTESIAN_POINT('',(0.95,10.8,35.95));
#18393=CARTESIAN_POINT('',(0.95,11.5,37.9));
#18394=CARTESIAN_POINT('',(0.95,10.8,37.55));
#18395=CARTESIAN_POINT('',(0.95,10.8,37.55));
#18396=CARTESIAN_POINT('',(0.95,9.8,32.45));
#18397=CARTESIAN_POINT('',(0.95,10.8,32.45));
#18398=CARTESIAN_POINT('',(0.95,10.8,32.45));
#18399=CARTESIAN_POINT('',(0.95,11.5,34.4));
#18400=CARTESIAN_POINT('',(0.95,10.8,34.05));
#18401=CARTESIAN_POINT('',(0.95,10.8,34.05));
#18402=CARTESIAN_POINT('',(0.95,9.8,28.95));
#18403=CARTESIAN_POINT('',(0.95,10.8,28.95));
#18404=CARTESIAN_POINT('',(0.95,10.8,28.95));
#18405=CARTESIAN_POINT('',(0.95,11.5,30.9));
#18406=CARTESIAN_POINT('',(0.95,10.8,30.55));
#18407=CARTESIAN_POINT('',(0.95,10.8,30.55));
#18408=CARTESIAN_POINT('',(0.95,9.8,25.45));
#18409=CARTESIAN_POINT('',(0.95,10.8,25.45));
#18410=CARTESIAN_POINT('',(0.95,10.8,25.45));
#18411=CARTESIAN_POINT('',(0.95,11.5,27.4));
#18412=CARTESIAN_POINT('',(0.95,10.8,27.05));
#18413=CARTESIAN_POINT('',(0.95,10.8,27.05));
#18414=CARTESIAN_POINT('',(0.95,9.8,21.95));
#18415=CARTESIAN_POINT('',(0.95,10.8,21.95));
#18416=CARTESIAN_POINT('',(0.95,10.8,21.95));
#18417=CARTESIAN_POINT('',(0.95,11.5,23.9));
#18418=CARTESIAN_POINT('',(0.95,10.8,23.55));
#18419=CARTESIAN_POINT('',(0.95,10.8,23.55));
#18420=CARTESIAN_POINT('',(0.95,9.8,18.45));
#18421=CARTESIAN_POINT('',(0.95,10.8,18.45));
#18422=CARTESIAN_POINT('',(0.95,10.8,18.45));
#18423=CARTESIAN_POINT('',(0.95,11.5,20.4));
#18424=CARTESIAN_POINT('',(0.95,10.8,20.05));
#18425=CARTESIAN_POINT('',(0.95,10.8,20.05));
#18426=CARTESIAN_POINT('',(0.95,9.8,14.95));
#18427=CARTESIAN_POINT('',(0.95,10.8,14.95));
#18428=CARTESIAN_POINT('',(0.95,10.8,14.95));
#18429=CARTESIAN_POINT('',(0.95,11.5,16.9));
#18430=CARTESIAN_POINT('',(0.95,10.8,16.55));
#18431=CARTESIAN_POINT('',(0.95,10.8,16.55));
#18432=CARTESIAN_POINT('',(0.95,9.8,11.45));
#18433=CARTESIAN_POINT('',(0.95,10.8,11.45));
#18434=CARTESIAN_POINT('',(0.95,10.8,11.45));
#18435=CARTESIAN_POINT('',(0.95,11.5,13.4));
#18436=CARTESIAN_POINT('',(0.95,10.8,13.05));
#18437=CARTESIAN_POINT('',(0.95,10.8,13.05));
#18438=CARTESIAN_POINT('',(0.95,9.8,7.95));
#18439=CARTESIAN_POINT('',(0.95,10.8,7.95));
#18440=CARTESIAN_POINT('',(0.95,10.8,7.95));
#18441=CARTESIAN_POINT('',(0.95,11.5,9.9));
#18442=CARTESIAN_POINT('',(0.95,10.8,9.55));
#18443=CARTESIAN_POINT('',(0.95,10.8,9.55));
#18444=CARTESIAN_POINT('',(0.95,9.8,4.45));
#18445=CARTESIAN_POINT('',(0.95,10.8,4.45));
#18446=CARTESIAN_POINT('',(0.95,10.8,4.45));
#18447=CARTESIAN_POINT('',(0.95,11.5,6.4));
#18448=CARTESIAN_POINT('',(0.95,10.8,6.05));
#18449=CARTESIAN_POINT('',(0.95,10.8,6.05));
#18450=CARTESIAN_POINT('',(0.2,0.5,2.125));
#18451=CARTESIAN_POINT('',(0.2,0.5,2.125));
#18452=CARTESIAN_POINT('',(0.2,-3.6,2.125));
#18453=CARTESIAN_POINT('',(-0.2,0.5,2.125));
#18454=CARTESIAN_POINT('',(-0.2,-3.6,2.125));
#18455=CARTESIAN_POINT('',(0.2,-3.6,2.125));
#18456=CARTESIAN_POINT('',(0.2,-3.6,1.375));
#18457=CARTESIAN_POINT('',(-0.2,-3.6,1.375));
#18458=CARTESIAN_POINT('',(-0.2,-3.6,1.375));
#18459=CARTESIAN_POINT('',(0.2,-3.6,1.375));
#18460=CARTESIAN_POINT('',(0.2,-3.6,1.375));
#18461=CARTESIAN_POINT('',(0.2,-3.6,1.375));
#18462=CARTESIAN_POINT('',(0.2,0.,0.));
#18463=CARTESIAN_POINT('',(0.2,-3.6,2.125));
#18464=CARTESIAN_POINT('',(-0.2,0.,0.));
#18465=CARTESIAN_POINT('',(-0.2,-3.6,2.125));
#18466=CARTESIAN_POINT('',(0.2,-3.6,2.125));
#18467=CARTESIAN_POINT('',(0.2,0.5,9.125));
#18468=CARTESIAN_POINT('',(0.2,0.5,9.125));
#18469=CARTESIAN_POINT('',(0.2,-3.6,9.125));
#18470=CARTESIAN_POINT('',(-0.2,0.5,9.125));
#18471=CARTESIAN_POINT('',(-0.2,-3.6,9.125));
#18472=CARTESIAN_POINT('',(0.2,-3.6,9.125));
#18473=CARTESIAN_POINT('',(0.2,-3.6,8.375));
#18474=CARTESIAN_POINT('',(-0.2,-3.6,8.375));
#18475=CARTESIAN_POINT('',(-0.2,-3.6,8.375));
#18476=CARTESIAN_POINT('',(0.2,-3.6,8.375));
#18477=CARTESIAN_POINT('',(0.2,-3.6,8.375));
#18478=CARTESIAN_POINT('',(0.2,-3.6,8.375));
#18479=CARTESIAN_POINT('',(0.2,0.,7.));
#18480=CARTESIAN_POINT('',(0.2,-3.6,9.125));
#18481=CARTESIAN_POINT('',(-0.2,0.,7.));
#18482=CARTESIAN_POINT('',(-0.2,-3.6,9.125));
#18483=CARTESIAN_POINT('',(0.2,-3.6,9.125));
#18484=CARTESIAN_POINT('',(0.2,0.5,16.125));
#18485=CARTESIAN_POINT('',(0.2,0.5,16.125));
#18486=CARTESIAN_POINT('',(0.2,-3.6,16.125));
#18487=CARTESIAN_POINT('',(-0.2,0.5,16.125));
#18488=CARTESIAN_POINT('',(-0.2,-3.6,16.125));
#18489=CARTESIAN_POINT('',(0.2,-3.6,16.125));
#18490=CARTESIAN_POINT('',(0.2,-3.6,15.375));
#18491=CARTESIAN_POINT('',(-0.2,-3.6,15.375));
#18492=CARTESIAN_POINT('',(-0.2,-3.6,15.375));
#18493=CARTESIAN_POINT('',(0.2,-3.6,15.375));
#18494=CARTESIAN_POINT('',(0.2,-3.6,15.375));
#18495=CARTESIAN_POINT('',(0.2,-3.6,15.375));
#18496=CARTESIAN_POINT('',(0.2,0.,14.));
#18497=CARTESIAN_POINT('',(0.2,-3.6,16.125));
#18498=CARTESIAN_POINT('',(-0.2,0.,14.));
#18499=CARTESIAN_POINT('',(-0.2,-3.6,16.125));
#18500=CARTESIAN_POINT('',(0.2,-3.6,16.125));
#18501=CARTESIAN_POINT('',(0.2,0.5,23.125));
#18502=CARTESIAN_POINT('',(0.2,0.5,23.125));
#18503=CARTESIAN_POINT('',(0.2,-3.6,23.125));
#18504=CARTESIAN_POINT('',(-0.2,0.5,23.125));
#18505=CARTESIAN_POINT('',(-0.2,-3.6,23.125));
#18506=CARTESIAN_POINT('',(0.2,-3.6,23.125));
#18507=CARTESIAN_POINT('',(0.2,-3.6,22.375));
#18508=CARTESIAN_POINT('',(-0.2,-3.6,22.375));
#18509=CARTESIAN_POINT('',(-0.2,-3.6,22.375));
#18510=CARTESIAN_POINT('',(0.2,-3.6,22.375));
#18511=CARTESIAN_POINT('',(0.2,-3.6,22.375));
#18512=CARTESIAN_POINT('',(0.2,-3.6,22.375));
#18513=CARTESIAN_POINT('',(0.2,0.,21.));
#18514=CARTESIAN_POINT('',(0.2,-3.6,23.125));
#18515=CARTESIAN_POINT('',(-0.2,0.,21.));
#18516=CARTESIAN_POINT('',(-0.2,-3.6,23.125));
#18517=CARTESIAN_POINT('',(0.2,-3.6,23.125));
#18518=CARTESIAN_POINT('',(0.2,0.5,30.125));
#18519=CARTESIAN_POINT('',(0.2,0.5,30.125));
#18520=CARTESIAN_POINT('',(0.2,-3.6,30.125));
#18521=CARTESIAN_POINT('',(-0.2,0.5,30.125));
#18522=CARTESIAN_POINT('',(-0.2,-3.6,30.125));
#18523=CARTESIAN_POINT('',(0.2,-3.6,30.125));
#18524=CARTESIAN_POINT('',(0.2,-3.6,29.375));
#18525=CARTESIAN_POINT('',(-0.2,-3.6,29.375));
#18526=CARTESIAN_POINT('',(-0.2,-3.6,29.375));
#18527=CARTESIAN_POINT('',(0.2,-3.6,29.375));
#18528=CARTESIAN_POINT('',(0.2,-3.6,29.375));
#18529=CARTESIAN_POINT('',(0.2,-3.6,29.375));
#18530=CARTESIAN_POINT('',(0.2,0.,28.));
#18531=CARTESIAN_POINT('',(0.2,-3.6,30.125));
#18532=CARTESIAN_POINT('',(-0.2,0.,28.));
#18533=CARTESIAN_POINT('',(-0.2,-3.6,30.125));
#18534=CARTESIAN_POINT('',(0.2,-3.6,30.125));
#18535=CARTESIAN_POINT('',(0.2,0.5,37.125));
#18536=CARTESIAN_POINT('',(0.2,0.5,37.125));
#18537=CARTESIAN_POINT('',(0.2,-3.6,37.125));
#18538=CARTESIAN_POINT('',(-0.2,0.5,37.125));
#18539=CARTESIAN_POINT('',(-0.2,-3.6,37.125));
#18540=CARTESIAN_POINT('',(0.2,-3.6,37.125));
#18541=CARTESIAN_POINT('',(0.2,-3.6,36.375));
#18542=CARTESIAN_POINT('',(-0.2,-3.6,36.375));
#18543=CARTESIAN_POINT('',(-0.2,-3.6,36.375));
#18544=CARTESIAN_POINT('',(0.2,-3.6,36.375));
#18545=CARTESIAN_POINT('',(0.2,-3.6,36.375));
#18546=CARTESIAN_POINT('',(0.2,-3.6,36.375));
#18547=CARTESIAN_POINT('',(0.2,0.,35.));
#18548=CARTESIAN_POINT('',(0.2,-3.6,37.125));
#18549=CARTESIAN_POINT('',(-0.2,0.,35.));
#18550=CARTESIAN_POINT('',(-0.2,-3.6,37.125));
#18551=CARTESIAN_POINT('',(0.2,-3.6,37.125));
#18552=CARTESIAN_POINT('',(-4.8,0.5,5.625));
#18553=CARTESIAN_POINT('',(-4.8,0.5,5.625));
#18554=CARTESIAN_POINT('',(-4.8,-3.6,5.625));
#18555=CARTESIAN_POINT('',(-5.2,0.5,5.625));
#18556=CARTESIAN_POINT('',(-5.2,-3.6,5.625));
#18557=CARTESIAN_POINT('',(-4.8,-3.6,5.625));
#18558=CARTESIAN_POINT('',(-4.8,-3.6,4.875));
#18559=CARTESIAN_POINT('',(-5.2,-3.6,4.875));
#18560=CARTESIAN_POINT('',(-5.2,-3.6,4.875));
#18561=CARTESIAN_POINT('',(-4.8,-3.6,4.875));
#18562=CARTESIAN_POINT('',(-4.8,-3.6,4.875));
#18563=CARTESIAN_POINT('',(-4.8,-3.6,4.875));
#18564=CARTESIAN_POINT('',(-4.8,0.,0.));
#18565=CARTESIAN_POINT('',(-4.8,-3.6,5.625));
#18566=CARTESIAN_POINT('',(-5.2,0.,0.));
#18567=CARTESIAN_POINT('',(-5.2,-3.6,5.625));
#18568=CARTESIAN_POINT('',(-4.8,-3.6,5.625));
#18569=CARTESIAN_POINT('',(-4.8,0.5,12.625));
#18570=CARTESIAN_POINT('',(-4.8,0.5,12.625));
#18571=CARTESIAN_POINT('',(-4.8,-3.6,12.625));
#18572=CARTESIAN_POINT('',(-5.2,0.5,12.625));
#18573=CARTESIAN_POINT('',(-5.2,-3.6,12.625));
#18574=CARTESIAN_POINT('',(-4.8,-3.6,12.625));
#18575=CARTESIAN_POINT('',(-4.8,-3.6,11.875));
#18576=CARTESIAN_POINT('',(-5.2,-3.6,11.875));
#18577=CARTESIAN_POINT('',(-5.2,-3.6,11.875));
#18578=CARTESIAN_POINT('',(-4.8,-3.6,11.875));
#18579=CARTESIAN_POINT('',(-4.8,-3.6,11.875));
#18580=CARTESIAN_POINT('',(-4.8,-3.6,11.875));
#18581=CARTESIAN_POINT('',(-4.8,0.,7.));
#18582=CARTESIAN_POINT('',(-4.8,-3.6,12.625));
#18583=CARTESIAN_POINT('',(-5.2,0.,7.));
#18584=CARTESIAN_POINT('',(-5.2,-3.6,12.625));
#18585=CARTESIAN_POINT('',(-4.8,-3.6,12.625));
#18586=CARTESIAN_POINT('',(-4.8,0.5,19.625));
#18587=CARTESIAN_POINT('',(-4.8,0.5,19.625));
#18588=CARTESIAN_POINT('',(-4.8,-3.6,19.625));
#18589=CARTESIAN_POINT('',(-5.2,0.5,19.625));
#18590=CARTESIAN_POINT('',(-5.2,-3.6,19.625));
#18591=CARTESIAN_POINT('',(-4.8,-3.6,19.625));
#18592=CARTESIAN_POINT('',(-4.8,-3.6,18.875));
#18593=CARTESIAN_POINT('',(-5.2,-3.6,18.875));
#18594=CARTESIAN_POINT('',(-5.2,-3.6,18.875));
#18595=CARTESIAN_POINT('',(-4.8,-3.6,18.875));
#18596=CARTESIAN_POINT('',(-4.8,-3.6,18.875));
#18597=CARTESIAN_POINT('',(-4.8,-3.6,18.875));
#18598=CARTESIAN_POINT('',(-4.8,0.,14.));
#18599=CARTESIAN_POINT('',(-4.8,-3.6,19.625));
#18600=CARTESIAN_POINT('',(-5.2,0.,14.));
#18601=CARTESIAN_POINT('',(-5.2,-3.6,19.625));
#18602=CARTESIAN_POINT('',(-4.8,-3.6,19.625));
#18603=CARTESIAN_POINT('',(-4.8,0.5,26.625));
#18604=CARTESIAN_POINT('',(-4.8,0.5,26.625));
#18605=CARTESIAN_POINT('',(-4.8,-3.6,26.625));
#18606=CARTESIAN_POINT('',(-5.2,0.5,26.625));
#18607=CARTESIAN_POINT('',(-5.2,-3.6,26.625));
#18608=CARTESIAN_POINT('',(-4.8,-3.6,26.625));
#18609=CARTESIAN_POINT('',(-4.8,-3.6,25.875));
#18610=CARTESIAN_POINT('',(-5.2,-3.6,25.875));
#18611=CARTESIAN_POINT('',(-5.2,-3.6,25.875));
#18612=CARTESIAN_POINT('',(-4.8,-3.6,25.875));
#18613=CARTESIAN_POINT('',(-4.8,-3.6,25.875));
#18614=CARTESIAN_POINT('',(-4.8,-3.6,25.875));
#18615=CARTESIAN_POINT('',(-4.8,0.,21.));
#18616=CARTESIAN_POINT('',(-4.8,-3.6,26.625));
#18617=CARTESIAN_POINT('',(-5.2,0.,21.));
#18618=CARTESIAN_POINT('',(-5.2,-3.6,26.625));
#18619=CARTESIAN_POINT('',(-4.8,-3.6,26.625));
#18620=CARTESIAN_POINT('',(-4.8,0.5,33.625));
#18621=CARTESIAN_POINT('',(-4.8,0.5,33.625));
#18622=CARTESIAN_POINT('',(-4.8,-3.6,33.625));
#18623=CARTESIAN_POINT('',(-5.2,0.5,33.625));
#18624=CARTESIAN_POINT('',(-5.2,-3.6,33.625));
#18625=CARTESIAN_POINT('',(-4.8,-3.6,33.625));
#18626=CARTESIAN_POINT('',(-4.8,-3.6,32.875));
#18627=CARTESIAN_POINT('',(-5.2,-3.6,32.875));
#18628=CARTESIAN_POINT('',(-5.2,-3.6,32.875));
#18629=CARTESIAN_POINT('',(-4.8,-3.6,32.875));
#18630=CARTESIAN_POINT('',(-4.8,-3.6,32.875));
#18631=CARTESIAN_POINT('',(-4.8,-3.6,32.875));
#18632=CARTESIAN_POINT('',(-4.8,0.,28.));
#18633=CARTESIAN_POINT('',(-4.8,-3.6,33.625));
#18634=CARTESIAN_POINT('',(-5.2,0.,28.));
#18635=CARTESIAN_POINT('',(-5.2,-3.6,33.625));
#18636=CARTESIAN_POINT('',(-4.8,-3.6,33.625));
#18637=CARTESIAN_POINT('',(-4.8,0.5,40.625));
#18638=CARTESIAN_POINT('',(-4.8,0.5,40.625));
#18639=CARTESIAN_POINT('',(-4.8,-3.6,40.625));
#18640=CARTESIAN_POINT('',(-5.2,0.5,40.625));
#18641=CARTESIAN_POINT('',(-5.2,-3.6,40.625));
#18642=CARTESIAN_POINT('',(-4.8,-3.6,40.625));
#18643=CARTESIAN_POINT('',(-4.8,-3.6,39.875));
#18644=CARTESIAN_POINT('',(-5.2,-3.6,39.875));
#18645=CARTESIAN_POINT('',(-5.2,-3.6,39.875));
#18646=CARTESIAN_POINT('',(-4.8,-3.6,39.875));
#18647=CARTESIAN_POINT('',(-4.8,-3.6,39.875));
#18648=CARTESIAN_POINT('',(-4.8,-3.6,39.875));
#18649=CARTESIAN_POINT('',(-4.8,0.,35.));
#18650=CARTESIAN_POINT('',(-4.8,-3.6,40.625));
#18651=CARTESIAN_POINT('',(-5.2,0.,35.));
#18652=CARTESIAN_POINT('',(-5.2,-3.6,40.625));
#18653=CARTESIAN_POINT('',(-4.8,-3.6,40.625));
#18654=CARTESIAN_POINT('',(-4.8,12.1,0.8));
#18655=CARTESIAN_POINT('',(-4.8,12.1,3.5));
#18656=CARTESIAN_POINT('',(-4.8,12.1,3.5));
#18657=CARTESIAN_POINT('',(-4.8,12.1,0.8));
#18658=CARTESIAN_POINT('',(-4.8,12.1,0.8));
#18659=CARTESIAN_POINT('',(-4.8,12.1,0.8));
#18660=CARTESIAN_POINT('',(-2.5,10.9,0.8));
#18661=CARTESIAN_POINT('',(-2.5,12.9799286969334,3.00609752897917));
#18662=CARTESIAN_POINT('',(-2.5,12.5,3.45857864376269));
#18663=CARTESIAN_POINT('',(-2.5,12.7,3.27001683544628));
#18664=CARTESIAN_POINT('',(-2.5,12.5,0.8));
#18665=CARTESIAN_POINT('',(-2.5,12.5,3.5));
#18666=CARTESIAN_POINT('',(-2.5,10.9,3.5));
#18667=CARTESIAN_POINT('',(-2.5,10.9,0.8));
#18668=CARTESIAN_POINT('',(-2.5,12.7,0.8));
#18669=CARTESIAN_POINT('',(-2.5,12.7,0.8));
#18670=CARTESIAN_POINT('',(-5.1,12.3,0.8));
#18671=CARTESIAN_POINT('',(-5.1,12.5,0.8));
#18672=CARTESIAN_POINT('',(-5.3,12.5,0.8));
#18673=CARTESIAN_POINT('',(-5.15857864376269,12.5,0.8));
#18674=CARTESIAN_POINT('',(-5.23083906286541,12.4233562514616,0.8));
#18675=CARTESIAN_POINT('',(-2.9,12.7,0.8));
#18676=CARTESIAN_POINT('',(-5.1,12.1,0.8));
#18677=CARTESIAN_POINT('',(-5.1,12.1,0.8));
#18678=CARTESIAN_POINT('',(-5.1,12.3,0.8));
#18679=CARTESIAN_POINT('',(-5.3,12.3,0.8));
#18680=CARTESIAN_POINT('',(-5.3,12.5,0.8));
#18681=CARTESIAN_POINT('',(-5.1,12.3,3.5));
#18682=CARTESIAN_POINT('',(-5.1,12.5,3.5));
#18683=CARTESIAN_POINT('',(-2.74142135623731,12.5,3.5));
#18684=CARTESIAN_POINT('',(-3.75151387831106,13.5713649079763,3.5));
#18685=CARTESIAN_POINT('',(-3.30710678118655,13.1,3.5));
#18686=CARTESIAN_POINT('',(-2.9,13.1,3.5));
#18687=CARTESIAN_POINT('',(-4.7,13.1,3.5));
#18688=CARTESIAN_POINT('',(-4.7,13.1,3.5));
#18689=CARTESIAN_POINT('',(-5.3,12.5,3.5));
#18690=CARTESIAN_POINT('',(-5.3,12.5,3.5));
#18691=CARTESIAN_POINT('',(-5.3,12.3,3.5));
#18692=CARTESIAN_POINT('',(-5.1,12.3,3.5));
#18693=CARTESIAN_POINT('',(-5.1,12.1,3.5));
#18694=CARTESIAN_POINT('',(-5.1,12.1,3.5));
#18695=CARTESIAN_POINT('',(-4.7,13.1,0.8));
#18696=CARTESIAN_POINT('',(-5.1397706826042,12.6602293173958,1.2527163228004));
#18697=CARTESIAN_POINT('',(-5.3,12.5,0.94142135623731));
#18698=CARTESIAN_POINT('',(-4.7,13.1,2.10710678118655));
#18699=CARTESIAN_POINT('',(-5.3,12.5,0.8));
#18700=CARTESIAN_POINT('',(-4.7,13.1,0.8));
#18701=CARTESIAN_POINT('',(-5.3,12.5,0.8));
#18702=CARTESIAN_POINT('',(-5.3,12.5,0.8));
#18703=CARTESIAN_POINT('',(-5.3,12.3,0.8));
#18704=CARTESIAN_POINT('',(-5.1,12.3,0.8));
#18705=CARTESIAN_POINT('',(-5.1,12.1,0.8));
#18706=CARTESIAN_POINT('',(-5.1,12.1,0.8));
#18707=CARTESIAN_POINT('',(-2.9,12.7,0.8));
#18708=CARTESIAN_POINT('',(-2.9,12.7,2.87001683544628));
#18709=CARTESIAN_POINT('',(-2.9,13.1,0.8));
#18710=CARTESIAN_POINT('',(-4.45355339059327,13.1,2.35355339059327));
#18711=CARTESIAN_POINT('',(-4.8,12.1,4.3));
#18712=CARTESIAN_POINT('',(-4.8,12.1,7.));
#18713=CARTESIAN_POINT('',(-4.8,12.1,7.));
#18714=CARTESIAN_POINT('',(-4.8,12.1,4.3));
#18715=CARTESIAN_POINT('',(-4.8,12.1,4.3));
#18716=CARTESIAN_POINT('',(-4.8,12.1,4.3));
#18717=CARTESIAN_POINT('',(-2.5,10.9,4.3));
#18718=CARTESIAN_POINT('',(-2.5,12.9799286969334,6.50609752897917));
#18719=CARTESIAN_POINT('',(-2.5,12.5,6.95857864376269));
#18720=CARTESIAN_POINT('',(-2.5,12.7,6.77001683544628));
#18721=CARTESIAN_POINT('',(-2.5,12.5,4.3));
#18722=CARTESIAN_POINT('',(-2.5,12.5,7.));
#18723=CARTESIAN_POINT('',(-2.5,10.9,7.));
#18724=CARTESIAN_POINT('',(-2.5,10.9,4.3));
#18725=CARTESIAN_POINT('',(-2.5,12.7,4.3));
#18726=CARTESIAN_POINT('',(-2.5,12.7,4.3));
#18727=CARTESIAN_POINT('',(-5.1,12.3,4.3));
#18728=CARTESIAN_POINT('',(-5.1,12.5,4.3));
#18729=CARTESIAN_POINT('',(-5.3,12.5,4.3));
#18730=CARTESIAN_POINT('',(-5.15857864376269,12.5,4.3));
#18731=CARTESIAN_POINT('',(-5.23083906286541,12.4233562514616,4.3));
#18732=CARTESIAN_POINT('',(-2.9,12.7,4.3));
#18733=CARTESIAN_POINT('',(-5.1,12.1,4.3));
#18734=CARTESIAN_POINT('',(-5.1,12.1,4.3));
#18735=CARTESIAN_POINT('',(-5.1,12.3,4.3));
#18736=CARTESIAN_POINT('',(-5.3,12.3,4.3));
#18737=CARTESIAN_POINT('',(-5.3,12.5,4.3));
#18738=CARTESIAN_POINT('',(-5.1,12.3,7.));
#18739=CARTESIAN_POINT('',(-5.1,12.5,7.));
#18740=CARTESIAN_POINT('',(-2.74142135623731,12.5,7.));
#18741=CARTESIAN_POINT('',(-3.75151387831106,13.5713649079763,7.));
#18742=CARTESIAN_POINT('',(-3.30710678118655,13.1,7.));
#18743=CARTESIAN_POINT('',(-2.9,13.1,7.));
#18744=CARTESIAN_POINT('',(-4.7,13.1,7.));
#18745=CARTESIAN_POINT('',(-4.7,13.1,7.));
#18746=CARTESIAN_POINT('',(-5.3,12.5,7.));
#18747=CARTESIAN_POINT('',(-5.3,12.5,7.));
#18748=CARTESIAN_POINT('',(-5.3,12.3,7.));
#18749=CARTESIAN_POINT('',(-5.1,12.3,7.));
#18750=CARTESIAN_POINT('',(-5.1,12.1,7.));
#18751=CARTESIAN_POINT('',(-5.1,12.1,7.));
#18752=CARTESIAN_POINT('',(-4.7,13.1,4.3));
#18753=CARTESIAN_POINT('',(-5.1397706826042,12.6602293173958,4.7527163228004));
#18754=CARTESIAN_POINT('',(-5.3,12.5,4.44142135623731));
#18755=CARTESIAN_POINT('',(-4.7,13.1,5.60710678118655));
#18756=CARTESIAN_POINT('',(-5.3,12.5,4.3));
#18757=CARTESIAN_POINT('',(-4.7,13.1,4.3));
#18758=CARTESIAN_POINT('',(-5.3,12.5,4.3));
#18759=CARTESIAN_POINT('',(-5.3,12.5,4.3));
#18760=CARTESIAN_POINT('',(-5.3,12.3,4.3));
#18761=CARTESIAN_POINT('',(-5.1,12.3,4.3));
#18762=CARTESIAN_POINT('',(-5.1,12.1,4.3));
#18763=CARTESIAN_POINT('',(-5.1,12.1,4.3));
#18764=CARTESIAN_POINT('',(-2.9,12.7,4.3));
#18765=CARTESIAN_POINT('',(-2.9,12.7,6.37001683544628));
#18766=CARTESIAN_POINT('',(-2.9,13.1,4.3));
#18767=CARTESIAN_POINT('',(-4.45355339059327,13.1,5.85355339059327));
#18768=CARTESIAN_POINT('',(-4.8,12.1,7.8));
#18769=CARTESIAN_POINT('',(-4.8,12.1,10.5));
#18770=CARTESIAN_POINT('',(-4.8,12.1,10.5));
#18771=CARTESIAN_POINT('',(-4.8,12.1,7.8));
#18772=CARTESIAN_POINT('',(-4.8,12.1,7.8));
#18773=CARTESIAN_POINT('',(-4.8,12.1,7.8));
#18774=CARTESIAN_POINT('',(-2.5,10.9,7.8));
#18775=CARTESIAN_POINT('',(-2.5,12.9799286969334,10.0060975289792));
#18776=CARTESIAN_POINT('',(-2.5,12.5,10.4585786437627));
#18777=CARTESIAN_POINT('',(-2.5,12.7,10.2700168354463));
#18778=CARTESIAN_POINT('',(-2.5,12.5,7.8));
#18779=CARTESIAN_POINT('',(-2.5,12.5,10.5));
#18780=CARTESIAN_POINT('',(-2.5,10.9,10.5));
#18781=CARTESIAN_POINT('',(-2.5,10.9,7.8));
#18782=CARTESIAN_POINT('',(-2.5,12.7,7.8));
#18783=CARTESIAN_POINT('',(-2.5,12.7,7.8));
#18784=CARTESIAN_POINT('',(-5.1,12.3,7.8));
#18785=CARTESIAN_POINT('',(-5.1,12.5,7.8));
#18786=CARTESIAN_POINT('',(-5.3,12.5,7.8));
#18787=CARTESIAN_POINT('',(-5.15857864376269,12.5,7.8));
#18788=CARTESIAN_POINT('',(-5.23083906286541,12.4233562514616,7.8));
#18789=CARTESIAN_POINT('',(-2.9,12.7,7.8));
#18790=CARTESIAN_POINT('',(-5.1,12.1,7.8));
#18791=CARTESIAN_POINT('',(-5.1,12.1,7.8));
#18792=CARTESIAN_POINT('',(-5.1,12.3,7.8));
#18793=CARTESIAN_POINT('',(-5.3,12.3,7.8));
#18794=CARTESIAN_POINT('',(-5.3,12.5,7.8));
#18795=CARTESIAN_POINT('',(-5.1,12.3,10.5));
#18796=CARTESIAN_POINT('',(-5.1,12.5,10.5));
#18797=CARTESIAN_POINT('',(-2.74142135623731,12.5,10.5));
#18798=CARTESIAN_POINT('',(-3.75151387831106,13.5713649079763,10.5));
#18799=CARTESIAN_POINT('',(-3.30710678118655,13.1,10.5));
#18800=CARTESIAN_POINT('',(-2.9,13.1,10.5));
#18801=CARTESIAN_POINT('',(-4.7,13.1,10.5));
#18802=CARTESIAN_POINT('',(-4.7,13.1,10.5));
#18803=CARTESIAN_POINT('',(-5.3,12.5,10.5));
#18804=CARTESIAN_POINT('',(-5.3,12.5,10.5));
#18805=CARTESIAN_POINT('',(-5.3,12.3,10.5));
#18806=CARTESIAN_POINT('',(-5.1,12.3,10.5));
#18807=CARTESIAN_POINT('',(-5.1,12.1,10.5));
#18808=CARTESIAN_POINT('',(-5.1,12.1,10.5));
#18809=CARTESIAN_POINT('',(-4.7,13.1,7.8));
#18810=CARTESIAN_POINT('',(-5.1397706826042,12.6602293173958,8.2527163228004));
#18811=CARTESIAN_POINT('',(-5.3,12.5,7.94142135623731));
#18812=CARTESIAN_POINT('',(-4.7,13.1,9.10710678118655));
#18813=CARTESIAN_POINT('',(-5.3,12.5,7.8));
#18814=CARTESIAN_POINT('',(-4.7,13.1,7.8));
#18815=CARTESIAN_POINT('',(-5.3,12.5,7.8));
#18816=CARTESIAN_POINT('',(-5.3,12.5,7.8));
#18817=CARTESIAN_POINT('',(-5.3,12.3,7.8));
#18818=CARTESIAN_POINT('',(-5.1,12.3,7.8));
#18819=CARTESIAN_POINT('',(-5.1,12.1,7.8));
#18820=CARTESIAN_POINT('',(-5.1,12.1,7.8));
#18821=CARTESIAN_POINT('',(-2.9,12.7,7.8));
#18822=CARTESIAN_POINT('',(-2.9,12.7,9.87001683544628));
#18823=CARTESIAN_POINT('',(-2.9,13.1,7.8));
#18824=CARTESIAN_POINT('',(-4.45355339059327,13.1,9.35355339059327));
#18825=CARTESIAN_POINT('',(-4.8,12.1,11.3));
#18826=CARTESIAN_POINT('',(-4.8,12.1,14.));
#18827=CARTESIAN_POINT('',(-4.8,12.1,14.));
#18828=CARTESIAN_POINT('',(-4.8,12.1,11.3));
#18829=CARTESIAN_POINT('',(-4.8,12.1,11.3));
#18830=CARTESIAN_POINT('',(-4.8,12.1,11.3));
#18831=CARTESIAN_POINT('',(-2.5,10.9,11.3));
#18832=CARTESIAN_POINT('',(-2.5,12.9799286969334,13.5060975289792));
#18833=CARTESIAN_POINT('',(-2.5,12.5,13.9585786437627));
#18834=CARTESIAN_POINT('',(-2.5,12.7,13.7700168354463));
#18835=CARTESIAN_POINT('',(-2.5,12.5,11.3));
#18836=CARTESIAN_POINT('',(-2.5,12.5,14.));
#18837=CARTESIAN_POINT('',(-2.5,10.9,14.));
#18838=CARTESIAN_POINT('',(-2.5,10.9,11.3));
#18839=CARTESIAN_POINT('',(-2.5,12.7,11.3));
#18840=CARTESIAN_POINT('',(-2.5,12.7,11.3));
#18841=CARTESIAN_POINT('',(-5.1,12.3,11.3));
#18842=CARTESIAN_POINT('',(-5.1,12.5,11.3));
#18843=CARTESIAN_POINT('',(-5.3,12.5,11.3));
#18844=CARTESIAN_POINT('',(-5.15857864376269,12.5,11.3));
#18845=CARTESIAN_POINT('',(-5.23083906286541,12.4233562514616,11.3));
#18846=CARTESIAN_POINT('',(-2.9,12.7,11.3));
#18847=CARTESIAN_POINT('',(-5.1,12.1,11.3));
#18848=CARTESIAN_POINT('',(-5.1,12.1,11.3));
#18849=CARTESIAN_POINT('',(-5.1,12.3,11.3));
#18850=CARTESIAN_POINT('',(-5.3,12.3,11.3));
#18851=CARTESIAN_POINT('',(-5.3,12.5,11.3));
#18852=CARTESIAN_POINT('',(-5.1,12.3,14.));
#18853=CARTESIAN_POINT('',(-5.1,12.5,14.));
#18854=CARTESIAN_POINT('',(-2.74142135623731,12.5,14.));
#18855=CARTESIAN_POINT('',(-3.75151387831106,13.5713649079763,14.));
#18856=CARTESIAN_POINT('',(-3.30710678118655,13.1,14.));
#18857=CARTESIAN_POINT('',(-2.9,13.1,14.));
#18858=CARTESIAN_POINT('',(-4.7,13.1,14.));
#18859=CARTESIAN_POINT('',(-4.7,13.1,14.));
#18860=CARTESIAN_POINT('',(-5.3,12.5,14.));
#18861=CARTESIAN_POINT('',(-5.3,12.5,14.));
#18862=CARTESIAN_POINT('',(-5.3,12.3,14.));
#18863=CARTESIAN_POINT('',(-5.1,12.3,14.));
#18864=CARTESIAN_POINT('',(-5.1,12.1,14.));
#18865=CARTESIAN_POINT('',(-5.1,12.1,14.));
#18866=CARTESIAN_POINT('',(-4.7,13.1,11.3));
#18867=CARTESIAN_POINT('',(-5.1397706826042,12.6602293173958,11.7527163228004));
#18868=CARTESIAN_POINT('',(-5.3,12.5,11.4414213562373));
#18869=CARTESIAN_POINT('',(-4.7,13.1,12.6071067811865));
#18870=CARTESIAN_POINT('',(-5.3,12.5,11.3));
#18871=CARTESIAN_POINT('',(-4.7,13.1,11.3));
#18872=CARTESIAN_POINT('',(-5.3,12.5,11.3));
#18873=CARTESIAN_POINT('',(-5.3,12.5,11.3));
#18874=CARTESIAN_POINT('',(-5.3,12.3,11.3));
#18875=CARTESIAN_POINT('',(-5.1,12.3,11.3));
#18876=CARTESIAN_POINT('',(-5.1,12.1,11.3));
#18877=CARTESIAN_POINT('',(-5.1,12.1,11.3));
#18878=CARTESIAN_POINT('',(-2.9,12.7,11.3));
#18879=CARTESIAN_POINT('',(-2.9,12.7,13.3700168354463));
#18880=CARTESIAN_POINT('',(-2.9,13.1,11.3));
#18881=CARTESIAN_POINT('',(-4.45355339059327,13.1,12.8535533905933));
#18882=CARTESIAN_POINT('',(-4.8,12.1,14.8));
#18883=CARTESIAN_POINT('',(-4.8,12.1,17.5));
#18884=CARTESIAN_POINT('',(-4.8,12.1,17.5));
#18885=CARTESIAN_POINT('',(-4.8,12.1,14.8));
#18886=CARTESIAN_POINT('',(-4.8,12.1,14.8));
#18887=CARTESIAN_POINT('',(-4.8,12.1,14.8));
#18888=CARTESIAN_POINT('',(-2.5,10.9,14.8));
#18889=CARTESIAN_POINT('',(-2.5,12.9799286969334,17.0060975289792));
#18890=CARTESIAN_POINT('',(-2.5,12.5,17.4585786437627));
#18891=CARTESIAN_POINT('',(-2.5,12.7,17.2700168354463));
#18892=CARTESIAN_POINT('',(-2.5,12.5,14.8));
#18893=CARTESIAN_POINT('',(-2.5,12.5,17.5));
#18894=CARTESIAN_POINT('',(-2.5,10.9,17.5));
#18895=CARTESIAN_POINT('',(-2.5,10.9,14.8));
#18896=CARTESIAN_POINT('',(-2.5,12.7,14.8));
#18897=CARTESIAN_POINT('',(-2.5,12.7,14.8));
#18898=CARTESIAN_POINT('',(-5.1,12.3,14.8));
#18899=CARTESIAN_POINT('',(-5.1,12.5,14.8));
#18900=CARTESIAN_POINT('',(-5.3,12.5,14.8));
#18901=CARTESIAN_POINT('',(-5.15857864376269,12.5,14.8));
#18902=CARTESIAN_POINT('',(-5.2308390628654,12.4233562514616,14.8));
#18903=CARTESIAN_POINT('',(-2.9,12.7,14.8));
#18904=CARTESIAN_POINT('',(-5.1,12.1,14.8));
#18905=CARTESIAN_POINT('',(-5.1,12.1,14.8));
#18906=CARTESIAN_POINT('',(-5.1,12.3,14.8));
#18907=CARTESIAN_POINT('',(-5.3,12.3,14.8));
#18908=CARTESIAN_POINT('',(-5.3,12.5,14.8));
#18909=CARTESIAN_POINT('',(-5.1,12.3,17.5));
#18910=CARTESIAN_POINT('',(-5.1,12.5,17.5));
#18911=CARTESIAN_POINT('',(-2.74142135623731,12.5,17.5));
#18912=CARTESIAN_POINT('',(-3.75151387831106,13.5713649079763,17.5));
#18913=CARTESIAN_POINT('',(-3.30710678118654,13.1,17.5));
#18914=CARTESIAN_POINT('',(-2.9,13.1,17.5));
#18915=CARTESIAN_POINT('',(-4.7,13.1,17.5));
#18916=CARTESIAN_POINT('',(-4.7,13.1,17.5));
#18917=CARTESIAN_POINT('',(-5.3,12.5,17.5));
#18918=CARTESIAN_POINT('',(-5.3,12.5,17.5));
#18919=CARTESIAN_POINT('',(-5.3,12.3,17.5));
#18920=CARTESIAN_POINT('',(-5.1,12.3,17.5));
#18921=CARTESIAN_POINT('',(-5.1,12.1,17.5));
#18922=CARTESIAN_POINT('',(-5.1,12.1,17.5));
#18923=CARTESIAN_POINT('',(-4.7,13.1,14.8));
#18924=CARTESIAN_POINT('',(-5.1397706826042,12.6602293173958,15.2527163228004));
#18925=CARTESIAN_POINT('',(-5.3,12.5,14.9414213562373));
#18926=CARTESIAN_POINT('',(-4.7,13.1,16.1071067811865));
#18927=CARTESIAN_POINT('',(-5.3,12.5,14.8));
#18928=CARTESIAN_POINT('',(-4.7,13.1,14.8));
#18929=CARTESIAN_POINT('',(-5.3,12.5,14.8));
#18930=CARTESIAN_POINT('',(-5.3,12.5,14.8));
#18931=CARTESIAN_POINT('',(-5.3,12.3,14.8));
#18932=CARTESIAN_POINT('',(-5.1,12.3,14.8));
#18933=CARTESIAN_POINT('',(-5.1,12.1,14.8));
#18934=CARTESIAN_POINT('',(-5.1,12.1,14.8));
#18935=CARTESIAN_POINT('',(-2.9,12.7,14.8));
#18936=CARTESIAN_POINT('',(-2.9,12.7,16.8700168354463));
#18937=CARTESIAN_POINT('',(-2.9,13.1,14.8));
#18938=CARTESIAN_POINT('',(-4.45355339059327,13.1,16.3535533905933));
#18939=CARTESIAN_POINT('',(-4.8,12.1,18.3));
#18940=CARTESIAN_POINT('',(-4.8,12.1,21.));
#18941=CARTESIAN_POINT('',(-4.8,12.1,21.));
#18942=CARTESIAN_POINT('',(-4.8,12.1,18.3));
#18943=CARTESIAN_POINT('',(-4.8,12.1,18.3));
#18944=CARTESIAN_POINT('',(-4.8,12.1,18.3));
#18945=CARTESIAN_POINT('',(-2.5,10.9,18.3));
#18946=CARTESIAN_POINT('',(-2.5,12.9799286969334,20.5060975289792));
#18947=CARTESIAN_POINT('',(-2.5,12.5,20.9585786437627));
#18948=CARTESIAN_POINT('',(-2.5,12.7,20.7700168354463));
#18949=CARTESIAN_POINT('',(-2.5,12.5,18.3));
#18950=CARTESIAN_POINT('',(-2.5,12.5,21.));
#18951=CARTESIAN_POINT('',(-2.5,10.9,21.));
#18952=CARTESIAN_POINT('',(-2.5,10.9,18.3));
#18953=CARTESIAN_POINT('',(-2.5,12.7,18.3));
#18954=CARTESIAN_POINT('',(-2.5,12.7,18.3));
#18955=CARTESIAN_POINT('',(-5.1,12.3,18.3));
#18956=CARTESIAN_POINT('',(-5.1,12.5,18.3));
#18957=CARTESIAN_POINT('',(-5.3,12.5,18.3));
#18958=CARTESIAN_POINT('',(-5.15857864376269,12.5,18.3));
#18959=CARTESIAN_POINT('',(-5.23083906286541,12.4233562514616,18.3));
#18960=CARTESIAN_POINT('',(-2.9,12.7,18.3));
#18961=CARTESIAN_POINT('',(-5.1,12.1,18.3));
#18962=CARTESIAN_POINT('',(-5.1,12.1,18.3));
#18963=CARTESIAN_POINT('',(-5.1,12.3,18.3));
#18964=CARTESIAN_POINT('',(-5.3,12.3,18.3));
#18965=CARTESIAN_POINT('',(-5.3,12.5,18.3));
#18966=CARTESIAN_POINT('',(-5.1,12.3,21.));
#18967=CARTESIAN_POINT('',(-5.1,12.5,21.));
#18968=CARTESIAN_POINT('',(-2.74142135623731,12.5,21.));
#18969=CARTESIAN_POINT('',(-3.75151387831106,13.5713649079763,21.));
#18970=CARTESIAN_POINT('',(-3.30710678118655,13.1,21.));
#18971=CARTESIAN_POINT('',(-2.9,13.1,21.));
#18972=CARTESIAN_POINT('',(-4.7,13.1,21.));
#18973=CARTESIAN_POINT('',(-4.7,13.1,21.));
#18974=CARTESIAN_POINT('',(-5.3,12.5,21.));
#18975=CARTESIAN_POINT('',(-5.3,12.5,21.));
#18976=CARTESIAN_POINT('',(-5.3,12.3,21.));
#18977=CARTESIAN_POINT('',(-5.1,12.3,21.));
#18978=CARTESIAN_POINT('',(-5.1,12.1,21.));
#18979=CARTESIAN_POINT('',(-5.1,12.1,21.));
#18980=CARTESIAN_POINT('',(-4.7,13.1,18.3));
#18981=CARTESIAN_POINT('',(-5.1397706826042,12.6602293173958,18.7527163228004));
#18982=CARTESIAN_POINT('',(-5.3,12.5,18.4414213562373));
#18983=CARTESIAN_POINT('',(-4.7,13.1,19.6071067811865));
#18984=CARTESIAN_POINT('',(-5.3,12.5,18.3));
#18985=CARTESIAN_POINT('',(-4.7,13.1,18.3));
#18986=CARTESIAN_POINT('',(-5.3,12.5,18.3));
#18987=CARTESIAN_POINT('',(-5.3,12.5,18.3));
#18988=CARTESIAN_POINT('',(-5.3,12.3,18.3));
#18989=CARTESIAN_POINT('',(-5.1,12.3,18.3));
#18990=CARTESIAN_POINT('',(-5.1,12.1,18.3));
#18991=CARTESIAN_POINT('',(-5.1,12.1,18.3));
#18992=CARTESIAN_POINT('',(-2.9,12.7,18.3));
#18993=CARTESIAN_POINT('',(-2.9,12.7,20.3700168354463));
#18994=CARTESIAN_POINT('',(-2.9,13.1,18.3));
#18995=CARTESIAN_POINT('',(-4.45355339059327,13.1,19.8535533905933));
#18996=CARTESIAN_POINT('',(-4.8,12.1,21.8));
#18997=CARTESIAN_POINT('',(-4.8,12.1,24.5));
#18998=CARTESIAN_POINT('',(-4.8,12.1,24.5));
#18999=CARTESIAN_POINT('',(-4.8,12.1,21.8));
#19000=CARTESIAN_POINT('',(-4.8,12.1,21.8));
#19001=CARTESIAN_POINT('',(-4.8,12.1,21.8));
#19002=CARTESIAN_POINT('',(-2.5,10.9,21.8));
#19003=CARTESIAN_POINT('',(-2.5,12.9799286969334,24.0060975289792));
#19004=CARTESIAN_POINT('',(-2.5,12.5,24.4585786437627));
#19005=CARTESIAN_POINT('',(-2.5,12.7,24.2700168354463));
#19006=CARTESIAN_POINT('',(-2.5,12.5,21.8));
#19007=CARTESIAN_POINT('',(-2.5,12.5,24.5));
#19008=CARTESIAN_POINT('',(-2.5,10.9,24.5));
#19009=CARTESIAN_POINT('',(-2.5,10.9,21.8));
#19010=CARTESIAN_POINT('',(-2.5,12.7,21.8));
#19011=CARTESIAN_POINT('',(-2.5,12.7,21.8));
#19012=CARTESIAN_POINT('',(-5.1,12.3,21.8));
#19013=CARTESIAN_POINT('',(-5.1,12.5,21.8));
#19014=CARTESIAN_POINT('',(-5.3,12.5,21.8));
#19015=CARTESIAN_POINT('',(-5.15857864376269,12.5,21.8));
#19016=CARTESIAN_POINT('',(-5.23083906286541,12.4233562514616,21.8));
#19017=CARTESIAN_POINT('',(-2.9,12.7,21.8));
#19018=CARTESIAN_POINT('',(-5.1,12.1,21.8));
#19019=CARTESIAN_POINT('',(-5.1,12.1,21.8));
#19020=CARTESIAN_POINT('',(-5.1,12.3,21.8));
#19021=CARTESIAN_POINT('',(-5.3,12.3,21.8));
#19022=CARTESIAN_POINT('',(-5.3,12.5,21.8));
#19023=CARTESIAN_POINT('',(-5.1,12.3,24.5));
#19024=CARTESIAN_POINT('',(-5.1,12.5,24.5));
#19025=CARTESIAN_POINT('',(-2.74142135623731,12.5,24.5));
#19026=CARTESIAN_POINT('',(-3.75151387831106,13.5713649079763,24.5));
#19027=CARTESIAN_POINT('',(-3.30710678118655,13.1,24.5));
#19028=CARTESIAN_POINT('',(-2.9,13.1,24.5));
#19029=CARTESIAN_POINT('',(-4.7,13.1,24.5));
#19030=CARTESIAN_POINT('',(-4.7,13.1,24.5));
#19031=CARTESIAN_POINT('',(-5.3,12.5,24.5));
#19032=CARTESIAN_POINT('',(-5.3,12.5,24.5));
#19033=CARTESIAN_POINT('',(-5.3,12.3,24.5));
#19034=CARTESIAN_POINT('',(-5.1,12.3,24.5));
#19035=CARTESIAN_POINT('',(-5.1,12.1,24.5));
#19036=CARTESIAN_POINT('',(-5.1,12.1,24.5));
#19037=CARTESIAN_POINT('',(-4.7,13.1,21.8));
#19038=CARTESIAN_POINT('',(-5.1397706826042,12.6602293173958,22.2527163228004));
#19039=CARTESIAN_POINT('',(-5.3,12.5,21.9414213562373));
#19040=CARTESIAN_POINT('',(-4.7,13.1,23.1071067811865));
#19041=CARTESIAN_POINT('',(-5.3,12.5,21.8));
#19042=CARTESIAN_POINT('',(-4.7,13.1,21.8));
#19043=CARTESIAN_POINT('',(-5.3,12.5,21.8));
#19044=CARTESIAN_POINT('',(-5.3,12.5,21.8));
#19045=CARTESIAN_POINT('',(-5.3,12.3,21.8));
#19046=CARTESIAN_POINT('',(-5.1,12.3,21.8));
#19047=CARTESIAN_POINT('',(-5.1,12.1,21.8));
#19048=CARTESIAN_POINT('',(-5.1,12.1,21.8));
#19049=CARTESIAN_POINT('',(-2.9,12.7,21.8));
#19050=CARTESIAN_POINT('',(-2.9,12.7,23.8700168354463));
#19051=CARTESIAN_POINT('',(-2.9,13.1,21.8));
#19052=CARTESIAN_POINT('',(-4.45355339059327,13.1,23.3535533905933));
#19053=CARTESIAN_POINT('',(-4.8,12.1,25.3));
#19054=CARTESIAN_POINT('',(-4.8,12.1,28.));
#19055=CARTESIAN_POINT('',(-4.8,12.1,28.));
#19056=CARTESIAN_POINT('',(-4.8,12.1,25.3));
#19057=CARTESIAN_POINT('',(-4.8,12.1,25.3));
#19058=CARTESIAN_POINT('',(-4.8,12.1,25.3));
#19059=CARTESIAN_POINT('',(-2.5,10.9,25.3));
#19060=CARTESIAN_POINT('',(-2.5,12.9799286969334,27.5060975289792));
#19061=CARTESIAN_POINT('',(-2.5,12.5,27.9585786437627));
#19062=CARTESIAN_POINT('',(-2.5,12.7,27.7700168354463));
#19063=CARTESIAN_POINT('',(-2.5,12.5,25.3));
#19064=CARTESIAN_POINT('',(-2.5,12.5,28.));
#19065=CARTESIAN_POINT('',(-2.5,10.9,28.));
#19066=CARTESIAN_POINT('',(-2.5,10.9,25.3));
#19067=CARTESIAN_POINT('',(-2.5,12.7,25.3));
#19068=CARTESIAN_POINT('',(-2.5,12.7,25.3));
#19069=CARTESIAN_POINT('',(-5.1,12.3,25.3));
#19070=CARTESIAN_POINT('',(-5.1,12.5,25.3));
#19071=CARTESIAN_POINT('',(-5.3,12.5,25.3));
#19072=CARTESIAN_POINT('',(-5.15857864376269,12.5,25.3));
#19073=CARTESIAN_POINT('',(-5.23083906286541,12.4233562514616,25.3));
#19074=CARTESIAN_POINT('',(-2.9,12.7,25.3));
#19075=CARTESIAN_POINT('',(-5.1,12.1,25.3));
#19076=CARTESIAN_POINT('',(-5.1,12.1,25.3));
#19077=CARTESIAN_POINT('',(-5.1,12.3,25.3));
#19078=CARTESIAN_POINT('',(-5.3,12.3,25.3));
#19079=CARTESIAN_POINT('',(-5.3,12.5,25.3));
#19080=CARTESIAN_POINT('',(-5.1,12.3,28.));
#19081=CARTESIAN_POINT('',(-5.1,12.5,28.));
#19082=CARTESIAN_POINT('',(-2.74142135623731,12.5,28.));
#19083=CARTESIAN_POINT('',(-3.75151387831106,13.5713649079763,28.));
#19084=CARTESIAN_POINT('',(-3.30710678118655,13.1,28.));
#19085=CARTESIAN_POINT('',(-2.9,13.1,28.));
#19086=CARTESIAN_POINT('',(-4.7,13.1,28.));
#19087=CARTESIAN_POINT('',(-4.7,13.1,28.));
#19088=CARTESIAN_POINT('',(-5.3,12.5,28.));
#19089=CARTESIAN_POINT('',(-5.3,12.5,28.));
#19090=CARTESIAN_POINT('',(-5.3,12.3,28.));
#19091=CARTESIAN_POINT('',(-5.1,12.3,28.));
#19092=CARTESIAN_POINT('',(-5.1,12.1,28.));
#19093=CARTESIAN_POINT('',(-5.1,12.1,28.));
#19094=CARTESIAN_POINT('',(-4.7,13.1,25.3));
#19095=CARTESIAN_POINT('',(-5.1397706826042,12.6602293173958,25.7527163228004));
#19096=CARTESIAN_POINT('',(-5.3,12.5,25.4414213562373));
#19097=CARTESIAN_POINT('',(-4.7,13.1,26.6071067811865));
#19098=CARTESIAN_POINT('',(-5.3,12.5,25.3));
#19099=CARTESIAN_POINT('',(-4.7,13.1,25.3));
#19100=CARTESIAN_POINT('',(-5.3,12.5,25.3));
#19101=CARTESIAN_POINT('',(-5.3,12.5,25.3));
#19102=CARTESIAN_POINT('',(-5.3,12.3,25.3));
#19103=CARTESIAN_POINT('',(-5.1,12.3,25.3));
#19104=CARTESIAN_POINT('',(-5.1,12.1,25.3));
#19105=CARTESIAN_POINT('',(-5.1,12.1,25.3));
#19106=CARTESIAN_POINT('',(-2.9,12.7,25.3));
#19107=CARTESIAN_POINT('',(-2.9,12.7,27.3700168354463));
#19108=CARTESIAN_POINT('',(-2.9,13.1,25.3));
#19109=CARTESIAN_POINT('',(-4.45355339059327,13.1,26.8535533905933));
#19110=CARTESIAN_POINT('',(-4.8,12.1,28.8));
#19111=CARTESIAN_POINT('',(-4.8,12.1,31.5));
#19112=CARTESIAN_POINT('',(-4.8,12.1,31.5));
#19113=CARTESIAN_POINT('',(-4.8,12.1,28.8));
#19114=CARTESIAN_POINT('',(-4.8,12.1,28.8));
#19115=CARTESIAN_POINT('',(-4.8,12.1,28.8));
#19116=CARTESIAN_POINT('',(-2.5,10.9,28.8));
#19117=CARTESIAN_POINT('',(-2.5,12.9799286969334,31.0060975289792));
#19118=CARTESIAN_POINT('',(-2.5,12.5,31.4585786437627));
#19119=CARTESIAN_POINT('',(-2.5,12.7,31.2700168354463));
#19120=CARTESIAN_POINT('',(-2.5,12.5,28.8));
#19121=CARTESIAN_POINT('',(-2.5,12.5,31.5));
#19122=CARTESIAN_POINT('',(-2.5,10.9,31.5));
#19123=CARTESIAN_POINT('',(-2.5,10.9,28.8));
#19124=CARTESIAN_POINT('',(-2.5,12.7,28.8));
#19125=CARTESIAN_POINT('',(-2.5,12.7,28.8));
#19126=CARTESIAN_POINT('',(-5.1,12.3,28.8));
#19127=CARTESIAN_POINT('',(-5.1,12.5,28.8));
#19128=CARTESIAN_POINT('',(-5.3,12.5,28.8));
#19129=CARTESIAN_POINT('',(-5.1585786437627,12.5,28.8));
#19130=CARTESIAN_POINT('',(-5.23083906286541,12.4233562514616,28.8));
#19131=CARTESIAN_POINT('',(-2.9,12.7,28.8));
#19132=CARTESIAN_POINT('',(-5.1,12.1,28.8));
#19133=CARTESIAN_POINT('',(-5.1,12.1,28.8));
#19134=CARTESIAN_POINT('',(-5.1,12.3,28.8));
#19135=CARTESIAN_POINT('',(-5.3,12.3,28.8));
#19136=CARTESIAN_POINT('',(-5.3,12.5,28.8));
#19137=CARTESIAN_POINT('',(-5.1,12.3,31.5));
#19138=CARTESIAN_POINT('',(-5.1,12.5,31.5));
#19139=CARTESIAN_POINT('',(-2.74142135623731,12.5,31.5));
#19140=CARTESIAN_POINT('',(-3.75151387831106,13.5713649079763,31.5));
#19141=CARTESIAN_POINT('',(-3.30710678118655,13.1,31.5));
#19142=CARTESIAN_POINT('',(-2.9,13.1,31.5));
#19143=CARTESIAN_POINT('',(-4.7,13.1,31.5));
#19144=CARTESIAN_POINT('',(-4.7,13.1,31.5));
#19145=CARTESIAN_POINT('',(-5.3,12.5,31.5));
#19146=CARTESIAN_POINT('',(-5.3,12.5,31.5));
#19147=CARTESIAN_POINT('',(-5.3,12.3,31.5));
#19148=CARTESIAN_POINT('',(-5.1,12.3,31.5));
#19149=CARTESIAN_POINT('',(-5.1,12.1,31.5));
#19150=CARTESIAN_POINT('',(-5.1,12.1,31.5));
#19151=CARTESIAN_POINT('',(-4.7,13.1,28.8));
#19152=CARTESIAN_POINT('',(-5.1397706826042,12.6602293173958,29.2527163228004));
#19153=CARTESIAN_POINT('',(-5.3,12.5,28.9414213562373));
#19154=CARTESIAN_POINT('',(-4.7,13.1,30.1071067811865));
#19155=CARTESIAN_POINT('',(-5.3,12.5,28.8));
#19156=CARTESIAN_POINT('',(-4.7,13.1,28.8));
#19157=CARTESIAN_POINT('',(-5.3,12.5,28.8));
#19158=CARTESIAN_POINT('',(-5.3,12.5,28.8));
#19159=CARTESIAN_POINT('',(-5.3,12.3,28.8));
#19160=CARTESIAN_POINT('',(-5.1,12.3,28.8));
#19161=CARTESIAN_POINT('',(-5.1,12.1,28.8));
#19162=CARTESIAN_POINT('',(-5.1,12.1,28.8));
#19163=CARTESIAN_POINT('',(-2.9,12.7,28.8));
#19164=CARTESIAN_POINT('',(-2.9,12.7,30.8700168354463));
#19165=CARTESIAN_POINT('',(-2.9,13.1,28.8));
#19166=CARTESIAN_POINT('',(-4.45355339059327,13.1,30.3535533905933));
#19167=CARTESIAN_POINT('',(-4.8,12.1,32.3));
#19168=CARTESIAN_POINT('',(-4.8,12.1,35.));
#19169=CARTESIAN_POINT('',(-4.8,12.1,35.));
#19170=CARTESIAN_POINT('',(-4.8,12.1,32.3));
#19171=CARTESIAN_POINT('',(-4.8,12.1,32.3));
#19172=CARTESIAN_POINT('',(-4.8,12.1,32.3));
#19173=CARTESIAN_POINT('',(-2.5,10.9,32.3));
#19174=CARTESIAN_POINT('',(-2.5,12.9799286969334,34.5060975289792));
#19175=CARTESIAN_POINT('',(-2.5,12.5,34.9585786437627));
#19176=CARTESIAN_POINT('',(-2.5,12.7,34.7700168354463));
#19177=CARTESIAN_POINT('',(-2.5,12.5,32.3));
#19178=CARTESIAN_POINT('',(-2.5,12.5,35.));
#19179=CARTESIAN_POINT('',(-2.5,10.9,35.));
#19180=CARTESIAN_POINT('',(-2.5,10.9,32.3));
#19181=CARTESIAN_POINT('',(-2.5,12.7,32.3));
#19182=CARTESIAN_POINT('',(-2.5,12.7,32.3));
#19183=CARTESIAN_POINT('',(-5.1,12.3,32.3));
#19184=CARTESIAN_POINT('',(-5.1,12.5,32.3));
#19185=CARTESIAN_POINT('',(-5.3,12.5,32.3));
#19186=CARTESIAN_POINT('',(-5.15857864376268,12.5,32.3));
#19187=CARTESIAN_POINT('',(-5.2308390628654,12.4233562514616,32.3));
#19188=CARTESIAN_POINT('',(-2.9,12.7,32.3));
#19189=CARTESIAN_POINT('',(-5.1,12.1,32.3));
#19190=CARTESIAN_POINT('',(-5.1,12.1,32.3));
#19191=CARTESIAN_POINT('',(-5.1,12.3,32.3));
#19192=CARTESIAN_POINT('',(-5.3,12.3,32.3));
#19193=CARTESIAN_POINT('',(-5.3,12.5,32.3));
#19194=CARTESIAN_POINT('',(-5.1,12.3,35.));
#19195=CARTESIAN_POINT('',(-5.1,12.5,35.));
#19196=CARTESIAN_POINT('',(-2.7414213562373,12.5,35.));
#19197=CARTESIAN_POINT('',(-3.75151387831106,13.5713649079763,35.));
#19198=CARTESIAN_POINT('',(-3.30710678118653,13.1,35.));
#19199=CARTESIAN_POINT('',(-2.9,13.1,35.));
#19200=CARTESIAN_POINT('',(-4.7,13.1,35.));
#19201=CARTESIAN_POINT('',(-4.7,13.1,35.));
#19202=CARTESIAN_POINT('',(-5.3,12.5,35.));
#19203=CARTESIAN_POINT('',(-5.3,12.5,35.));
#19204=CARTESIAN_POINT('',(-5.3,12.3,35.));
#19205=CARTESIAN_POINT('',(-5.1,12.3,35.));
#19206=CARTESIAN_POINT('',(-5.1,12.1,35.));
#19207=CARTESIAN_POINT('',(-5.1,12.1,35.));
#19208=CARTESIAN_POINT('',(-4.7,13.1,32.3));
#19209=CARTESIAN_POINT('',(-5.13977068260419,12.6602293173958,32.7527163228004));
#19210=CARTESIAN_POINT('',(-5.3,12.5,32.4414213562373));
#19211=CARTESIAN_POINT('',(-4.7,13.1,33.6071067811865));
#19212=CARTESIAN_POINT('',(-5.3,12.5,32.3));
#19213=CARTESIAN_POINT('',(-4.7,13.1,32.3));
#19214=CARTESIAN_POINT('',(-5.3,12.5,32.3));
#19215=CARTESIAN_POINT('',(-5.3,12.5,32.3));
#19216=CARTESIAN_POINT('',(-5.3,12.3,32.3));
#19217=CARTESIAN_POINT('',(-5.1,12.3,32.3));
#19218=CARTESIAN_POINT('',(-5.1,12.1,32.3));
#19219=CARTESIAN_POINT('',(-5.1,12.1,32.3));
#19220=CARTESIAN_POINT('',(-2.9,12.7,32.3));
#19221=CARTESIAN_POINT('',(-2.9,12.7,34.3700168354463));
#19222=CARTESIAN_POINT('',(-2.9,13.1,32.3));
#19223=CARTESIAN_POINT('',(-4.45355339059327,13.1,33.8535533905933));
#19224=CARTESIAN_POINT('',(-4.8,12.1,35.8));
#19225=CARTESIAN_POINT('',(-4.8,12.1,38.5));
#19226=CARTESIAN_POINT('',(-4.8,12.1,38.5));
#19227=CARTESIAN_POINT('',(-4.8,12.1,35.8));
#19228=CARTESIAN_POINT('',(-4.8,12.1,35.8));
#19229=CARTESIAN_POINT('',(-4.8,12.1,35.8));
#19230=CARTESIAN_POINT('',(-2.5,10.9,35.8));
#19231=CARTESIAN_POINT('',(-2.5,12.9799286969334,38.0060975289792));
#19232=CARTESIAN_POINT('',(-2.5,12.5,38.4585786437627));
#19233=CARTESIAN_POINT('',(-2.5,12.7,38.2700168354463));
#19234=CARTESIAN_POINT('',(-2.5,12.5,35.8));
#19235=CARTESIAN_POINT('',(-2.5,12.5,38.5));
#19236=CARTESIAN_POINT('',(-2.5,10.9,38.5));
#19237=CARTESIAN_POINT('',(-2.5,10.9,35.8));
#19238=CARTESIAN_POINT('',(-2.5,12.7,35.8));
#19239=CARTESIAN_POINT('',(-2.5,12.7,35.8));
#19240=CARTESIAN_POINT('',(-5.1,12.3,35.8));
#19241=CARTESIAN_POINT('',(-5.1,12.5,35.8));
#19242=CARTESIAN_POINT('',(-5.3,12.5,35.8));
#19243=CARTESIAN_POINT('',(-5.15857864376269,12.5,35.8));
#19244=CARTESIAN_POINT('',(-5.23083906286541,12.4233562514616,35.8));
#19245=CARTESIAN_POINT('',(-2.9,12.7,35.8));
#19246=CARTESIAN_POINT('',(-5.1,12.1,35.8));
#19247=CARTESIAN_POINT('',(-5.1,12.1,35.8));
#19248=CARTESIAN_POINT('',(-5.1,12.3,35.8));
#19249=CARTESIAN_POINT('',(-5.3,12.3,35.8));
#19250=CARTESIAN_POINT('',(-5.3,12.5,35.8));
#19251=CARTESIAN_POINT('',(-5.1,12.3,38.5));
#19252=CARTESIAN_POINT('',(-5.1,12.5,38.5));
#19253=CARTESIAN_POINT('',(-2.7414213562373,12.5,38.5));
#19254=CARTESIAN_POINT('',(-3.75151387831106,13.5713649079763,38.5));
#19255=CARTESIAN_POINT('',(-3.30710678118654,13.1,38.5));
#19256=CARTESIAN_POINT('',(-2.9,13.1,38.5));
#19257=CARTESIAN_POINT('',(-4.7,13.1,38.5));
#19258=CARTESIAN_POINT('',(-4.7,13.1,38.5));
#19259=CARTESIAN_POINT('',(-5.3,12.5,38.5));
#19260=CARTESIAN_POINT('',(-5.3,12.5,38.5));
#19261=CARTESIAN_POINT('',(-5.3,12.3,38.5));
#19262=CARTESIAN_POINT('',(-5.1,12.3,38.5));
#19263=CARTESIAN_POINT('',(-5.1,12.1,38.5));
#19264=CARTESIAN_POINT('',(-5.1,12.1,38.5));
#19265=CARTESIAN_POINT('',(-4.7,13.1,35.8));
#19266=CARTESIAN_POINT('',(-5.1397706826042,12.6602293173958,36.2527163228004));
#19267=CARTESIAN_POINT('',(-5.3,12.5,35.9414213562373));
#19268=CARTESIAN_POINT('',(-4.7,13.1,37.1071067811865));
#19269=CARTESIAN_POINT('',(-5.3,12.5,35.8));
#19270=CARTESIAN_POINT('',(-4.7,13.1,35.8));
#19271=CARTESIAN_POINT('',(-5.3,12.5,35.8));
#19272=CARTESIAN_POINT('',(-5.3,12.5,35.8));
#19273=CARTESIAN_POINT('',(-5.3,12.3,35.8));
#19274=CARTESIAN_POINT('',(-5.1,12.3,35.8));
#19275=CARTESIAN_POINT('',(-5.1,12.1,35.8));
#19276=CARTESIAN_POINT('',(-5.1,12.1,35.8));
#19277=CARTESIAN_POINT('',(-2.9,12.7,35.8));
#19278=CARTESIAN_POINT('',(-2.9,12.7,37.8700168354463));
#19279=CARTESIAN_POINT('',(-2.9,13.1,35.8));
#19280=CARTESIAN_POINT('',(-4.45355339059327,13.1,37.3535533905933));
#19281=CARTESIAN_POINT('',(-4.8,12.1,39.3));
#19282=CARTESIAN_POINT('',(-4.8,12.1,42.));
#19283=CARTESIAN_POINT('',(-4.8,12.1,42.));
#19284=CARTESIAN_POINT('',(-4.8,12.1,39.3));
#19285=CARTESIAN_POINT('',(-4.8,12.1,39.3));
#19286=CARTESIAN_POINT('',(-4.8,12.1,39.3));
#19287=CARTESIAN_POINT('',(-2.5,10.9,39.3));
#19288=CARTESIAN_POINT('',(-2.5,12.9799286969334,41.5060975289792));
#19289=CARTESIAN_POINT('',(-2.5,12.5,41.9585786437627));
#19290=CARTESIAN_POINT('',(-2.5,12.7,41.7700168354463));
#19291=CARTESIAN_POINT('',(-2.5,12.5,39.3));
#19292=CARTESIAN_POINT('',(-2.5,12.5,42.));
#19293=CARTESIAN_POINT('',(-2.5,10.9,42.));
#19294=CARTESIAN_POINT('',(-2.5,10.9,39.3));
#19295=CARTESIAN_POINT('',(-2.5,12.7,39.3));
#19296=CARTESIAN_POINT('',(-2.5,12.7,39.3));
#19297=CARTESIAN_POINT('',(-5.1,12.3,39.3));
#19298=CARTESIAN_POINT('',(-5.1,12.5,39.3));
#19299=CARTESIAN_POINT('',(-5.3,12.5,39.3));
#19300=CARTESIAN_POINT('',(-5.15857864376268,12.5,39.3));
#19301=CARTESIAN_POINT('',(-5.2308390628654,12.4233562514616,39.3));
#19302=CARTESIAN_POINT('',(-2.9,12.7,39.3));
#19303=CARTESIAN_POINT('',(-5.1,12.1,39.3));
#19304=CARTESIAN_POINT('',(-5.1,12.1,39.3));
#19305=CARTESIAN_POINT('',(-5.1,12.3,39.3));
#19306=CARTESIAN_POINT('',(-5.3,12.3,39.3));
#19307=CARTESIAN_POINT('',(-5.3,12.5,39.3));
#19308=CARTESIAN_POINT('',(-5.1,12.3,42.));
#19309=CARTESIAN_POINT('',(-5.1,12.5,42.));
#19310=CARTESIAN_POINT('',(-2.7414213562373,12.5,42.));
#19311=CARTESIAN_POINT('',(-3.75151387831106,13.5713649079763,42.));
#19312=CARTESIAN_POINT('',(-3.30710678118653,13.1,42.));
#19313=CARTESIAN_POINT('',(-2.9,13.1,42.));
#19314=CARTESIAN_POINT('',(-4.7,13.1,42.));
#19315=CARTESIAN_POINT('',(-4.7,13.1,42.));
#19316=CARTESIAN_POINT('',(-5.3,12.5,42.));
#19317=CARTESIAN_POINT('',(-5.3,12.5,42.));
#19318=CARTESIAN_POINT('',(-5.3,12.3,42.));
#19319=CARTESIAN_POINT('',(-5.1,12.3,42.));
#19320=CARTESIAN_POINT('',(-5.1,12.1,42.));
#19321=CARTESIAN_POINT('',(-5.1,12.1,42.));
#19322=CARTESIAN_POINT('',(-4.7,13.1,39.3));
#19323=CARTESIAN_POINT('',(-5.13977068260419,12.6602293173958,39.7527163228004));
#19324=CARTESIAN_POINT('',(-5.3,12.5,39.4414213562373));
#19325=CARTESIAN_POINT('',(-4.7,13.1,40.6071067811865));
#19326=CARTESIAN_POINT('',(-5.3,12.5,39.3));
#19327=CARTESIAN_POINT('',(-4.7,13.1,39.3));
#19328=CARTESIAN_POINT('',(-5.3,12.5,39.3));
#19329=CARTESIAN_POINT('',(-5.3,12.5,39.3));
#19330=CARTESIAN_POINT('',(-5.3,12.3,39.3));
#19331=CARTESIAN_POINT('',(-5.1,12.3,39.3));
#19332=CARTESIAN_POINT('',(-5.1,12.1,39.3));
#19333=CARTESIAN_POINT('',(-5.1,12.1,39.3));
#19334=CARTESIAN_POINT('',(-2.9,12.7,39.3));
#19335=CARTESIAN_POINT('',(-2.9,12.7,41.3700168354463));
#19336=CARTESIAN_POINT('',(-2.9,13.1,39.3));
#19337=CARTESIAN_POINT('',(-4.45355339059327,13.1,40.8535533905933));
#19338=CARTESIAN_POINT('',(-2.40086219713515,12.5,3.55771644662754));
#19339=CARTESIAN_POINT('',(-2.40086219713515,12.5,3.55771644662754));
#19340=CARTESIAN_POINT('',(-2.54228355337247,12.5,3.69913780286484));
#19341=CARTESIAN_POINT('',(-2.11801948466054,13.1,3.27487373415292));
#19342=CARTESIAN_POINT('',(-2.54228355337247,12.5,3.69913780286484));
#19343=CARTESIAN_POINT('',(-2.40086219713515,12.5,42.0577164466275));
#19344=CARTESIAN_POINT('',(-2.40086219713515,12.5,42.0577164466275));
#19345=CARTESIAN_POINT('',(-2.54228355337247,12.5,42.1991378028648));
#19346=CARTESIAN_POINT('',(-2.11801948466054,13.1,41.7748737341529));
#19347=CARTESIAN_POINT('',(-2.54228355337247,12.5,42.1991378028648));
#19348=CARTESIAN_POINT('',(-2.40086219713515,12.5,38.5577164466275));
#19349=CARTESIAN_POINT('',(-2.40086219713515,12.5,38.5577164466275));
#19350=CARTESIAN_POINT('',(-2.54228355337247,12.5,38.6991378028648));
#19351=CARTESIAN_POINT('',(-2.11801948466054,13.1,38.2748737341529));
#19352=CARTESIAN_POINT('',(-2.54228355337247,12.5,38.6991378028648));
#19353=CARTESIAN_POINT('',(-2.40086219713515,12.5,35.0577164466275));
#19354=CARTESIAN_POINT('',(-2.40086219713515,12.5,35.0577164466275));
#19355=CARTESIAN_POINT('',(-2.54228355337247,12.5,35.1991378028648));
#19356=CARTESIAN_POINT('',(-2.11801948466054,13.1,34.7748737341529));
#19357=CARTESIAN_POINT('',(-2.54228355337247,12.5,35.1991378028648));
#19358=CARTESIAN_POINT('',(-2.40086219713515,12.5,31.5577164466275));
#19359=CARTESIAN_POINT('',(-2.40086219713515,12.5,31.5577164466275));
#19360=CARTESIAN_POINT('',(-2.54228355337247,12.5,31.6991378028648));
#19361=CARTESIAN_POINT('',(-2.11801948466054,13.1,31.2748737341529));
#19362=CARTESIAN_POINT('',(-2.54228355337247,12.5,31.6991378028648));
#19363=CARTESIAN_POINT('',(-2.40086219713515,12.5,28.0577164466275));
#19364=CARTESIAN_POINT('',(-2.40086219713515,12.5,28.0577164466275));
#19365=CARTESIAN_POINT('',(-2.54228355337247,12.5,28.1991378028648));
#19366=CARTESIAN_POINT('',(-2.11801948466054,13.1,27.7748737341529));
#19367=CARTESIAN_POINT('',(-2.54228355337247,12.5,28.1991378028648));
#19368=CARTESIAN_POINT('',(-2.40086219713515,12.5,24.5577164466275));
#19369=CARTESIAN_POINT('',(-2.40086219713515,12.5,24.5577164466275));
#19370=CARTESIAN_POINT('',(-2.54228355337247,12.5,24.6991378028648));
#19371=CARTESIAN_POINT('',(-2.11801948466054,13.1,24.2748737341529));
#19372=CARTESIAN_POINT('',(-2.54228355337247,12.5,24.6991378028648));
#19373=CARTESIAN_POINT('',(-2.40086219713515,12.5,21.0577164466275));
#19374=CARTESIAN_POINT('',(-2.40086219713515,12.5,21.0577164466275));
#19375=CARTESIAN_POINT('',(-2.54228355337247,12.5,21.1991378028648));
#19376=CARTESIAN_POINT('',(-2.11801948466054,13.1,20.7748737341529));
#19377=CARTESIAN_POINT('',(-2.54228355337247,12.5,21.1991378028648));
#19378=CARTESIAN_POINT('',(-2.40086219713515,12.5,17.5577164466275));
#19379=CARTESIAN_POINT('',(-2.40086219713515,12.5,17.5577164466275));
#19380=CARTESIAN_POINT('',(-2.54228355337247,12.5,17.6991378028648));
#19381=CARTESIAN_POINT('',(-2.11801948466054,13.1,17.2748737341529));
#19382=CARTESIAN_POINT('',(-2.54228355337247,12.5,17.6991378028648));
#19383=CARTESIAN_POINT('',(-2.40086219713515,12.5,14.0577164466275));
#19384=CARTESIAN_POINT('',(-2.40086219713515,12.5,14.0577164466275));
#19385=CARTESIAN_POINT('',(-2.54228355337247,12.5,14.1991378028648));
#19386=CARTESIAN_POINT('',(-2.11801948466054,13.1,13.7748737341529));
#19387=CARTESIAN_POINT('',(-2.54228355337247,12.5,14.1991378028648));
#19388=CARTESIAN_POINT('',(-2.40086219713515,12.5,10.5577164466275));
#19389=CARTESIAN_POINT('',(-2.40086219713515,12.5,10.5577164466275));
#19390=CARTESIAN_POINT('',(-2.54228355337247,12.5,10.6991378028648));
#19391=CARTESIAN_POINT('',(-2.11801948466054,13.1,10.2748737341529));
#19392=CARTESIAN_POINT('',(-2.54228355337247,12.5,10.6991378028648));
#19393=CARTESIAN_POINT('',(-2.40086219713515,12.5,7.05771644662754));
#19394=CARTESIAN_POINT('',(-2.40086219713515,12.5,7.05771644662754));
#19395=CARTESIAN_POINT('',(-2.54228355337247,12.5,7.19913780286485));
#19396=CARTESIAN_POINT('',(-2.11801948466054,13.1,6.77487373415292));
#19397=CARTESIAN_POINT('',(-2.54228355337247,12.5,7.19913780286485));
#19398=MECHANICAL_DESIGN_GEOMETRIC_PRESENTATION_REPRESENTATION('',(#9176,
#9177,#9178,#9179,#9180,#9181,#9182,#9183,#9184,#9185,#9186,#9187,#9188,
#9189,#9190,#9191,#9192,#9193,#9194,#9195,#9196,#9197,#9198,#9199,#9200,
#9201,#9202,#9203,#9204,#9205,#9206,#9207,#9208,#9209,#9210,#9211,#9212,
#9213,#9214,#9215,#9216,#9217,#9218,#9219,#9220,#9221,#9222,#9223,#9224,
#9225,#9226,#9227,#9228,#9229,#9230,#9231,#9232,#9233,#9234,#9235,#9236,
#9237,#9238,#9239,#9240,#9241,#9242,#9243,#9244,#9245,#9246,#9247,#9248,
#9249,#9250,#9251,#9252,#9253,#9254,#9255,#9256,#9257,#9258,#9259,#9260,
#9261,#9262,#9263,#9264,#9265,#9266,#9267,#9268,#9269,#9270,#9271,#9272,
#9273,#9274,#9275,#9276,#9277,#9278,#9279,#9280,#9281,#9282,#9283,#9284,
#9285,#9286,#9287,#9288,#9289,#9290,#9291,#9292,#9293,#9294,#9295,#9296,
#9297,#9298,#9299,#9300,#9301,#9302,#9303,#9304,#9305,#9306,#9307,#9308,
#9309,#9310,#9311,#9312,#9313,#9314,#9315,#9316,#9317,#9318,#9319,#9320,
#9321,#9322,#9323,#9324,#9325,#9326,#9327,#9328,#9329,#9330,#9331,#9332,
#9333,#9334,#9335,#9336,#9337,#9338,#9339,#9340,#9341,#9342,#9343,#9344,
#9345,#9346,#9347,#9348,#9349,#9350,#9351,#9352,#9353,#9354,#9355,#9356,
#9357,#9358,#9359,#9360,#9361,#9362,#9363,#9364,#9365,#9366,#9367,#9368,
#9369,#9370,#9371,#9372,#9373,#9374,#9375,#9376,#9377,#9378,#9379,#9380,
#9381,#9382,#9383,#9384,#9385,#9386,#9387,#9388,#9389,#9390,#9391,#9392,
#9393,#9394,#9395,#9396,#9397,#9398,#9399,#9400,#9401,#9402,#9403,#9404,
#9405,#9406,#9407,#9408,#9409,#9410,#9411,#9412,#9413,#9414,#9415,#9416,
#9417,#9418,#9419,#9420,#9421,#9422,#9423,#9424,#9425,#9426,#9427,#9428,
#9429,#9430,#9431,#9432,#9433,#9434,#9435,#9436,#9437,#9438,#9439,#9440,
#9441,#9442,#9443,#9444,#9445,#9446,#9447,#9448,#9449,#9450,#9451,#9452,
#9453,#9454,#9455,#9456,#9457,#9458,#9459,#9460,#9461,#9462,#9463,#9464,
#9465,#9466,#9467,#9468,#9469,#9470,#9471,#9472,#9473,#9474,#9475,#9476,
#9477,#9478,#9479,#9480,#9481,#9482,#9483,#9484,#9485,#9486,#9487,#9488,
#9489,#9490,#9491,#9492,#9493,#9494,#9495,#9496,#9497,#9498,#9499,#9500,
#9501,#9502,#9503,#9504,#9505,#9506,#9507,#9508,#9509,#9510,#9511,#9512,
#9513,#9514,#9515,#9516,#9517,#9518,#9519,#9520,#9521,#9522,#9523,#9524,
#9525,#9526,#9527,#9528,#9529,#9530,#9531,#9532,#9533,#9534,#9535,#9536,
#9537,#9538,#9539,#9540,#9541,#9542,#9543,#9544,#9545,#9546,#9547,#9548,
#9549,#9550,#9551,#9552,#9553,#9554,#9555,#9556,#9557,#9558,#9559,#9560,
#9561,#9562,#9563,#9564,#9565,#9566,#9567,#9568,#9569,#9570,#9571,#9572,
#9573,#9574,#9575,#9576,#9577,#9578,#9579,#9580,#9581,#9582,#9583,#9584,
#9585,#9586,#9587,#9588,#9589,#9590,#9591,#9592,#9593,#9594,#9595,#9596,
#9597,#9598,#9599,#9600,#9601,#9602,#9603,#9604,#9605,#9606,#9607,#9608,
#9609,#9610,#9611,#9612,#9613,#9614,#9615,#9616,#9617,#9618,#9619,#9620,
#9621,#9622,#9623,#9624,#9625,#9626,#9627,#9628,#9629,#9630,#9631,#9632,
#9633,#9634,#9635,#9636,#9637,#9638,#9639,#9640,#9641,#9642,#9643,#9644,
#9645,#9646,#9647,#9648,#9649,#9650,#9651,#9652,#9653,#9654,#9655,#9656,
#9657,#9658,#9659,#9660,#9661,#9662,#9663,#9664,#9665,#9666,#9667,#9668,
#9669,#9670,#9671,#9672,#9673,#9674,#9675,#9676),#19399);
#19399=(
GEOMETRIC_REPRESENTATION_CONTEXT(3)
GLOBAL_UNCERTAINTY_ASSIGNED_CONTEXT((#19400))
GLOBAL_UNIT_ASSIGNED_CONTEXT((#19403,#19402,#19401))
REPRESENTATION_CONTEXT('250-212/000-012','TOP_LEVEL_ASSEMBLY_PART')
);
#19400=UNCERTAINTY_MEASURE_WITH_UNIT(LENGTH_MEASURE(0.005),#19403,
'DISTANCE_ACCURACY_VALUE','Maximum Tolerance applied to model');
#19401=(
NAMED_UNIT(*)
SI_UNIT($,.STERADIAN.)
SOLID_ANGLE_UNIT()
);
#19402=(
NAMED_UNIT(*)
PLANE_ANGLE_UNIT()
SI_UNIT($,.RADIAN.)
);
#19403=(
LENGTH_UNIT()
NAMED_UNIT(*)
SI_UNIT(.MILLI.,.METRE.)
);
#19404=PRODUCT_DEFINITION_SHAPE('','',#19405);
#19405=PRODUCT_DEFINITION('','',#19407,#19406);
#19406=DESIGN_CONTEXT('',#19413,'design');
#19407=PRODUCT_DEFINITION_FORMATION_WITH_SPECIFIED_SOURCE('','',#19409,
 .NOT_KNOWN.);
#19408=PRODUCT_RELATED_PRODUCT_CATEGORY('','',(#19409));
#19409=PRODUCT('250-212/000-012','250-212/000-012','250-212/000-012',(#19411));
#19410=PRODUCT_CATEGORY('','');
#19411=MECHANICAL_CONTEXT('',#19413,'mechanical');
#19412=APPLICATION_PROTOCOL_DEFINITION('international standard',
'config_control_design',2010,#19413);
#19413=APPLICATION_CONTEXT(
'configuration controlled 3D designs of mechanical parts and assemblie
s');
ENDSEC;
END-ISO-10303-21;
